(0.001639) oc_vcan_012 166#D032000900000000
(0.001722) oc_vcan_012 158#000000000000000A
(0.001756) oc_vcan_012 161#000005500108000D
(0.001803) oc_vcan_012 191#010090A141003000
(0.002148) oc_vcan_012 18E#00005C0000000000
(0.002340) oc_vcan_012 133#0000000098000000
(0.002593) oc_vcan_012 136#000200000000001B
(0.002857) oc_vcan_012 13A#0000000000000019
(0.003105) oc_vcan_012 13F#000000050000001F
(0.003347) oc_vcan_012 164#0000C01AA8000031
(0.003590) oc_vcan_012 17C#0000000010000012
(0.004597) oc_vcan_012 183#0000000E0000101C
(0.005686) oc_vcan_012 39#000C000000000000
(0.005746) oc_vcan_012 143#6B6B00D100000000
(0.007272) oc_vcan_012 95#800007F400000008
(0.010204) oc_vcan_012 166#D032001800000000
(0.011411) oc_vcan_012 158#0000000000000019
(0.011712) oc_vcan_012 161#000005500108001C
(0.011830) oc_vcan_012 191#010090A141000300
(0.012136) oc_vcan_012 164#0000C01AA8000004
(0.012317) oc_vcan_012 133#00000000A7000000
(0.012561) oc_vcan_012 136#000200000000002A
(0.012821) oc_vcan_012 13A#0000000000000028
(0.013033) oc_vcan_012 13F#000000050000002E
(0.013295) oc_vcan_012 17C#0000000010000021
(0.013349) oc_vcan_012 18E#00006B0000000000
(0.013649) oc_vcan_012 1CF#80050000003C0000
(0.013791) oc_vcan_012 1DC#0200003900000000
(0.013933) oc_vcan_012 320#0000300000000000
(0.014162) oc_vcan_012 324#7465000000000E38
(0.014436) oc_vcan_012 183#0000000A0000102F
(0.014743) oc_vcan_012 37C#FD00FD00097F0038
(0.015841) oc_vcan_012 143#6B6B00E000000000
(0.017310) oc_vcan_012 95#800007F400000017
(0.018179) oc_vcan_012 1A4#0000000800000010
(0.018414) oc_vcan_012 1AA#7FFF000000006810
(0.018817) oc_vcan_012 1B0#000F000000015700
(0.018895) oc_vcan_012 1D0#000000000000000A
(0.019598) oc_vcan_012 39#001B000000000000
(0.020126) oc_vcan_012 166#D032002700000000
(0.021413) oc_vcan_012 158#0000000000000028
(0.021975) oc_vcan_012 161#000005500108002B
(0.022055) oc_vcan_012 191#010090A141001200
(0.022221) oc_vcan_012 164#0000C01AA8000013
(0.022398) oc_vcan_012 133#00000000B6000000
(0.022709) oc_vcan_012 136#0002000000000039
(0.022921) oc_vcan_012 13A#0000000000000037
(0.023142) oc_vcan_012 13F#000000050000003D
(0.023380) oc_vcan_012 17C#0000000010000030
(0.023536) oc_vcan_012 18E#00007A0000000000
(0.023823) oc_vcan_012 294#040B0002CF5A000E
(0.024038) oc_vcan_012 21E#03E8374522060100
(0.024817) oc_vcan_012 183#0000000F00001039
(0.025734) oc_vcan_012 143#6B6B00FF00000000
(0.027289) oc_vcan_012 95#800007F400000026
(0.030165) oc_vcan_012 166#D032003600000000
(0.031399) oc_vcan_012 158#0000000000000037
(0.031682) oc_vcan_012 161#000005500108003A
(0.031884) oc_vcan_012 164#0000C01AA8000022
(0.032098) oc_vcan_012 191#010090A141002100
(0.032269) oc_vcan_012 133#0000000089000000
(0.032517) oc_vcan_012 136#000200000000000C
(0.032750) oc_vcan_012 13A#000000000000000A
(0.033003) oc_vcan_012 13F#0000000500000000
(0.033252) oc_vcan_012 17C#0000000010000003
(0.033391) oc_vcan_012 18E#00004D0000000000
(0.033590) oc_vcan_012 1CF#80050000000F0000
(0.033757) oc_vcan_012 1DC#0200000C00000000
(0.034155) oc_vcan_012 183#0000000B00001000
(0.035731) oc_vcan_012 143#6B6B00C200000000
(0.037282) oc_vcan_012 95#800007F400000035
(0.038160) oc_vcan_012 1A4#000000080000002F
(0.038383) oc_vcan_012 1AA#7FFF00000000682F
(0.038679) oc_vcan_012 1B0#000F000000016600
(0.038897) oc_vcan_012 1D0#000000000000000A
(0.040185) oc_vcan_012 166#D032000900000000
(0.041411) oc_vcan_012 158#000000000000000A
(0.041724) oc_vcan_012 161#000005500108000D
(0.041764) oc_vcan_012 191#010090A141003000
(0.042157) oc_vcan_012 164#0000C01AA8000031
(0.042313) oc_vcan_012 133#0000000098000000
(0.042580) oc_vcan_012 136#000200000000001B
(0.042638) oc_vcan_012 39#002A000000000000
(0.042948) oc_vcan_012 13A#0000000000000019
(0.043206) oc_vcan_012 13F#000000050000001F
(0.043447) oc_vcan_012 17C#0000000010000012
(0.043570) oc_vcan_012 18E#00005C0000000000
(0.043826) oc_vcan_012 309#0000000000000084
(0.044693) oc_vcan_012 183#0000000800001012
(0.045737) oc_vcan_012 143#6B6B00D100000000
(0.047293) oc_vcan_012 95#800007F400000008
(0.050232) oc_vcan_012 166#D032001800000000
(0.053881) oc_vcan_012 158#0000000000000019
(0.053958) oc_vcan_012 161#000005500108001C
(0.054011) oc_vcan_012 191#010090A141000300
(0.054078) oc_vcan_012 164#0000C01AA8000004
(0.054124) oc_vcan_012 133#00000000A7000000
(0.054167) oc_vcan_012 136#000200000000002A
(0.054205) oc_vcan_012 13A#0000000000000028
(0.054241) oc_vcan_012 13F#000000050000002E
(0.054276) oc_vcan_012 17C#0000000010000021
(0.054310) oc_vcan_012 18E#00006B0000000000
(0.054361) oc_vcan_012 1CF#80050000001E0000
(0.054405) oc_vcan_012 1DC#0200001B00000000
(0.054461) oc_vcan_012 183#0000000600001023
(0.055687) oc_vcan_012 143#6B6B00E000000000
(0.055727) oc_vcan_012 39#0039000000000000
(0.057258) oc_vcan_012 95#800007F400000017
(0.058196) oc_vcan_012 1A4#000000080000003E
(0.058438) oc_vcan_012 1AA#7FFF00000000673F
(0.058659) oc_vcan_012 1B0#000F000000017500
(0.058915) oc_vcan_012 1D0#000000000000000A
(0.060114) oc_vcan_012 166#D032002700000000
(0.061380) oc_vcan_012 158#0000000000000028
(0.061599) oc_vcan_012 161#000005500108002B
(0.061810) oc_vcan_012 191#010090A141001200
(0.062203) oc_vcan_012 164#0000C01AA8000013
(0.062379) oc_vcan_012 133#00000000B6000000
(0.062673) oc_vcan_012 136#0002000000000039
(0.062882) oc_vcan_012 13A#0000000000000037
(0.063133) oc_vcan_012 13F#000000050000003D
(0.063387) oc_vcan_012 17C#0000000010000030
(0.063554) oc_vcan_012 18E#00007A0000000000
(0.063823) oc_vcan_012 294#040B0002CF5A001D
(0.064027) oc_vcan_012 21E#03E8374522061000
(0.064717) oc_vcan_012 183#0000000400001034
(0.065655) oc_vcan_012 143#6B6B00FF00000000
(0.067273) oc_vcan_012 95#800007F400000026
(0.070132) oc_vcan_012 166#D032003600000000
(0.070556) oc_vcan_012 39#000C000000000000
(0.071390) oc_vcan_012 158#0000000000000037
(0.071643) oc_vcan_012 161#000005500108003A
(0.071824) oc_vcan_012 164#0000C01AA8000022
(0.072058) oc_vcan_012 191#010090A141002100
(0.072241) oc_vcan_012 133#0000000089000000
(0.072515) oc_vcan_012 136#000200000000000C
(0.072756) oc_vcan_012 13A#000000000000000A
(0.073007) oc_vcan_012 13F#0000000500000000
(0.073261) oc_vcan_012 17C#0000000010000003
(0.073387) oc_vcan_012 18E#00004D0000000000
(0.073607) oc_vcan_012 1CF#80050000002D0000
(0.073796) oc_vcan_012 1DC#0200002A00000000
(0.074169) oc_vcan_012 183#0000000A00001001
(0.075680) oc_vcan_012 143#6B6B00C200000000
(0.077271) oc_vcan_012 95#800007F400000035
(0.078137) oc_vcan_012 1A4#0000000800000001
(0.078392) oc_vcan_012 1AA#7FFF000000006702
(0.078609) oc_vcan_012 1B0#000F000000014800
(0.078817) oc_vcan_012 1D0#000000000000000A
(0.080147) oc_vcan_012 166#D032000900000000
(0.081384) oc_vcan_012 158#000000000000000A
(0.081637) oc_vcan_012 161#000005500108000D
(0.081832) oc_vcan_012 191#010090A141003000
(0.082149) oc_vcan_012 164#0000C01AA8000031
(0.082322) oc_vcan_012 133#0000000098000000
(0.082576) oc_vcan_012 136#000200000000001B
(0.082816) oc_vcan_012 13A#0000000000000019
(0.083068) oc_vcan_012 13F#000000050000001F
(0.083315) oc_vcan_012 17C#0000000010000012
(0.083452) oc_vcan_012 18E#00005C0000000000
(0.084148) oc_vcan_012 39#001B000000000000
(0.084695) oc_vcan_012 183#0000000700001013
(0.085657) oc_vcan_012 143#6B6B00D100000000
(0.087270) oc_vcan_012 95#800007F400000008
(0.090115) oc_vcan_012 166#D032001800000000
(0.091379) oc_vcan_012 158#0000000000000019
(0.091603) oc_vcan_012 161#000005500108001C
(0.091832) oc_vcan_012 191#010090A141000300
(0.092065) oc_vcan_012 164#0000C01AA8000004
(0.092239) oc_vcan_012 133#00000000A7000000
(0.092516) oc_vcan_012 136#000200000000002A
(0.092747) oc_vcan_012 13A#0000000000000028
(0.092984) oc_vcan_012 13F#000000050000002E
(0.093257) oc_vcan_012 17C#0000000010000021
(0.093315) oc_vcan_012 18E#00006B0000000000
(0.093624) oc_vcan_012 1CF#80050000003C0000
(0.093794) oc_vcan_012 1DC#0200003900000000
(0.094192) oc_vcan_012 183#0000000500001024
(0.095708) oc_vcan_012 143#6B6B00E000000000
(0.096135) oc_vcan_012 333#0000000000000F00
(0.097272) oc_vcan_012 95#800007F400000017
(0.097553) oc_vcan_012 39#002A000000000000
(0.098124) oc_vcan_012 1A4#0000000800000010
(0.098242) oc_vcan_012 305#8017000000000000
(0.098512) oc_vcan_012 1AA#7FFF000000006810
(0.098748) oc_vcan_012 1B0#000F000000015700
(0.099004) oc_vcan_012 1D0#000000000000000A
(0.100121) oc_vcan_012 166#D032002700000000
(0.101381) oc_vcan_012 158#0000000000000028
(0.101636) oc_vcan_012 161#000005500108002B
(0.101829) oc_vcan_012 191#010090A141001200
(0.102186) oc_vcan_012 18E#00007A0000000000
(0.102361) oc_vcan_012 133#00000000B6000000
(0.102621) oc_vcan_012 136#0002000000000039
(0.102859) oc_vcan_012 13A#0000000000000037
(0.103105) oc_vcan_012 13F#000000050000003D
(0.103369) oc_vcan_012 164#0000C01AA8000013
(0.103604) oc_vcan_012 17C#0000000010000030
(0.103808) oc_vcan_012 294#040B0002CF5A002C
(0.104097) oc_vcan_012 21E#03E8374522062F00
(0.104781) oc_vcan_012 183#0000000B0000103D
(0.105655) oc_vcan_012 143#6B6B00FF00000000
(0.107265) oc_vcan_012 95#800007F400000026
(0.109656) oc_vcan_012 39#0039000000000000
(0.110109) oc_vcan_012 166#D032003600000000
(0.111366) oc_vcan_012 158#0000000000000037
(0.111599) oc_vcan_012 161#000005500108003A
(0.111807) oc_vcan_012 191#010010A141002900
(0.112138) oc_vcan_012 164#0000C01AA8000022
(0.112318) oc_vcan_012 133#0000000089000000
(0.112603) oc_vcan_012 136#000200000000000C
(0.112819) oc_vcan_012 13A#000000000000000A
(0.113071) oc_vcan_012 13F#0000000500000000
(0.113337) oc_vcan_012 17C#0000000010000003
(0.113461) oc_vcan_012 18E#00004D0000000000
(0.113684) oc_vcan_012 1CF#80050000000F0000
(0.113844) oc_vcan_012 1DC#0200000C00000000
(0.114006) oc_vcan_012 320#0000030000000000
(0.114269) oc_vcan_012 183#0000000800001003
(0.114514) oc_vcan_012 324#7465000000000E0B
(0.114742) oc_vcan_012 37C#FD00FD00097F000B
(0.115799) oc_vcan_012 143#6B6B00C200000000
(0.117261) oc_vcan_012 95#800007F400000035
(0.118149) oc_vcan_012 1A4#000000080000002F
(0.118387) oc_vcan_012 1AA#7FFF00000000682F
(0.118606) oc_vcan_012 1B0#000F000000016600
(0.118807) oc_vcan_012 1D0#000000000000000A
(0.120128) oc_vcan_012 166#D032000900000000
(0.121377) oc_vcan_012 158#000000000000000A
(0.121600) oc_vcan_012 161#000005500108000D
(0.121809) oc_vcan_012 191#010010A141003800
(0.122126) oc_vcan_012 18E#00005C0000000000
(0.122320) oc_vcan_012 133#0000000098000000
(0.122597) oc_vcan_012 136#000200000000001B
(0.122839) oc_vcan_012 13A#0000000000000019
(0.123090) oc_vcan_012 13F#000000050000001F
(0.123311) oc_vcan_012 164#0000C01AA8000031
(0.123583) oc_vcan_012 17C#0000000010000012
(0.124640) oc_vcan_012 183#0000000600001014
(0.124688) oc_vcan_012 39#000C000000000000
(0.125647) oc_vcan_012 143#6B6B00D100000000
(0.127276) oc_vcan_012 95#800007F400000008
(0.130116) oc_vcan_012 166#D032001800000000
(0.131381) oc_vcan_012 158#0000000000000019
(0.131633) oc_vcan_012 161#000005500108001C
(0.131814) oc_vcan_012 191#010010A141000B00
(0.132071) oc_vcan_012 164#0000C01AA8000004
(0.132274) oc_vcan_012 133#00000000A7000000
(0.132522) oc_vcan_012 136#000200000000002A
(0.132791) oc_vcan_012 13A#0000000000000028
(0.133022) oc_vcan_012 13F#000000050000002E
(0.133265) oc_vcan_012 17C#0000000010000021
(0.133398) oc_vcan_012 18E#00006B0000000000
(0.133599) oc_vcan_012 1CF#80050000001E0000
(0.133712) oc_vcan_012 1DC#0200001B00000000
(0.134205) oc_vcan_012 183#0000000400001025
(0.135667) oc_vcan_012 143#6B6B00E000000000
(0.137278) oc_vcan_012 95#800007F400000017
(0.138206) oc_vcan_012 1A4#000000080000003E
(0.138243) oc_vcan_012 39#001B000000000000
(0.138559) oc_vcan_012 1AA#7FFF00000000673F
(0.138809) oc_vcan_012 1B0#000F000000017500
(0.139081) oc_vcan_012 1D0#000000000000000A
(0.140137) oc_vcan_012 166#D032002700000000
(0.141388) oc_vcan_012 158#0000000000000028
(0.141643) oc_vcan_012 161#000005500108002B
(0.141829) oc_vcan_012 191#010010A141001A00
(0.142181) oc_vcan_012 164#0000C01AA8000013
(0.142373) oc_vcan_012 133#00000000B6000000
(0.142633) oc_vcan_012 136#0002000000000039
(0.142841) oc_vcan_012 13A#0000000000000037
(0.143114) oc_vcan_012 13F#000000050000003D
(0.143356) oc_vcan_012 17C#0000000010000030
(0.143495) oc_vcan_012 18E#00007A0000000000
(0.143748) oc_vcan_012 294#040B0002CF5A003B
(0.144000) oc_vcan_012 21E#03E8374522063E00
(0.144279) oc_vcan_012 309#0000000000000093
(0.144748) oc_vcan_012 183#0000000300001035
(0.145653) oc_vcan_012 143#6B6B00FF00000000
(0.147291) oc_vcan_012 95#800007F400000026
(0.150114) oc_vcan_012 166#D032003600000000
(0.151415) oc_vcan_012 158#0000000000000037
(0.151736) oc_vcan_012 161#000005500108003A
(0.151818) oc_vcan_012 39#002A000000000000
(0.151988) oc_vcan_012 191#010010A141002900
(0.152233) oc_vcan_012 164#0000C01AA8000022
(0.152432) oc_vcan_012 133#0000000089000000
(0.152695) oc_vcan_012 136#000200000000000C
(0.152917) oc_vcan_012 13A#000000000000000A
(0.153142) oc_vcan_012 13F#0000000500000000
(0.153396) oc_vcan_012 17C#0000000010000003
(0.153534) oc_vcan_012 18E#00004D0000000000
(0.153747) oc_vcan_012 1CF#80050000002D0000
(0.153920) oc_vcan_012 1DC#0200002A00000000
(0.154232) oc_vcan_012 183#0000000A00001001
(0.155721) oc_vcan_012 143#6B6B00C200000000
(0.157320) oc_vcan_012 95#800007F400000035
(0.158163) oc_vcan_012 1A4#0000000800000001
(0.158401) oc_vcan_012 1AA#7FFF000000006702
(0.158640) oc_vcan_012 1B0#000F000000014800
(0.158885) oc_vcan_012 1D0#000000000000000A
(0.160161) oc_vcan_012 166#D032000900000000
(0.161404) oc_vcan_012 158#000000000000000A
(0.161683) oc_vcan_012 161#000005500108000D
(0.161852) oc_vcan_012 191#010010A141003800
(0.162202) oc_vcan_012 18E#00005C0000000000
(0.162365) oc_vcan_012 133#0000000098000000
(0.162676) oc_vcan_012 136#000200000000001B
(0.162863) oc_vcan_012 13A#0000000000000019
(0.163113) oc_vcan_012 13F#000000050000001F
(0.163351) oc_vcan_012 164#0000C01AA8000031
(0.163589) oc_vcan_012 17C#0000000010000012
(0.164814) oc_vcan_012 183#0000000700001013
(0.165699) oc_vcan_012 143#6B6B00D100000000
(0.167310) oc_vcan_012 95#800007F400000008
(0.167568) oc_vcan_012 39#0039000000000000
(0.170216) oc_vcan_012 166#D032001800000000
(0.171409) oc_vcan_012 158#0000000000000019
(0.171698) oc_vcan_012 161#000005500108001C
(0.171858) oc_vcan_012 191#010010A141000B00
(0.172118) oc_vcan_012 164#0000C01AA8000004
(0.172318) oc_vcan_012 133#00000000A7000000
(0.172555) oc_vcan_012 136#000200000000002A
(0.172832) oc_vcan_012 13A#0000000000000028
(0.173031) oc_vcan_012 13F#000000050000002E
(0.173281) oc_vcan_012 17C#0000000010000021
(0.173346) oc_vcan_012 18E#00006B0000000000
(0.173703) oc_vcan_012 1CF#80050000003C0000
(0.173758) oc_vcan_012 1DC#0200003900000000
(0.174232) oc_vcan_012 183#0000000500001024
(0.175721) oc_vcan_012 143#6B6B00E000000000
(0.177327) oc_vcan_012 95#800007F400000017
(0.178163) oc_vcan_012 1A4#0000000800000010
(0.178404) oc_vcan_012 1AA#7FFF000000006810
(0.178695) oc_vcan_012 1B0#000F000000015700
(0.178872) oc_vcan_012 1D0#000000000000000A
(0.180137) oc_vcan_012 166#D032002700000000
(0.180691) oc_vcan_012 39#000C000000000000
(0.181393) oc_vcan_012 158#0000000000000028
(0.181635) oc_vcan_012 161#000005500108002B
(0.181849) oc_vcan_012 191#010010A141001A00
(0.182258) oc_vcan_012 164#0000C01AA8000013
(0.182512) oc_vcan_012 133#00000000B6000000
(0.182679) oc_vcan_012 136#0002000000000039
(0.182923) oc_vcan_012 13A#0000000000000037
(0.183169) oc_vcan_012 13F#000000050000003D
(0.183415) oc_vcan_012 17C#0000000010000030
(0.183544) oc_vcan_012 18E#00007A0000000000
(0.183859) oc_vcan_012 294#040B0002CF5A000E
(0.184051) oc_vcan_012 21E#03E8374522060100
(0.184765) oc_vcan_012 183#0000000300001035
(0.185816) oc_vcan_012 143#6B6B00FF00000000
(0.187392) oc_vcan_012 95#800007F400000026
(0.190153) oc_vcan_012 166#D032003600000000
(0.191401) oc_vcan_012 158#0000000000000037
(0.191645) oc_vcan_012 161#000005500108003A
(0.191838) oc_vcan_012 191#010010A141002900
(0.192155) oc_vcan_012 18E#00004D0000000000
(0.192340) oc_vcan_012 133#0000000089000000
(0.192586) oc_vcan_012 136#000200000000000C
(0.192882) oc_vcan_012 13A#000000000000000A
(0.193101) oc_vcan_012 13F#0000000500000000
(0.193342) oc_vcan_012 164#0000C01AA8000022
(0.193569) oc_vcan_012 17C#0000000010000003
(0.193767) oc_vcan_012 1CF#80050000000F0000
(0.193933) oc_vcan_012 1DC#0200000C00000000
(0.194195) oc_vcan_012 183#0000000200001009
(0.195693) oc_vcan_012 143#6B6B00C200000000
(0.196203) oc_vcan_012 333#0000000000001E00
(0.197330) oc_vcan_012 95#800007F400000035
(0.198163) oc_vcan_012 1A4#000000080000002F
(0.198417) oc_vcan_012 1AA#7FFF00000000682F
(0.198682) oc_vcan_012 1B0#000F000000016600
(0.198830) oc_vcan_012 39#001B000000000000
(0.198996) oc_vcan_012 1D0#000000000000000A
(0.199589) oc_vcan_012 305#8026000000000000
(0.200182) oc_vcan_012 166#D032000900000000
(0.201393) oc_vcan_012 158#000000000000000A
(0.201692) oc_vcan_012 161#000005500108000D
(0.201852) oc_vcan_012 191#010010A141003800
(0.202179) oc_vcan_012 18E#00005C0000000000
(0.202375) oc_vcan_012 133#0000000098000000
(0.202693) oc_vcan_012 136#000200000000001B
(0.202877) oc_vcan_012 13A#0000000000000019
(0.203119) oc_vcan_012 13F#000000050000001F
(0.203357) oc_vcan_012 164#0000C01AA8000031
(0.203595) oc_vcan_012 17C#0000000010000012
(0.204759) oc_vcan_012 183#0000000900001011
(0.205690) oc_vcan_012 143#6B6B00D100000000
(0.207333) oc_vcan_012 95#800007F400000008
(0.210148) oc_vcan_012 166#D032001800000000
(0.211420) oc_vcan_012 158#0000000000000019
(0.211655) oc_vcan_012 161#000005500108001C
(0.211840) oc_vcan_012 191#010010A141000B00
(0.212153) oc_vcan_012 164#0000C01AA8000004
(0.212339) oc_vcan_012 133#00000000A7000000
(0.212591) oc_vcan_012 136#000200000000002A
(0.212897) oc_vcan_012 13A#0000000000000028
(0.213109) oc_vcan_012 13F#000000050000002E
(0.213521) oc_vcan_012 17C#0000000010000021
(0.213575) oc_vcan_012 18E#00006B0000000000
(0.213663) oc_vcan_012 1CF#80050000001E0000
(0.213834) oc_vcan_012 39#002A000000000000
(0.213980) oc_vcan_012 1DC#0200001B00000000
(0.214140) oc_vcan_012 320#0000120000000000
(0.214390) oc_vcan_012 183#0000000600001023
(0.214684) oc_vcan_012 324#7465000000000E1A
(0.214859) oc_vcan_012 37C#FD00FD00097F001A
(0.215082) oc_vcan_012 40C#0236323239533039
(0.215221) oc_vcan_012 454#23EF360000000000
(0.215809) oc_vcan_012 143#6B6B00E000000000
(0.217348) oc_vcan_012 95#800007F400000017
(0.218237) oc_vcan_012 1A4#000000080000003E
(0.218485) oc_vcan_012 1AA#7FFF00000000673F
(0.218707) oc_vcan_012 1B0#000F000000017500
(0.218993) oc_vcan_012 1D0#000000000000000A
(0.220136) oc_vcan_012 166#D032002700000000
(0.221395) oc_vcan_012 158#0000000000000028
(0.221694) oc_vcan_012 161#000005500108002B
(0.221765) oc_vcan_012 191#010010A141001A00
(0.222251) oc_vcan_012 133#00000000B6000000
(0.222514) oc_vcan_012 136#0002000000000039
(0.222737) oc_vcan_012 13A#0000000000000037
(0.222984) oc_vcan_012 13F#000000050000003D
(0.223234) oc_vcan_012 164#0000C01AA8000013
(0.223477) oc_vcan_012 17C#0000000010000030
(0.223532) oc_vcan_012 18E#00007A0000000000
(0.223866) oc_vcan_012 294#040B0002CF5A001D
(0.224129) oc_vcan_012 21E#03E8374522061000
(0.224832) oc_vcan_012 183#0000000400001034
(0.225657) oc_vcan_012 143#6B6B00FF00000000
(0.227348) oc_vcan_012 95#800007F400000026
(0.227594) oc_vcan_012 39#0039000000000000
(0.230154) oc_vcan_012 166#D032003600000000
(0.231405) oc_vcan_012 158#0000000000000037
(0.231702) oc_vcan_012 161#000005500108003A
(0.231840) oc_vcan_012 191#010010A141002900
(0.232087) oc_vcan_012 164#0000C01AA8000022
(0.232253) oc_vcan_012 133#0000000089000000
(0.232520) oc_vcan_012 136#000200000000000C
(0.232745) oc_vcan_012 13A#000000000000000A
(0.232994) oc_vcan_012 13F#0000000500000000
(0.233232) oc_vcan_012 17C#0000000010000003
(0.233392) oc_vcan_012 18E#00004D0000000000
(0.233594) oc_vcan_012 1CF#80050000002D0000
(0.233808) oc_vcan_012 1DC#0200002A00000000
(0.234243) oc_vcan_012 183#0000000A00001001
(0.235735) oc_vcan_012 143#6B6B00C200000000
(0.237367) oc_vcan_012 95#800007F400000035
(0.238156) oc_vcan_012 1A4#0000000800000001
(0.238383) oc_vcan_012 1AA#7FFF000000006702
(0.238600) oc_vcan_012 1B0#000F000000014800
(0.238928) oc_vcan_012 1D0#000000000000000A
(0.240160) oc_vcan_012 166#D032000900000000
(0.241407) oc_vcan_012 158#000000000000000A
(0.241668) oc_vcan_012 161#000005500108000D
(0.241720) oc_vcan_012 39#000C000000000000
(0.241982) oc_vcan_012 191#010010A141003800
(0.242205) oc_vcan_012 164#0000C01AA8000031
(0.242396) oc_vcan_012 133#0000000098000000
(0.242721) oc_vcan_012 136#000200000000001B
(0.242884) oc_vcan_012 13A#0000000000000019
(0.243137) oc_vcan_012 13F#000000050000001F
(0.243387) oc_vcan_012 17C#0000000010000012
(0.243517) oc_vcan_012 18E#00005C0000000000
(0.243840) oc_vcan_012 309#00000000000000A2
(0.244084) oc_vcan_012 428#01040000521C0100
(0.244341) oc_vcan_012 405#000004000000000B
(0.244719) oc_vcan_012 183#0000000700001013
(0.245694) oc_vcan_012 143#6B6B00D100000000
(0.247353) oc_vcan_012 95#800007F400000008
(0.250219) oc_vcan_012 166#D032001800000000
(0.251418) oc_vcan_012 158#0000000000000019
(0.251686) oc_vcan_012 161#000005500108001C
(0.252048) oc_vcan_012 191#010010A141000B00
(0.252115) oc_vcan_012 164#0000C01AA8000004
(0.252283) oc_vcan_012 133#00000000A7000000
(0.252531) oc_vcan_012 136#000200000000002A
(0.252809) oc_vcan_012 13A#0000000000000028
(0.253017) oc_vcan_012 13F#000000050000002E
(0.253266) oc_vcan_012 17C#0000000010000021
(0.253326) oc_vcan_012 18E#00006B0000000000
(0.253662) oc_vcan_012 1CF#80050000003C0000
(0.253719) oc_vcan_012 1DC#0200003900000000
(0.254266) oc_vcan_012 183#0000000500001024
(0.254724) oc_vcan_012 39#001B000000000000
(0.255697) oc_vcan_012 143#6B6B00E000000000
(0.257363) oc_vcan_012 95#800007F400000017
(0.258208) oc_vcan_012 1A4#0000000800000010
(0.258409) oc_vcan_012 1AA#7FFF000000006810
(0.258646) oc_vcan_012 1B0#000F000000015700
(0.258916) oc_vcan_012 1D0#000000000000000A
(0.260145) oc_vcan_012 166#D032002700000000
(0.261402) oc_vcan_012 158#0000000000000028
(0.261753) oc_vcan_012 161#000005500108002B
(0.261849) oc_vcan_012 191#010010A141001A00
(0.262326) oc_vcan_012 164#0000C01AA8000013
(0.262425) oc_vcan_012 133#00000000B6000000
(0.262684) oc_vcan_012 136#0002000000000039
(0.262907) oc_vcan_012 13A#0000000000000037
(0.263146) oc_vcan_012 13F#000000050000003D
(0.263388) oc_vcan_012 17C#0000000010000030
(0.263515) oc_vcan_012 18E#00007A0000000000
(0.263817) oc_vcan_012 294#040B0002CF5A002C
(0.264024) oc_vcan_012 21E#03E8374522062F00
(0.264851) oc_vcan_012 183#0000000B0000103D
(0.265665) oc_vcan_012 143#6B6B00FF00000000
(0.267534) oc_vcan_012 95#800007F400000026
(0.269096) oc_vcan_012 39#002A000000000000
(0.270153) oc_vcan_012 166#D032003600000000
(0.271417) oc_vcan_012 158#0000000000000037
(0.271670) oc_vcan_012 161#000005500108003A
(0.271872) oc_vcan_012 191#010010A141002900
(0.272112) oc_vcan_012 164#0000C01AA8000022
(0.272288) oc_vcan_012 133#0000000089000000
(0.272528) oc_vcan_012 136#000200000000000C
(0.272762) oc_vcan_012 13A#000000000000000A
(0.273014) oc_vcan_012 13F#0000000500000000
(0.273261) oc_vcan_012 17C#0000000010000003
(0.273397) oc_vcan_012 18E#00004D0000000000
(0.273607) oc_vcan_012 1CF#80050000000F0000
(0.273799) oc_vcan_012 1DC#0200000C00000000
(0.274266) oc_vcan_012 183#0000000800001003
(0.275740) oc_vcan_012 143#6B6B00C200000000
(0.277418) oc_vcan_012 95#800007F400000035
(0.278169) oc_vcan_012 1A4#000000080000002F
(0.278569) oc_vcan_012 1AA#7FFF00000000682F
(0.278653) oc_vcan_012 1B0#000F000000016600
(0.279134) oc_vcan_012 1D0#000000000000000A
(0.280155) oc_vcan_012 166#D032000900000000
(0.281416) oc_vcan_012 158#000000000000000A
(0.281673) oc_vcan_012 161#000005500108000D
(0.281832) oc_vcan_012 191#010010A141003800
(0.282268) oc_vcan_012 164#0000C01AA8000031
(0.282327) oc_vcan_012 133#0000000098000000
(0.282662) oc_vcan_012 136#000200000000001B
(0.282716) oc_vcan_012 39#0039000000000000
(0.282973) oc_vcan_012 13A#0000000000000019
(0.283236) oc_vcan_012 13F#000000050000001F
(0.283481) oc_vcan_012 17C#0000000010000012
(0.283539) oc_vcan_012 18E#00005C0000000000
(0.284837) oc_vcan_012 183#0000000D0000101D
(0.285678) oc_vcan_012 143#6B6B00D100000000
(0.287389) oc_vcan_012 95#800007F400000008
(0.290154) oc_vcan_012 166#D032001800000000
(0.291416) oc_vcan_012 158#0000000000000019
(0.291702) oc_vcan_012 161#000005500108001C
(0.291758) oc_vcan_012 191#010010A141000B00
(0.292239) oc_vcan_012 164#0000C01AA8000004
(0.292401) oc_vcan_012 133#00000000A7000000
(0.292707) oc_vcan_012 136#000200000000002A
(0.292918) oc_vcan_012 13A#0000000000000028
(0.293187) oc_vcan_012 13F#000000050000002E
(0.293399) oc_vcan_012 17C#0000000010000021
(0.293524) oc_vcan_012 18E#00006B0000000000
(0.293747) oc_vcan_012 1CF#80050000001E0000
(0.293904) oc_vcan_012 1DC#0200001B00000000
(0.294257) oc_vcan_012 183#0000000900001020
(0.295703) oc_vcan_012 143#6B6B00E000000000
(0.296199) oc_vcan_012 333#0000000000002D00
(0.296607) oc_vcan_012 39#000C000000000000
(0.297384) oc_vcan_012 95#800007F400000017
(0.298237) oc_vcan_012 1A4#000000080000003E
(0.298487) oc_vcan_012 1AA#7FFF00000000673F
(0.298696) oc_vcan_012 1B0#000F000000017500
(0.298952) oc_vcan_012 1D0#000000000000000A
(0.300165) oc_vcan_012 166#D032002700000000
(0.301409) oc_vcan_012 158#0000000000000028
(0.301643) oc_vcan_012 161#000005500108002B
(0.301852) oc_vcan_012 191#010010A141001A00
(0.302058) oc_vcan_012 18E#00007A0000000000
(0.302239) oc_vcan_012 133#00000000B6000000
(0.302520) oc_vcan_012 136#0002000000000039
(0.302743) oc_vcan_012 13A#0000000000000037
(0.302977) oc_vcan_012 13F#000000050000003D
(0.303237) oc_vcan_012 164#0000C01AA8000013
(0.303486) oc_vcan_012 17C#0000000010000030
(0.303724) oc_vcan_012 294#040B0002CF5A003B
(0.303817) oc_vcan_012 305#8035000000000000
(0.304074) oc_vcan_012 21E#03E8374522063E00
(0.304797) oc_vcan_012 183#0000000600001032
(0.305709) oc_vcan_012 143#6B6B00FF00000000
(0.307397) oc_vcan_012 95#800007F400000026
(0.310142) oc_vcan_012 166#D032003600000000
(0.310646) oc_vcan_012 39#001B000000000000
(0.311384) oc_vcan_012 158#0000000000000037
(0.311650) oc_vcan_012 161#000005500108003A
(0.311855) oc_vcan_012 191#010010A141002900
(0.312216) oc_vcan_012 164#0000C01AA8000022
(0.312272) oc_vcan_012 133#0000000089000000
(0.312642) oc_vcan_012 136#000200000000000C
(0.312854) oc_vcan_012 13A#000000000000000A
(0.313173) oc_vcan_012 13F#0000000500000000
(0.314129) oc_vcan_012 17C#0000000010000003
(0.314239) oc_vcan_012 18E#00004D0000000000
(0.314285) oc_vcan_012 1CF#80050000002D0000
(0.314331) oc_vcan_012 1DC#0200002A00000000
(0.314402) oc_vcan_012 320#0000210000000000
(0.314449) oc_vcan_012 183#0000000C0000100F
(0.314493) oc_vcan_012 324#7465000000000E29
(0.314810) oc_vcan_012 37C#FD00FD00097F0029
(0.315830) oc_vcan_012 143#6B6B00C200000000
(0.317388) oc_vcan_012 95#800007F400000035
(0.318149) oc_vcan_012 1A4#0000000800000001
(0.318389) oc_vcan_012 1AA#7FFF000000006702
(0.318678) oc_vcan_012 1B0#000F000000014800
(0.318915) oc_vcan_012 1D0#000000000000000A
(0.320195) oc_vcan_012 166#D032000900000000
(0.321426) oc_vcan_012 158#000000000000000A
(0.321682) oc_vcan_012 161#000005500108000D
(0.321827) oc_vcan_012 191#010010A141003800
(0.322128) oc_vcan_012 18E#00005C0000000000
(0.322336) oc_vcan_012 133#0000000098000000
(0.322715) oc_vcan_012 136#000200000000001B
(0.322761) oc_vcan_012 13A#0000000000000019
(0.323112) oc_vcan_012 13F#000000050000001F
(0.323330) oc_vcan_012 164#0000C01AA8000031
(0.323576) oc_vcan_012 17C#0000000010000012
(0.324826) oc_vcan_012 183#0000000900001011
(0.325750) oc_vcan_012 143#6B6B00D100000000
(0.327387) oc_vcan_012 95#800007F400000008
(0.330180) oc_vcan_012 166#D032001800000000
(0.331556) oc_vcan_012 158#0000000000000019
(0.331693) oc_vcan_012 161#000005500108001C
(0.331763) oc_vcan_012 39#002A000000000000
(0.332022) oc_vcan_012 164#0000C01AA8000004
(0.332210) oc_vcan_012 191#010010A141000B00
(0.332384) oc_vcan_012 133#00000000A7000000
(0.332746) oc_vcan_012 136#000200000000002A
(0.332837) oc_vcan_012 13A#0000000000000028
(0.333143) oc_vcan_012 13F#000000050000002E
(0.333426) oc_vcan_012 17C#0000000010000021
(0.333481) oc_vcan_012 18E#00006B0000000000
(0.333757) oc_vcan_012 1CF#80050000003C0000
(0.333831) oc_vcan_012 1DC#0200003900000000
(0.334259) oc_vcan_012 183#0000000E0000102B
(0.335692) oc_vcan_012 143#6B6B00E000000000
(0.337407) oc_vcan_012 95#800007F400000017
(0.338158) oc_vcan_012 1A4#0000000800000010
(0.338393) oc_vcan_012 1AA#7FFF000000006810
(0.338632) oc_vcan_012 1B0#000F000000015700
(0.338858) oc_vcan_012 1D0#000000000000000A
(0.340152) oc_vcan_012 166#D032002700000000
(0.341407) oc_vcan_012 158#0000000000000028
(0.341695) oc_vcan_012 161#000005500108002B
(0.341831) oc_vcan_012 191#010010A141001A00
(0.342176) oc_vcan_012 164#0000C01AA8000013
(0.342364) oc_vcan_012 133#00000000B6000000
(0.342585) oc_vcan_012 136#0002000000000039
(0.342859) oc_vcan_012 13A#0000000000000037
(0.343098) oc_vcan_012 13F#000000050000003D
(0.343341) oc_vcan_012 17C#0000000010000030
(0.343390) oc_vcan_012 18E#00007A0000000000
(0.343708) oc_vcan_012 294#040B0002CF5A000E
(0.344008) oc_vcan_012 21E#03E8374522060100
(0.344289) oc_vcan_012 309#00000000000000B1
(0.344798) oc_vcan_012 183#0000000A0000103E
(0.344840) oc_vcan_012 39#0039000000000000
(0.345679) oc_vcan_012 143#6B6B00FF00000000
(0.347394) oc_vcan_012 95#800007F400000026
(0.350150) oc_vcan_012 166#D032003600000000
(0.351427) oc_vcan_012 158#0000000000000037
(0.351662) oc_vcan_012 161#000005500108003A
(0.351875) oc_vcan_012 191#010010A141002900
(0.352105) oc_vcan_012 164#0000C01AA8000022
(0.352273) oc_vcan_012 133#0000000089000000
(0.352567) oc_vcan_012 136#000200000000000C
(0.352859) oc_vcan_012 13A#000000000000000A
(0.353022) oc_vcan_012 13F#0000000500000000
(0.353286) oc_vcan_012 17C#0000000010000003
(0.353334) oc_vcan_012 18E#00004D0000000000
(0.353673) oc_vcan_012 1CF#80050000000F0000
(0.353720) oc_vcan_012 1DC#0200000C00000000
(0.354253) oc_vcan_012 183#0000000700001004
(0.355685) oc_vcan_012 143#6B6B00C200000000
(0.357407) oc_vcan_012 95#800007F400000035
(0.358154) oc_vcan_012 1A4#000000080000002F
(0.358448) oc_vcan_012 1AA#7FFF00000000682F
(0.358682) oc_vcan_012 1B0#000F000000016600
(0.358735) oc_vcan_012 39#000C000000000000
(0.359027) oc_vcan_012 1D0#000000000000000A
(0.360193) oc_vcan_012 166#D032000900000000
(0.361406) oc_vcan_012 158#000000000000000A
(0.361636) oc_vcan_012 161#000005500108000D
(0.361830) oc_vcan_012 191#010010A141003800
(0.362151) oc_vcan_012 18E#00005C0000000000
(0.362345) oc_vcan_012 133#0000000098000000
(0.362668) oc_vcan_012 136#000200000000001B
(0.362888) oc_vcan_012 13A#0000000000000019
(0.363126) oc_vcan_012 13F#000000050000001F
(0.363374) oc_vcan_012 164#0000C01AA8000031
(0.363602) oc_vcan_012 17C#0000000010000012
(0.364697) oc_vcan_012 183#0000000D0000101D
(0.365639) oc_vcan_012 143#6B6B00D100000000
(0.367421) oc_vcan_012 95#800007F400000008
(0.370150) oc_vcan_012 166#D032001800000000
(0.371398) oc_vcan_012 158#0000000000000019
(0.371728) oc_vcan_012 161#000005500108001C
(0.371821) oc_vcan_012 191#010010A141000B00
(0.372119) oc_vcan_012 164#0000C01AA8000004
(0.372181) oc_vcan_012 133#00000000A7000000
(0.372553) oc_vcan_012 136#000200000000002A
(0.372849) oc_vcan_012 13A#0000000000000028
(0.372929) oc_vcan_012 13F#000000050000002E
(0.373272) oc_vcan_012 17C#0000000010000021
(0.373323) oc_vcan_012 18E#00006B0000000000
(0.373696) oc_vcan_012 1CF#80050000001E0000
(0.373763) oc_vcan_012 1DC#0200001B00000000
(0.374297) oc_vcan_012 183#0000000900001020
(0.374870) oc_vcan_012 39#001B000000000000
(0.375699) oc_vcan_012 143#6B6B00E000000000
(0.377430) oc_vcan_012 95#800007F400000017
(0.378224) oc_vcan_012 1A4#000000080000003E
(0.378470) oc_vcan_012 1AA#7FFF00000000673F
(0.378708) oc_vcan_012 1B0#000F000000017500
(0.378958) oc_vcan_012 1D0#000000000000000A
(0.380159) oc_vcan_012 166#D032002700000000
(0.381407) oc_vcan_012 158#0000000000000028
(0.381636) oc_vcan_012 161#000005500108002B
(0.381875) oc_vcan_012 191#010010A141001A00
(0.382205) oc_vcan_012 164#0000C01AA8000013
(0.382365) oc_vcan_012 133#00000000B6000000
(0.382637) oc_vcan_012 136#0002000000000039
(0.382891) oc_vcan_012 13A#0000000000000037
(0.383105) oc_vcan_012 13F#000000050000003D
(0.383354) oc_vcan_012 17C#0000000010000030
(0.383400) oc_vcan_012 18E#00007A0000000000
(0.383754) oc_vcan_012 294#040B0002CF5A001D
(0.384014) oc_vcan_012 21E#03E8374522061000
(0.384821) oc_vcan_012 183#0000000600001032
(0.385716) oc_vcan_012 143#6B6B00FF00000000
(0.387445) oc_vcan_012 95#800007F400000026
(0.390192) oc_vcan_012 166#D032003600000000
(0.391424) oc_vcan_012 158#0000000000000037
(0.391697) oc_vcan_012 161#000005500108003A
(0.391850) oc_vcan_012 191#010010A141002900
(0.392093) oc_vcan_012 164#0000C01AA8000022
(0.392266) oc_vcan_012 133#0000000089000000
(0.392524) oc_vcan_012 136#000200000000000C
(0.392807) oc_vcan_012 13A#000000000000000A
(0.393026) oc_vcan_012 13F#0000000500000000
(0.393259) oc_vcan_012 17C#0000000010000003
(0.393392) oc_vcan_012 18E#00004D0000000000
(0.393606) oc_vcan_012 1CF#80050000002D0000
(0.393718) oc_vcan_012 1DC#0200002A00000000
(0.394265) oc_vcan_012 183#0000000C0000100F
(0.394675) oc_vcan_012 39#002A000000000000
(0.395734) oc_vcan_012 143#6B6B00C200000000
(0.396194) oc_vcan_012 333#0000000000003C00
(0.397439) oc_vcan_012 95#800007F400000035
(0.398165) oc_vcan_012 1A4#0000000800000001
(0.398404) oc_vcan_012 1AA#7FFF000000006702
(0.398698) oc_vcan_012 1B0#000F000000014800
(0.398882) oc_vcan_012 1D0#000000000000000A
(0.400179) oc_vcan_012 166#D032000900000000
(0.401435) oc_vcan_012 158#000000000000000A
(0.401690) oc_vcan_012 161#000005500108000D
(0.401838) oc_vcan_012 191#010010A141003800
(0.401983) oc_vcan_012 18E#00005C0000000000
(0.402240) oc_vcan_012 133#0000000098000000
(0.402485) oc_vcan_012 136#000200000000001B
(0.402729) oc_vcan_012 13A#0000000000000019
(0.402974) oc_vcan_012 13F#000000050000001F
(0.403222) oc_vcan_012 164#0000C01AA8000031
(0.403473) oc_vcan_012 17C#0000000010000012
(0.404843) oc_vcan_012 183#0000000900001011
(0.405794) oc_vcan_012 143#6B6B00D100000000
(0.406741) oc_vcan_012 305#8008000000000000
(0.407461) oc_vcan_012 95#800007F400000008
(0.410161) oc_vcan_012 166#D032001800000000
(0.411428) oc_vcan_012 158#0000000000000019
(0.411626) oc_vcan_012 161#000005500108001C
(0.411852) oc_vcan_012 191#010090A141000300
(0.412081) oc_vcan_012 164#0000C01AA8000004
(0.412280) oc_vcan_012 133#00000000A7000000
(0.412534) oc_vcan_012 136#000200000000002A
(0.412753) oc_vcan_012 13A#0000000000000028
(0.412999) oc_vcan_012 13F#000000050000002E
(0.413286) oc_vcan_012 17C#0000000010000021
(0.413335) oc_vcan_012 18E#00006B0000000000
(0.413632) oc_vcan_012 1CF#80050000003C0000
(0.413808) oc_vcan_012 1DC#0200003900000000
(0.413872) oc_vcan_012 320#0000300000000000
(0.414167) oc_vcan_012 324#7465000000000E38
(0.414417) oc_vcan_012 183#0000000E0000102B
(0.414664) oc_vcan_012 37C#FD00FD00097F0038
(0.414795) oc_vcan_012 39#0039000000000000
(0.415806) oc_vcan_012 143#6B6B00E000000000
(0.417476) oc_vcan_012 95#800007F400000017
(0.418161) oc_vcan_012 1A4#0000000800000010
(0.418458) oc_vcan_012 1AA#7FFF000000006810
(0.418692) oc_vcan_012 1B0#000F000000015700
(0.418905) oc_vcan_012 1D0#000000000000000A
(0.420194) oc_vcan_012 166#D032002700000000
(0.421453) oc_vcan_012 158#0000000000000028
(0.421689) oc_vcan_012 161#000005500108002B
(0.421830) oc_vcan_012 191#010090A141001200
(0.422227) oc_vcan_012 133#00000000B6000000
(0.422488) oc_vcan_012 136#0002000000000039
(0.422727) oc_vcan_012 13A#0000000000000037
(0.423000) oc_vcan_012 13F#000000050000003D
(0.423226) oc_vcan_012 164#0000C01AA8000013
(0.423456) oc_vcan_012 17C#0000000010000030
(0.423509) oc_vcan_012 18E#00007A0000000000
(0.423872) oc_vcan_012 294#040B0002CF5A002C
(0.424112) oc_vcan_012 21E#03E8374522062F00
(0.424865) oc_vcan_012 183#0000000A0000103E
(0.425657) oc_vcan_012 143#6B6B00FF00000000
(0.427445) oc_vcan_012 95#800007F400000026
(0.428827) oc_vcan_012 39#000C000000000000
(0.430227) oc_vcan_012 166#D032003600000000
(0.431405) oc_vcan_012 158#0000000000000037
(0.431743) oc_vcan_012 161#000005500108003A
(0.431827) oc_vcan_012 191#010090A141002100
(0.432090) oc_vcan_012 164#0000C01AA8000022
(0.432256) oc_vcan_012 133#0000000089000000
(0.432519) oc_vcan_012 136#000200000000000C
(0.432750) oc_vcan_012 13A#000000000000000A
(0.432998) oc_vcan_012 13F#0000000500000000
(0.433271) oc_vcan_012 17C#0000000010000003
(0.433325) oc_vcan_012 18E#00004D0000000000
(0.433606) oc_vcan_012 1CF#80050000000F0000
(0.433698) oc_vcan_012 1DC#0200000C00000000
(0.434242) oc_vcan_012 183#0000000F0000100C
(0.435725) oc_vcan_012 143#6B6B00C200000000
(0.437445) oc_vcan_012 95#800007F400000035
(0.438164) oc_vcan_012 1A4#000000080000002F
(0.438400) oc_vcan_012 1AA#7FFF00000000682F
(0.438670) oc_vcan_012 1B0#000F000000016600
(0.438900) oc_vcan_012 1D0#000000000000000A
(0.440178) oc_vcan_012 166#D032000900000000
(0.441388) oc_vcan_012 158#000000000000000A
(0.441631) oc_vcan_012 161#000005500108000D
(0.441831) oc_vcan_012 191#010090A141003000
(0.442170) oc_vcan_012 18E#00005C0000000000
(0.442355) oc_vcan_012 133#0000000098000000
(0.442657) oc_vcan_012 136#000200000000001B
(0.442863) oc_vcan_012 13A#0000000000000019
(0.443116) oc_vcan_012 13F#000000050000001F
(0.443351) oc_vcan_012 164#0000C01AA8000031
(0.443591) oc_vcan_012 17C#0000000010000012
(0.443671) oc_vcan_012 39#001B000000000000
(0.443994) oc_vcan_012 309#0000000000000084
(0.444832) oc_vcan_012 183#0000000B0000101F
(0.445714) oc_vcan_012 143#6B6B00D100000000
(0.447430) oc_vcan_012 95#800007F400000008
(0.450143) oc_vcan_012 166#D032001800000000
(0.451432) oc_vcan_012 158#0000000000000019
(0.451716) oc_vcan_012 161#000005500108001C
(0.451796) oc_vcan_012 191#010090A141000300
(0.452089) oc_vcan_012 164#0000C01AA8000004
(0.452286) oc_vcan_012 133#00000000A7000000
(0.452544) oc_vcan_012 136#000200000000002A
(0.452835) oc_vcan_012 13A#0000000000000028
(0.453038) oc_vcan_012 13F#000000050000002E
(0.453261) oc_vcan_012 17C#0000000010000021
(0.453382) oc_vcan_012 18E#00006B0000000000
(0.453596) oc_vcan_012 1CF#80050000001E0000
(0.453880) oc_vcan_012 1DC#0200001B00000000
(0.454293) oc_vcan_012 183#0000000800001021
(0.455818) oc_vcan_012 143#6B6B00E000000000
(0.457456) oc_vcan_012 95#800007F400000017
(0.457656) oc_vcan_012 39#002A000000000000
(0.458227) oc_vcan_012 1A4#000000080000003E
(0.458475) oc_vcan_012 1AA#7FFF00000000673F
(0.458701) oc_vcan_012 1B0#000F000000017500
(0.458950) oc_vcan_012 1D0#000000000000000A
(0.460144) oc_vcan_012 166#D032002700000000
(0.461457) oc_vcan_012 158#0000000000000028
(0.461691) oc_vcan_012 161#000005500108002B
(0.461768) oc_vcan_012 191#010090A141001200
(0.462229) oc_vcan_012 133#00000000B6000000
(0.462473) oc_vcan_012 136#0002000000000039
(0.462728) oc_vcan_012 13A#0000000000000037
(0.462951) oc_vcan_012 13F#000000050000003D
(0.463184) oc_vcan_012 164#0000C01AA8000013
(0.463431) oc_vcan_012 17C#0000000010000030
(0.463558) oc_vcan_012 18E#00007A0000000000
(0.463836) oc_vcan_012 294#040B0002CF5A003B
(0.464092) oc_vcan_012 21E#03E8374522063E00
(0.464850) oc_vcan_012 183#0000000600001032
(0.465674) oc_vcan_012 143#6B6B00FF00000000
(0.467494) oc_vcan_012 95#800007F400000026
(0.470155) oc_vcan_012 166#D032003600000000
(0.471407) oc_vcan_012 158#0000000000000037
(0.471721) oc_vcan_012 161#000005500108003A
(0.471843) oc_vcan_012 39#0039000000000000
(0.471892) oc_vcan_012 191#010090A141002100
(0.472230) oc_vcan_012 164#0000C01AA8000022
(0.472438) oc_vcan_012 133#0000000089000000
(0.472741) oc_vcan_012 136#000200000000000C
(0.472933) oc_vcan_012 13A#000000000000000A
(0.473159) oc_vcan_012 13F#0000000500000000
(0.473407) oc_vcan_012 17C#0000000010000003
(0.473463) oc_vcan_012 18E#00004D0000000000
(0.473757) oc_vcan_012 1CF#80050000002D0000
(0.473836) oc_vcan_012 1DC#0200002A00000000
(0.474272) oc_vcan_012 183#0000000400001007
(0.475668) oc_vcan_012 143#6B6B00C200000000
(0.477468) oc_vcan_012 95#800007F400000035
(0.478155) oc_vcan_012 1A4#0000000800000001
(0.478401) oc_vcan_012 1AA#7FFF000000006702
(0.478728) oc_vcan_012 1B0#000F000000014800
(0.478879) oc_vcan_012 1D0#000000000000000A
(0.480165) oc_vcan_012 166#D032000900000000
(0.481404) oc_vcan_012 158#000000000000000A
(0.481706) oc_vcan_012 161#000005500108000D
(0.481802) oc_vcan_012 191#010090A141003000
(0.482256) oc_vcan_012 164#0000C01AA8000031
(0.482429) oc_vcan_012 133#0000000098000000
(0.482721) oc_vcan_012 136#000200000000001B
(0.482934) oc_vcan_012 13A#0000000000000019
(0.483180) oc_vcan_012 13F#000000050000001F
(0.483424) oc_vcan_012 17C#0000000010000012
(0.483476) oc_vcan_012 18E#00005C0000000000
(0.484701) oc_vcan_012 183#0000000300001017
(0.485694) oc_vcan_012 143#6B6B00D100000000
(0.486725) oc_vcan_012 39#000C000000000000
(0.487461) oc_vcan_012 95#800007F400000008
(0.490167) oc_vcan_012 166#D032001800000000
(0.491431) oc_vcan_012 158#0000000000000019
(0.491661) oc_vcan_012 161#000005500108001C
(0.491846) oc_vcan_012 191#010090A141000300
(0.492270) oc_vcan_012 164#0000C01AA8000004
(0.492450) oc_vcan_012 133#00000000A7000000
(0.492685) oc_vcan_012 136#000200000000002A
(0.492907) oc_vcan_012 13A#0000000000000028
(0.493159) oc_vcan_012 13F#000000050000002E
(0.493424) oc_vcan_012 17C#0000000010000021
(0.493475) oc_vcan_012 18E#00006B0000000000
(0.493749) oc_vcan_012 1CF#80050000003C0000
(0.493882) oc_vcan_012 1DC#0200003900000000
(0.494283) oc_vcan_012 183#0000000A0000102F
(0.495974) oc_vcan_012 143#6B6B00E000000000
(0.496096) oc_vcan_012 333#0000000000000F00
(0.497469) oc_vcan_012 95#800007F400000017
(0.498175) oc_vcan_012 1A4#0000000800000010
(0.498452) oc_vcan_012 1AA#7FFF000000006810
(0.498686) oc_vcan_012 1B0#000F000000015700
(0.498887) oc_vcan_012 1D0#000000000000000A
(0.500154) oc_vcan_012 166#D032002700000000
(0.501700) oc_vcan_012 158#0000000000000028
(0.501756) oc_vcan_012 161#000005500108002B
(0.501838) oc_vcan_012 191#010090A141001200
(0.502212) oc_vcan_012 133#00000000B6000000
(0.502465) oc_vcan_012 136#0002000000000039
(0.502716) oc_vcan_012 13A#0000000000000037
(0.502957) oc_vcan_012 13F#000000050000003D
(0.503196) oc_vcan_012 164#0000C01AA8000013
(0.503457) oc_vcan_012 17C#0000000010000030
(0.503515) oc_vcan_012 18E#00007A0000000000
(0.503842) oc_vcan_012 294#040B0002CF5A000E
(0.504095) oc_vcan_012 21E#03E8374522060100
(0.504744) oc_vcan_012 39#001B000000000000
(0.504954) oc_vcan_012 183#0000000700001031
(0.505670) oc_vcan_012 143#6B6B00FF00000000
(0.507465) oc_vcan_012 95#800007F400000026
(0.510154) oc_vcan_012 166#D032003600000000
(0.510721) oc_vcan_012 305#8017000000000000
(0.511441) oc_vcan_012 158#0000000000000037
(0.511663) oc_vcan_012 161#000005500108003A
(0.511842) oc_vcan_012 191#010090A141002100
(0.512220) oc_vcan_012 164#0000C01AA8000022
(0.512281) oc_vcan_012 133#0000000089000000
(0.512682) oc_vcan_012 136#000200000000000C
(0.512884) oc_vcan_012 13A#000000000000000A
(0.513109) oc_vcan_012 13F#0000000500000000
(0.513376) oc_vcan_012 17C#0000000010000003
(0.513432) oc_vcan_012 18E#00004D0000000000
(0.513768) oc_vcan_012 1CF#80050000000F0000
(0.513888) oc_vcan_012 1DC#0200000C00000000
(0.514051) oc_vcan_012 320#0000030000000000
(0.514287) oc_vcan_012 324#7465000000000E0B
(0.514525) oc_vcan_012 183#0000000D0000100E
(0.514758) oc_vcan_012 37C#FD00FD00097F000B
(0.515002) oc_vcan_012 40C#033133383439000D
(0.515118) oc_vcan_012 454#23EF090000000000
(0.515754) oc_vcan_012 143#6B6B00C200000000
(0.517472) oc_vcan_012 95#800007F400000035
(0.518176) oc_vcan_012 1A4#000000080000002F
(0.518870) oc_vcan_012 1AA#7FFF00000000682F
(0.518956) oc_vcan_012 1B0#000F000000016600
(0.519003) oc_vcan_012 39#002A000000000000
(0.519067) oc_vcan_012 1D0#000000000000000A
(0.520167) oc_vcan_012 166#D032000900000000
(0.521428) oc_vcan_012 158#000000000000000A
(0.521655) oc_vcan_012 161#000005500108000D
(0.521908) oc_vcan_012 191#010090A141003000
(0.521947) oc_vcan_012 18E#00005C0000000000
(0.522261) oc_vcan_012 133#0000000098000000
(0.522460) oc_vcan_012 136#000200000000001B
(0.522723) oc_vcan_012 13A#0000000000000019
(0.522970) oc_vcan_012 13F#000000050000001F
(0.523211) oc_vcan_012 164#0000C01AA8000031
(0.523458) oc_vcan_012 17C#0000000010000012
(0.524878) oc_vcan_012 183#0000000900001011
(0.525788) oc_vcan_012 143#6B6B00D100000000
(0.527467) oc_vcan_012 95#800007F400000008
(0.530147) oc_vcan_012 166#D032001800000000
(0.531398) oc_vcan_012 158#0000000000000019
(0.531683) oc_vcan_012 161#000005500108001C
(0.531837) oc_vcan_012 191#010090A141000300
(0.532104) oc_vcan_012 164#0000C01AA8000004
(0.532268) oc_vcan_012 133#00000000A7000000
(0.532320) oc_vcan_012 39#0039000000000000
(0.532654) oc_vcan_012 136#000200000000002A
(0.532883) oc_vcan_012 13A#0000000000000028
(0.533166) oc_vcan_012 13F#000000050000002E
(0.533403) oc_vcan_012 17C#0000000010000021
(0.533450) oc_vcan_012 18E#00006B0000000000
(0.533820) oc_vcan_012 1CF#80050000001E0000
(0.533880) oc_vcan_012 1DC#0200001B00000000
(0.534306) oc_vcan_012 183#0000000600001023
(0.535806) oc_vcan_012 143#6B6B00E000000000
(0.537469) oc_vcan_012 95#800007F400000017
(0.538211) oc_vcan_012 1A4#000000080000003E
(0.538480) oc_vcan_012 1AA#7FFF00000000673F
(0.538694) oc_vcan_012 1B0#000F000000017500
(0.538952) oc_vcan_012 1D0#000000000000000A
(0.540502) oc_vcan_012 166#D032002700000000
(0.541437) oc_vcan_012 158#0000000000000028
(0.541646) oc_vcan_012 161#000005500108002B
(0.541840) oc_vcan_012 191#010090A141001200
(0.542182) oc_vcan_012 164#0000C01AA8000013
(0.542345) oc_vcan_012 133#00000000B6000000
(0.542600) oc_vcan_012 136#0002000000000039
(0.542852) oc_vcan_012 13A#0000000000000037
(0.543089) oc_vcan_012 13F#000000050000003D
(0.543367) oc_vcan_012 17C#0000000010000030
(0.543425) oc_vcan_012 18E#00007A0000000000
(0.543727) oc_vcan_012 294#040B0002CF5A001D
(0.543995) oc_vcan_012 21E#03E8374522061000
(0.544278) oc_vcan_012 309#0000000000000093
(0.544533) oc_vcan_012 428#01040000521C1000
(0.544835) oc_vcan_012 405#000004000000001A
(0.545155) oc_vcan_012 183#0000000C0000103C
(0.546718) oc_vcan_012 143#6B6B00FF00000000
(0.547453) oc_vcan_012 95#800007F400000026
(0.548685) oc_vcan_012 39#000C000000000000
(0.550131) oc_vcan_012 166#D032003600000000
(0.551396) oc_vcan_012 158#0000000000000037
(0.551734) oc_vcan_012 161#000005500108003A
(0.551831) oc_vcan_012 191#010090A141002100
(0.552089) oc_vcan_012 164#0000C01AA8000022
(0.552266) oc_vcan_012 133#0000000089000000
(0.552517) oc_vcan_012 136#000200000000000C
(0.552764) oc_vcan_012 13A#000000000000000A
(0.552993) oc_vcan_012 13F#0000000500000000
(0.553256) oc_vcan_012 17C#0000000010000003
(0.553385) oc_vcan_012 18E#00004D0000000000
(0.553596) oc_vcan_012 1CF#80050000002D0000
(0.553693) oc_vcan_012 1DC#0200002A00000000
(0.554268) oc_vcan_012 183#0000000900001002
(0.555672) oc_vcan_012 143#6B6B00C200000000
(0.557462) oc_vcan_012 95#800007F400000035
(0.558160) oc_vcan_012 1A4#0000000800000001
(0.558389) oc_vcan_012 1AA#7FFF000000006702
(0.558642) oc_vcan_012 1B0#000F000000014800
(0.558871) oc_vcan_012 1D0#000000000000000A
(0.560172) oc_vcan_012 166#D032000900000000
(0.561428) oc_vcan_012 158#000000000000000A
(0.561692) oc_vcan_012 161#000005500108000D
(0.561747) oc_vcan_012 39#001B000000000000
(0.561981) oc_vcan_012 191#010090A141003000
(0.562207) oc_vcan_012 164#0000C01AA8000031
(0.562383) oc_vcan_012 133#0000000098000000
(0.562815) oc_vcan_012 136#000200000000001B
(0.562876) oc_vcan_012 13A#0000000000000019
(0.563186) oc_vcan_012 13F#000000050000001F
(0.563400) oc_vcan_012 17C#0000000010000012
(0.563545) oc_vcan_012 18E#00005C0000000000
(0.564841) oc_vcan_012 183#0000000600001014
(0.565641) oc_vcan_012 143#6B6B00D100000000
(0.567724) oc_vcan_012 95#800007F400000008
(0.570196) oc_vcan_012 166#D032001800000000
(0.571424) oc_vcan_012 158#0000000000000019
(0.571679) oc_vcan_012 161#000005500108001C
(0.571852) oc_vcan_012 191#010090A141000300
(0.572078) oc_vcan_012 164#0000C01AA8000004
(0.572262) oc_vcan_012 133#00000000A7000000
(0.572509) oc_vcan_012 136#000200000000002A
(0.572751) oc_vcan_012 13A#0000000000000028
(0.572976) oc_vcan_012 13F#000000050000002E
(0.573238) oc_vcan_012 17C#0000000010000021
(0.573363) oc_vcan_012 18E#00006B0000000000
(0.573600) oc_vcan_012 1CF#80050000003C0000
(0.573721) oc_vcan_012 1DC#0200003900000000
(0.574306) oc_vcan_012 183#0000000400001025
(0.575751) oc_vcan_012 143#6B6B00E000000000
(0.575821) oc_vcan_012 39#002A000000000000
(0.577609) oc_vcan_012 95#800007F400000017
(0.578173) oc_vcan_012 1A4#0000000800000010
(0.578398) oc_vcan_012 1AA#7FFF000000006810
(0.578709) oc_vcan_012 1B0#000F000000015700
(0.578883) oc_vcan_012 1D0#000000000000000A
(0.580151) oc_vcan_012 166#D032002700000000
(0.581404) oc_vcan_012 158#0000000000000028
(0.581650) oc_vcan_012 161#000005500108002B
(0.581908) oc_vcan_012 191#010090A141001200
(0.582199) oc_vcan_012 164#0000C01AA8000013
(0.582463) oc_vcan_012 133#00000000B6000000
(0.582628) oc_vcan_012 136#0002000000000039
(0.582872) oc_vcan_012 13A#0000000000000037
(0.583106) oc_vcan_012 13F#000000050000003D
(0.583357) oc_vcan_012 17C#0000000010000030
(0.583489) oc_vcan_012 18E#00007A0000000000
(0.583805) oc_vcan_012 294#040B0002CF5A002C
(0.584019) oc_vcan_012 21E#03E8374522062F00
(0.584840) oc_vcan_012 183#0000000300001035
(0.585657) oc_vcan_012 143#6B6B00FF00000000
(0.587513) oc_vcan_012 95#800007F400000026
(0.590148) oc_vcan_012 166#D032003600000000
(0.590687) oc_vcan_012 39#0039000000000000
(0.591403) oc_vcan_012 158#0000000000000037
(0.591693) oc_vcan_012 161#000005500108003A
(0.591842) oc_vcan_012 191#010090A141002100
(0.592086) oc_vcan_012 164#0000C01AA8000022
(0.592259) oc_vcan_012 133#0000000089000000
(0.592521) oc_vcan_012 136#000200000000000C
(0.592767) oc_vcan_012 13A#000000000000000A
(0.592995) oc_vcan_012 13F#0000000500000000
(0.593256) oc_vcan_012 17C#0000000010000003
(0.593382) oc_vcan_012 18E#00004D0000000000
(0.593663) oc_vcan_012 1CF#80050000000F0000
(0.593709) oc_vcan_012 1DC#0200000C00000000
(0.594297) oc_vcan_012 183#0000000A00001001
(0.595687) oc_vcan_012 143#6B6B00C200000000
(0.596162) oc_vcan_012 333#0000000000001E00
(0.597473) oc_vcan_012 95#800007F400000035
(0.598144) oc_vcan_012 1A4#000000080000002F
(0.598393) oc_vcan_012 1AA#7FFF00000000682F
(0.598688) oc_vcan_012 1B0#000F000000016600
(0.598873) oc_vcan_012 1D0#000000000000000A
(0.600149) oc_vcan_012 166#D032000900000000
(0.601391) oc_vcan_012 158#000000000000000A
(0.601609) oc_vcan_012 161#000005500108000D
(0.601825) oc_vcan_012 191#010090A141003000
(0.602224) oc_vcan_012 133#0000000098000000
(0.602479) oc_vcan_012 136#000200000000001B
(0.602716) oc_vcan_012 13A#0000000000000019
(0.602974) oc_vcan_012 13F#000000050000001F
(0.603266) oc_vcan_012 164#0000C01AA8000031
(0.603429) oc_vcan_012 17C#0000000010000012
(0.603562) oc_vcan_012 18E#00005C0000000000
(0.604730) oc_vcan_012 183#0000000700001013
(0.604800) oc_vcan_012 39#000C000000000000
(0.605679) oc_vcan_012 143#6B6B00D100000000
(0.607464) oc_vcan_012 95#800007F400000008
(0.610155) oc_vcan_012 166#D032001800000000
(0.611393) oc_vcan_012 158#0000000000000019
(0.611681) oc_vcan_012 161#000005500108001C
(0.611845) oc_vcan_012 191#010090A141000300
(0.612154) oc_vcan_012 164#0000C01AA8000004
(0.612358) oc_vcan_012 133#00000000A7000000
(0.612574) oc_vcan_012 136#000200000000002A
(0.612839) oc_vcan_012 13A#0000000000000028
(0.613104) oc_vcan_012 13F#000000050000002E
(0.613313) oc_vcan_012 17C#0000000010000021
(0.613453) oc_vcan_012 18E#00006B0000000000
(0.613709) oc_vcan_012 1CF#80050000001E0000
(0.613742) oc_vcan_012 1DC#0200001B00000000
(0.613988) oc_vcan_012 320#0000120000000000
(0.614214) oc_vcan_012 324#7465000000000E1A
(0.614463) oc_vcan_012 183#0000000500001024
(0.614731) oc_vcan_012 37C#FD00FD00097F001A
(0.615767) oc_vcan_012 143#6B6B00E000000000
(0.616719) oc_vcan_012 305#8026000000000000
(0.617477) oc_vcan_012 95#800007F400000017
(0.618235) oc_vcan_012 1A4#000000080000003E
(0.618463) oc_vcan_012 1AA#7FFF00000000673F
(0.618749) oc_vcan_012 1B0#000F000000017500
(0.618970) oc_vcan_012 1D0#000000000000000A
(0.620124) oc_vcan_012 166#D032002700000000
(0.621384) oc_vcan_012 158#0000000000000028
(0.621604) oc_vcan_012 161#000005500108002B
(0.621855) oc_vcan_012 191#010090A141001200
(0.622195) oc_vcan_012 18E#00007A0000000000
(0.622238) oc_vcan_012 133#00000000B6000000
(0.622494) oc_vcan_012 136#0002000000000039
(0.622733) oc_vcan_012 13A#0000000000000037
(0.622966) oc_vcan_012 13F#000000050000003D
(0.623218) oc_vcan_012 164#0000C01AA8000013
(0.623457) oc_vcan_012 17C#0000000010000030
(0.623716) oc_vcan_012 294#040B0002CF5A003B
(0.623970) oc_vcan_012 21E#03E8374522063E00
(0.624665) oc_vcan_012 39#001B000000000000
(0.624920) oc_vcan_012 183#0000000B0000103D
(0.625597) oc_vcan_012 143#6B6B00FF00000000
(0.627514) oc_vcan_012 95#800007F400000026
(0.630179) oc_vcan_012 166#D032003600000000
(0.631410) oc_vcan_012 158#0000000000000037
(0.631647) oc_vcan_012 161#000005500108003A
(0.631845) oc_vcan_012 191#010090A141002100
(0.632106) oc_vcan_012 164#0000C01AA8000022
(0.632279) oc_vcan_012 133#0000000089000000
(0.632533) oc_vcan_012 136#000200000000000C
(0.632766) oc_vcan_012 13A#000000000000000A
(0.633005) oc_vcan_012 13F#0000000500000000
(0.633253) oc_vcan_012 17C#0000000010000003
(0.633391) oc_vcan_012 18E#00004D0000000000
(0.633699) oc_vcan_012 1CF#80050000002D0000
(0.633757) oc_vcan_012 1DC#0200002A00000000
(0.634319) oc_vcan_012 183#0000000800001003
(0.635666) oc_vcan_012 143#6B6B00C200000000
(0.637498) oc_vcan_012 95#800007F400000035
(0.638161) oc_vcan_012 1A4#0000000800000001
(0.638403) oc_vcan_012 1AA#7FFF000000006702
(0.638678) oc_vcan_012 1B0#000F000000014800
(0.638741) oc_vcan_012 39#002A000000000000
(0.639008) oc_vcan_012 1D0#000000000000000A
(0.640179) oc_vcan_012 166#D032000900000000
(0.641403) oc_vcan_012 158#000000000000000A
(0.641636) oc_vcan_012 161#000005500108000D
(0.641854) oc_vcan_012 191#010090A141003000
(0.642187) oc_vcan_012 164#0000C01AA8000031
(0.642367) oc_vcan_012 133#0000000098000000
(0.642681) oc_vcan_012 136#000200000000001B
(0.642874) oc_vcan_012 13A#0000000000000019
(0.643126) oc_vcan_012 13F#000000050000001F
(0.643368) oc_vcan_012 17C#0000000010000012
(0.643418) oc_vcan_012 18E#00005C0000000000
(0.643792) oc_vcan_012 309#00000000000000A2
(0.644858) oc_vcan_012 183#0000000D0000101D
(0.645688) oc_vcan_012 143#6B6B00D100000000
(0.647511) oc_vcan_012 95#800007F400000008
(0.650166) oc_vcan_012 166#D032001800000000
(0.651403) oc_vcan_012 158#0000000000000019
(0.651708) oc_vcan_012 161#000005500108001C
(0.651754) oc_vcan_012 191#010090A141000300
(0.652100) oc_vcan_012 164#0000C01AA8000004
(0.652272) oc_vcan_012 133#00000000A7000000
(0.652534) oc_vcan_012 136#000200000000002A
(0.652806) oc_vcan_012 13A#0000000000000028
(0.653054) oc_vcan_012 13F#000000050000002E
(0.653291) oc_vcan_012 17C#0000000010000021
(0.653347) oc_vcan_012 18E#00006B0000000000
(0.653682) oc_vcan_012 1CF#80050000003C0000
(0.653736) oc_vcan_012 1DC#0200003900000000
(0.654347) oc_vcan_012 183#0000000900001020
(0.654736) oc_vcan_012 39#0039000000000000
(0.655672) oc_vcan_012 143#6B6B00E000000000
(0.657486) oc_vcan_012 95#800007F400000017
(0.658155) oc_vcan_012 1A4#0000000800000010
(0.658395) oc_vcan_012 1AA#7FFF000000006810
(0.658665) oc_vcan_012 1B0#000F000000015700
(0.658870) oc_vcan_012 1D0#000000000000000A
(0.660129) oc_vcan_012 166#D032002700000000
(0.661396) oc_vcan_012 158#0000000000000028
(0.661821) oc_vcan_012 161#000005500108002B
(0.661871) oc_vcan_012 191#010090A141001200
(0.662276) oc_vcan_012 164#0000C01AA8000013
(0.662421) oc_vcan_012 133#00000000B6000000
(0.662674) oc_vcan_012 136#0002000000000039
(0.662925) oc_vcan_012 13A#0000000000000037
(0.663176) oc_vcan_012 13F#000000050000003D
(0.663428) oc_vcan_012 17C#0000000010000030
(0.663480) oc_vcan_012 18E#00007A0000000000
(0.663816) oc_vcan_012 294#040B0002CF5A000E
(0.664074) oc_vcan_012 21E#03E8374522060100
(0.664879) oc_vcan_012 183#0000000600001032
(0.665739) oc_vcan_012 143#6B6B00FF00000000
(0.667440) oc_vcan_012 95#800007F400000026
(0.667668) oc_vcan_012 5A1#9600000000006210
(0.668716) oc_vcan_012 39#000C000000000000
(0.670465) oc_vcan_012 166#D032003600000000
(0.671532) oc_vcan_012 158#0000000000000037
(0.671605) oc_vcan_012 161#000005500108003A
(0.671863) oc_vcan_012 191#010090A141002100
(0.672078) oc_vcan_012 164#0000C01AA8000022
(0.672262) oc_vcan_012 133#0000000089000000
(0.672522) oc_vcan_012 136#000200000000000C
(0.672795) oc_vcan_012 13A#000000000000000A
(0.672982) oc_vcan_012 13F#0000000500000000
(0.673261) oc_vcan_012 17C#0000000010000003
(0.673309) oc_vcan_012 18E#00004D0000000000
(0.673686) oc_vcan_012 1CF#80050000000F0000
(0.673741) oc_vcan_012 1DC#0200000C00000000
(0.674362) oc_vcan_012 183#0000000C0000100F
(0.675965) oc_vcan_012 143#6B6B00C200000000
(0.677544) oc_vcan_012 95#800007F400000035
(0.678201) oc_vcan_012 1A4#000000080000002F
(0.678470) oc_vcan_012 1AA#7FFF00000000682F
(0.678554) oc_vcan_012 1B0#000F000000016600
(0.678934) oc_vcan_012 1D0#000000000000000A
(0.680220) oc_vcan_012 166#D032000900000000
(0.681417) oc_vcan_012 158#000000000000000A
(0.681632) oc_vcan_012 161#000005500108000D
(0.681874) oc_vcan_012 191#010090A141003000
(0.682192) oc_vcan_012 164#0000C01AA8000031
(0.682344) oc_vcan_012 133#0000000098000000
(0.682597) oc_vcan_012 136#000200000000001B
(0.682839) oc_vcan_012 13A#0000000000000019
(0.683096) oc_vcan_012 13F#000000050000001F
(0.683347) oc_vcan_012 17C#0000000010000012
(0.683396) oc_vcan_012 18E#00005C0000000000
(0.683601) oc_vcan_012 39#001B000000000000
(0.684833) oc_vcan_012 183#0000000900001011
(0.685748) oc_vcan_012 143#6B6B00D100000000
(0.687464) oc_vcan_012 95#800007F400000008
(0.690178) oc_vcan_012 166#D032001800000000
(0.691507) oc_vcan_012 158#0000000000000019
(0.691563) oc_vcan_012 161#000005500108001C
(0.691883) oc_vcan_012 191#010090A141000300
(0.692016) oc_vcan_012 164#0000C01AA8000004
(0.692315) oc_vcan_012 133#00000000A7000000
(0.692548) oc_vcan_012 136#000200000000002A
(0.692807) oc_vcan_012 13A#0000000000000028
(0.693025) oc_vcan_012 13F#000000050000002E
(0.693281) oc_vcan_012 17C#0000000010000021
(0.693337) oc_vcan_012 18E#00006B0000000000
(0.693659) oc_vcan_012 1CF#80050000001E0000
(0.693731) oc_vcan_012 1DC#0200001B00000000
(0.694345) oc_vcan_012 183#0000000600001023
(0.695599) oc_vcan_012 143#6B6B00E000000000
(0.696288) oc_vcan_012 333#0000000000002D00
(0.696350) oc_vcan_012 39#002A000000000000
(0.697896) oc_vcan_012 95#800007F400000017
(0.698381) oc_vcan_012 1A4#000000080000003E
(0.698443) oc_vcan_012 1AA#7FFF00000000673F
(0.698708) oc_vcan_012 1B0#000F000000017500
(0.699098) oc_vcan_012 1D0#000000000000000A
(0.700150) oc_vcan_012 166#D032002700000000
(0.701406) oc_vcan_012 158#0000000000000028
(0.701638) oc_vcan_012 161#000005500108002B
(0.701835) oc_vcan_012 191#010090A141001200
(0.702189) oc_vcan_012 133#00000000B6000000
(0.702441) oc_vcan_012 136#0002000000000039
(0.702723) oc_vcan_012 13A#0000000000000037
(0.702943) oc_vcan_012 13F#000000050000003D
(0.703207) oc_vcan_012 164#0000C01AA8000013
(0.703453) oc_vcan_012 17C#0000000010000030
(0.703518) oc_vcan_012 18E#00007A0000000000
(0.703819) oc_vcan_012 294#040B0002CF5A001D
(0.704085) oc_vcan_012 21E#03E8374522061000
(0.704864) oc_vcan_012 183#0000000C0000103C
(0.705597) oc_vcan_012 143#6B6B00FF00000000
(0.707453) oc_vcan_012 95#800007F400000026
(0.710242) oc_vcan_012 166#D032003600000000
(0.710755) oc_vcan_012 39#0039000000000000
(0.711416) oc_vcan_012 158#0000000000000037
(0.711650) oc_vcan_012 161#000005500108003A
(0.711846) oc_vcan_012 191#010010A141002900
(0.712157) oc_vcan_012 164#0000C01AA8000022
(0.712333) oc_vcan_012 133#0000000089000000
(0.712593) oc_vcan_012 136#000200000000000C
(0.712850) oc_vcan_012 13A#000000000000000A
(0.713070) oc_vcan_012 13F#0000000500000000
(0.713327) oc_vcan_012 17C#0000000010000003
(0.713370) oc_vcan_012 18E#00004D0000000000
(0.713726) oc_vcan_012 1CF#80050000002D0000
(0.713806) oc_vcan_012 1DC#0200002A00000000
(0.713995) oc_vcan_012 320#0000210000000000
(0.714246) oc_vcan_012 324#7465000000000E29
(0.714498) oc_vcan_012 183#0000000900001002
(0.714871) oc_vcan_012 37C#FD00FD00097F0029
(0.716100) oc_vcan_012 143#6B6B00C200000000
(0.717507) oc_vcan_012 95#800007F800000031
(0.718175) oc_vcan_012 1A4#0000000800000001
(0.718416) oc_vcan_012 1AA#7FFF000000006702
(0.718655) oc_vcan_012 1B0#000F000000014800
(0.718915) oc_vcan_012 1D0#000000000000000A
(0.720183) oc_vcan_012 166#D032000900000000
(0.721412) oc_vcan_012 158#000000000000000A
(0.721663) oc_vcan_012 161#000005500108000D
(0.721837) oc_vcan_012 191#010010A141003800
(0.722208) oc_vcan_012 133#0000000098000000
(0.722437) oc_vcan_012 136#000200000000001B
(0.722696) oc_vcan_012 13A#0000000000000019
(0.722981) oc_vcan_012 13F#000000050000001F
(0.723202) oc_vcan_012 164#0000C01AA8000031
(0.723280) oc_vcan_012 39#000C000000000000
(0.723682) oc_vcan_012 17C#0000000010000012
(0.723740) oc_vcan_012 18E#00005C0000000000
(0.723813) oc_vcan_012 305#8035000000000000
(0.724816) oc_vcan_012 183#0000000E0000101C
(0.725675) oc_vcan_012 143#6B6B00D100000000
(0.727457) oc_vcan_012 95#800007F800000004
(0.730156) oc_vcan_012 166#D032001800000000
(0.731403) oc_vcan_012 158#0000000000000019
(0.731655) oc_vcan_012 161#000005500108001C
(0.731843) oc_vcan_012 191#010010A141000B00
(0.732152) oc_vcan_012 164#0000C01AA8000004
(0.732330) oc_vcan_012 133#00000000A7000000
(0.732589) oc_vcan_012 136#000200000000002A
(0.732837) oc_vcan_012 13A#0000000000000028
(0.733086) oc_vcan_012 13F#000000050000002E
(0.733331) oc_vcan_012 17C#0000000010000021
(0.733387) oc_vcan_012 18E#00006B0000000000
(0.733688) oc_vcan_012 1CF#80050000003C0000
(0.733910) oc_vcan_012 1DC#0200003900000000
(0.734346) oc_vcan_012 183#0000000A0000102F
(0.735728) oc_vcan_012 143#6B6B00E000000000
(0.737445) oc_vcan_012 95#800007F800000013
(0.737690) oc_vcan_012 39#001B000000000000
(0.738159) oc_vcan_012 1A4#0000000800000010
(0.738403) oc_vcan_012 1AA#7FFF000000006810
(0.738667) oc_vcan_012 1B0#000F000000015700
(0.738890) oc_vcan_012 1D0#000000000000000A
(0.740234) oc_vcan_012 166#D032002700000000
(0.741402) oc_vcan_012 158#0000000000000028
(0.741744) oc_vcan_012 161#000005500108002B
(0.741851) oc_vcan_012 191#010010A141001A00
(0.742198) oc_vcan_012 164#0000C01AA8000013
(0.742366) oc_vcan_012 133#00000000B6000000
(0.742688) oc_vcan_012 136#0002000000000039
(0.742869) oc_vcan_012 13A#0000000000000037
(0.743117) oc_vcan_012 13F#000000050000003D
(0.743377) oc_vcan_012 17C#0000000010000030
(0.743427) oc_vcan_012 18E#00007A0000000000
(0.743750) oc_vcan_012 294#040B0002CF5A002C
(0.744014) oc_vcan_012 21E#03E8374522062F00
(0.744291) oc_vcan_012 309#00000000000000B1
(0.744900) oc_vcan_012 183#0000000700001031
(0.745700) oc_vcan_012 143#6B6B00FF00000000
(0.747455) oc_vcan_012 95#800007F800000022
(0.750215) oc_vcan_012 166#D032003600000000
(0.751446) oc_vcan_012 158#0000000000000037
(0.751682) oc_vcan_012 161#000005500108003A
(0.751858) oc_vcan_012 191#010010A141002900
(0.752126) oc_vcan_012 164#0000C01AA8000022
(0.752296) oc_vcan_012 133#0000000089000000
(0.752549) oc_vcan_012 136#000200000000000C
(0.752802) oc_vcan_012 13A#000000000000000A
(0.752873) oc_vcan_012 39#002A000000000000
(0.753182) oc_vcan_012 13F#0000000500000000
(0.753425) oc_vcan_012 17C#0000000010000003
(0.753564) oc_vcan_012 18E#00004D0000000000
(0.753798) oc_vcan_012 1CF#80050000000F0000
(0.753941) oc_vcan_012 1DC#0200000C00000000
(0.754316) oc_vcan_012 183#0000000D0000100E
(0.755695) oc_vcan_012 143#6B6B00C200000000
(0.757491) oc_vcan_012 95#800007F800000031
(0.758174) oc_vcan_012 1A4#000000080000002F
(0.758461) oc_vcan_012 1AA#7FFF00000000682F
(0.758673) oc_vcan_012 1B0#000F000000016600
(0.758869) oc_vcan_012 1D0#000000000000000A
(0.760145) oc_vcan_012 166#D032000900000000
(0.761403) oc_vcan_012 158#000000000000000A
(0.761728) oc_vcan_012 161#000005500108000D
(0.761833) oc_vcan_012 191#010010A141003800
(0.762198) oc_vcan_012 133#0000000098000000
(0.762431) oc_vcan_012 136#000200000000001B
(0.762707) oc_vcan_012 13A#0000000000000019
(0.762931) oc_vcan_012 13F#000000050000001F
(0.763170) oc_vcan_012 164#0000C01AA8000031
(0.763440) oc_vcan_012 17C#0000000010000012
(0.763489) oc_vcan_012 18E#00005C0000000000
(0.764887) oc_vcan_012 183#0000000900001011
(0.765601) oc_vcan_012 143#6B6B00D100000000
(0.766738) oc_vcan_012 39#0039000000000000
(0.767463) oc_vcan_012 95#800007F400000008
(0.770156) oc_vcan_012 166#D032001800000000
(0.771407) oc_vcan_012 158#0000000000000019
(0.771687) oc_vcan_012 161#000005500108001C
(0.771861) oc_vcan_012 191#010010A141000B00
(0.772215) oc_vcan_012 164#0000C01AA8000004
(0.772396) oc_vcan_012 133#00000000A7000000
(0.772728) oc_vcan_012 136#000200000000002A
(0.772896) oc_vcan_012 13A#0000000000000028
(0.773140) oc_vcan_012 13F#000000050000002E
(0.773384) oc_vcan_012 17C#0000000010000021
(0.773510) oc_vcan_012 18E#00006B0000000000
(0.773834) oc_vcan_012 1CF#80050000001E0000
(0.773887) oc_vcan_012 1DC#0200001B00000000
(0.774348) oc_vcan_012 183#0000000E0000102B
(0.775593) oc_vcan_012 143#6B6B00E000000000
(0.777795) oc_vcan_012 95#800007F400000017
(0.778256) oc_vcan_012 1A4#000000080000003E
(0.778472) oc_vcan_012 1AA#7FFF00000000673F
(0.778725) oc_vcan_012 1B0#000F000000017500
(0.778969) oc_vcan_012 1D0#000000000000000A
(0.780136) oc_vcan_012 166#D032002700000000
(0.781419) oc_vcan_012 158#0000000000000028
(0.782031) oc_vcan_012 161#000005500108002B
(0.782153) oc_vcan_012 39#000C000000000000
(0.782209) oc_vcan_012 191#010010A141001A00
(0.782262) oc_vcan_012 133#00000000B6000000
(0.782447) oc_vcan_012 136#0002000000000039
(0.782695) oc_vcan_012 13A#0000000000000037
(0.782965) oc_vcan_012 13F#000000050000003D
(0.783181) oc_vcan_012 164#0000C01AA8000013
(0.783425) oc_vcan_012 17C#0000000010000030
(0.783473) oc_vcan_012 18E#00007A0000000000
(0.783821) oc_vcan_012 294#040B0002CF5A003B
(0.784069) oc_vcan_012 21E#03E8374522063E00
(0.784927) oc_vcan_012 183#0000000A0000103E
(0.785648) oc_vcan_012 143#6B6B00FF00000000
(0.787463) oc_vcan_012 95#800007F400000026
(0.790168) oc_vcan_012 166#D032003600000000
(0.791408) oc_vcan_012 158#0000000000000037
(0.791655) oc_vcan_012 161#000005500108003A
(0.792104) oc_vcan_012 191#010010A141002900
(0.792207) oc_vcan_012 164#0000C01AA8000022
(0.792399) oc_vcan_012 133#0000000089000000
(0.792672) oc_vcan_012 136#000200000000000C
(0.792886) oc_vcan_012 13A#000000000000000A
(0.793130) oc_vcan_012 13F#0000000500000000
(0.793430) oc_vcan_012 17C#0000000010000003
(0.793506) oc_vcan_012 18E#00004D0000000000
(0.793798) oc_vcan_012 1CF#80050000002D0000
(0.793847) oc_vcan_012 1DC#0200002A00000000
(0.794338) oc_vcan_012 183#0000000700001004
(0.795894) oc_vcan_012 143#6B6B00C200000000
(0.796197) oc_vcan_012 333#0000000000003C00
(0.797529) oc_vcan_012 95#800007F400000035
(0.798169) oc_vcan_012 1A4#0000000800000001
(0.798411) oc_vcan_012 1AA#7FFF000000006801
(0.798651) oc_vcan_012 1B0#000F000000014800
(0.798875) oc_vcan_012 1D0#000000000000000A
(0.800164) oc_vcan_012 166#D032000900000000
(0.800697) oc_vcan_012 39#001B000000000000
(0.801383) oc_vcan_012 158#000000000000000A
(0.801606) oc_vcan_012 161#000005500108000D
(0.801858) oc_vcan_012 191#010010A141003800
(0.802193) oc_vcan_012 133#0000000098000000
(0.802502) oc_vcan_012 136#000200000000001B
(0.802715) oc_vcan_012 13A#0000000000000019
(0.802955) oc_vcan_012 13F#000000050000001F
(0.803192) oc_vcan_012 164#0000C01AA8000031
(0.803444) oc_vcan_012 17C#0000000010000012
(0.803508) oc_vcan_012 18E#00005C0000000000
(0.804884) oc_vcan_012 183#0000000D0000101D
(0.805688) oc_vcan_012 143#6B6B00D100000000
(0.807470) oc_vcan_012 95#800007F800000004
(0.810312) oc_vcan_012 166#D032001800000000
(0.811424) oc_vcan_012 158#0000000000000019
(0.811669) oc_vcan_012 161#000005500108001C
(0.811917) oc_vcan_012 191#010010A141000B00
(0.812213) oc_vcan_012 164#0000C01AA8000004
(0.812409) oc_vcan_012 133#00000000A7000000
(0.812664) oc_vcan_012 136#000200000000002A
(0.812908) oc_vcan_012 13A#0000000000000028
(0.813179) oc_vcan_012 13F#000000050000002E
(0.813405) oc_vcan_012 17C#0000000010000021
(0.813475) oc_vcan_012 18E#00006B0000000000
(0.813844) oc_vcan_012 1CF#80050000003C0000
(0.813899) oc_vcan_012 1DC#0200003900000000
(0.814065) oc_vcan_012 320#0000300000000000
(0.814306) oc_vcan_012 324#7465000000000E38
(0.814561) oc_vcan_012 183#0000000900001020
(0.814829) oc_vcan_012 37C#FD00FD00097F0038
(0.814880) oc_vcan_012 39#002A000000000000
(0.815216) oc_vcan_012 40C#0000000004000013
(0.815271) oc_vcan_012 454#23EF180000000000
(0.815721) oc_vcan_012 143#6B6B00E000000000
(0.817846) oc_vcan_012 95#800007F800000013
(0.818201) oc_vcan_012 1A4#0000000800000010
(0.818466) oc_vcan_012 1AA#7FFF000000006810
(0.818660) oc_vcan_012 1B0#000F000000015700
(0.818917) oc_vcan_012 1D0#000000000000000A
(0.820125) oc_vcan_012 166#D032002700000000
(0.821387) oc_vcan_012 158#0000000000000028
(0.821684) oc_vcan_012 161#000005500108002B
(0.821746) oc_vcan_012 191#010010A141001A00
(0.822193) oc_vcan_012 133#00000000B6000000
(0.822413) oc_vcan_012 136#0002000000000039
(0.822674) oc_vcan_012 13A#0000000000000037
(0.822908) oc_vcan_012 13F#000000050000003D
(0.823148) oc_vcan_012 164#0000C01AA8000013
(0.823405) oc_vcan_012 17C#0000000010000030
(0.823521) oc_vcan_012 18E#00007A0000000000
(0.823803) oc_vcan_012 294#040B0002CF5A000E
(0.824048) oc_vcan_012 21E#03E8374522060100
(0.824927) oc_vcan_012 183#0000000600001032
(0.825598) oc_vcan_012 143#6B6B00FF00000000
(0.827459) oc_vcan_012 95#800007F800000022
(0.827733) oc_vcan_012 39#0039000000000000
(0.828698) oc_vcan_012 305#8008000000000000
(0.830157) oc_vcan_012 166#D032003600000000
(0.831408) oc_vcan_012 158#0000000000000037
(0.831694) oc_vcan_012 161#000005500108003A
(0.831829) oc_vcan_012 191#010010A141002900
(0.832064) oc_vcan_012 164#0000C01AA8000022
(0.832276) oc_vcan_012 133#0000000089000000
(0.832602) oc_vcan_012 136#000200000000000C
(0.832703) oc_vcan_012 13A#000000000000000A
(0.833010) oc_vcan_012 13F#0000000500000000
(0.833263) oc_vcan_012 17C#0000000010000003
(0.833315) oc_vcan_012 18E#00004D0000000000
(0.833654) oc_vcan_012 1CF#80050000000F0000
(0.833692) oc_vcan_012 1DC#0200000C00000000
(0.834360) oc_vcan_012 183#0000000C0000100F
(0.835642) oc_vcan_012 143#6B6B00C200000000
(0.837470) oc_vcan_012 95#800007F800000031
(0.838148) oc_vcan_012 1A4#000000080000002F
(0.838383) oc_vcan_012 1AA#7FFF00000000682F
(0.838649) oc_vcan_012 1B0#000F000000016600
(0.838882) oc_vcan_012 1D0#000000000000000A
(0.840184) oc_vcan_012 166#D032000900000000
(0.841558) oc_vcan_012 158#000000000000000A
(0.841697) oc_vcan_012 161#000005500108000D
(0.841755) oc_vcan_012 191#010010A141003800
(0.842260) oc_vcan_012 164#0000C01AA8000031
(0.842660) oc_vcan_012 133#0000000098000000
(0.842717) oc_vcan_012 136#000200000000001B
(0.842758) oc_vcan_012 39#000C000000000000
(0.843062) oc_vcan_012 13A#0000000000000019
(0.843323) oc_vcan_012 13F#000000050000001F
(0.843586) oc_vcan_012 17C#0000000010000012
(0.843674) oc_vcan_012 18E#00005C0000000000
(0.843987) oc_vcan_012 309#0000000000000084
(0.844222) oc_vcan_012 428#01040000521C2F00
(0.844508) oc_vcan_012 405#0000040000000029
(0.844737) oc_vcan_012 183#0000000900001011
(0.845587) oc_vcan_012 143#6B6B00D100000000
(0.847470) oc_vcan_012 95#800007F800000004
(0.850160) oc_vcan_012 166#D032001800000000
(0.851406) oc_vcan_012 158#0000000000000019
(0.851631) oc_vcan_012 161#000005500108001C
(0.851845) oc_vcan_012 191#010010A141000B00
(0.852104) oc_vcan_012 164#0000C01AA8000004
(0.852280) oc_vcan_012 133#00000000A7000000
(0.852531) oc_vcan_012 136#000200000000002A
(0.852801) oc_vcan_012 13A#0000000000000028
(0.852993) oc_vcan_012 13F#000000050000002E
(0.853243) oc_vcan_012 17C#0000000010000021
(0.853377) oc_vcan_012 18E#00006B0000000000
(0.853588) oc_vcan_012 1CF#80050000001E0000
(0.853764) oc_vcan_012 1DC#0200001B00000000
(0.854362) oc_vcan_012 183#0000000E0000102B
(0.855605) oc_vcan_012 143#6B6B00E000000000
(0.857881) oc_vcan_012 95#800007F800000013
(0.857996) oc_vcan_012 39#001B000000000000
(0.858255) oc_vcan_012 1A4#000000080000003E
(0.858481) oc_vcan_012 1AA#7FFF00000000673F
(0.858822) oc_vcan_012 1B0#000F000000017500
(0.858877) oc_vcan_012 1D0#000000000000000A
(0.860134) oc_vcan_012 166#D032002700000000
(0.861419) oc_vcan_012 158#0000000000000028
(0.861649) oc_vcan_012 161#000005500108002B
(0.861839) oc_vcan_012 191#010010A141001A00
(0.862200) oc_vcan_012 164#0000C01AA8000013
(0.862378) oc_vcan_012 133#00000000B6000000
(0.862693) oc_vcan_012 136#0002000000000039
(0.862865) oc_vcan_012 13A#0000000000000037
(0.863124) oc_vcan_012 13F#000000050000003D
(0.863388) oc_vcan_012 17C#0000000010000030
(0.863446) oc_vcan_012 18E#00007A0000000000
(0.863759) oc_vcan_012 294#040B0002CF5A001D
(0.864015) oc_vcan_012 21E#03E8374522061000
(0.865274) oc_vcan_012 183#0000000A0000103E
(0.865597) oc_vcan_012 143#6B6B00FF00000000
(0.867497) oc_vcan_012 95#800007F400000026
(0.870220) oc_vcan_012 166#D032003600000000
(0.871434) oc_vcan_012 158#0000000000000037
(0.871663) oc_vcan_012 161#000005500108003A
(0.871719) oc_vcan_012 39#002A000000000000
(0.871984) oc_vcan_012 191#010010A141002900
(0.872222) oc_vcan_012 164#0000C01AA8000022
(0.872403) oc_vcan_012 133#0000000089000000
(0.872697) oc_vcan_012 136#000200000000000C
(0.872885) oc_vcan_012 13A#000000000000000A
(0.873184) oc_vcan_012 13F#0000000500000000
(0.873404) oc_vcan_012 17C#0000000010000003
(0.873454) oc_vcan_012 18E#00004D0000000000
(0.873761) oc_vcan_012 1CF#80050000002D0000
(0.873843) oc_vcan_012 1DC#0200002A00000000
(0.874363) oc_vcan_012 183#0000000F0000100C
(0.875595) oc_vcan_012 143#6B6B00C200000000
(0.877494) oc_vcan_012 95#800007F400000035
(0.878208) oc_vcan_012 1A4#0000000800000001
(0.878427) oc_vcan_012 1AA#7FFF000000006801
(0.878697) oc_vcan_012 1B0#000F000000014800
(0.878935) oc_vcan_012 1D0#000000000000000A
(0.880161) oc_vcan_012 166#D032000900000000
(0.881411) oc_vcan_012 158#000000000000000A
(0.881653) oc_vcan_012 161#000005500108000D
(0.881845) oc_vcan_012 191#010010A141003800
(0.882208) oc_vcan_012 164#0000C01AA8000031
(0.882357) oc_vcan_012 133#0000000098000000
(0.882677) oc_vcan_012 136#000200000000001B
(0.882883) oc_vcan_012 13A#0000000000000019
(0.883108) oc_vcan_012 13F#000000050000001F
(0.883352) oc_vcan_012 17C#0000000010000012
(0.883473) oc_vcan_012 18E#00005C0000000000
(0.884917) oc_vcan_012 183#0000000B0000101F
(0.885730) oc_vcan_012 143#6B6B00D100000000
(0.886704) oc_vcan_012 39#0039000000000000
(0.887489) oc_vcan_012 95#800007F400000008
(0.890194) oc_vcan_012 166#D032001800000000
(0.891409) oc_vcan_012 158#0000000000000019
(0.891639) oc_vcan_012 161#000005500108001C
(0.891825) oc_vcan_012 191#010010A141000B00
(0.892079) oc_vcan_012 164#0000C01AA8000004
(0.892257) oc_vcan_012 133#00000000A7000000
(0.892499) oc_vcan_012 136#000200000000002A
(0.892804) oc_vcan_012 13A#0000000000000028
(0.893006) oc_vcan_012 13F#000000050000002E
(0.893242) oc_vcan_012 17C#0000000010000021
(0.893376) oc_vcan_012 18E#00006B0000000000
(0.893700) oc_vcan_012 1CF#80050000003C0000
(0.893753) oc_vcan_012 1DC#0200003900000000
(0.894414) oc_vcan_012 183#0000000800001021
(0.895685) oc_vcan_012 143#6B6B00E000000000
(0.896244) oc_vcan_012 333#0000000000000F00
(0.897507) oc_vcan_012 95#800007F400000017
(0.898174) oc_vcan_012 1A4#0000000800000010
(0.898414) oc_vcan_012 1AA#7FFF000000006810
(0.898682) oc_vcan_012 1B0#000F000000015700
(0.898912) oc_vcan_012 1D0#000000000000000A
(0.900138) oc_vcan_012 166#D032002700000000
(0.900189) oc_vcan_012 39#000C000000000000
(0.901526) oc_vcan_012 158#0000000000000028
(0.901572) oc_vcan_012 161#000005500108002B
(0.901843) oc_vcan_012 191#010010A141001A00
(0.902174) oc_vcan_012 133#00000000B6000000
(0.902409) oc_vcan_012 136#0002000000000039
(0.902690) oc_vcan_012 13A#0000000000000037
(0.902910) oc_vcan_012 13F#000000050000003D
(0.903173) oc_vcan_012 164#0000C01AA8000013
(0.903530) oc_vcan_012 17C#0000000010000030
(0.903587) oc_vcan_012 18E#00007A0000000000
(0.903860) oc_vcan_012 294#040B0002CF5A002C
(0.904054) oc_vcan_012 21E#03E8374522062F00
(0.904911) oc_vcan_012 183#0000000600001032
(0.905600) oc_vcan_012 143#6B6B00FF00000000
(0.907471) oc_vcan_012 95#800007F400000026
(0.910182) oc_vcan_012 166#D032003600000000
(0.911433) oc_vcan_012 158#0000000000000037
(0.911689) oc_vcan_012 161#000005500108003A
(0.911843) oc_vcan_012 191#010010A141002900
(0.912110) oc_vcan_012 164#0000C01AA8000022
(0.912292) oc_vcan_012 133#0000000089000000
(0.912711) oc_vcan_012 136#000200000000000C
(0.912825) oc_vcan_012 13A#000000000000000A
(0.913037) oc_vcan_012 13F#0000000500000000
(0.913282) oc_vcan_012 17C#0000000010000003
(0.913411) oc_vcan_012 18E#00004D0000000000
(0.913646) oc_vcan_012 1CF#80050000000F0000
(0.913824) oc_vcan_012 1DC#0200000C00000000
(0.913872) oc_vcan_012 320#0000030000000000
(0.914225) oc_vcan_012 324#7465000000000E0B
(0.914459) oc_vcan_012 183#0000000400001007
(0.914716) oc_vcan_012 37C#FD00FD00097F000B
(0.915735) oc_vcan_012 143#6B6B00C200000000
(0.917906) oc_vcan_012 95#800007F400000035
(0.918164) oc_vcan_012 1A4#000000080000002F
(0.918534) oc_vcan_012 1AA#7FFF00000000682F
(0.918588) oc_vcan_012 1B0#000F000000016600
(0.919236) oc_vcan_012 1D0#000000000000000A
(0.920231) oc_vcan_012 39#001B000000000000
(0.920345) oc_vcan_012 166#D032000900000000
(0.921435) oc_vcan_012 158#000000000000000A
(0.921651) oc_vcan_012 161#000005500108000D
(0.921837) oc_vcan_012 191#010010A141003800
(0.922170) oc_vcan_012 133#0000000098000000
(0.922428) oc_vcan_012 136#000200000000001B
(0.922822) oc_vcan_012 13A#0000000000000019
(0.922865) oc_vcan_012 13F#000000050000001F
(0.923154) oc_vcan_012 164#0000C01AA8000031
(0.924057) oc_vcan_012 17C#0000000010000012
(0.924097) oc_vcan_012 18E#00005C0000000000
(0.924983) oc_vcan_012 183#0000000300001017
(0.925569) oc_vcan_012 143#6B6B00D100000000
(0.927492) oc_vcan_012 95#800007F400000008
(0.930234) oc_vcan_012 166#D032001800000000
(0.931408) oc_vcan_012 158#0000000000000019
(0.931733) oc_vcan_012 161#000005500108001C
(0.931827) oc_vcan_012 191#010010A141000B00
(0.932133) oc_vcan_012 164#0000C01AA8000004
(0.932203) oc_vcan_012 133#00000000A7000000
(0.932531) oc_vcan_012 136#000200000000002A
(0.932842) oc_vcan_012 13A#0000000000000028
(0.933023) oc_vcan_012 13F#000000050000002E
(0.933255) oc_vcan_012 17C#0000000010000021
(0.933302) oc_vcan_012 18E#00006B0000000000
(0.933706) oc_vcan_012 1CF#80050000001E0000
(0.933765) oc_vcan_012 39#002A000000000000
(0.933859) oc_vcan_012 1DC#0200001B00000000
(0.934379) oc_vcan_012 183#0000000A0000102F
(0.934432) oc_vcan_012 305#8017000000000000
(0.935728) oc_vcan_012 143#6B6B00E000000000
(0.937537) oc_vcan_012 95#800007F400000017
(0.938231) oc_vcan_012 1A4#000000080000003E
(0.938456) oc_vcan_012 1AA#7FFF00000000673F
(0.938745) oc_vcan_012 1B0#000F000000017500
(0.938952) oc_vcan_012 1D0#000000000000000A
(0.940170) oc_vcan_012 166#D032002700000000
(0.941409) oc_vcan_012 158#0000000000000028
(0.941691) oc_vcan_012 161#000005500108002B
(0.941747) oc_vcan_012 191#010010A141001A00
(0.942208) oc_vcan_012 164#0000C01AA8000013
(0.942371) oc_vcan_012 133#00000000B6000000
(0.942676) oc_vcan_012 136#0002000000000039
(0.942873) oc_vcan_012 13A#0000000000000037
(0.943125) oc_vcan_012 13F#000000050000003D
(0.943451) oc_vcan_012 17C#0000000010000030
(0.943505) oc_vcan_012 18E#00007A0000000000
(0.943762) oc_vcan_012 294#040B0002CF5A003B
(0.944016) oc_vcan_012 21E#03E8374522063E00
(0.944440) oc_vcan_012 309#0000000000000093
(0.944913) oc_vcan_012 183#0000000700001031
(0.945644) oc_vcan_012 143#6B6B00FF00000000
(0.947483) oc_vcan_012 95#800007F400000026
(0.947710) oc_vcan_012 39#0039000000000000
(0.950194) oc_vcan_012 166#D032003600000000
(0.951408) oc_vcan_012 158#0000000000000037
(0.951661) oc_vcan_012 161#000005500108003A
(0.951890) oc_vcan_012 191#010010A141002900
(0.952118) oc_vcan_012 164#0000C01AA8000022
(0.952272) oc_vcan_012 133#0000000089000000
(0.952537) oc_vcan_012 136#000200000000000C
(0.952763) oc_vcan_012 13A#000000000000000A
(0.953002) oc_vcan_012 13F#0000000500000000
(0.953243) oc_vcan_012 17C#0000000010000003
(0.953371) oc_vcan_012 18E#00004D0000000000
(0.953587) oc_vcan_012 1CF#80050000002D0000
(0.953748) oc_vcan_012 1DC#0200002A00000000
(0.954374) oc_vcan_012 183#0000000D0000100E
(0.955759) oc_vcan_012 143#6B6B00C200000000
(0.957541) oc_vcan_012 95#800007F400000035
(0.958220) oc_vcan_012 1A4#0000000800000001
(0.958435) oc_vcan_012 1AA#7FFF000000006801
(0.958722) oc_vcan_012 1B0#000F000000014800
(0.958878) oc_vcan_012 1D0#000000000000000A
(0.960171) oc_vcan_012 166#D032000900000000
(0.961452) oc_vcan_012 158#000000000000000A
(0.961642) oc_vcan_012 161#000005500108000D
(0.961848) oc_vcan_012 191#010010A141003800
(0.961928) oc_vcan_012 39#000C000000000000
(0.962203) oc_vcan_012 133#0000000098000000
(0.962425) oc_vcan_012 136#000200000000001B
(0.962700) oc_vcan_012 13A#0000000000000019
(0.962908) oc_vcan_012 13F#000000050000001F
(0.963146) oc_vcan_012 164#0000C01AA8000031
(0.963393) oc_vcan_012 17C#0000000010000012
(0.963540) oc_vcan_012 18E#00005C0000000000
(0.965033) oc_vcan_012 183#0000001100001018
(0.965714) oc_vcan_012 143#6B6B00D100000000
(0.967683) oc_vcan_012 95#800007F400000008
(0.970248) oc_vcan_012 166#D032001800000000
(0.971550) oc_vcan_012 158#0000000000000019
(0.971628) oc_vcan_012 161#000005500108001C
(0.971858) oc_vcan_012 191#010010A141000B00
(0.972090) oc_vcan_012 164#0000C01AA8000004
(0.972264) oc_vcan_012 133#00000000A7000000
(0.972515) oc_vcan_012 136#000200000000002A
(0.972794) oc_vcan_012 13A#0000000000000028
(0.972999) oc_vcan_012 13F#000000050000002E
(0.973237) oc_vcan_012 17C#0000000010000021
(0.973371) oc_vcan_012 18E#00006B0000000000
(0.973648) oc_vcan_012 1CF#80050000003C0000
(0.973696) oc_vcan_012 1DC#0200003900000000
(0.974382) oc_vcan_012 183#0000000C0000102D
(0.975339) oc_vcan_012 39#001B000000000000
(0.975571) oc_vcan_012 143#6B6B00E000000000
(0.977528) oc_vcan_012 95#800007F400000017
(0.978166) oc_vcan_012 1A4#0000000800000010
(0.978408) oc_vcan_012 1AA#7FFF000000006810
(0.978679) oc_vcan_012 1B0#000F000000015700
(0.979035) oc_vcan_012 1D0#000000000000000A
(0.980141) oc_vcan_012 166#D032002700000000
(0.981418) oc_vcan_012 158#0000000000000028
(0.981686) oc_vcan_012 161#000005500108002B
(0.981855) oc_vcan_012 191#010010A141001A00
(0.982214) oc_vcan_012 164#0000C01AA8000013
(0.982376) oc_vcan_012 133#00000000B6000000
(0.982642) oc_vcan_012 136#0002000000000039
(0.982874) oc_vcan_012 13A#0000000000000037
(0.983128) oc_vcan_012 13F#000000050000003D
(0.983372) oc_vcan_012 17C#0000000010000030
(0.983502) oc_vcan_012 18E#00007A0000000000
(0.983752) oc_vcan_012 294#040B0002CF5A000E
(0.984011) oc_vcan_012 21E#03E8374522060100
(0.984917) oc_vcan_012 183#000000090000103F
(0.985590) oc_vcan_012 143#6B6B00FF00000000
(0.987578) oc_vcan_012 95#800007F400000026
(0.989271) oc_vcan_012 39#002A000000000000
(0.990146) oc_vcan_012 166#D032003600000000
(0.991445) oc_vcan_012 158#0000000000000037
(0.991656) oc_vcan_012 161#000005500108003A
(0.991839) oc_vcan_012 191#010010A141002900
(0.992100) oc_vcan_012 164#0000C01AA8000022
(0.992295) oc_vcan_012 133#0000000089000000
(0.992549) oc_vcan_012 136#000200000000000C
(0.992760) oc_vcan_012 13A#000000000000000A
(0.993010) oc_vcan_012 13F#0000000500000000
(0.993250) oc_vcan_012 17C#0000000010000003
(0.993382) oc_vcan_012 18E#00004D0000000000
(0.993595) oc_vcan_012 1CF#80050000000F0000
(0.993762) oc_vcan_012 1DC#0200000C00000000
(0.994375) oc_vcan_012 183#0000000600001005
(0.995582) oc_vcan_012 143#6B6B00C200000000
(0.996538) oc_vcan_012 333#0000000000001E00
(0.997693) oc_vcan_012 95#800007F400000035
(0.998245) oc_vcan_012 1A4#000000080000002F
(0.998313) oc_vcan_012 1AA#7FFF00000000682F
(0.998806) oc_vcan_012 1B0#000F000000016600
(0.998872) oc_vcan_012 1D0#000000000000000A
(1.000175) oc_vcan_012 166#D032000900000000
(1.001389) oc_vcan_012 158#000000000000000A
(1.001609) oc_vcan_012 161#000005500108000D
(1.001833) oc_vcan_012 191#010010A141003800
(1.002172) oc_vcan_012 133#0000000098000000
(1.002419) oc_vcan_012 136#000200000000001B
(1.002832) oc_vcan_012 13A#0000000000000019
(1.002900) oc_vcan_012 13F#000000050000001F
(1.003180) oc_vcan_012 164#0000C01AA8000031
(1.003416) oc_vcan_012 17C#0000000010000012
(1.003457) oc_vcan_012 18E#00005C0000000000
(1.003817) oc_vcan_012 39#0039000000000000
(1.004895) oc_vcan_012 183#0000000C0000101E
(1.005876) oc_vcan_012 143#6B6B00D100000000
(1.007527) oc_vcan_012 95#800007F400000008
(1.010210) oc_vcan_012 166#D032001800000000
(1.011426) oc_vcan_012 158#0000000000000019
(1.011663) oc_vcan_012 161#000005500108001C
(1.011855) oc_vcan_012 191#010090A141000300
(1.012170) oc_vcan_012 164#0000C01AA8000004
(1.012319) oc_vcan_012 133#00000000A7000000
(1.012567) oc_vcan_012 136#000200000000002A
(1.012844) oc_vcan_012 13A#0000000000000028
(1.013062) oc_vcan_012 13F#000000050000002E
(1.013342) oc_vcan_012 17C#0000000010000021
(1.013386) oc_vcan_012 18E#00006B0000000000
(1.013690) oc_vcan_012 1CF#80050000001E0000
(1.013741) oc_vcan_012 1DC#0200001B00000000
(1.013981) oc_vcan_012 320#0000120000000000
(1.014226) oc_vcan_012 324#7465000000000E1A
(1.014477) oc_vcan_012 37C#FD00FD00097F001A
(1.014709) oc_vcan_012 183#0000001000001028
(1.015729) oc_vcan_012 143#6B6B00E000000000
(1.017518) oc_vcan_012 95#800007F400000017
(1.018247) oc_vcan_012 1A4#000000080000003E
(1.018472) oc_vcan_012 1AA#7FFF00000000673F
(1.018707) oc_vcan_012 1B0#000F000000017500
(1.018951) oc_vcan_012 1D0#000000000000000A
(1.020126) oc_vcan_012 166#D032002700000000
(1.021431) oc_vcan_012 158#0000000000000028
(1.021672) oc_vcan_012 161#000005500108002B
(1.021841) oc_vcan_012 191#010090A141001200
(1.022163) oc_vcan_012 133#00000000B6000000
(1.022409) oc_vcan_012 136#0002000000000039
(1.022691) oc_vcan_012 13A#0000000000000037
(1.022904) oc_vcan_012 13F#000000050000003D
(1.023149) oc_vcan_012 164#0000C01AA8000013
(1.023402) oc_vcan_012 17C#0000000010000030
(1.023458) oc_vcan_012 18E#00007A0000000000
(1.023827) oc_vcan_012 294#040B0002CF5A001D
(1.023871) oc_vcan_012 39#000C000000000000
(1.024207) oc_vcan_012 21E#03E8374522061000
(1.024962) oc_vcan_012 183#0000000C0000103C
(1.025697) oc_vcan_012 143#6B6B00FF00000000
(1.027530) oc_vcan_012 95#800007F400000026
(1.030337) oc_vcan_012 166#D032003600000000
(1.031520) oc_vcan_012 158#0000000000000037
(1.031567) oc_vcan_012 161#000005500108003A
(1.031843) oc_vcan_012 191#010090A141002100
(1.032097) oc_vcan_012 164#0000C01AA8000022
(1.032297) oc_vcan_012 133#0000000089000000
(1.032544) oc_vcan_012 136#000200000000000C
(1.032814) oc_vcan_012 13A#000000000000000A
(1.033012) oc_vcan_012 13F#0000000500000000
(1.033251) oc_vcan_012 17C#0000000010000003
(1.033385) oc_vcan_012 18E#00004D0000000000
(1.033606) oc_vcan_012 1CF#80050000002D0000
(1.033739) oc_vcan_012 1DC#0200002A00000000
(1.034378) oc_vcan_012 183#0000000900001002
(1.035606) oc_vcan_012 143#6B6B00C200000000
(1.036334) oc_vcan_012 305#8026000000000000
(1.037519) oc_vcan_012 95#800007F400000035
(1.038265) oc_vcan_012 1A4#0000000800000001
(1.038321) oc_vcan_012 1AA#7FFF000000006801
(1.038643) oc_vcan_012 1B0#000F000000014800
(1.038888) oc_vcan_012 1D0#000000000000000A
(1.040215) oc_vcan_012 166#D032000900000000
(1.041404) oc_vcan_012 158#000000000000000A
(1.041707) oc_vcan_012 161#000005500108000D
(1.041808) oc_vcan_012 191#010090A141003000
(1.042206) oc_vcan_012 164#0000C01AA8000031
(1.042409) oc_vcan_012 133#0000000098000000
(1.042709) oc_vcan_012 136#000200000000001B
(1.042875) oc_vcan_012 13A#0000000000000019
(1.043220) oc_vcan_012 13F#000000050000001F
(1.043285) oc_vcan_012 17C#0000000010000012
(1.043509) oc_vcan_012 18E#00005C0000000000
(1.043750) oc_vcan_012 309#00000000000000A2
(1.044763) oc_vcan_012 39#001B000000000000
(1.045030) oc_vcan_012 183#0000000600001014
(1.045581) oc_vcan_012 143#6B6B00D100000000
(1.047518) oc_vcan_012 95#800007F400000008
(1.050184) oc_vcan_012 166#D032001800000000
(1.051408) oc_vcan_012 158#0000000000000019
(1.051691) oc_vcan_012 161#000005500108001C
(1.051750) oc_vcan_012 191#010090A141000300
(1.052156) oc_vcan_012 133#00000000A7000000
(1.052406) oc_vcan_012 136#000200000000002A
(1.052707) oc_vcan_012 13A#0000000000000028
(1.052892) oc_vcan_012 13F#000000050000002E
(1.053137) oc_vcan_012 164#0000C01AA8000004
(1.053385) oc_vcan_012 17C#0000000010000021
(1.053440) oc_vcan_012 18E#00006B0000000000
(1.053742) oc_vcan_012 1CF#80050000003C0000
(1.053845) oc_vcan_012 1DC#0200003900000000
(1.054406) oc_vcan_012 183#0000000C0000102D
(1.055586) oc_vcan_012 143#6B6B00E000000000
(1.057524) oc_vcan_012 95#800007F400000017
(1.058160) oc_vcan_012 1A4#0000000800000010
(1.058409) oc_vcan_012 1AA#7FFF000000006810
(1.058636) oc_vcan_012 1B0#000F000000015700
(1.058684) oc_vcan_012 39#002A000000000000
(1.059017) oc_vcan_012 1D0#000000000000000A
(1.060147) oc_vcan_012 166#D032002700000000
(1.061399) oc_vcan_012 158#0000000000000028
(1.061646) oc_vcan_012 161#000005500108002B
(1.061829) oc_vcan_012 191#010090A141001200
(1.062183) oc_vcan_012 133#00000000B6000000
(1.062418) oc_vcan_012 136#0002000000000039
(1.062686) oc_vcan_012 13A#0000000000000037
(1.062902) oc_vcan_012 13F#000000050000003D
(1.063141) oc_vcan_012 164#0000C01AA8000013
(1.063402) oc_vcan_012 17C#0000000010000030
(1.063456) oc_vcan_012 18E#00007A0000000000
(1.063808) oc_vcan_012 294#040B0002CF5A002C
(1.064031) oc_vcan_012 21E#03E8374522062F00
(1.064934) oc_vcan_012 183#0000001000001037
(1.065567) oc_vcan_012 143#6B6B00FF00000000
(1.067527) oc_vcan_012 95#800007F400000026
(1.070225) oc_vcan_012 166#D032003600000000
(1.071415) oc_vcan_012 158#0000000000000037
(1.071650) oc_vcan_012 161#000005500108003A
(1.071852) oc_vcan_012 191#010090A141002100
(1.072192) oc_vcan_012 164#0000C01AA8000022
(1.072362) oc_vcan_012 133#0000000089000000
(1.072672) oc_vcan_012 136#000200000000000C
(1.072863) oc_vcan_012 13A#000000000000000A
(1.073111) oc_vcan_012 13F#0000000500000000
(1.073355) oc_vcan_012 17C#0000000010000003
(1.073421) oc_vcan_012 18E#00004D0000000000
(1.073747) oc_vcan_012 1CF#80050000000F0000
(1.073874) oc_vcan_012 39#0039000000000000
(1.073929) oc_vcan_012 1DC#0200000C00000000
(1.074399) oc_vcan_012 183#0000000C0000100F
(1.075567) oc_vcan_012 143#6B6B00C200000000
(1.077531) oc_vcan_012 95#800007F400000035
(1.078177) oc_vcan_012 1A4#000000080000002F
(1.078468) oc_vcan_012 1AA#7FFF00000000682F
(1.078644) oc_vcan_012 1B0#000F000000016600
(1.078965) oc_vcan_012 1D0#000000000000000A
(1.080240) oc_vcan_012 166#D032000900000000
(1.081444) oc_vcan_012 158#000000000000000A
(1.081751) oc_vcan_012 161#000005500108000D
(1.082005) oc_vcan_012 191#010090A141003000
(1.082158) oc_vcan_012 133#0000000098000000
(1.082418) oc_vcan_012 136#000200000000001B
(1.082703) oc_vcan_012 13A#0000000000000019
(1.082935) oc_vcan_012 13F#000000050000001F
(1.083138) oc_vcan_012 164#0000C01AA8000031
(1.083395) oc_vcan_012 17C#0000000010000012
(1.083518) oc_vcan_012 18E#00005C0000000000
(1.084824) oc_vcan_012 183#0000001000001019
(1.085558) oc_vcan_012 143#6B6B00D100000000
(1.086804) oc_vcan_012 39#000C000000000000
(1.087524) oc_vcan_012 95#800007F400000008
(1.090162) oc_vcan_012 166#D032001800000000
(1.091421) oc_vcan_012 158#0000000000000019
(1.091682) oc_vcan_012 161#000005500108001C
(1.091837) oc_vcan_012 191#010090A141000300
(1.092242) oc_vcan_012 164#0000C01AA8000004
(1.092486) oc_vcan_012 133#00000000A7000000
(1.092714) oc_vcan_012 136#000200000000002A
(1.093153) oc_vcan_012 13A#0000000000000028
(1.093212) oc_vcan_012 13F#000000050000002E
(1.093388) oc_vcan_012 17C#0000000010000021
(1.093439) oc_vcan_012 18E#00006B0000000000
(1.093805) oc_vcan_012 1CF#80050000001E0000
(1.093864) oc_vcan_012 1DC#0200001B00000000
(1.094556) oc_vcan_012 183#0000000C0000102D
(1.095593) oc_vcan_012 143#6B6B00E000000000
(1.096199) oc_vcan_012 333#0000000000002D00
(1.097565) oc_vcan_012 95#800007F400000017
(1.098228) oc_vcan_012 1A4#000000080000003E
(1.098589) oc_vcan_012 1AA#7FFF00000000673F
(1.098649) oc_vcan_012 1B0#000F000000017500
(1.098938) oc_vcan_012 1D0#000000000000000A
(1.100229) oc_vcan_012 166#D032002700000000
(1.101546) oc_vcan_012 158#0000000000000028
(1.101676) oc_vcan_012 161#000005500108002B
(1.101838) oc_vcan_012 191#010090A141001200
(1.102161) oc_vcan_012 133#00000000B6000000
(1.102418) oc_vcan_012 136#0002000000000039
(1.102684) oc_vcan_012 13A#0000000000000037
(1.102914) oc_vcan_012 13F#000000050000003D
(1.103406) oc_vcan_012 164#0000C01AA8000013
(1.103469) oc_vcan_012 17C#0000000010000030
(1.103515) oc_vcan_012 18E#00007A0000000000
(1.103843) oc_vcan_012 294#040B0002CF5A003B
(1.104042) oc_vcan_012 21E#03E8374522063E00
(1.104957) oc_vcan_012 183#000000090000103F
(1.105668) oc_vcan_012 143#6B6B00FF00000000
(1.107285) oc_vcan_012 39#001B000000000000
(1.107539) oc_vcan_012 95#800007F400000026
(1.110160) oc_vcan_012 166#D032003600000000
(1.111413) oc_vcan_012 158#0000000000000037
(1.111670) oc_vcan_012 161#000005500108003A
(1.111861) oc_vcan_012 191#010090A141002100
(1.112234) oc_vcan_012 164#0000C01AA8000022
(1.112393) oc_vcan_012 133#0000000089000000
(1.112688) oc_vcan_012 136#000200000000000C
(1.112868) oc_vcan_012 13A#000000000000000A
(1.113133) oc_vcan_012 13F#0000000500000000
(1.113390) oc_vcan_012 17C#0000000010000003
(1.113430) oc_vcan_012 18E#00004D0000000000
(1.113720) oc_vcan_012 1CF#80050000002D0000
(1.113878) oc_vcan_012 1DC#0200002A00000000
(1.114025) oc_vcan_012 320#0000210000000000
(1.114293) oc_vcan_012 324#7465000000000E29
(1.114575) oc_vcan_012 183#0000000E0000100D
(1.114820) oc_vcan_012 37C#FD00FD00097F0029
(1.115017) oc_vcan_012 40C#014A484D46413325
(1.115146) oc_vcan_012 454#23EF270000000000
(1.115679) oc_vcan_012 143#6B6B00C200000000
(1.117547) oc_vcan_012 95#800007F400000035
(1.118162) oc_vcan_012 1A4#0000000800000001
(1.118413) oc_vcan_012 1AA#7FFF000000006801
(1.118669) oc_vcan_012 1B0#000F000000014800
(1.118880) oc_vcan_012 1D0#000000000000000A
(1.120152) oc_vcan_012 166#D032000900000000
(1.121397) oc_vcan_012 158#000000000000000A
(1.121687) oc_vcan_012 161#000005500108000D
(1.121744) oc_vcan_012 191#010090A141003000
(1.122175) oc_vcan_012 133#0000000098000000
(1.122391) oc_vcan_012 136#000200000000001B
(1.122670) oc_vcan_012 13A#0000000000000019
(1.122887) oc_vcan_012 13F#000000050000001F
(1.123122) oc_vcan_012 164#0000C01AA8000031
(1.123401) oc_vcan_012 17C#0000000010000012
(1.123441) oc_vcan_012 18E#00005C0000000000
(1.124964) oc_vcan_012 183#0000000A00001010
(1.125532) oc_vcan_012 143#6B6B00D100000000
(1.127540) oc_vcan_012 95#800007F400000008
(1.127727) oc_vcan_012 39#002A000000000000
(1.130166) oc_vcan_012 166#D032001800000000
(1.131408) oc_vcan_012 158#0000000000000019
(1.131723) oc_vcan_012 161#000005500108001C
(1.131820) oc_vcan_012 191#010090A141000300
(1.132153) oc_vcan_012 164#0000C01AA8000004
(1.132236) oc_vcan_012 133#00000000A7000000
(1.132541) oc_vcan_012 136#000200000000002A
(1.132757) oc_vcan_012 13A#0000000000000028
(1.133007) oc_vcan_012 13F#000000050000002E
(1.133243) oc_vcan_012 17C#0000000010000021
(1.133373) oc_vcan_012 18E#00006B0000000000
(1.133587) oc_vcan_012 1CF#80050000003C0000
(1.133823) oc_vcan_012 1DC#0200003900000000
(1.134413) oc_vcan_012 183#0000000700001022
(1.135545) oc_vcan_012 143#6B6B00E000000000
(1.137589) oc_vcan_012 95#800007F400000017
(1.138134) oc_vcan_012 1A4#0000000800000010
(1.138414) oc_vcan_012 1AA#7FFF000000006810
(1.138674) oc_vcan_012 1B0#000F000000015700
(1.138876) oc_vcan_012 1D0#000000000000000A
(1.140159) oc_vcan_012 166#D032002700000000
(1.140767) oc_vcan_012 39#0039000000000000
(1.141369) oc_vcan_012 158#0000000000000028
(1.141600) oc_vcan_012 161#000005500108002B
(1.141815) oc_vcan_012 191#010090A141001200
(1.141934) oc_vcan_012 305#8035000000000000
(1.142207) oc_vcan_012 164#0000C01AA8000013
(1.142375) oc_vcan_012 133#00000000B6000000
(1.142667) oc_vcan_012 136#0002000000000039
(1.142884) oc_vcan_012 13A#0000000000000037
(1.143128) oc_vcan_012 13F#000000050000003D
(1.143370) oc_vcan_012 17C#0000000010000030
(1.143506) oc_vcan_012 18E#00007A0000000000
(1.143815) oc_vcan_012 294#040B0002CF5A000E
(1.144031) oc_vcan_012 21E#03E8374522060100
(1.144313) oc_vcan_012 309#00000000000000B1
(1.144561) oc_vcan_012 428#01040000521C3E00
(1.144854) oc_vcan_012 405#0000040000000038
(1.145093) oc_vcan_012 183#0000000D0000103B
(1.145658) oc_vcan_012 143#6B6B00FF00000000
(1.147543) oc_vcan_012 95#800007F400000026
(1.150167) oc_vcan_012 166#D032003600000000
(1.151410) oc_vcan_012 158#0000000000000037
(1.151661) oc_vcan_012 161#000005500108003A
(1.151841) oc_vcan_012 191#010090A141002100
(1.152104) oc_vcan_012 164#0000C01AA8000022
(1.152269) oc_vcan_012 133#0000000089000000
(1.152560) oc_vcan_012 136#000200000000000C
(1.152816) oc_vcan_012 13A#000000000000000A
(1.153017) oc_vcan_012 13F#0000000500000000
(1.153269) oc_vcan_012 17C#0000000010000003
(1.153353) oc_vcan_012 18E#00004D0000000000
(1.153692) oc_vcan_012 1CF#80050000000F0000
(1.153743) oc_vcan_012 1DC#0200000C00000000
(1.154413) oc_vcan_012 183#0000000900001002
(1.154820) oc_vcan_012 39#000C000000000000
(1.155546) oc_vcan_012 143#6B6B00C200000000
(1.157530) oc_vcan_012 95#800007F400000035
(1.158138) oc_vcan_012 1A4#000000080000002F
(1.158373) oc_vcan_012 1AA#7FFF00000000682F
(1.158629) oc_vcan_012 1B0#000F000000016600
(1.158855) oc_vcan_012 1D0#000000000000000A
(1.160152) oc_vcan_012 166#D032000900000000
(1.161411) oc_vcan_012 158#000000000000000A
(1.161646) oc_vcan_012 161#000005500108000D
(1.161818) oc_vcan_012 191#010090A141003000
(1.161991) oc_vcan_012 18E#00005C0000000000
(1.162198) oc_vcan_012 133#0000000098000000
(1.162451) oc_vcan_012 136#000200000000001B
(1.162683) oc_vcan_012 13A#0000000000000019
(1.162947) oc_vcan_012 13F#000000050000001F
(1.163161) oc_vcan_012 164#0000C01AA8000031
(1.163408) oc_vcan_012 17C#0000000010000012
(1.164909) oc_vcan_012 183#0000000E0000101C
(1.165604) oc_vcan_012 143#6B6B00D100000000
(1.167560) oc_vcan_012 95#800007F400000008
(1.169725) oc_vcan_012 39#001B000000000000
(1.170128) oc_vcan_012 166#D032001800000000
(1.171385) oc_vcan_012 158#0000000000000019
(1.171607) oc_vcan_012 161#000005500108001C
(1.171847) oc_vcan_012 191#010090A141000300
(1.172101) oc_vcan_012 164#0000C01AA8000004
(1.172264) oc_vcan_012 133#00000000A7000000
(1.172550) oc_vcan_012 136#000200000000002A
(1.172750) oc_vcan_012 13A#0000000000000028
(1.173024) oc_vcan_012 13F#000000050000002E
(1.173236) oc_vcan_012 17C#0000000010000021
(1.173379) oc_vcan_012 18E#00006B0000000000
(1.173574) oc_vcan_012 1CF#80050000001E0000
(1.173735) oc_vcan_012 1DC#0200001B00000000
(1.174413) oc_vcan_012 183#0000000A0000102F
(1.175596) oc_vcan_012 143#6B6B00E000000000
(1.177565) oc_vcan_012 95#800007F400000017
(1.178223) oc_vcan_012 1A4#000000080000003E
(1.178483) oc_vcan_012 1AA#7FFF00000000673F
(1.178699) oc_vcan_012 1B0#000F000000017500
(1.178992) oc_vcan_012 1D0#000000000000000A
(1.180147) oc_vcan_012 166#D032002700000000
(1.181426) oc_vcan_012 158#0000000000000028
(1.181661) oc_vcan_012 161#000005500108002B
(1.181844) oc_vcan_012 191#010090A141001200
(1.182205) oc_vcan_012 164#0000C01AA8000013
(1.182375) oc_vcan_012 133#00000000B6000000
(1.182634) oc_vcan_012 136#0002000000000039
(1.182875) oc_vcan_012 13A#0000000000000037
(1.183143) oc_vcan_012 13F#000000050000003D
(1.183347) oc_vcan_012 17C#0000000010000030
(1.183496) oc_vcan_012 18E#00007A0000000000
(1.183731) oc_vcan_012 294#040B0002CF5A001D
(1.184016) oc_vcan_012 21E#03E8374522061000
(1.184730) oc_vcan_012 39#002A000000000000
(1.184982) oc_vcan_012 183#0000000F00001039
(1.185600) oc_vcan_012 143#6B6B00FF00000000
(1.187544) oc_vcan_012 95#800007F400000026
(1.190157) oc_vcan_012 166#D032003600000000
(1.191379) oc_vcan_012 158#0000000000000037
(1.191633) oc_vcan_012 161#000005500108003A
(1.191823) oc_vcan_012 191#010090A141002100
(1.192133) oc_vcan_012 164#0000C01AA8000022
(1.192282) oc_vcan_012 133#0000000089000000
(1.192532) oc_vcan_012 136#000200000000000C
(1.192828) oc_vcan_012 13A#000000000000000A
(1.193052) oc_vcan_012 13F#0000000500000000
(1.193322) oc_vcan_012 17C#0000000010000003
(1.193380) oc_vcan_012 18E#00004D0000000000
(1.193728) oc_vcan_012 1CF#80050000002D0000
(1.193814) oc_vcan_012 1DC#0200002A00000000
(1.194426) oc_vcan_012 183#0000001300001007
(1.195550) oc_vcan_012 143#6B6B00C200000000
(1.196218) oc_vcan_012 333#0000000000003C00
(1.197589) oc_vcan_012 95#800007F400000035
(1.198161) oc_vcan_012 1A4#0000000800000001
(1.198393) oc_vcan_012 1AA#7FFF000000006801
(1.198648) oc_vcan_012 1B0#000F000000014800
(1.198870) oc_vcan_012 1D0#000000000000000A
(1.200153) oc_vcan_012 166#D032000900000000
(1.201394) oc_vcan_012 158#000000000000000A
(1.201674) oc_vcan_012 161#000005500108000D
(1.201852) oc_vcan_012 191#010090A141003000
(1.202157) oc_vcan_012 133#0000000098000000
(1.202392) oc_vcan_012 136#000200000000001B
(1.202683) oc_vcan_012 13A#0000000000000019
(1.202847) oc_vcan_012 13F#000000050000001F
(1.203017) oc_vcan_012 39#0039000000000000
(1.203294) oc_vcan_012 164#0000C01AA8000031
(1.203497) oc_vcan_012 17C#0000000010000012
(1.203683) oc_vcan_012 18E#00005C0000000000
(1.204823) oc_vcan_012 183#0000000E0000101C
(1.205589) oc_vcan_012 143#6B6B00D100000000
(1.207538) oc_vcan_012 95#800007F400000008
(1.210181) oc_vcan_012 166#D032001800000000
(1.211407) oc_vcan_012 158#0000000000000019
(1.211662) oc_vcan_012 161#000005500108001C
(1.211833) oc_vcan_012 191#010090A141000300
(1.212149) oc_vcan_012 164#0000C01AA8000004
(1.212325) oc_vcan_012 133#00000000A7000000
(1.212572) oc_vcan_012 136#000200000000002A
(1.212819) oc_vcan_012 13A#0000000000000028
(1.213068) oc_vcan_012 13F#000000050000002E
(1.213297) oc_vcan_012 17C#0000000010000021
(1.213421) oc_vcan_012 18E#00006B0000000000
(1.213755) oc_vcan_012 1CF#80050000003C0000
(1.213846) oc_vcan_012 1DC#0200003900000000
(1.213967) oc_vcan_012 320#0000300000000000
(1.214207) oc_vcan_012 324#7465000000000E38
(1.214468) oc_vcan_012 37C#FD00FD00097F0038
(1.214734) oc_vcan_012 183#0000000A0000102F
(1.215673) oc_vcan_012 143#6B6B00E000000000
(1.217554) oc_vcan_012 95#800007F400000017
(1.218174) oc_vcan_012 1A4#0000000800000010
(1.218410) oc_vcan_012 1AA#7FFF000000006810
(1.218660) oc_vcan_012 1B0#000F000000015700
(1.218882) oc_vcan_012 1D0#000000000000000A
(1.220130) oc_vcan_012 166#D032002700000000
(1.221411) oc_vcan_012 158#0000000000000028
(1.221687) oc_vcan_012 161#000005500108002B
(1.221741) oc_vcan_012 39#000C000000000000
(1.221979) oc_vcan_012 191#010090A141001200
(1.222140) oc_vcan_012 133#00000000B6000000
(1.222384) oc_vcan_012 136#0002000000000039
(1.222643) oc_vcan_012 13A#0000000000000037
(1.222920) oc_vcan_012 13F#000000050000003D
(1.223157) oc_vcan_012 164#0000C01AA8000013
(1.223376) oc_vcan_012 17C#0000000010000030
(1.223509) oc_vcan_012 18E#00007A0000000000
(1.223808) oc_vcan_012 294#040B0002CF5A002C
(1.224045) oc_vcan_012 21E#03E8374522062F00
(1.224963) oc_vcan_012 183#0000000700001031
(1.225549) oc_vcan_012 143#6B6B00FF00000000
(1.227536) oc_vcan_012 95#800007F400000026
(1.230162) oc_vcan_012 166#D032003600000000
(1.231443) oc_vcan_012 158#0000000000000037
(1.231636) oc_vcan_012 161#000005500108003A
(1.231850) oc_vcan_012 191#010090A141002100
(1.232135) oc_vcan_012 164#0000C01AA8000022
(1.232321) oc_vcan_012 133#0000000089000000
(1.232550) oc_vcan_012 136#000200000000000C
(1.232807) oc_vcan_012 13A#000000000000000A
(1.233023) oc_vcan_012 13F#0000000500000000
(1.233368) oc_vcan_012 17C#0000000010000003
(1.233418) oc_vcan_012 18E#00004D0000000000
(1.233657) oc_vcan_012 1CF#80050000000F0000
(1.233806) oc_vcan_012 1DC#0200000C00000000
(1.234418) oc_vcan_012 183#0000000500001006
(1.235569) oc_vcan_012 143#6B6B00C200000000
(1.237536) oc_vcan_012 95#800007F400000035
(1.237726) oc_vcan_012 39#001B000000000000
(1.238170) oc_vcan_012 1A4#000000080000002F
(1.238493) oc_vcan_012 1AA#7FFF000000006720
(1.238650) oc_vcan_012 1B0#000F000000016600
(1.238875) oc_vcan_012 1D0#000000000000000A
(1.240175) oc_vcan_012 166#D032000900000000
(1.241394) oc_vcan_012 158#000000000000000A
(1.241670) oc_vcan_012 161#000005500108000D
(1.241873) oc_vcan_012 191#010090A141003000
(1.242214) oc_vcan_012 164#0000C01AA9000030
(1.242386) oc_vcan_012 133#0000000098000000
(1.242671) oc_vcan_012 136#000200000000001B
(1.242884) oc_vcan_012 13A#0000000000000019
(1.243132) oc_vcan_012 13F#000000050000001F
(1.243379) oc_vcan_012 17C#0000000010000012
(1.243445) oc_vcan_012 18E#00005C0000000000
(1.243825) oc_vcan_012 309#0000000000000084
(1.244848) oc_vcan_012 305#8008000000000000
(1.245060) oc_vcan_012 183#0000000B0000101F
(1.245590) oc_vcan_012 143#6B6B00D100000000
(1.247571) oc_vcan_012 95#800007F400000008
(1.250193) oc_vcan_012 166#D032001800000000
(1.251603) oc_vcan_012 158#0000000000000019
(1.251764) oc_vcan_012 161#000005500108001C
(1.251888) oc_vcan_012 191#010090A141000300
(1.252152) oc_vcan_012 133#00000000A7000000
(1.252415) oc_vcan_012 136#000200000000002A
(1.252657) oc_vcan_012 13A#0000000000000028
(1.252714) oc_vcan_012 39#002A000000000000
(1.253028) oc_vcan_012 13F#000000050000002E
(1.253266) oc_vcan_012 164#0000C01AA8000004
(1.253505) oc_vcan_012 17C#0000000010000021
(1.253558) oc_vcan_012 18E#00006B0000000000
(1.253861) oc_vcan_012 1CF#80050000001E0000
(1.254031) oc_vcan_012 1DC#0200001B00000000
(1.254439) oc_vcan_012 183#0000000800001021
(1.255548) oc_vcan_012 143#6B6B00E000000000
(1.257579) oc_vcan_012 95#800007F400000017
(1.258226) oc_vcan_012 1A4#000000080000003E
(1.258485) oc_vcan_012 1AA#7FFF00000000673F
(1.258698) oc_vcan_012 1B0#000F000000017500
(1.258938) oc_vcan_012 1D0#000000000000000A
(1.260138) oc_vcan_012 166#D032002700000000
(1.261384) oc_vcan_012 158#0000000000000028
(1.261680) oc_vcan_012 161#000005500108002B
(1.261836) oc_vcan_012 191#010090A141001200
(1.262140) oc_vcan_012 133#00000000B6000000
(1.262367) oc_vcan_012 136#0002000000000039
(1.262684) oc_vcan_012 13A#0000000000000037
(1.262863) oc_vcan_012 13F#000000050000003D
(1.263099) oc_vcan_012 164#0000C01AA8000013
(1.263407) oc_vcan_012 17C#0000000010000030
(1.263456) oc_vcan_012 18E#00007A0000000000
(1.263825) oc_vcan_012 294#040B0002CF5A003B
(1.263994) oc_vcan_012 21E#03E8374522063E00
(1.264949) oc_vcan_012 183#0000000D0000103B
(1.265555) oc_vcan_012 143#6B6B00FF00000000
(1.267546) oc_vcan_012 95#800007F400000026
(1.270148) oc_vcan_012 166#D032003600000000
(1.271378) oc_vcan_012 158#0000000000000037
(1.271603) oc_vcan_012 161#000005500108003A
(1.271823) oc_vcan_012 191#010090A141002100
(1.272082) oc_vcan_012 164#0000C01AA8000022
(1.272275) oc_vcan_012 133#0000000089000000
(1.272553) oc_vcan_012 136#000200000000000C
(1.272757) oc_vcan_012 13A#000000000000000A
(1.273057) oc_vcan_012 13F#0000000500000000
(1.273260) oc_vcan_012 17C#0000000010000003
(1.273497) oc_vcan_012 18E#00004D0000000000
(1.273547) oc_vcan_012 1CF#80050000002D0000
(1.273732) oc_vcan_012 39#0039000000000000
(1.273893) oc_vcan_012 1DC#0200002A00000000
(1.274478) oc_vcan_012 183#0000000900001002
(1.275542) oc_vcan_012 143#6B6B00C200000000
(1.277556) oc_vcan_012 95#800007F400000035
(1.278143) oc_vcan_012 1A4#0000000800000001
(1.278420) oc_vcan_012 1AA#7FFF000000006801
(1.278686) oc_vcan_012 1B0#000F000000014800
(1.278872) oc_vcan_012 1D0#000000000000000A
(1.280179) oc_vcan_012 166#D032000900000000
(1.281411) oc_vcan_012 158#000000000000000A
(1.281606) oc_vcan_012 161#000005500108000D
(1.281840) oc_vcan_012 191#010090A141003000
(1.282202) oc_vcan_012 164#0000C01AA8000031
(1.282532) oc_vcan_012 133#0000000098000000
(1.282588) oc_vcan_012 136#000200000000001B
(1.282870) oc_vcan_012 13A#0000000000000019
(1.283104) oc_vcan_012 13F#000000050000001F
(1.283362) oc_vcan_012 17C#0000000010000012
(1.283410) oc_vcan_012 18E#00005C0000000000
(1.284943) oc_vcan_012 183#0000000600001014
(1.285531) oc_vcan_012 143#6B6B00D100000000
(1.285821) oc_vcan_012 39#000C000000000000
(1.287641) oc_vcan_012 95#800007F400000008
(1.290154) oc_vcan_012 166#D032001800000000
(1.291392) oc_vcan_012 158#0000000000000019
(1.291685) oc_vcan_012 161#000005500108001C
(1.291830) oc_vcan_012 191#010090A141000300
(1.292142) oc_vcan_012 164#0000C01AA8000004
(1.292314) oc_vcan_012 133#00000000A7000000
(1.292656) oc_vcan_012 136#000200000000002A
(1.292825) oc_vcan_012 13A#0000000000000028
(1.293066) oc_vcan_012 13F#000000050000002E
(1.293304) oc_vcan_012 17C#0000000010000021
(1.293435) oc_vcan_012 18E#00006B0000000000
(1.293702) oc_vcan_012 1CF#80050000003C0000
(1.293816) oc_vcan_012 1DC#0200003900000000
(1.294433) oc_vcan_012 183#0000000C0000102D
(1.295533) oc_vcan_012 143#6B6B00E000000000
(1.296195) oc_vcan_012 333#0000000000000F00
(1.297561) oc_vcan_012 95#800007F400000017
(1.298201) oc_vcan_012 1A4#0000000800000010
(1.298399) oc_vcan_012 1AA#7FFF000000006810
(1.298722) oc_vcan_012 1B0#000F000000015700
(1.298818) oc_vcan_012 1D0#000000000000000A
(1.299703) oc_vcan_012 39#001B000000000000
(1.300137) oc_vcan_012 166#D032002700000000
(1.301398) oc_vcan_012 158#0000000000000028
(1.301623) oc_vcan_012 161#000005500108002B
(1.301921) oc_vcan_012 191#010090A141001200
(1.302154) oc_vcan_012 133#00000000B6000000
(1.302484) oc_vcan_012 136#0002000000000039
(1.302607) oc_vcan_012 13A#0000000000000037
(1.302831) oc_vcan_012 13F#000000050000003D
(1.303269) oc_vcan_012 164#0000C01AA8000013
(1.303358) oc_vcan_012 17C#0000000010000030
(1.303494) oc_vcan_012 18E#00007A0000000000
(1.303764) oc_vcan_012 294#040B0002CF5A000E
(1.304002) oc_vcan_012 21E#03E8374522060100
(1.305007) oc_vcan_012 183#000000090000103F
(1.305786) oc_vcan_012 143#6B6B00FF00000000
(1.307573) oc_vcan_012 95#800007F400000026
(1.310177) oc_vcan_012 166#D032003600000000
(1.311419) oc_vcan_012 158#0000000000000037
(1.311638) oc_vcan_012 161#000005500108003A
(1.311832) oc_vcan_012 191#010010A141002900
(1.312122) oc_vcan_012 164#0000C01AA8000022
(1.312299) oc_vcan_012 133#0000000089000000
(1.312568) oc_vcan_012 136#000200000000000C
(1.312813) oc_vcan_012 13A#000000000000000A
(1.313077) oc_vcan_012 13F#0000000500000000
(1.313349) oc_vcan_012 17C#0000000010000003
(1.313409) oc_vcan_012 18E#00004D0000000000
(1.313735) oc_vcan_012 1CF#80050000000F0000
(1.313821) oc_vcan_012 1DC#0200000C00000000
(1.313980) oc_vcan_012 320#0000030000000000
(1.314313) oc_vcan_012 324#7465000000000E0B
(1.314482) oc_vcan_012 183#0000000600001005
(1.314756) oc_vcan_012 37C#FD00FD00097F000B
(1.314826) oc_vcan_012 39#002A000000000000
(1.315733) oc_vcan_012 143#6B6B00C200000000
(1.317578) oc_vcan_012 95#800007F400000035
(1.318158) oc_vcan_012 1A4#000000080000002F
(1.318466) oc_vcan_012 1AA#7FFF000000006720
(1.318651) oc_vcan_012 1B0#000F000000016600
(1.318844) oc_vcan_012 1D0#000000000000000A
(1.320412) oc_vcan_012 166#D032000900000000
(1.321440) oc_vcan_012 158#000000000000000A
(1.321954) oc_vcan_012 161#000005500108000D
(1.322012) oc_vcan_012 191#010010A141003800
(1.322060) oc_vcan_012 133#0000000098000000
(1.322414) oc_vcan_012 136#000200000000001B
(1.322715) oc_vcan_012 13A#0000000000000019
(1.322832) oc_vcan_012 13F#000000050000001F
(1.323133) oc_vcan_012 164#0000C01AA8000031
(1.323382) oc_vcan_012 17C#0000000010000012
(1.323435) oc_vcan_012 18E#00005C0000000000
(1.324907) oc_vcan_012 183#0000000C0000101E
(1.325574) oc_vcan_012 143#6B6B00D100000000
(1.327585) oc_vcan_012 95#800007F400000008
(1.327661) oc_vcan_012 39#0039000000000000
(1.330223) oc_vcan_012 166#D032001800000000
(1.331414) oc_vcan_012 158#0000000000000019
(1.331710) oc_vcan_012 161#000005500108001C
(1.331761) oc_vcan_012 191#010010A141000B00
(1.332178) oc_vcan_012 164#0000C01AA8000004
(1.332235) oc_vcan_012 133#00000000A7000000
(1.332544) oc_vcan_012 136#000200000000002A
(1.332948) oc_vcan_012 13A#0000000000000028
(1.333008) oc_vcan_012 13F#000000050000002E
(1.333258) oc_vcan_012 17C#0000000010000021
(1.333309) oc_vcan_012 18E#00006B0000000000
(1.333603) oc_vcan_012 1CF#80050000001E0000
(1.333754) oc_vcan_012 1DC#0200001B00000000
(1.334451) oc_vcan_012 183#0000000900001020
(1.335521) oc_vcan_012 143#6B6B00E000000000
(1.337585) oc_vcan_012 95#800007F400000017
(1.338214) oc_vcan_012 1A4#000000080000003E
(1.338468) oc_vcan_012 1AA#7FFF00000000673F
(1.338847) oc_vcan_012 1B0#000F000000017500
(1.338954) oc_vcan_012 1D0#000000000000000A
(1.340175) oc_vcan_012 166#D032002700000000
(1.340807) oc_vcan_012 39#000C000000000000
(1.341364) oc_vcan_012 158#0000000000000028
(1.341635) oc_vcan_012 161#000005500108002B
(1.341838) oc_vcan_012 191#010010A141001A00
(1.342246) oc_vcan_012 133#00000000B6000000
(1.342307) oc_vcan_012 136#0002000000000039
(1.342669) oc_vcan_012 13A#0000000000000037
(1.342874) oc_vcan_012 13F#000000050000003D
(1.343140) oc_vcan_012 164#0000C01AA8000013
(1.343367) oc_vcan_012 17C#0000000010000030
(1.343430) oc_vcan_012 18E#00007A0000000000
(1.343751) oc_vcan_012 294#040B0002CF5A001D
(1.344007) oc_vcan_012 21E#03E8374522061000
(1.344303) oc_vcan_012 309#0000000000000093
(1.344982) oc_vcan_012 183#0000000E0000103A
(1.345535) oc_vcan_012 143#6B6B00FF00000000
(1.347595) oc_vcan_012 95#800007F400000026
(1.347787) oc_vcan_012 305#8017000000000000
(1.350178) oc_vcan_012 166#D032003600000000
(1.351390) oc_vcan_012 158#0000000000000037
(1.351638) oc_vcan_012 161#000005500108003A
(1.351851) oc_vcan_012 191#010010A141002900
(1.352143) oc_vcan_012 164#0000C01AA8000022
(1.352284) oc_vcan_012 133#0000000089000000
(1.352542) oc_vcan_012 136#000200000000000C
(1.352823) oc_vcan_012 13A#000000000000000A
(1.353028) oc_vcan_012 13F#0000000500000000
(1.353285) oc_vcan_012 17C#0000000010000003
(1.353407) oc_vcan_012 18E#00004D0000000000
(1.353719) oc_vcan_012 1CF#80050000002D0000
(1.353765) oc_vcan_012 1DC#0200002A00000000
(1.354445) oc_vcan_012 183#0000000A00001001
(1.355537) oc_vcan_012 143#6B6B00C200000000
(1.356290) oc_vcan_012 39#001B000000000000
(1.357565) oc_vcan_012 95#800007F400000035
(1.358171) oc_vcan_012 1A4#0000000800000001
(1.358403) oc_vcan_012 1AA#7FFF000000006801
(1.358664) oc_vcan_012 1B0#000F000000014800
(1.358884) oc_vcan_012 1D0#000000000000000A
(1.360155) oc_vcan_012 166#D032000900000000
(1.361939) oc_vcan_012 158#000000000000000A
(1.362055) oc_vcan_012 161#000005500108000D
(1.362102) oc_vcan_012 191#010010A141003800
(1.362140) oc_vcan_012 133#0000000098000000
(1.362397) oc_vcan_012 136#000200000000001B
(1.362658) oc_vcan_012 13A#0000000000000019
(1.362879) oc_vcan_012 13F#000000050000001F
(1.363145) oc_vcan_012 164#0000C01AA8000031
(1.363403) oc_vcan_012 17C#0000000010000012
(1.363467) oc_vcan_012 18E#00005C0000000000
(1.364991) oc_vcan_012 183#0000000700001013
(1.365543) oc_vcan_012 143#6B6B00D100000000
(1.367573) oc_vcan_012 95#800007F400000008
(1.369856) oc_vcan_012 39#002A000000000000
(1.370187) oc_vcan_012 166#D032001800000000
(1.371431) oc_vcan_012 158#0000000000000019
(1.371667) oc_vcan_012 161#000005500108001C
(1.371839) oc_vcan_012 191#010010A141000B00
(1.372118) oc_vcan_012 133#00000000A7000000
(1.372368) oc_vcan_012 136#000200000000002A
(1.372656) oc_vcan_012 13A#0000000000000028
(1.372848) oc_vcan_012 13F#000000050000002E
(1.373126) oc_vcan_012 164#0000C01AA8000004
(1.373351) oc_vcan_012 17C#0000000010000021
(1.373429) oc_vcan_012 18E#00006B0000000000
(1.373708) oc_vcan_012 1CF#80050000003C0000
(1.373864) oc_vcan_012 1DC#0200003900000000
(1.374480) oc_vcan_012 183#0000000500001024
(1.375545) oc_vcan_012 143#6B6B00E000000000
(1.377602) oc_vcan_012 95#800007F400000017
(1.378156) oc_vcan_012 1A4#0000000800000010
(1.378404) oc_vcan_012 1AA#7FFF000000006810
(1.378738) oc_vcan_012 1B0#000F000000015700
(1.378842) oc_vcan_012 1D0#000000000000000A
(1.380134) oc_vcan_012 166#D032002700000000
(1.381454) oc_vcan_012 158#0000000000000028
(1.381704) oc_vcan_012 161#000005500108002B
(1.381746) oc_vcan_012 191#010010A141001A00
(1.382122) oc_vcan_012 133#00000000B6000000
(1.382376) oc_vcan_012 136#0002000000000039
(1.382681) oc_vcan_012 13A#0000000000000037
(1.382817) oc_vcan_012 13F#000000050000003D
(1.383132) oc_vcan_012 164#0000C01AA8000013
(1.383370) oc_vcan_012 17C#0000000010000030
(1.383427) oc_vcan_012 39#0039000000000000
(1.383692) oc_vcan_012 18E#00007A0000000000
(1.383880) oc_vcan_012 294#040B0002CF5A002C
(1.384142) oc_vcan_012 21E#03E8374522062F00
(1.385013) oc_vcan_012 183#0000000300001035
(1.385722) oc_vcan_012 143#6B6B00FF00000000
(1.387588) oc_vcan_012 95#800007F400000026
(1.390173) oc_vcan_012 166#D032003600000000
(1.391405) oc_vcan_012 158#0000000000000037
(1.391696) oc_vcan_012 161#000005500108003A
(1.391832) oc_vcan_012 191#010010A141002900
(1.392117) oc_vcan_012 133#0000000089000000
(1.392352) oc_vcan_012 136#000200000000000C
(1.392594) oc_vcan_012 13A#000000000000000A
(1.392856) oc_vcan_012 13F#0000000500000000
(1.393103) oc_vcan_012 164#0000C01AA8000022
(1.393333) oc_vcan_012 17C#0000000010000003
(1.393464) oc_vcan_012 18E#00004D0000000000
(1.393719) oc_vcan_012 1CF#80050000000F0000
(1.393841) oc_vcan_012 1DC#0200000C00000000
(1.394428) oc_vcan_012 183#0000000A00001001
(1.395541) oc_vcan_012 143#6B6B00C200000000
(1.395823) oc_vcan_012 39#000C000000000000
(1.396186) oc_vcan_012 333#0000000000001E00
(1.397577) oc_vcan_012 95#800007F400000035
(1.398125) oc_vcan_012 1A4#000000080000002F
(1.398364) oc_vcan_012 1AA#7FFF000000006720
(1.398599) oc_vcan_012 1B0#000F000000016600
(1.398848) oc_vcan_012 1D0#000000000000000A
(1.400181) oc_vcan_012 166#D032000900000000
(1.401379) oc_vcan_012 158#000000000000000A
(1.401688) oc_vcan_012 161#000005500108000D
(1.401853) oc_vcan_012 191#010010A141003800
(1.402158) oc_vcan_012 133#0000000098000000
(1.402391) oc_vcan_012 136#000200000000001B
(1.402668) oc_vcan_012 13A#0000000000000019
(1.402880) oc_vcan_012 13F#000000050000001F
(1.403107) oc_vcan_012 164#0000C01AA8000031
(1.403351) oc_vcan_012 17C#0000000010000012
(1.403498) oc_vcan_012 18E#00005C0000000000
(1.404972) oc_vcan_012 183#0000000700001013
(1.405547) oc_vcan_012 143#6B6B00D100000000
(1.407587) oc_vcan_012 95#800007F400000008
(1.410180) oc_vcan_012 166#D032001800000000
(1.411409) oc_vcan_012 158#0000000000000019
(1.411650) oc_vcan_012 161#000005500108001C
(1.411821) oc_vcan_012 191#010010A141000B00
(1.412114) oc_vcan_012 133#00000000A7000000
(1.412381) oc_vcan_012 136#000200000000002A
(1.412660) oc_vcan_012 13A#0000000000000028
(1.412864) oc_vcan_012 13F#000000050000002E
(1.413136) oc_vcan_012 164#0000C01AA8000004
(1.413356) oc_vcan_012 17C#0000000010000021
(1.413477) oc_vcan_012 18E#00006B0000000000
(1.413708) oc_vcan_012 1CF#80050000001E0000
(1.413862) oc_vcan_012 1DC#0200001B00000000
(1.414007) oc_vcan_012 320#0000120000000000
(1.414296) oc_vcan_012 324#7465000000000E1A
(1.414534) oc_vcan_012 37C#FD00FD00097F001A
(1.414838) oc_vcan_012 183#0000000500001024
(1.414985) oc_vcan_012 40C#0236323239533039
(1.415122) oc_vcan_012 454#23EF360000000000
(1.415653) oc_vcan_012 143#6B6B00E000000000
(1.417578) oc_vcan_012 95#800007F400000017
(1.417721) oc_vcan_012 39#001B000000000000
(1.418216) oc_vcan_012 1A4#000000080000003E
(1.418441) oc_vcan_012 1AA#7FFF00000000673F
(1.418688) oc_vcan_012 1B0#000F000000017500
(1.418952) oc_vcan_012 1D0#000000000000000A
(1.420163) oc_vcan_012 166#D032002700000000
(1.421395) oc_vcan_012 158#0000000000000028
(1.421600) oc_vcan_012 161#000005500108002B
(1.421846) oc_vcan_012 191#010010A141001A00
(1.422126) oc_vcan_012 133#00000000B6000000
(1.422356) oc_vcan_012 136#0002000000000039
(1.422668) oc_vcan_012 13A#0000000000000037
(1.422879) oc_vcan_012 13F#000000050000003D
(1.423085) oc_vcan_012 164#0000C01AA8000013
(1.423371) oc_vcan_012 17C#0000000010000030
(1.423417) oc_vcan_012 18E#00007A0000000000
(1.423728) oc_vcan_012 294#040B0002CF5A003B
(1.423999) oc_vcan_012 21E#03E8374522063E00
(1.424999) oc_vcan_012 183#0000000B0000103D
(1.425518) oc_vcan_012 143#6B6B00FF00000000
(1.427588) oc_vcan_012 95#800007F400000026
(1.430308) oc_vcan_012 166#D032003600000000
(1.431555) oc_vcan_012 158#0000000000000037
(1.431759) oc_vcan_012 161#000005500108003A
(1.431900) oc_vcan_012 191#010010A141002900
(1.432095) oc_vcan_012 164#0000C01AA8000022
(1.432259) oc_vcan_012 133#0000000089000000
(1.432510) oc_vcan_012 136#000200000000000C
(1.432760) oc_vcan_012 13A#000000000000000A
(1.433035) oc_vcan_012 13F#0000000500000000
(1.433239) oc_vcan_012 17C#0000000010000003
(1.433391) oc_vcan_012 18E#00004D0000000000
(1.433585) oc_vcan_012 1CF#80050000002D0000
(1.433759) oc_vcan_012 1DC#0200002A00000000
(1.434482) oc_vcan_012 183#0000000800001003
(1.435526) oc_vcan_012 143#6B6B00C200000000
(1.437689) oc_vcan_012 95#800007F400000035
(1.437758) oc_vcan_012 39#002A000000000000
(1.438125) oc_vcan_012 1A4#0000000800000001
(1.438378) oc_vcan_012 1AA#7FFF000000006801
(1.438600) oc_vcan_012 1B0#000F000000014800
(1.438863) oc_vcan_012 1D0#000000000000000A
(1.440174) oc_vcan_012 166#D032000900000000
(1.441412) oc_vcan_012 158#000000000000000A
(1.441632) oc_vcan_012 161#000005500108000D
(1.441841) oc_vcan_012 191#010010A141003800
(1.442159) oc_vcan_012 133#0000000098000000
(1.442389) oc_vcan_012 136#000200000000001B
(1.442645) oc_vcan_012 13A#0000000000000019
(1.442907) oc_vcan_012 13F#000000050000001F
(1.443147) oc_vcan_012 164#0000C01AA9000030
(1.443363) oc_vcan_012 17C#0000000010000012
(1.443494) oc_vcan_012 18E#00005C0000000000
(1.443762) oc_vcan_012 309#00000000000000A2
(1.444010) oc_vcan_012 428#01040000521C0100
(1.444312) oc_vcan_012 405#000004000000000B
(1.444864) oc_vcan_012 183#0000000600001014
(1.445576) oc_vcan_012 143#6B6B00D100000000
(1.447601) oc_vcan_012 95#800007F400000008
(1.450162) oc_vcan_012 166#D032001800000000
(1.450715) oc_vcan_012 305#8026000000000000
(1.451382) oc_vcan_012 158#0000000000000019
(1.451689) oc_vcan_012 161#000005500108001C
(1.451834) oc_vcan_012 191#010010A141000B00
(1.452077) oc_vcan_012 164#0000C01AA8000004
(1.452247) oc_vcan_012 133#00000000A7000000
(1.452507) oc_vcan_012 136#000200000000002A
(1.452746) oc_vcan_012 13A#0000000000000028
(1.452986) oc_vcan_012 13F#000000050000002E
(1.453226) oc_vcan_012 17C#0000000010000021
(1.453382) oc_vcan_012 18E#00006B0000000000
(1.453587) oc_vcan_012 1CF#80050000003C0000
(1.453753) oc_vcan_012 1DC#0200003900000000
(1.454494) oc_vcan_012 183#0000000C0000102D
(1.455660) oc_vcan_012 143#6B6B00E000000000
(1.457675) oc_vcan_012 95#800007F400000017
(1.458139) oc_vcan_012 1A4#0000000800000010
(1.458382) oc_vcan_012 1AA#7FFF000000006810
(1.458660) oc_vcan_012 1B0#000F000000015700
(1.458721) oc_vcan_012 39#0039000000000000
(1.459023) oc_vcan_012 1D0#000000000000000A
(1.460156) oc_vcan_012 166#D032002700000000
(1.461394) oc_vcan_012 158#0000000000000028
(1.461606) oc_vcan_012 161#000005500108002B
(1.461823) oc_vcan_012 191#010010A141001A00
(1.462121) oc_vcan_012 133#00000000B6000000
(1.462362) oc_vcan_012 136#0002000000000039
(1.462658) oc_vcan_012 13A#0000000000000037
(1.462867) oc_vcan_012 13F#000000050000003D
(1.463109) oc_vcan_012 164#0000C01AA8000013
(1.463360) oc_vcan_012 17C#0000000010000030
(1.463426) oc_vcan_012 18E#00007A0000000000
(1.463736) oc_vcan_012 294#040B0002CF5A000E
(1.464036) oc_vcan_012 21E#03E8374522060100
(1.465018) oc_vcan_012 183#000000090000103F
(1.465581) oc_vcan_012 143#6B6B00FF00000000
(1.467598) oc_vcan_012 95#800007F400000026
(1.470168) oc_vcan_012 166#D032003600000000
(1.471397) oc_vcan_012 158#0000000000000037
(1.471680) oc_vcan_012 161#000005500108003A
(1.471754) oc_vcan_012 191#010010A141002900
(1.472092) oc_vcan_012 164#0000C01AA8000022
(1.472262) oc_vcan_012 133#0000000089000000
(1.472537) oc_vcan_012 136#000200000000000C
(1.472801) oc_vcan_012 13A#000000000000000A
(1.472862) oc_vcan_012 39#000C000000000000
(1.473141) oc_vcan_012 13F#0000000500000000
(1.473384) oc_vcan_012 17C#0000000010000003
(1.473514) oc_vcan_012 18E#00004D0000000000
(1.473731) oc_vcan_012 1CF#80050000000F0000
(1.473892) oc_vcan_012 1DC#0200000C00000000
(1.474902) oc_vcan_012 183#0000000E0000100D
(1.475529) oc_vcan_012 143#6B6B00C200000000
(1.477596) oc_vcan_012 95#800007F400000035
(1.478182) oc_vcan_012 1A4#000000080000002F
(1.478382) oc_vcan_012 1AA#7FFF000000006720
(1.478666) oc_vcan_012 1B0#000F000000016600
(1.478860) oc_vcan_012 1D0#000000000000000A
(1.480213) oc_vcan_012 166#D032000900000000
(1.481390) oc_vcan_012 158#000000000000000A
(1.481687) oc_vcan_012 161#000005500108000D
(1.481754) oc_vcan_012 191#010010A141003800
(1.482125) oc_vcan_012 133#0000000098000000
(1.482389) oc_vcan_012 136#000200000000001B
(1.482695) oc_vcan_012 13A#0000000000000019
(1.482872) oc_vcan_012 13F#000000050000001F
(1.483177) oc_vcan_012 164#0000C01AA8000031
(1.483359) oc_vcan_012 17C#0000000010000012
(1.483408) oc_vcan_012 18E#00005C0000000000
(1.484990) oc_vcan_012 183#0000000A00001010
(1.485536) oc_vcan_012 143#6B6B00D100000000
(1.486859) oc_vcan_012 39#001B000000000000
(1.487608) oc_vcan_012 95#800007F400000008
(1.490291) oc_vcan_012 166#D032001800000000
(1.491397) oc_vcan_012 158#0000000000000019
(1.491674) oc_vcan_012 161#000005500108001C
(1.491846) oc_vcan_012 191#010010A141000B00
(1.492169) oc_vcan_012 164#0000C01AA8000004
(1.492355) oc_vcan_012 133#00000000A7000000
(1.492603) oc_vcan_012 136#000200000000002A
(1.492887) oc_vcan_012 13A#0000000000000028
(1.493143) oc_vcan_012 13F#000000050000002E
(1.493320) oc_vcan_012 17C#0000000010000021
(1.493377) oc_vcan_012 18E#00006B0000000000
(1.493700) oc_vcan_012 1CF#80050000001E0000
(1.493833) oc_vcan_012 1DC#0200001B00000000
(1.494527) oc_vcan_012 183#0000000700001022
(1.495529) oc_vcan_012 143#6B6B00E000000000
(1.496213) oc_vcan_012 333#0000000000002D00
(1.497635) oc_vcan_012 95#800007F400000017
(1.498241) oc_vcan_012 1A4#000000080000003E
(1.498470) oc_vcan_012 1AA#7FFF00000000673F
(1.498707) oc_vcan_012 1B0#000F000000017500
(1.498940) oc_vcan_012 1D0#000000000000000A
(1.499836) oc_vcan_012 39#002A000000000000
(1.500129) oc_vcan_012 166#D032002700000000
(1.501397) oc_vcan_012 158#0000000000000028
(1.501709) oc_vcan_012 161#000005500108002B
(1.501765) oc_vcan_012 191#010010A141001A00
(1.502323) oc_vcan_012 133#00000000B6000000
(1.502390) oc_vcan_012 136#0002000000000039
(1.502676) oc_vcan_012 13A#0000000000000037
(1.502859) oc_vcan_012 13F#000000050000003D
(1.503114) oc_vcan_012 164#0000C01AA8000013
(1.503365) oc_vcan_012 17C#0000000010000030
(1.503417) oc_vcan_012 18E#00007A0000000000
(1.503996) oc_vcan_012 294#040B0002CF5A001D
(1.504051) oc_vcan_012 21E#03E8374522061000
(1.505029) oc_vcan_012 183#0000000500001033
(1.505546) oc_vcan_012 143#6B6B00FF00000000
(1.507724) oc_vcan_012 95#800007F400000026
(1.510176) oc_vcan_012 166#D032003600000000
(1.511402) oc_vcan_012 158#0000000000000037
(1.511864) oc_vcan_012 161#000005500108003A
(1.511926) oc_vcan_012 191#010010A141002900
(1.512157) oc_vcan_012 164#0000C01AA8000022
(1.512358) oc_vcan_012 133#0000000089000000
(1.512578) oc_vcan_012 136#000200000000000C
(1.512854) oc_vcan_012 13A#000000000000000A
(1.513074) oc_vcan_012 13F#0000000500000000
(1.513310) oc_vcan_012 17C#0000000010000003
(1.513443) oc_vcan_012 18E#00004D0000000000
(1.513692) oc_vcan_012 1CF#80050000002D0000
(1.513832) oc_vcan_012 1DC#0200002A00000000
(1.513978) oc_vcan_012 320#0000210000000000
(1.514232) oc_vcan_012 324#7465000000000E29
(1.514477) oc_vcan_012 37C#FD00FD00097F0029
(1.514722) oc_vcan_012 183#0000000300001008
(1.515675) oc_vcan_012 143#6B6B00C200000000
(1.517654) oc_vcan_012 95#800007F400000035
(1.518175) oc_vcan_012 1A4#0000000800000001
(1.518426) oc_vcan_012 1AA#7FFF000000006801
(1.518697) oc_vcan_012 1B0#000F000000014800
(1.518891) oc_vcan_012 1D0#000000000000000A
(1.518943) oc_vcan_012 39#0039000000000000
(1.520187) oc_vcan_012 166#D032000900000000
(1.521405) oc_vcan_012 158#000000000000000A
(1.521638) oc_vcan_012 161#000005500108000D
(1.521841) oc_vcan_012 191#010010A141003800
(1.522140) oc_vcan_012 133#0000000098000000
(1.522375) oc_vcan_012 136#000200000000001B
(1.522624) oc_vcan_012 13A#0000000000000019
(1.522900) oc_vcan_012 13F#000000050000001F
(1.523092) oc_vcan_012 164#0000C01AA8000031
(1.523341) oc_vcan_012 17C#0000000010000012
(1.523478) oc_vcan_012 18E#00005C0000000000
(1.525026) oc_vcan_012 183#0000000A00001010
(1.525561) oc_vcan_012 143#6B6B00D100000000
(1.527389) oc_vcan_012 95#800007F400000008
(1.530148) oc_vcan_012 166#D032001800000000
(1.530819) oc_vcan_012 39#000C000000000000
(1.531387) oc_vcan_012 158#0000000000000019
(1.531604) oc_vcan_012 161#000005500108001C
(1.531866) oc_vcan_012 191#010010A141000B00
(1.532096) oc_vcan_012 164#0000C01AA8000004
(1.532302) oc_vcan_012 133#00000000A7000000
(1.532535) oc_vcan_012 136#000200000000002A
(1.532762) oc_vcan_012 13A#0000000000000028
(1.533014) oc_vcan_012 13F#000000050000002E
(1.533242) oc_vcan_012 17C#0000000010000021
(1.533418) oc_vcan_012 18E#00006B0000000000
(1.533743) oc_vcan_012 1CF#80050000003C0000
(1.533839) oc_vcan_012 1DC#0200003900000000
(1.534540) oc_vcan_012 183#0000000700001022
(1.535556) oc_vcan_012 143#6B6B00E000000000
(1.537391) oc_vcan_012 95#800007F400000017
(1.538163) oc_vcan_012 1A4#0000000800000010
(1.538400) oc_vcan_012 1AA#7FFF000000006810
(1.538663) oc_vcan_012 1B0#000F000000015700
(1.538873) oc_vcan_012 1D0#000000000000000A
(1.540156) oc_vcan_012 166#D032002700000000
(1.541382) oc_vcan_012 158#0000000000000028
(1.541711) oc_vcan_012 161#000005500108002B
(1.541803) oc_vcan_012 191#010010A141001A00
(1.542145) oc_vcan_012 133#00000000B6000000
(1.542357) oc_vcan_012 136#0002000000000039
(1.542599) oc_vcan_012 13A#0000000000000037
(1.542964) oc_vcan_012 13F#000000050000003D
(1.543007) oc_vcan_012 164#0000C01AA8000013
(1.543336) oc_vcan_012 17C#0000000010000030
(1.543464) oc_vcan_012 18E#00007A0000000000
(1.543740) oc_vcan_012 294#040B0002CF5A002C
(1.544002) oc_vcan_012 21E#03E8374522062F00
(1.544296) oc_vcan_012 309#00000000000000B1
(1.544822) oc_vcan_012 39#001B000000000000
(1.545075) oc_vcan_012 183#0000000500001033
(1.545534) oc_vcan_012 143#6B6B00FF00000000
(1.547369) oc_vcan_012 95#800007F400000026
(1.550148) oc_vcan_012 166#D032003600000000
(1.551386) oc_vcan_012 158#0000000000000037
(1.551604) oc_vcan_012 161#000005500108003A
(1.551819) oc_vcan_012 191#010010A141002900
(1.552176) oc_vcan_012 164#0000C01AA9000021
(1.552321) oc_vcan_012 133#0000000089000000
(1.552563) oc_vcan_012 136#000200000000000C
(1.552814) oc_vcan_012 13A#000000000000000A
(1.553071) oc_vcan_012 13F#0000000500000000
(1.553323) oc_vcan_012 17C#0000000010000003
(1.553373) oc_vcan_012 18E#00004D0000000000
(1.553686) oc_vcan_012 1CF#80050000000F0000
(1.553851) oc_vcan_012 1DC#0200000C00000000
(1.554493) oc_vcan_012 183#0000000B00001000
(1.555481) oc_vcan_012 143#6B6B00C200000000
(1.557373) oc_vcan_012 95#800007F400000035
(1.557727) oc_vcan_012 305#8035000000000000
(1.558136) oc_vcan_012 1A4#000000080000002F
(1.558366) oc_vcan_012 1AA#7FFF000000006720
(1.558594) oc_vcan_012 1B0#000F000000016600
(1.558862) oc_vcan_012 1D0#000000000000000A
(1.560150) oc_vcan_012 166#D032000900000000
(1.561384) oc_vcan_012 158#000000000000000A
(1.561667) oc_vcan_012 161#000005500108000D
(1.561860) oc_vcan_012 191#010010A141003800
(1.562123) oc_vcan_012 133#0000000098000000
(1.562579) oc_vcan_012 136#000200000000001B
(1.562668) oc_vcan_012 13A#0000000000000019
(1.562900) oc_vcan_012 13F#000000050000001F
(1.563162) oc_vcan_012 164#0000C01AA8000031
(1.563337) oc_vcan_012 17C#0000000010000012
(1.563502) oc_vcan_012 18E#00005C0000000000
(1.564845) oc_vcan_012 39#002A000000000000
(1.565082) oc_vcan_012 183#0000000800001012
(1.565542) oc_vcan_012 143#6B6B00D100000000
(1.567456) oc_vcan_012 95#800007F400000008
(1.570201) oc_vcan_012 166#D032001800000000
(1.571403) oc_vcan_012 158#0000000000000019
(1.571642) oc_vcan_012 161#000005500108001C
(1.571830) oc_vcan_012 191#010010A141000B00
(1.572148) oc_vcan_012 164#0000C01AA8000004
(1.572322) oc_vcan_012 133#00000000A7000000
(1.572567) oc_vcan_012 136#000200000000002A
(1.572821) oc_vcan_012 13A#0000000000000028
(1.573056) oc_vcan_012 13F#000000050000002E
(1.573300) oc_vcan_012 17C#0000000010000021
(1.573432) oc_vcan_012 18E#00006B0000000000
(1.573718) oc_vcan_012 1CF#80050000001E0000
(1.573814) oc_vcan_012 1DC#0200001B00000000
(1.574539) oc_vcan_012 183#0000000600001023
(1.575494) oc_vcan_012 143#6B6B00E000000000
(1.577402) oc_vcan_012 95#800007F400000017
(1.578216) oc_vcan_012 1A4#000000080000003E
(1.578577) oc_vcan_012 1AA#7FFF00000000673F
(1.578760) oc_vcan_012 1B0#000F000000017500
(1.579068) oc_vcan_012 1D0#000000000000000A
(1.579327) oc_vcan_012 39#0039000000000000
(1.580136) oc_vcan_012 166#D032002700000000
(1.581423) oc_vcan_012 158#0000000000000028
(1.581684) oc_vcan_012 161#000005500108002B
(1.581832) oc_vcan_012 191#010010A141001A00
(1.582102) oc_vcan_012 133#00000000B6000000
(1.582353) oc_vcan_012 136#0002000000000039
(1.582600) oc_vcan_012 13A#0000000000000037
(1.582845) oc_vcan_012 13F#000000050000003D
(1.583070) oc_vcan_012 164#0000C01AA8000013
(1.583350) oc_vcan_012 17C#0000000010000030
(1.583407) oc_vcan_012 18E#00007A0000000000
(1.583728) oc_vcan_012 294#040B0002CF5A003B
(1.584036) oc_vcan_012 21E#03E8374522063E00
(1.585028) oc_vcan_012 183#0000000C0000103C
(1.585552) oc_vcan_012 143#6B6B00FF00000000
(1.587406) oc_vcan_012 95#800007F800000022
(1.590169) oc_vcan_012 166#D032003600000000
(1.591519) oc_vcan_012 158#0000000000000037
(1.591602) oc_vcan_012 161#000005500108003A
(1.591823) oc_vcan_012 191#010010A141002900
(1.592119) oc_vcan_012 164#0000C01AA8000022
(1.592296) oc_vcan_012 133#0000000089000000
(1.592347) oc_vcan_012 39#000C000000000000
(1.592737) oc_vcan_012 136#000200000000000C
(1.592949) oc_vcan_012 13A#000000000000000A
(1.593171) oc_vcan_012 13F#0000000500000000
(1.593567) oc_vcan_012 17C#0000000010000003
(1.593698) oc_vcan_012 18E#00004D0000000000
(1.593747) oc_vcan_012 1CF#80050000002D0000
(1.593930) oc_vcan_012 1DC#0200002A00000000
(1.594501) oc_vcan_012 183#0000000900001002
(1.595573) oc_vcan_012 143#6B6B00C200000000
(1.596215) oc_vcan_012 333#0000000000003C00
(1.597392) oc_vcan_012 95#800007F800000031
(1.598169) oc_vcan_012 1A4#0000000800000001
(1.598404) oc_vcan_012 1AA#7FFF000000006801
(1.598659) oc_vcan_012 1B0#000F000000014800
(1.598903) oc_vcan_012 1D0#000000000000000A
(1.600170) oc_vcan_012 166#D032000900000000
(1.601421) oc_vcan_012 158#000000000000000A
(1.601653) oc_vcan_012 161#000005500108000D
(1.601830) oc_vcan_012 191#010010A141003800
(1.602132) oc_vcan_012 133#0000000098000000
(1.602366) oc_vcan_012 136#000200000000001B
(1.602668) oc_vcan_012 13A#0000000000000019
(1.602847) oc_vcan_012 13F#000000050000001F
(1.603084) oc_vcan_012 164#0000C01AA8000031
(1.603334) oc_vcan_012 17C#0000000010000012
(1.603453) oc_vcan_012 18E#00005C0000000000
(1.605010) oc_vcan_012 183#0000000E0000101C
(1.605560) oc_vcan_012 143#6B6B00D100000000
(1.605821) oc_vcan_012 39#001B000000000000
(1.607428) oc_vcan_012 95#800007F800000004
(1.610169) oc_vcan_012 166#D032001800000000
(1.611385) oc_vcan_012 158#0000000000000019
(1.611678) oc_vcan_012 161#000005500108001C
(1.611838) oc_vcan_012 191#010090A141000300
(1.612140) oc_vcan_012 133#00000000A7000000
(1.612352) oc_vcan_012 136#000200000000002A
(1.612602) oc_vcan_012 13A#0000000000000028
(1.612850) oc_vcan_012 13F#000000050000002E
(1.613119) oc_vcan_012 164#0000C01AA8000004
(1.613350) oc_vcan_012 17C#0000000010000021
(1.613412) oc_vcan_012 18E#00006B0000000000
(1.613710) oc_vcan_012 1CF#80050000003C0000
(1.613855) oc_vcan_012 1DC#0200003900000000
(1.613998) oc_vcan_012 320#0000300000000000
(1.614271) oc_vcan_012 324#7465000000000E38
(1.614500) oc_vcan_012 37C#FD00FD00097F0038
(1.614760) oc_vcan_012 183#0000000A0000102F
(1.615678) oc_vcan_012 143#6B6B00E000000000
(1.617422) oc_vcan_012 95#800007F800000013
(1.618169) oc_vcan_012 1A4#0000000800000010
(1.618413) oc_vcan_012 1AA#7FFF000000006810
(1.618650) oc_vcan_012 1B0#000F000000015700
(1.618873) oc_vcan_012 1D0#000000000000000A
(1.619746) oc_vcan_012 39#002A000000000000
(1.620129) oc_vcan_012 166#D032002700000000
(1.621367) oc_vcan_012 158#0000000000000028
(1.621599) oc_vcan_012 161#000005500108002B
(1.621815) oc_vcan_012 191#010090A141001200
(1.622080) oc_vcan_012 133#00000000B6000000
(1.622374) oc_vcan_012 136#0002000000000039
(1.622659) oc_vcan_012 13A#0000000000000037
(1.622836) oc_vcan_012 13F#000000050000003D
(1.623065) oc_vcan_012 164#0000C01AA9000012
(1.623327) oc_vcan_012 17C#0000000010000030
(1.623393) oc_vcan_012 18E#00007A0000000000
(1.623734) oc_vcan_012 294#040B0002CF5A000E
(1.624030) oc_vcan_012 21E#03E8374522060100
(1.625070) oc_vcan_012 183#0000000F00001039
(1.625500) oc_vcan_012 143#6B6B00FF00000000
(1.627399) oc_vcan_012 95#800007F800000022
(1.630285) oc_vcan_012 166#D032003600000000
(1.631541) oc_vcan_012 158#0000000000000037
(1.631691) oc_vcan_012 161#000005500108003A
(1.631834) oc_vcan_012 191#010090A141002100
(1.632092) oc_vcan_012 164#0000C01AA8000022
(1.632262) oc_vcan_012 133#0000000089000000
(1.632571) oc_vcan_012 136#000200000000000C
(1.632745) oc_vcan_012 13A#000000000000000A
(1.632993) oc_vcan_012 13F#0000000500000000
(1.633226) oc_vcan_012 17C#0000000010000003
(1.633375) oc_vcan_012 18E#00004D0000000000
(1.633589) oc_vcan_012 1CF#80050000000F0000
(1.633744) oc_vcan_012 1DC#0200000C00000000
(1.634459) oc_vcan_012 183#0000001300001007
(1.634788) oc_vcan_012 39#0039000000000000
(1.635474) oc_vcan_012 143#6B6B00C200000000
(1.637392) oc_vcan_012 95#800007F400000035
(1.638144) oc_vcan_012 1A4#000000080000002F
(1.638391) oc_vcan_012 1AA#7FFF000000006720
(1.638649) oc_vcan_012 1B0#000F000000016600
(1.638876) oc_vcan_012 1D0#000000000000000A
(1.640174) oc_vcan_012 166#D032000900000000
(1.641381) oc_vcan_012 158#000000000000000A
(1.641906) oc_vcan_012 161#000005500108000D
(1.641974) oc_vcan_012 191#010090A141003000
(1.642028) oc_vcan_012 133#0000000098000000
(1.642346) oc_vcan_012 136#000200000000001B
(1.642815) oc_vcan_012 13A#0000000000000019
(1.642905) oc_vcan_012 13F#000000050000001F
(1.643100) oc_vcan_012 164#0000C01AA8000031
(1.643346) oc_vcan_012 17C#0000000010000012
(1.643472) oc_vcan_012 18E#00005C0000000000
(1.643732) oc_vcan_012 309#0000000000000084
(1.645078) oc_vcan_012 183#0000000E0000101C
(1.645550) oc_vcan_012 143#6B6B00D100000000
(1.647409) oc_vcan_012 95#800007F400000008
(1.648877) oc_vcan_012 39#000C000000000000
(1.650184) oc_vcan_012 166#D032001800000000
(1.651425) oc_vcan_012 158#0000000000000019
(1.651681) oc_vcan_012 161#000005500108001C
(1.651852) oc_vcan_012 191#010090A141000300
(1.652120) oc_vcan_012 164#0000C01AA8000004
(1.652274) oc_vcan_012 133#00000000A7000000
(1.652531) oc_vcan_012 136#000200000000002A
(1.652864) oc_vcan_012 13A#0000000000000028
(1.653017) oc_vcan_012 13F#000000050000002E
(1.653249) oc_vcan_012 17C#0000000010000021
(1.653400) oc_vcan_012 18E#00006B0000000000
(1.653607) oc_vcan_012 1CF#80050000001E0000
(1.653767) oc_vcan_012 1DC#0200001B00000000
(1.654516) oc_vcan_012 183#0000000A0000102F
(1.655500) oc_vcan_012 143#6B6B00E000000000
(1.657419) oc_vcan_012 95#800007F400000017
(1.658218) oc_vcan_012 1A4#000000080000003E
(1.658538) oc_vcan_012 1AA#7FFF00000000673F
(1.658706) oc_vcan_012 1B0#000F000000017500
(1.658946) oc_vcan_012 1D0#000000000000000A
(1.660175) oc_vcan_012 166#D032002700000000
(1.661394) oc_vcan_012 158#0000000000000028
(1.661657) oc_vcan_012 161#000005500108002B
(1.661857) oc_vcan_012 191#010090A141001200
(1.662102) oc_vcan_012 133#00000000B6000000
(1.662339) oc_vcan_012 136#0002000000000039
(1.662386) oc_vcan_012 39#001B000000000000
(1.662725) oc_vcan_012 13A#0000000000000037
(1.663066) oc_vcan_012 13F#000000050000003D
(1.663214) oc_vcan_012 164#0000C01AA8000013
(1.663469) oc_vcan_012 17C#0000000010000030
(1.663526) oc_vcan_012 18E#00007A0000000000
(1.663856) oc_vcan_012 294#040B0002CF5A001D
(1.663905) oc_vcan_012 305#8008000000000000
(1.664213) oc_vcan_012 21E#03E8374522061000
(1.665035) oc_vcan_012 183#0000000700001031
(1.665552) oc_vcan_012 143#6B6B00FF00000000
(1.667394) oc_vcan_012 95#800007F400000026
(1.667826) oc_vcan_012 5A1#960000000000622F
(1.670185) oc_vcan_012 166#D032003600000000
(1.671417) oc_vcan_012 158#0000000000000037
(1.671702) oc_vcan_012 161#000005500108003A
(1.671754) oc_vcan_012 191#010090A141002100
(1.672080) oc_vcan_012 133#0000000089000000
(1.672739) oc_vcan_012 136#000200000000000C
(1.672833) oc_vcan_012 13A#000000000000000A
(1.672894) oc_vcan_012 13F#0000000500000000
(1.673107) oc_vcan_012 164#0000C01AA8000022
(1.673345) oc_vcan_012 17C#0000000010000003
(1.673410) oc_vcan_012 18E#00004D0000000000
(1.673693) oc_vcan_012 1CF#80050000002D0000
(1.673761) oc_vcan_012 1DC#0200002A00000000
(1.674535) oc_vcan_012 183#0000000500001006
(1.675590) oc_vcan_012 143#6B6B00C200000000
(1.676157) oc_vcan_012 39#002A000000000000
(1.677411) oc_vcan_012 95#800007F400000035
(1.678174) oc_vcan_012 1A4#0000000800000001
(1.678407) oc_vcan_012 1AA#7FFF000000006801
(1.678656) oc_vcan_012 1B0#000F000000014800
(1.678884) oc_vcan_012 1D0#000000000000000A
(1.680173) oc_vcan_012 166#D032000900000000
(1.681427) oc_vcan_012 158#000000000000000A
(1.681641) oc_vcan_012 161#000005500108000D
(1.681839) oc_vcan_012 191#010090A141003000
(1.682114) oc_vcan_012 133#0000000098000000
(1.682373) oc_vcan_012 136#000200000000001B
(1.682605) oc_vcan_012 13A#0000000000000019
(1.682845) oc_vcan_012 13F#000000050000001F
(1.683088) oc_vcan_012 164#0000C01AA8000031
(1.683332) oc_vcan_012 17C#0000000010000012
(1.683389) oc_vcan_012 18E#00005C0000000000
(1.684942) oc_vcan_012 183#0000000B0000101F
(1.685537) oc_vcan_012 143#6B6B00D100000000
(1.687437) oc_vcan_012 95#800007F400000008
(1.688843) oc_vcan_012 39#0039000000000000
(1.690166) oc_vcan_012 166#D032001800000000
(1.691406) oc_vcan_012 158#0000000000000019
(1.691635) oc_vcan_012 161#000005500108001C
(1.691825) oc_vcan_012 191#010090A141000300
(1.692082) oc_vcan_012 133#00000000A7000000
(1.692460) oc_vcan_012 136#000200000000002A
(1.692510) oc_vcan_012 13A#0000000000000028
(1.692985) oc_vcan_012 13F#000000050000002E
(1.693035) oc_vcan_012 164#0000C01AA8000004
(1.693359) oc_vcan_012 17C#0000000010000021
(1.693419) oc_vcan_012 18E#00006B0000000000
(1.693689) oc_vcan_012 1CF#80050000003C0000
(1.693852) oc_vcan_012 1DC#0200003900000000
(1.694547) oc_vcan_012 183#0000000800001021
(1.695495) oc_vcan_012 143#6B6B00E000000000
(1.696219) oc_vcan_012 333#0000000000000F00
(1.697416) oc_vcan_012 95#800007F400000017
(1.698187) oc_vcan_012 1A4#0000000800000010
(1.698419) oc_vcan_012 1AA#7FFF000000006810
(1.698662) oc_vcan_012 1B0#000F000000015700
(1.698895) oc_vcan_012 1D0#000000000000000A
(1.700370) oc_vcan_012 166#D032002700000000
(1.701435) oc_vcan_012 158#0000000000000028
(1.701790) oc_vcan_012 161#000005500108002B
(1.701859) oc_vcan_012 191#010090A141001200
(1.702132) oc_vcan_012 133#00000000B6000000
(1.702374) oc_vcan_012 136#0002000000000039
(1.702596) oc_vcan_012 13A#0000000000000037
(1.702838) oc_vcan_012 13F#000000050000003D
(1.703079) oc_vcan_012 164#0000C01AA8000013
(1.703312) oc_vcan_012 17C#0000000010000030
(1.703452) oc_vcan_012 18E#00007A0000000000
(1.703800) oc_vcan_012 294#040B0002CF5A002C
(1.704010) oc_vcan_012 21E#03E8374522062F00
(1.705062) oc_vcan_012 183#0000000D0000103B
(1.705497) oc_vcan_012 143#6B6B00FF00000000
(1.707435) oc_vcan_012 95#800007F400000026
(1.708848) oc_vcan_012 39#000C000000000000
(1.710167) oc_vcan_012 166#D032003600000000
(1.711437) oc_vcan_012 158#0000000000000037
(1.711646) oc_vcan_012 161#000005500108003A
(1.711833) oc_vcan_012 191#010090A141002100
(1.712089) oc_vcan_012 133#0000000089000000
(1.712358) oc_vcan_012 136#000200000000000C
(1.712593) oc_vcan_012 13A#000000000000000A
(1.712824) oc_vcan_012 13F#0000000500000000
(1.713067) oc_vcan_012 164#0000C01AA8000022
(1.713335) oc_vcan_012 17C#0000000010000003
(1.713389) oc_vcan_012 18E#00004D0000000000
(1.713685) oc_vcan_012 1CF#80050000000F0000
(1.713843) oc_vcan_012 1DC#0200000C00000000
(1.713989) oc_vcan_012 320#0000030000000000
(1.714249) oc_vcan_012 324#7465000000000E0B
(1.714498) oc_vcan_012 37C#FD00FD00097F000B
(1.714733) oc_vcan_012 183#0000000900001002
(1.714977) oc_vcan_012 40C#033133383439000D
(1.715095) oc_vcan_012 454#23EF090000000000
(1.715698) oc_vcan_012 143#6B6B00C200000000
(1.717421) oc_vcan_012 95#800007F400000035
(1.718185) oc_vcan_012 1A4#000000080000002F
(1.718411) oc_vcan_012 1AA#7FFF000000006720
(1.718767) oc_vcan_012 1B0#000F000000016600
(1.718875) oc_vcan_012 1D0#000000000000000A
(1.720186) oc_vcan_012 166#D032000900000000
(1.721399) oc_vcan_012 158#000000000000000A
(1.721706) oc_vcan_012 161#000005500108000D
(1.721760) oc_vcan_012 191#010090A141003000
(1.722034) oc_vcan_012 18E#00005C0000000000
(1.722219) oc_vcan_012 133#0000000098000000
(1.722476) oc_vcan_012 136#000200000000001B
(1.722725) oc_vcan_012 13A#0000000000000019
(1.722802) oc_vcan_012 39#001B000000000000
(1.723108) oc_vcan_012 13F#000000050000001F
(1.723349) oc_vcan_012 164#0000C01AA8000031
(1.723607) oc_vcan_012 17C#0000000010000012
(1.725069) oc_vcan_012 183#0000000600001014
(1.725495) oc_vcan_012 143#6B6B00D100000000
(1.727439) oc_vcan_012 95#800007F400000008
(1.730201) oc_vcan_012 166#D032001800000000
(1.731409) oc_vcan_012 158#0000000000000019
(1.731629) oc_vcan_012 161#000005500108001C
(1.731951) oc_vcan_012 191#010090A141000300
(1.732002) oc_vcan_012 164#0000C01AA8000004
(1.732269) oc_vcan_012 133#00000000A7000000
(1.732513) oc_vcan_012 136#000200000000002A
(1.732753) oc_vcan_012 13A#0000000000000028
(1.732974) oc_vcan_012 13F#000000050000002E
(1.733228) oc_vcan_012 17C#0000000010000021
(1.733357) oc_vcan_012 18E#00006B0000000000
(1.733636) oc_vcan_012 1CF#80050000001E0000
(1.733672) oc_vcan_012 1DC#0200001B00000000
(1.734544) oc_vcan_012 183#0000000C0000102D
(1.735479) oc_vcan_012 143#6B6B00E000000000
(1.737431) oc_vcan_012 95#800007F400000017
(1.737846) oc_vcan_012 39#002A000000000000
(1.738226) oc_vcan_012 1A4#000000080000003E
(1.738465) oc_vcan_012 1AA#7FFF00000000673F
(1.738802) oc_vcan_012 1B0#000F000000017500
(1.738870) oc_vcan_012 1D0#000000000000000A
(1.740169) oc_vcan_012 166#D032002700000000
(1.741444) oc_vcan_012 158#0000000000000028
(1.742165) oc_vcan_012 161#000005500108002B
(1.742300) oc_vcan_012 191#010090A141001200
(1.742365) oc_vcan_012 133#00000000B6000000
(1.742434) oc_vcan_012 136#0002000000000039
(1.742588) oc_vcan_012 13A#0000000000000037
(1.742859) oc_vcan_012 13F#000000050000003D
(1.743060) oc_vcan_012 164#0000C01AA8000013
(1.743326) oc_vcan_012 17C#0000000010000030
(1.743453) oc_vcan_012 18E#00007A0000000000
(1.743843) oc_vcan_012 294#040B0002CF5A003B
(1.744035) oc_vcan_012 21E#03E8374522063E00
(1.744300) oc_vcan_012 309#0000000000000093
(1.744546) oc_vcan_012 428#01040000521C1000
(1.744840) oc_vcan_012 405#000004000000001A
(1.745077) oc_vcan_012 183#000000090000103F
(1.745523) oc_vcan_012 143#6B6B00FF00000000
(1.747467) oc_vcan_012 95#800007F400000026
(1.750213) oc_vcan_012 166#D032003600000000
(1.751400) oc_vcan_012 158#0000000000000037
(1.751759) oc_vcan_012 161#000005500108003A
(1.751843) oc_vcan_012 191#010090A141002100
(1.751889) oc_vcan_012 39#0039000000000000
(1.752152) oc_vcan_012 133#0000000089000000
(1.752406) oc_vcan_012 136#000200000000000C
(1.752669) oc_vcan_012 13A#000000000000000A
(1.752905) oc_vcan_012 13F#0000000500000000
(1.753125) oc_vcan_012 164#0000C01AA8000022
(1.753383) oc_vcan_012 17C#0000000010000003
(1.753516) oc_vcan_012 18E#00004D0000000000
(1.753831) oc_vcan_012 1CF#80050000002D0000
(1.753883) oc_vcan_012 1DC#0200002A00000000
(1.754519) oc_vcan_012 183#0000000E0000100D
(1.755506) oc_vcan_012 143#6B6B00C200000000
(1.757431) oc_vcan_012 95#800007F400000035
(1.758149) oc_vcan_012 1A4#0000000800000001
(1.758422) oc_vcan_012 1AA#7FFF000000006801
(1.758815) oc_vcan_012 1B0#000F000000014800
(1.758875) oc_vcan_012 1D0#000000000000000A
(1.760184) oc_vcan_012 166#D032000900000000
(1.761388) oc_vcan_012 158#000000000000000A
(1.761721) oc_vcan_012 161#000005500108000D
(1.761764) oc_vcan_012 191#010090A141003000
(1.762103) oc_vcan_012 133#0000000098000000
(1.762350) oc_vcan_012 136#000200000000001B
(1.762599) oc_vcan_012 13A#0000000000000019
(1.762839) oc_vcan_012 13F#000000050000001F
(1.763070) oc_vcan_012 164#0000C01AA8000031
(1.763345) oc_vcan_012 17C#0000000010000012
(1.763398) oc_vcan_012 18E#00005C0000000000
(1.765276) oc_vcan_012 183#0000000A00001010
(1.765351) oc_vcan_012 39#000C000000000000
(1.765541) oc_vcan_012 143#6B6B00D100000000
(1.765871) oc_vcan_012 305#8017000000000000
(1.767431) oc_vcan_012 95#800007F400000008
(1.770160) oc_vcan_012 166#D032001800000000
(1.771407) oc_vcan_012 158#0000000000000019
(1.771679) oc_vcan_012 161#000005500108001C
(1.771851) oc_vcan_012 191#010090A141000300
(1.772097) oc_vcan_012 133#00000000A7000000
(1.772364) oc_vcan_012 136#000200000000002A
(1.772508) oc_vcan_012 13A#0000000000000028
(1.772829) oc_vcan_012 13F#000000050000002E
(1.773075) oc_vcan_012 164#0000C01AA8000004
(1.773331) oc_vcan_012 17C#0000000010000021
(1.773384) oc_vcan_012 18E#00006B0000000000
(1.773721) oc_vcan_012 1CF#80050000003C0000
(1.773762) oc_vcan_012 1DC#0200003900000000
(1.774758) oc_vcan_012 183#0000000700001022
(1.775525) oc_vcan_012 143#6B6B00E000000000
(1.777440) oc_vcan_012 95#800007F400000017
(1.778172) oc_vcan_012 1A4#0000000800000010
(1.778410) oc_vcan_012 1AA#7FFF000000006810
(1.778711) oc_vcan_012 1B0#000F000000015700
(1.778877) oc_vcan_012 1D0#000000000000000A
(1.780144) oc_vcan_012 166#D032002700000000
(1.781462) oc_vcan_012 158#0000000000000028
(1.781673) oc_vcan_012 161#000005500108002B
(1.781843) oc_vcan_012 191#010090A141001200
(1.782095) oc_vcan_012 133#00000000B6000000
(1.782812) oc_vcan_012 136#0002000000000039
(1.783074) oc_vcan_012 39#001B000000000000
(1.783168) oc_vcan_012 13A#0000000000000037
(1.783243) oc_vcan_012 13F#000000050000003D
(1.783311) oc_vcan_012 164#0000C01AA8000013
(1.783382) oc_vcan_012 17C#0000000010000030
(1.783606) oc_vcan_012 18E#00007A0000000000
(1.783845) oc_vcan_012 294#040B0002CF5A000E
(1.784076) oc_vcan_012 21E#03E8374522060100
(1.785133) oc_vcan_012 183#0000000D0000103B
(1.785479) oc_vcan_012 143#6B6B00FF00000000
(1.787465) oc_vcan_012 95#800007F400000026
(1.790178) oc_vcan_012 166#D032003600000000
(1.791401) oc_vcan_012 158#0000000000000037
(1.791639) oc_vcan_012 161#000005500108003A
(1.791838) oc_vcan_012 191#010090A141002100
(1.792127) oc_vcan_012 164#0000C01AA8000022
(1.792362) oc_vcan_012 133#0000000089000000
(1.792550) oc_vcan_012 136#000200000000000C
(1.792837) oc_vcan_012 13A#000000000000000A
(1.793049) oc_vcan_012 13F#0000000500000000
(1.793289) oc_vcan_012 17C#0000000010000003
(1.793423) oc_vcan_012 18E#00004D0000000000
(1.793651) oc_vcan_012 1CF#80050000000F0000
(1.793823) oc_vcan_012 1DC#0200000C00000000
(1.794556) oc_vcan_012 183#0000000900001002
(1.794858) oc_vcan_012 39#002A000000000000
(1.795527) oc_vcan_012 143#6B6B00C200000000
(1.796219) oc_vcan_012 333#0000000000001E00
(1.797443) oc_vcan_012 95#800007F400000035
(1.798161) oc_vcan_012 1A4#000000080000002F
(1.798400) oc_vcan_012 1AA#7FFF000000006720
(1.798709) oc_vcan_012 1B0#000F000000016600
(1.798869) oc_vcan_012 1D0#000000000000000A
(1.800161) oc_vcan_012 166#D032000900000000
(1.801402) oc_vcan_012 158#000000000000000A
(1.801702) oc_vcan_012 161#000005500108000D
(1.801786) oc_vcan_012 191#010090A141003000
(1.802099) oc_vcan_012 133#0000000098000000
(1.802341) oc_vcan_012 136#000200000000001B
(1.802601) oc_vcan_012 13A#0000000000000019
(1.802907) oc_vcan_012 13F#000000050000001F
(1.803073) oc_vcan_012 164#0000C01AA8000031
(1.803317) oc_vcan_012 17C#0000000010000012
(1.803446) oc_vcan_012 18E#00005C0000000000
(1.804953) oc_vcan_012 183#0000000600001014
(1.805473) oc_vcan_012 143#6B6B00D100000000
(1.807443) oc_vcan_012 95#800007F400000008
(1.810154) oc_vcan_012 166#D032001800000000
(1.811414) oc_vcan_012 158#0000000000000019
(1.811681) oc_vcan_012 161#000005500108001C
(1.811895) oc_vcan_012 191#010090A141000300
(1.812160) oc_vcan_012 164#0000C01AA8000004
(1.812331) oc_vcan_012 133#00000000A7000000
(1.812561) oc_vcan_012 136#000200000000002A
(1.812824) oc_vcan_012 13A#0000000000000028
(1.813060) oc_vcan_012 13F#000000050000002E
(1.813300) oc_vcan_012 17C#0000000010000021
(1.813437) oc_vcan_012 18E#00006B0000000000
(1.813680) oc_vcan_012 1CF#80050000001E0000
(1.814062) oc_vcan_012 1DC#0200001B00000000
(1.814115) oc_vcan_012 320#0000120000000000
(1.814172) oc_vcan_012 324#7465000000000E1A
(1.814482) oc_vcan_012 37C#FD00FD00097F001A
(1.814537) oc_vcan_012 39#0039000000000000
(1.814858) oc_vcan_012 183#0000000C0000102D
(1.815651) oc_vcan_012 143#6B6B00E000000000
(1.817444) oc_vcan_012 95#800007F400000017
(1.818237) oc_vcan_012 1A4#000000080000003E
(1.818559) oc_vcan_012 1AA#7FFF00000000673F
(1.818728) oc_vcan_012 1B0#000F000000017500
(1.818982) oc_vcan_012 1D0#000000000000000A
(1.820137) oc_vcan_012 166#D032002700000000
(1.821682) oc_vcan_012 158#0000000000000028
(1.821739) oc_vcan_012 161#000005500108002B
(1.821820) oc_vcan_012 191#010090A141001200
(1.822088) oc_vcan_012 133#00000000B6000000
(1.822322) oc_vcan_012 136#0002000000000039
(1.822555) oc_vcan_012 13A#0000000000000037
(1.822824) oc_vcan_012 13F#000000050000003D
(1.823215) oc_vcan_012 164#0000C01AA9000012
(1.823266) oc_vcan_012 17C#0000000010000030
(1.823820) oc_vcan_012 18E#00007A0000000000
(1.823878) oc_vcan_012 294#040B0002CF5A001D
(1.824047) oc_vcan_012 21E#03E8374522061000
(1.825324) oc_vcan_012 183#000000090000103F
(1.825433) oc_vcan_012 143#6B6B00FF00000000
(1.826879) oc_vcan_012 39#000C000000000000
(1.827414) oc_vcan_012 95#800007F400000026
(1.830209) oc_vcan_012 166#D032003600000000
(1.831422) oc_vcan_012 158#0000000000000037
(1.831667) oc_vcan_012 161#000005500108003A
(1.831832) oc_vcan_012 191#010090A141002100
(1.832067) oc_vcan_012 164#0000C01AA9000021
(1.832319) oc_vcan_012 133#0000000089000000
(1.832514) oc_vcan_012 136#000200000000000C
(1.832750) oc_vcan_012 13A#000000000000000A
(1.832989) oc_vcan_012 13F#0000000500000000
(1.833240) oc_vcan_012 17C#0000000010000003
(1.833378) oc_vcan_012 18E#00004D0000000000
(1.833624) oc_vcan_012 1CF#80050000002D0000
(1.833678) oc_vcan_012 1DC#0200002A00000000
(1.834556) oc_vcan_012 183#0000000E0000100D
(1.835502) oc_vcan_012 143#6B6B00C200000000
(1.837446) oc_vcan_012 95#800007F400000035
(1.838155) oc_vcan_012 1A4#0000000800000001
(1.838445) oc_vcan_012 1AA#7FFF000000006801
(1.838648) oc_vcan_012 1B0#000F000000014800
(1.838889) oc_vcan_012 1D0#000000000000000A
(1.840204) oc_vcan_012 166#D032000900000000
(1.841399) oc_vcan_012 158#000000000000000A
(1.841640) oc_vcan_012 161#000005500108000D
(1.841842) oc_vcan_012 191#010090A141003000
(1.841893) oc_vcan_012 39#001B000000000000
(1.842160) oc_vcan_012 133#0000000098000000
(1.842410) oc_vcan_012 136#000200000000001B
(1.842694) oc_vcan_012 13A#0000000000000019
(1.842899) oc_vcan_012 13F#000000050000001F
(1.843140) oc_vcan_012 164#0000C01AA8000031
(1.843381) oc_vcan_012 17C#0000000010000012
(1.843448) oc_vcan_012 18E#00005C0000000000
(1.843830) oc_vcan_012 309#00000000000000A2
(1.845090) oc_vcan_012 183#0000000A00001010
(1.845476) oc_vcan_012 143#6B6B00D100000000
(1.847454) oc_vcan_012 95#800007F400000008
(1.850182) oc_vcan_012 166#D032001800000000
(1.851396) oc_vcan_012 158#0000000000000019
(1.851653) oc_vcan_012 161#000005500108001C
(1.851832) oc_vcan_012 191#010090A141000300
(1.852089) oc_vcan_012 133#00000000A7000000
(1.852323) oc_vcan_012 136#000200000000002A
(1.852569) oc_vcan_012 13A#0000000000000028
(1.852842) oc_vcan_012 13F#000000050000002E
(1.853053) oc_vcan_012 164#0000C01AA8000004
(1.853298) oc_vcan_012 17C#0000000010000021
(1.853437) oc_vcan_012 18E#00006B0000000000
(1.853661) oc_vcan_012 1CF#80050000003C0000
(1.853812) oc_vcan_012 1DC#0200003900000000
(1.854573) oc_vcan_012 183#0000000700001022
(1.855483) oc_vcan_012 143#6B6B00E000000000
(1.856376) oc_vcan_012 39#002A000000000000
(1.857450) oc_vcan_012 95#800007F400000017
(1.858176) oc_vcan_012 1A4#0000000800000010
(1.858436) oc_vcan_012 1AA#7FFF000000006810
(1.858658) oc_vcan_012 1B0#000F000000015700
(1.858953) oc_vcan_012 1D0#000000000000000A
(1.860148) oc_vcan_012 166#D032002700000000
(1.861393) oc_vcan_012 158#0000000000000028
(1.861704) oc_vcan_012 161#000005500108002B
(1.861745) oc_vcan_012 191#010090A141001200
(1.862090) oc_vcan_012 133#00000000B6000000
(1.862396) oc_vcan_012 136#0002000000000039
(1.862599) oc_vcan_012 13A#0000000000000037
(1.862823) oc_vcan_012 13F#000000050000003D
(1.863060) oc_vcan_012 164#0000C01AA8000013
(1.863309) oc_vcan_012 17C#0000000010000030
(1.863355) oc_vcan_012 18E#00007A0000000000
(1.863724) oc_vcan_012 294#040B0002CF5A002C
(1.864014) oc_vcan_012 21E#03E8374522062F00
(1.865100) oc_vcan_012 183#0000000500001033
(1.865478) oc_vcan_012 143#6B6B00FF00000000
(1.867569) oc_vcan_012 95#800007F400000026
(1.870190) oc_vcan_012 166#D032003600000000
(1.871217) oc_vcan_012 39#0039000000000000
(1.871333) oc_vcan_012 158#0000000000000037
(1.871623) oc_vcan_012 161#000005500108003A
(1.871819) oc_vcan_012 191#010090A141002100
(1.871931) oc_vcan_012 305#8026000000000000
(1.872164) oc_vcan_012 133#0000000089000000
(1.872731) oc_vcan_012 136#000200000000000C
(1.872898) oc_vcan_012 13A#000000000000000A
(1.872952) oc_vcan_012 13F#0000000500000000
(1.873140) oc_vcan_012 164#0000C01AA8000022
(1.873695) oc_vcan_012 17C#0000000010000003
(1.873769) oc_vcan_012 18E#00004D0000000000
(1.873855) oc_vcan_012 1CF#80050000000F0000
(1.873887) oc_vcan_012 1DC#0200000C00000000
(1.874533) oc_vcan_012 183#0000000300001008
(1.875456) oc_vcan_012 143#6B6B00C200000000
(1.877493) oc_vcan_012 95#800007F400000035
(1.878229) oc_vcan_012 1A4#000000080000002F
(1.878417) oc_vcan_012 1AA#7FFF000000006720
(1.878752) oc_vcan_012 1B0#000F000000016600
(1.878848) oc_vcan_012 1D0#000000000000000A
(1.880171) oc_vcan_012 166#D032000900000000
(1.881409) oc_vcan_012 158#000000000000000A
(1.881624) oc_vcan_012 161#000005500108000D
(1.881833) oc_vcan_012 191#010090A141003000
(1.882085) oc_vcan_012 133#0000000098000000
(1.882333) oc_vcan_012 136#000200000000001B
(1.882582) oc_vcan_012 13A#0000000000000019
(1.882869) oc_vcan_012 13F#000000050000001F
(1.883055) oc_vcan_012 164#0000C01AA8000031
(1.883301) oc_vcan_012 17C#0000000010000012
(1.883427) oc_vcan_012 18E#00005C0000000000
(1.884915) oc_vcan_012 39#000C000000000000
(1.885168) oc_vcan_012 183#0000000A00001010
(1.885501) oc_vcan_012 143#6B6B00D100000000
(1.887474) oc_vcan_012 95#800007F400000008
(1.890206) oc_vcan_012 166#D032001800000000
(1.891386) oc_vcan_012 158#0000000000000019
(1.891607) oc_vcan_012 161#000005500108001C
(1.891839) oc_vcan_012 191#010090A141000300
(1.892054) oc_vcan_012 133#00000000A7000000
(1.892351) oc_vcan_012 136#000200000000002A
(1.892577) oc_vcan_012 13A#0000000000000028
(1.892858) oc_vcan_012 13F#000000050000002E
(1.893042) oc_vcan_012 164#0000C01AA8000004
(1.893299) oc_vcan_012 17C#0000000010000021
(1.893434) oc_vcan_012 18E#00006B0000000000
(1.893658) oc_vcan_012 1CF#80050000001E0000
(1.893833) oc_vcan_012 1DC#0200001B00000000
(1.894586) oc_vcan_012 183#0000000700001022
(1.896185) oc_vcan_012 143#6B6B00E000000000
(1.896350) oc_vcan_012 333#0000000000002D00
(1.897515) oc_vcan_012 95#800007F400000017
(1.898220) oc_vcan_012 1A4#000000080000003E
(1.898455) oc_vcan_012 1AA#7FFF00000000673F
(1.898728) oc_vcan_012 1B0#000F000000017500
(1.898955) oc_vcan_012 1D0#000000000000000A
(1.899013) oc_vcan_012 39#001B000000000000
(1.900827) oc_vcan_012 166#D032002700000000
(1.901562) oc_vcan_012 158#0000000000000028
(1.901660) oc_vcan_012 161#000005500108002B
(1.902091) oc_vcan_012 191#010090A141001200
(1.902169) oc_vcan_012 133#00000000B6000000
(1.902471) oc_vcan_012 136#0002000000000039
(1.902527) oc_vcan_012 13A#0000000000000037
(1.902846) oc_vcan_012 13F#000000050000003D
(1.903074) oc_vcan_012 164#0000C01AA8000013
(1.903315) oc_vcan_012 17C#0000000010000030
(1.903372) oc_vcan_012 18E#00007A0000000000
(1.903873) oc_vcan_012 294#040B0002CF5A003B
(1.904021) oc_vcan_012 21E#03E8374522063E00
(1.905097) oc_vcan_012 183#0000000500001033
(1.905497) oc_vcan_012 143#6B6B00FF00000000
(1.907491) oc_vcan_012 95#800007F400000026
(1.910186) oc_vcan_012 166#D032003600000000
(1.911408) oc_vcan_012 158#0000000000000037
(1.911707) oc_vcan_012 161#000005500108003A
(1.911753) oc_vcan_012 191#010010A141002900
(1.912094) oc_vcan_012 133#0000000089000000
(1.912340) oc_vcan_012 136#000200000000000C
(1.912575) oc_vcan_012 13A#000000000000000A
(1.912828) oc_vcan_012 13F#0000000500000000
(1.913038) oc_vcan_012 164#0000C01AA8000022
(1.913293) oc_vcan_012 17C#0000000010000003
(1.913412) oc_vcan_012 18E#00004D0000000000
(1.913672) oc_vcan_012 1CF#80050000002D0000
(1.913803) oc_vcan_012 1DC#0200002A00000000
(1.913939) oc_vcan_012 320#0000210000000000
(1.914213) oc_vcan_012 324#7465000000000E29
(1.914442) oc_vcan_012 37C#FD00FD00097F0029
(1.914726) oc_vcan_012 183#0000000B00001000
(1.915595) oc_vcan_012 143#6B6B00C200000000
(1.917605) oc_vcan_012 95#800007F400000035
(1.918179) oc_vcan_012 1A4#0000000800000001
(1.918447) oc_vcan_012 1AA#7FFF000000006801
(1.918654) oc_vcan_012 1B0#000F000000014800
(1.918927) oc_vcan_012 1D0#000000000000000A
(1.918988) oc_vcan_012 39#002A000000000000
(1.920192) oc_vcan_012 166#D032000900000000
(1.921411) oc_vcan_012 158#000000000000000A
(1.921730) oc_vcan_012 161#000005500108000D
(1.921863) oc_vcan_012 191#010010A141003800
(1.922061) oc_vcan_012 133#0000000098000000
(1.922372) oc_vcan_012 136#000200000000001B
(1.922566) oc_vcan_012 13A#0000000000000019
(1.922844) oc_vcan_012 13F#000000050000001F
(1.923036) oc_vcan_012 164#0000C01AA8000031
(1.923293) oc_vcan_012 17C#0000000010000012
(1.923419) oc_vcan_012 18E#00005C0000000000
(1.925008) oc_vcan_012 183#0000000800001012
(1.925450) oc_vcan_012 143#6B6B00D100000000
(1.927500) oc_vcan_012 95#800007F400000008
(1.930207) oc_vcan_012 166#D032001800000000
(1.931432) oc_vcan_012 158#0000000000000019
(1.931841) oc_vcan_012 161#000005500108001C
(1.931905) oc_vcan_012 191#010010A141000B00
(1.931947) oc_vcan_012 39#0039000000000000
(1.932159) oc_vcan_012 133#00000000A7000000
(1.932425) oc_vcan_012 136#000200000000002A
(1.932665) oc_vcan_012 13A#0000000000000028
(1.932891) oc_vcan_012 13F#000000050000002E
(1.933117) oc_vcan_012 164#0000C01AA8000004
(1.933367) oc_vcan_012 17C#0000000010000021
(1.933503) oc_vcan_012 18E#00006B0000000000
(1.933718) oc_vcan_012 1CF#80050000003C0000
(1.933883) oc_vcan_012 1DC#0200003900000000
(1.934754) oc_vcan_012 183#0000000D0000102C
(1.935461) oc_vcan_012 143#6B6B00E000000000
(1.937513) oc_vcan_012 95#800007F400000017
(1.938153) oc_vcan_012 1A4#0000000800000010
(1.938397) oc_vcan_012 1AA#7FFF000000006810
(1.938692) oc_vcan_012 1B0#000F000000015700
(1.938876) oc_vcan_012 1D0#000000000000000A
(1.940166) oc_vcan_012 166#D032002700000000
(1.941387) oc_vcan_012 158#0000000000000028
(1.941607) oc_vcan_012 161#000005500108002B
(1.941816) oc_vcan_012 191#010010A141001A00
(1.942049) oc_vcan_012 133#00000000B6000000
(1.942315) oc_vcan_012 136#0002000000000039
(1.942545) oc_vcan_012 13A#0000000000000037
(1.942814) oc_vcan_012 13F#000000050000003D
(1.943028) oc_vcan_012 164#0000C01AA8000013
(1.943305) oc_vcan_012 17C#0000000010000030
(1.943438) oc_vcan_012 18E#00007A0000000000
(1.943725) oc_vcan_012 294#040B0002CF5A000E
(1.944011) oc_vcan_012 21E#03E8374522060100
(1.944326) oc_vcan_012 309#00000000000000B1
(1.945112) oc_vcan_012 183#0000001100001036
(1.945461) oc_vcan_012 143#6B6B00FF00000000
(1.946857) oc_vcan_012 39#000C000000000000
(1.947532) oc_vcan_012 95#800007F400000026
(1.950190) oc_vcan_012 166#D032003600000000
(1.951398) oc_vcan_012 158#0000000000000037
(1.951670) oc_vcan_012 161#000005500108003A
(1.951855) oc_vcan_012 191#010010A141002900
(1.952097) oc_vcan_012 164#0000C01AA8000022
(1.952255) oc_vcan_012 133#0000000089000000
(1.952519) oc_vcan_012 136#000200000000000C
(1.952760) oc_vcan_012 13A#000000000000000A
(1.953005) oc_vcan_012 13F#0000000500000000
(1.953226) oc_vcan_012 17C#0000000010000003
(1.953368) oc_vcan_012 18E#00004D0000000000
(1.953586) oc_vcan_012 1CF#80050000000F0000
(1.953739) oc_vcan_012 1DC#0200000C00000000
(1.954569) oc_vcan_012 183#0000000C0000100F
(1.955522) oc_vcan_012 143#6B6B00C200000000
(1.957510) oc_vcan_012 95#800007F400000035
(1.958158) oc_vcan_012 1A4#000000080000002F
(1.958415) oc_vcan_012 1AA#7FFF000000006720
(1.958638) oc_vcan_012 1B0#000F000000016600
(1.958940) oc_vcan_012 1D0#000000000000000A
(1.960168) oc_vcan_012 166#D032000900000000
(1.961396) oc_vcan_012 158#000000000000000A
(1.961706) oc_vcan_012 161#000005500108000D
(1.961761) oc_vcan_012 191#010010A141003800
(1.961964) oc_vcan_012 39#001B000000000000
(1.962210) oc_vcan_012 133#0000000098000000
(1.962557) oc_vcan_012 136#000200000000001B
(1.962719) oc_vcan_012 13A#0000000000000019
(1.962927) oc_vcan_012 13F#000000050000001F
(1.963156) oc_vcan_012 164#0000C01AA8000031
(1.963378) oc_vcan_012 17C#0000000010000012
(1.963434) oc_vcan_012 18E#00005C0000000000
(1.965104) oc_vcan_012 183#0000001000001019
(1.965479) oc_vcan_012 143#6B6B00D100000000
(1.967552) oc_vcan_012 95#800007F400000008
(1.970268) oc_vcan_012 166#D032001800000000
(1.971434) oc_vcan_012 158#0000000000000019
(1.971641) oc_vcan_012 161#000005500108001C
(1.971823) oc_vcan_012 191#010010A141000B00
(1.972047) oc_vcan_012 133#00000000A7000000
(1.972299) oc_vcan_012 136#000200000000002A
(1.972585) oc_vcan_012 13A#0000000000000028
(1.972842) oc_vcan_012 13F#000000050000002E
(1.973017) oc_vcan_012 164#0000C01AA8000004
(1.973270) oc_vcan_012 17C#0000000010000021
(1.973398) oc_vcan_012 18E#00006B0000000000
(1.973655) oc_vcan_012 1CF#80050000001E0000
(1.973811) oc_vcan_012 1DC#0200001B00000000
(1.974581) oc_vcan_012 183#0000000C0000102D
(1.975462) oc_vcan_012 143#6B6B00E000000000
(1.975858) oc_vcan_012 39#002A000000000000
(1.976374) oc_vcan_012 305#8035000000000000
(1.977517) oc_vcan_012 95#800007F400000017
(1.978262) oc_vcan_012 1A4#000000080000003E
(1.978472) oc_vcan_012 1AA#7FFF00000000673F
(1.978730) oc_vcan_012 1B0#000F000000017500
(1.979103) oc_vcan_012 1D0#000000000000000A
(1.980179) oc_vcan_012 166#D032002700000000
(1.981438) oc_vcan_012 158#0000000000000028
(1.982103) oc_vcan_012 161#000005500108002B
(1.982153) oc_vcan_012 191#010010A141001A00
(1.982202) oc_vcan_012 133#00000000B6000000
(1.982263) oc_vcan_012 136#0002000000000039
(1.982559) oc_vcan_012 13A#0000000000000037
(1.982824) oc_vcan_012 13F#000000050000003D
(1.983073) oc_vcan_012 164#0000C01AA8000013
(1.983295) oc_vcan_012 17C#0000000010000030
(1.983421) oc_vcan_012 18E#00007A0000000000
(1.984141) oc_vcan_012 294#040B0002CF5A001D
(1.984187) oc_vcan_012 21E#03E8374522061000
(1.985131) oc_vcan_012 183#000000090000103F
(1.985471) oc_vcan_012 143#6B6B00FF00000000
(1.987858) oc_vcan_012 95#800007F400000026
(1.990154) oc_vcan_012 166#D032003600000000
(1.990922) oc_vcan_012 39#0039000000000000
(1.991376) oc_vcan_012 158#0000000000000037
(1.991605) oc_vcan_012 161#000005500108003A
(1.991830) oc_vcan_012 191#010010A141002900
(1.992053) oc_vcan_012 133#0000000089000000
(1.992298) oc_vcan_012 136#000200000000000C
(1.992558) oc_vcan_012 13A#000000000000000A
(1.992835) oc_vcan_012 13F#0000000500000000
(1.993009) oc_vcan_012 164#0000C01AA9000021
(1.993284) oc_vcan_012 17C#0000000010000003
(1.993411) oc_vcan_012 18E#00004D0000000000
(1.993629) oc_vcan_012 1CF#80050000002D0000
(1.993791) oc_vcan_012 1DC#0200002A00000000
(1.994587) oc_vcan_012 183#0000000E0000100D
(1.995476) oc_vcan_012 143#6B6B00C200000000
(1.996258) oc_vcan_012 333#0000000000003C00
(1.997568) oc_vcan_012 95#800007F400000035
(1.998147) oc_vcan_012 1A4#0000000800000001
(1.998392) oc_vcan_012 1AA#7FFF000000006801
(1.998657) oc_vcan_012 1B0#000F000000014800
(1.998890) oc_vcan_012 1D0#000000000000000A
(2.000246) oc_vcan_012 166#D032000900000000
(2.001413) oc_vcan_012 158#000000000000000A
(2.001748) oc_vcan_012 161#000005500108000D
(2.001832) oc_vcan_012 191#010010A141003800
(2.002082) oc_vcan_012 133#0000000098000000
(2.002310) oc_vcan_012 136#000200000000001B
(2.002588) oc_vcan_012 13A#0000000000000019
(2.002833) oc_vcan_012 13F#000000050000001F
(2.003070) oc_vcan_012 164#0000C01AA8000031
(2.003324) oc_vcan_012 17C#0000000010000012
(2.003373) oc_vcan_012 18E#00005C0000000000
(2.003883) oc_vcan_012 39#000C000000000000
(2.005116) oc_vcan_012 183#0000000A00001010
(2.005464) oc_vcan_012 143#6B6B00D100000000
(2.007565) oc_vcan_012 95#800007F400000008
(2.010187) oc_vcan_012 166#D032001800000000
(2.011449) oc_vcan_012 158#0000000000000019
(2.011669) oc_vcan_012 161#000005500108001C
(2.011851) oc_vcan_012 191#010010A141000B00
(2.012102) oc_vcan_012 133#00000000A7000000
(2.012364) oc_vcan_012 136#000200000000002A
(2.012540) oc_vcan_012 13A#0000000000000028
(2.012831) oc_vcan_012 13F#000000050000002E
(2.013047) oc_vcan_012 164#0000C01AA8000004
(2.013293) oc_vcan_012 17C#0000000010000021
(2.013440) oc_vcan_012 18E#00006B0000000000
(2.013733) oc_vcan_012 1CF#80050000003C0000
(2.013830) oc_vcan_012 1DC#0200003900000000
(2.013959) oc_vcan_012 320#0000300000000000
(2.014219) oc_vcan_012 324#7465000000000E38
(2.014470) oc_vcan_012 37C#FD00FD00097F0038
(2.014701) oc_vcan_012 40C#0000000004000013
(2.014963) oc_vcan_012 183#0000000F0000102A
(2.015013) oc_vcan_012 454#23EF180000000000
(2.015586) oc_vcan_012 143#6B6B00E000000000
(2.017547) oc_vcan_012 95#800007F400000017
(2.018196) oc_vcan_012 1A4#0000000800000010
(2.018417) oc_vcan_012 1AA#7FFF000000006810
(2.018648) oc_vcan_012 1B0#000F000000015700
(2.018886) oc_vcan_012 1D0#000000000000000A
(2.020161) oc_vcan_012 166#D032002700000000
(2.021407) oc_vcan_012 158#0000000000000028
(2.021598) oc_vcan_012 161#000005500108002B
(2.021798) oc_vcan_012 191#010010A141001A00
(2.022057) oc_vcan_012 133#00000000B6000000
(2.022306) oc_vcan_012 136#0002000000000039
(2.022572) oc_vcan_012 13A#0000000000000037
(2.022830) oc_vcan_012 13F#000000050000003D
(2.023014) oc_vcan_012 164#0000C01AA9000012
(2.023280) oc_vcan_012 17C#0000000010000030
(2.023340) oc_vcan_012 18E#00007A0000000000
(2.023670) oc_vcan_012 294#040B0002CF5A002C
(2.023716) oc_vcan_012 39#001B000000000000
(2.024372) oc_vcan_012 21E#03E8374522062F00
(2.025128) oc_vcan_012 183#0000001300001034
(2.025475) oc_vcan_012 143#6B6B00FF00000000
(2.027837) oc_vcan_012 95#800007F400000026
(2.030391) oc_vcan_012 166#D032003600000000
(2.031472) oc_vcan_012 158#0000000000000037
(2.031534) oc_vcan_012 161#000005500108003A
(2.031839) oc_vcan_012 191#010010A141002900
(2.032078) oc_vcan_012 164#0000C01AA8000022
(2.032288) oc_vcan_012 133#0000000089000000
(2.032525) oc_vcan_012 136#000200000000000C
(2.032744) oc_vcan_012 13A#000000000000000A
(2.033105) oc_vcan_012 13F#0000000500000000
(2.033834) oc_vcan_012 17C#0000000010000003
(2.033893) oc_vcan_012 18E#00004D0000000000
(2.033941) oc_vcan_012 1CF#80050000000F0000
(2.034001) oc_vcan_012 1DC#0200000C00000000
(2.034599) oc_vcan_012 183#0000000E0000100D
(2.035523) oc_vcan_012 143#6B6B00C200000000
(2.037861) oc_vcan_012 95#800007F400000035
(2.038173) oc_vcan_012 1A4#000000080000002F
(2.038385) oc_vcan_012 1AA#7FFF000000006720
(2.038753) oc_vcan_012 1B0#000F000000016600
(2.038956) oc_vcan_012 1D0#000000000000000A
(2.040185) oc_vcan_012 166#D032000900000000
(2.041418) oc_vcan_012 158#000000000000000A
(2.041745) oc_vcan_012 161#000005500108000D
(2.041817) oc_vcan_012 191#010010A141003800
(2.042087) oc_vcan_012 133#0000000098000000
(2.042326) oc_vcan_012 136#000200000000001B
(2.042583) oc_vcan_012 13A#0000000000000019
(2.042822) oc_vcan_012 13F#000000050000001F
(2.043054) oc_vcan_012 164#0000C01AA8000031
(2.043296) oc_vcan_012 17C#0000000010000012
(2.043431) oc_vcan_012 18E#00005C0000000000
(2.043703) oc_vcan_012 309#0000000000000084
(2.044027) oc_vcan_012 428#01040000521C2F00
(2.044308) oc_vcan_012 405#0000040000000029
(2.044358) oc_vcan_012 39#002A000000000000
(2.045010) oc_vcan_012 183#0000001200001017
(2.045465) oc_vcan_012 143#6B6B00D100000000
(2.047828) oc_vcan_012 95#800007F400000008
(2.050197) oc_vcan_012 166#D032001800000000
(2.051406) oc_vcan_012 158#0000000000000019
(2.051670) oc_vcan_012 161#000005500108001C
(2.051837) oc_vcan_012 191#010010A141000B00
(2.052075) oc_vcan_012 164#0000C01AA8000004
(2.052265) oc_vcan_012 133#00000000A7000000
(2.052512) oc_vcan_012 136#000200000000002A
(2.052737) oc_vcan_012 13A#0000000000000028
(2.052987) oc_vcan_012 13F#000000050000002E
(2.053249) oc_vcan_012 17C#0000000010000021
(2.053323) oc_vcan_012 18E#00006B0000000000
(2.053595) oc_vcan_012 1CF#80050000001E0000
(2.053730) oc_vcan_012 1DC#0200001B00000000
(2.054659) oc_vcan_012 183#0000000D0000102C
(2.055461) oc_vcan_012 143#6B6B00E000000000
(2.057876) oc_vcan_012 95#800007F400000017
(2.057944) oc_vcan_012 39#0039000000000000
(2.058225) oc_vcan_012 1A4#000000080000003E
(2.058568) oc_vcan_012 1AA#7FFF00000000683E
(2.058838) oc_vcan_012 1B0#000F000000017500
(2.058891) oc_vcan_012 1D0#000000000000000A
(2.060159) oc_vcan_012 166#D032002700000000
(2.061396) oc_vcan_012 158#0000000000000028
(2.061843) oc_vcan_012 161#000005500108002B
(2.061901) oc_vcan_012 191#010010A141001A00
(2.062072) oc_vcan_012 133#00000000B6000000
(2.062393) oc_vcan_012 136#0002000000000039
(2.062548) oc_vcan_012 13A#0000000000000037
(2.062801) oc_vcan_012 13F#000000050000003D
(2.063035) oc_vcan_012 164#0000C01AA8000013
(2.063274) oc_vcan_012 17C#0000000010000030
(2.063401) oc_vcan_012 18E#00007A0000000000
(2.063668) oc_vcan_012 294#040B0002CF5A003B
(2.063959) oc_vcan_012 21E#03E8374522063E00
(2.065159) oc_vcan_012 183#000000090000103F
(2.065451) oc_vcan_012 143#6B6B00FF00000000
(2.067846) oc_vcan_012 95#800007F400000026
(2.070165) oc_vcan_012 166#D032003600000000
(2.071430) oc_vcan_012 158#0000000000000037
(2.072111) oc_vcan_012 161#000005500108003A
(2.072156) oc_vcan_012 191#010010A141002900
(2.072188) oc_vcan_012 164#0000C01AA8000022
(2.072428) oc_vcan_012 133#0000000089000000
(2.072477) oc_vcan_012 136#000200000000000C
(2.072763) oc_vcan_012 13A#000000000000000A
(2.073009) oc_vcan_012 13F#0000000500000000
(2.073235) oc_vcan_012 17C#0000000010000003
(2.073386) oc_vcan_012 18E#00004D0000000000
(2.073428) oc_vcan_012 39#000C000000000000
(2.073733) oc_vcan_012 1CF#80050000002D0000
(2.073886) oc_vcan_012 1DC#0200002A00000000
(2.074837) oc_vcan_012 183#0000000E0000100D
(2.075446) oc_vcan_012 143#6B6B00C200000000
(2.077863) oc_vcan_012 95#800007F400000035
(2.078154) oc_vcan_012 1A4#0000000800000001
(2.078385) oc_vcan_012 1AA#7FFF000000006801
(2.078600) oc_vcan_012 1B0#000F000000014800
(2.078871) oc_vcan_012 1D0#000000000000000A
(2.080164) oc_vcan_012 166#D032000900000000
(2.080846) oc_vcan_012 305#8008000000000000
(2.081514) oc_vcan_012 158#000000000000000A
(2.081576) oc_vcan_012 161#000005500108000D
(2.081835) oc_vcan_012 191#010010A141003800
(2.082067) oc_vcan_012 133#0000000098000000
(2.082338) oc_vcan_012 136#000200000000001B
(2.082571) oc_vcan_012 13A#0000000000000019
(2.082823) oc_vcan_012 13F#000000050000001F
(2.083034) oc_vcan_012 164#0000C01AA8000031
(2.083290) oc_vcan_012 17C#0000000010000012
(2.083423) oc_vcan_012 18E#00005C0000000000
(2.085107) oc_vcan_012 183#0000000A00001010
(2.085418) oc_vcan_012 143#6B6B00D100000000
(2.087851) oc_vcan_012 95#800007F400000008
(2.087910) oc_vcan_012 39#001B000000000000
(2.090192) oc_vcan_012 166#D032001800000000
(2.091374) oc_vcan_012 158#0000000000000019
(2.091680) oc_vcan_012 161#000005500108001C
(2.091849) oc_vcan_012 191#010010A141000B00
(2.092065) oc_vcan_012 133#00000000A7000000
(2.092316) oc_vcan_012 136#000200000000002A
(2.092549) oc_vcan_012 13A#0000000000000028
(2.092864) oc_vcan_012 13F#000000050000002E
(2.093008) oc_vcan_012 164#0000C01AA8000004
(2.093263) oc_vcan_012 17C#0000000010000021
(2.093406) oc_vcan_012 18E#00006B0000000000
(2.093669) oc_vcan_012 1CF#80050000003C0000
(2.093707) oc_vcan_012 1DC#0200003900000000
(2.094650) oc_vcan_012 183#0000000F0000102A
(2.095532) oc_vcan_012 143#6B6B00E000000000
(2.096243) oc_vcan_012 333#0000000000000F00
(2.097836) oc_vcan_012 95#800007F400000017
(2.098140) oc_vcan_012 1A4#0000000800000010
(2.098377) oc_vcan_012 1AA#7FFF000000006810
(2.098601) oc_vcan_012 1B0#000F000000015700
(2.098880) oc_vcan_012 1D0#000000000000000A
(2.100133) oc_vcan_012 166#D032002700000000
(2.101455) oc_vcan_012 158#0000000000000028
(2.102179) oc_vcan_012 161#000005500108002B
(2.102244) oc_vcan_012 191#010010A141001A00
(2.102904) oc_vcan_012 133#00000000B6000000
(2.102946) oc_vcan_012 136#0002000000000039
(2.102977) oc_vcan_012 13A#0000000000000037
(2.103001) oc_vcan_012 13F#000000050000003D
(2.103026) oc_vcan_012 164#0000C01AA8000013
(2.103274) oc_vcan_012 17C#0000000010000030
(2.103420) oc_vcan_012 18E#00007A0000000000
(2.103685) oc_vcan_012 294#040B0002CF5A000E
(2.103970) oc_vcan_012 21E#03E8374522060100
(2.105158) oc_vcan_012 183#0000000B0000103D
(2.105506) oc_vcan_012 143#6B6B00FF00000000
(2.107844) oc_vcan_012 95#800007F400000026
(2.107934) oc_vcan_012 39#002A000000000000
(2.110187) oc_vcan_012 166#D032003600000000
(2.111399) oc_vcan_012 158#0000000000000037
(2.111637) oc_vcan_012 161#000005500108003A
(2.111832) oc_vcan_012 191#010010A141002900
(2.112146) oc_vcan_012 133#0000000089000000
(2.112394) oc_vcan_012 136#000200000000000C
(2.112596) oc_vcan_012 13A#000000000000000A
(2.112929) oc_vcan_012 13F#0000000500000000
(2.113002) oc_vcan_012 164#0000C01AA8000022
(2.113377) oc_vcan_012 17C#0000000010000003
(2.113416) oc_vcan_012 18E#00004D0000000000
(2.113639) oc_vcan_012 1CF#80050000000F0000
(2.113795) oc_vcan_012 1DC#0200000C00000000
(2.113925) oc_vcan_012 320#0000030000000000
(2.114211) oc_vcan_012 324#7465000000000E0B
(2.114427) oc_vcan_012 37C#FD00FD00097F000B
(2.114801) oc_vcan_012 183#0000000800001003
(2.115590) oc_vcan_012 143#6B6B00C200000000
(2.118139) oc_vcan_012 95#800007F400000035
(2.118206) oc_vcan_012 1A4#000000080000002F
(2.118431) oc_vcan_012 1AA#7FFF000000006720
(2.118598) oc_vcan_012 1B0#000F000000016600
(2.118866) oc_vcan_012 1D0#000000000000000A
(2.120184) oc_vcan_012 166#D032000900000000
(2.120842) oc_vcan_012 39#0039000000000000
(2.121394) oc_vcan_012 158#000000000000000A
(2.121667) oc_vcan_012 161#000005500108000D
(2.121851) oc_vcan_012 191#010010A141003800
(2.122066) oc_vcan_012 133#0000000098000000
(2.122361) oc_vcan_012 136#000200000000001B
(2.122608) oc_vcan_012 13A#0000000000000019
(2.122839) oc_vcan_012 13F#000000050000001F
(2.123042) oc_vcan_012 164#0000C01AA8000031
(2.123320) oc_vcan_012 17C#0000000010000012
(2.123373) oc_vcan_012 18E#00005C0000000000
(2.125168) oc_vcan_012 183#0000000D0000101D
(2.125440) oc_vcan_012 143#6B6B00D100000000
(2.127928) oc_vcan_012 95#800007F400000008
(2.130246) oc_vcan_012 166#D032001800000000
(2.131417) oc_vcan_012 158#0000000000000019
(2.131824) oc_vcan_012 161#000005500108001C
(2.131912) oc_vcan_012 191#010010A141000B00
(2.132089) oc_vcan_012 164#0000C01AA9000003
(2.132302) oc_vcan_012 133#00000000A7000000
(2.132494) oc_vcan_012 136#000200000000002A
(2.132760) oc_vcan_012 13A#0000000000000028
(2.132981) oc_vcan_012 13F#000000050000002E
(2.133227) oc_vcan_012 17C#0000000010000021
(2.133352) oc_vcan_012 18E#00006B0000000000
(2.133564) oc_vcan_012 1CF#80050000001E0000
(2.133798) oc_vcan_012 1DC#0200001B00000000
(2.133854) oc_vcan_012 39#000C000000000000
(2.134712) oc_vcan_012 183#0000000900001020
(2.135462) oc_vcan_012 143#6B6B00E000000000
(2.137833) oc_vcan_012 95#800007F400000017
(2.138222) oc_vcan_012 1A4#000000080000003E
(2.138469) oc_vcan_012 1AA#7FFF00000000683E
(2.138687) oc_vcan_012 1B0#000F000000017500
(2.138942) oc_vcan_012 1D0#000000000000000A
(2.140154) oc_vcan_012 166#D032002700000000
(2.141388) oc_vcan_012 158#0000000000000028
(2.141593) oc_vcan_012 161#000005500108002B
(2.141828) oc_vcan_012 191#010010A141001A00
(2.142060) oc_vcan_012 133#00000000B6000000
(2.142353) oc_vcan_012 136#0002000000000039
(2.142574) oc_vcan_012 13A#0000000000000037
(2.142847) oc_vcan_012 13F#000000050000003D
(2.143010) oc_vcan_012 164#0000C01AA8000013
(2.143280) oc_vcan_012 17C#0000000010000030
(2.143395) oc_vcan_012 18E#00007A0000000000
(2.143691) oc_vcan_012 294#040B0002CF5A001D
(2.143946) oc_vcan_012 21E#03E8374522061000
(2.144220) oc_vcan_012 309#0000000000000093
(2.145164) oc_vcan_012 183#0000000E0000103A
(2.145450) oc_vcan_012 143#6B6B00FF00000000
(2.147942) oc_vcan_012 95#800007F400000026
(2.149904) oc_vcan_012 39#001B000000000000
(2.150162) oc_vcan_012 166#D032003600000000
(2.151434) oc_vcan_012 158#0000000000000037
(2.151600) oc_vcan_012 161#000005500108003A
(2.151833) oc_vcan_012 191#010010A141002900
(2.152046) oc_vcan_012 133#0000000089000000
(2.152276) oc_vcan_012 136#000200000000000C
(2.152538) oc_vcan_012 13A#000000000000000A
(2.152806) oc_vcan_012 13F#0000000500000000
(2.153001) oc_vcan_012 164#0000C01AA8000022
(2.153277) oc_vcan_012 17C#0000000010000003
(2.153320) oc_vcan_012 18E#00004D0000000000
(2.153608) oc_vcan_012 1CF#80050000002D0000
(2.153752) oc_vcan_012 1DC#0200002A00000000
(2.154672) oc_vcan_012 183#0000000A00001001
(2.155452) oc_vcan_012 143#6B6B00C200000000
(2.157908) oc_vcan_012 95#800007F400000035
(2.158153) oc_vcan_012 1A4#0000000800000001
(2.158363) oc_vcan_012 1AA#7FFF000000006801
(2.158598) oc_vcan_012 1B0#000F000000014800
(2.158812) oc_vcan_012 1D0#000000000000000A
(2.160183) oc_vcan_012 166#D032000900000000
(2.161416) oc_vcan_012 158#000000000000000A
(2.161844) oc_vcan_012 161#000005500108000D
(2.161904) oc_vcan_012 191#010010A141003800
(2.162039) oc_vcan_012 133#0000000098000000
(2.162313) oc_vcan_012 136#000200000000001B
(2.162559) oc_vcan_012 13A#0000000000000019
(2.162833) oc_vcan_012 13F#000000050000001F
(2.163033) oc_vcan_012 164#0000C01AA8000031
(2.163311) oc_vcan_012 17C#0000000010000012
(2.163362) oc_vcan_012 18E#00005C0000000000
(2.163819) oc_vcan_012 39#002A000000000000
(2.165328) oc_vcan_012 183#0000000700001013
(2.165424) oc_vcan_012 143#6B6B00D100000000
(2.168254) oc_vcan_012 95#800007F400000008
(2.170202) oc_vcan_012 166#D032001800000000
(2.171426) oc_vcan_012 158#0000000000000019
(2.171608) oc_vcan_012 161#000005500108001C
(2.171827) oc_vcan_012 191#010010A141000B00
(2.172083) oc_vcan_012 164#0000C01AA8000004
(2.172260) oc_vcan_012 133#00000000A7000000
(2.172522) oc_vcan_012 136#000200000000002A
(2.172760) oc_vcan_012 13A#0000000000000028
(2.172997) oc_vcan_012 13F#000000050000002E
(2.173248) oc_vcan_012 17C#0000000010000021
(2.173381) oc_vcan_012 18E#00006B0000000000
(2.173601) oc_vcan_012 1CF#80050000003C0000
(2.173791) oc_vcan_012 1DC#0200003900000000
(2.174706) oc_vcan_012 183#0000000D0000102C
(2.175508) oc_vcan_012 143#6B6B00E000000000
(2.177857) oc_vcan_012 95#800007F400000017
(2.177923) oc_vcan_012 39#0039000000000000
(2.178211) oc_vcan_012 1A4#0000000800000010
(2.178463) oc_vcan_012 1AA#7FFF000000006810
(2.178739) oc_vcan_012 1B0#000F000000015700
(2.178991) oc_vcan_012 1D0#000000000000000A
(2.180150) oc_vcan_012 166#D032002700000000
(2.181399) oc_vcan_012 158#0000000000000028
(2.181649) oc_vcan_012 161#000005500108002B
(2.181950) oc_vcan_012 191#010010A141001A00
(2.182021) oc_vcan_012 133#00000000B6000000
(2.182290) oc_vcan_012 136#0002000000000039
(2.182535) oc_vcan_012 13A#0000000000000037
(2.182868) oc_vcan_012 13F#000000050000003D
(2.183010) oc_vcan_012 164#0000C01AA8000013
(2.183276) oc_vcan_012 17C#0000000010000030
(2.183326) oc_vcan_012 18E#00007A0000000000
(2.183683) oc_vcan_012 294#040B0002CF5A002C
(2.183924) oc_vcan_012 21E#03E8374522062F00
(2.184396) oc_vcan_012 305#8017000000000000
(2.185154) oc_vcan_012 183#000000090000103F
(2.185451) oc_vcan_012 143#6B6B00FF00000000
(2.188014) oc_vcan_012 95#800007F400000026
(2.190164) oc_vcan_012 166#D032003600000000
(2.191393) oc_vcan_012 158#0000000000000037
(2.191694) oc_vcan_012 161#000005500108003A
(2.191760) oc_vcan_012 191#010010A141002900
(2.191965) oc_vcan_012 39#000C000000000000
(2.192178) oc_vcan_012 133#0000000089000000
(2.192406) oc_vcan_012 136#000200000000000C
(2.192697) oc_vcan_012 13A#000000000000000A
(2.192894) oc_vcan_012 13F#0000000500000000
(2.193122) oc_vcan_012 164#0000C01AA8000022
(2.193444) oc_vcan_012 17C#0000000010000003
(2.193498) oc_vcan_012 18E#00004D0000000000
(2.193785) oc_vcan_012 1CF#80050000000F0000
(2.193826) oc_vcan_012 1DC#0200000C00000000
(2.194643) oc_vcan_012 183#0000000600001005
(2.195422) oc_vcan_012 143#6B6B00C200000000
(2.196379) oc_vcan_012 333#0000000000001E00
(2.197854) oc_vcan_012 95#800007F400000035
(2.198125) oc_vcan_012 1A4#000000080000002F
(2.198352) oc_vcan_012 1AA#7FFF000000006720
(2.198596) oc_vcan_012 1B0#000F000000016600
(2.198842) oc_vcan_012 1D0#000000000000000A
(2.200188) oc_vcan_012 166#D032000900000000
(2.201391) oc_vcan_012 158#000000000000000A
(2.201747) oc_vcan_012 161#000005500108000D
(2.201852) oc_vcan_012 191#010010A141003800
(2.202057) oc_vcan_012 133#0000000098000000
(2.202311) oc_vcan_012 136#000200000000001B
(2.202531) oc_vcan_012 13A#0000000000000019
(2.202794) oc_vcan_012 13F#000000050000001F
(2.203032) oc_vcan_012 164#0000C01AA8000031
(2.203271) oc_vcan_012 17C#0000000010000012
(2.203413) oc_vcan_012 18E#00005C0000000000
(2.205146) oc_vcan_012 183#0000000C0000101E
(2.205455) oc_vcan_012 143#6B6B00D100000000
(2.207853) oc_vcan_012 95#800007F400000008
(2.210173) oc_vcan_012 166#D032001800000000
(2.211405) oc_vcan_012 158#0000000000000019
(2.211606) oc_vcan_012 161#000005500108001C
(2.211828) oc_vcan_012 191#010090A141000300
(2.211879) oc_vcan_012 39#001B000000000000
(2.212143) oc_vcan_012 133#00000000A7000000
(2.212411) oc_vcan_012 136#000200000000002A
(2.212717) oc_vcan_012 13A#0000000000000028
(2.212874) oc_vcan_012 13F#000000050000002E
(2.213146) oc_vcan_012 164#0000C01AA8000004
(2.213411) oc_vcan_012 17C#0000000010000021
(2.213457) oc_vcan_012 18E#00006B0000000000
(2.213714) oc_vcan_012 1CF#80050000001E0000
(2.213915) oc_vcan_012 1DC#0200001B00000000
(2.213965) oc_vcan_012 320#0000120000000000
(2.214284) oc_vcan_012 324#7465000000000E1A
(2.214545) oc_vcan_012 37C#FD00FD00097F001A
(2.214830) oc_vcan_012 183#0000000900001020
(2.215567) oc_vcan_012 143#6B6B00E000000000
(2.217889) oc_vcan_012 95#800007F400000017
(2.218189) oc_vcan_012 1A4#000000080000003E
(2.218456) oc_vcan_012 1AA#7FFF00000000683E
(2.218705) oc_vcan_012 1B0#000F000000017500
(2.218927) oc_vcan_012 1D0#000000000000000A
(2.220215) oc_vcan_012 166#D032002700000000
(2.221408) oc_vcan_012 158#0000000000000028
(2.221703) oc_vcan_012 161#000005500108002B
(2.221820) oc_vcan_012 191#010090A141001200
(2.222045) oc_vcan_012 133#00000000B6000000
(2.222293) oc_vcan_012 136#0002000000000039
(2.222554) oc_vcan_012 13A#0000000000000037
(2.222803) oc_vcan_012 13F#000000050000003D
(2.222998) oc_vcan_012 164#0000C01AA8000013
(2.223265) oc_vcan_012 17C#0000000010000030
(2.223391) oc_vcan_012 18E#00007A0000000000
(2.223712) oc_vcan_012 294#040B0002CF5A003B
(2.223898) oc_vcan_012 21E#03E8374522063E00
(2.224827) oc_vcan_012 39#002A000000000000
(2.225215) oc_vcan_012 183#0000000E0000103A
(2.225433) oc_vcan_012 143#6B6B00FF00000000
(2.227877) oc_vcan_012 95#800007F400000026
(2.230189) oc_vcan_012 166#D032003600000000
(2.233887) oc_vcan_012 158#0000000000000037
(2.233964) oc_vcan_012 161#000005500108003A
(2.234013) oc_vcan_012 191#010090A141002100
(2.234057) oc_vcan_012 133#0000000089000000
(2.234118) oc_vcan_012 136#000200000000000C
(2.234175) oc_vcan_012 13A#000000000000000A
(2.234225) oc_vcan_012 13F#0000000500000000
(2.234266) oc_vcan_012 164#0000C01AA8000022
(2.234304) oc_vcan_012 17C#0000000010000003
(2.234342) oc_vcan_012 18E#00004D0000000000
(2.234378) oc_vcan_012 1CF#80050000002D0000
(2.234422) oc_vcan_012 1DC#0200002A00000000
(2.234643) oc_vcan_012 183#0000000A00001001
(2.235426) oc_vcan_012 143#6B6B00C200000000
(2.237847) oc_vcan_012 95#800007F400000035
(2.238100) oc_vcan_012 1A4#0000000800000001
(2.238353) oc_vcan_012 1AA#7FFF000000006801
(2.238572) oc_vcan_012 1B0#000F000000014800
(2.238843) oc_vcan_012 1D0#000000000000000A
(2.239841) oc_vcan_012 39#0039000000000000
(2.240193) oc_vcan_012 166#D032000900000000
(2.241379) oc_vcan_012 158#000000000000000A
(2.241602) oc_vcan_012 161#000005500108000D
(2.241822) oc_vcan_012 191#010090A141003000
(2.242041) oc_vcan_012 133#0000000098000000
(2.242291) oc_vcan_012 136#000200000000001B
(2.242543) oc_vcan_012 13A#0000000000000019
(2.242810) oc_vcan_012 13F#000000050000001F
(2.243032) oc_vcan_012 164#0000C01AA8000031
(2.243269) oc_vcan_012 17C#0000000010000012
(2.243407) oc_vcan_012 18E#00005C0000000000
(2.243679) oc_vcan_012 309#00000000000000A2
(2.245144) oc_vcan_012 183#0000000F0000101B
(2.245446) oc_vcan_012 143#6B6B00D100000000
(2.247881) oc_vcan_012 95#800007F400000008
(2.250151) oc_vcan_012 166#D032001800000000
(2.251403) oc_vcan_012 158#0000000000000019
(2.251628) oc_vcan_012 161#000005500108001C
(2.251829) oc_vcan_012 191#010090A141000300
(2.252068) oc_vcan_012 164#0000C01AA8000004
(2.252243) oc_vcan_012 133#00000000A7000000
(2.252500) oc_vcan_012 136#000200000000002A
(2.252748) oc_vcan_012 13A#0000000000000028
(2.252991) oc_vcan_012 13F#000000050000002E
(2.253241) oc_vcan_012 17C#0000000010000021
(2.253301) oc_vcan_012 18E#00006B0000000000
(2.253514) oc_vcan_012 39#000C000000000000
(2.253724) oc_vcan_012 1CF#80050000003C0000
(2.253880) oc_vcan_012 1DC#0200003900000000
(2.254653) oc_vcan_012 183#0000000B0000102E
(2.255469) oc_vcan_012 143#6B6B00E000000000
(2.257843) oc_vcan_012 95#800007F400000017
(2.258089) oc_vcan_012 1A4#0000000800000010
(2.258333) oc_vcan_012 1AA#7FFF000000006810
(2.258560) oc_vcan_012 1B0#000F000000015700
(2.258822) oc_vcan_012 1D0#000000000000000A
(2.260139) oc_vcan_012 166#D032002700000000
(2.261377) oc_vcan_012 158#0000000000000028
(2.261601) oc_vcan_012 161#000005500108002B
(2.261840) oc_vcan_012 191#010090A141001200
(2.262016) oc_vcan_012 133#00000000B6000000
(2.262267) oc_vcan_012 136#0002000000000039
(2.262523) oc_vcan_012 13A#0000000000000037
(2.262767) oc_vcan_012 13F#000000050000003D
(2.262999) oc_vcan_012 164#0000C01AA8000013
(2.263254) oc_vcan_012 17C#0000000010000030
(2.263371) oc_vcan_012 18E#00007A0000000000
(2.263668) oc_vcan_012 294#040B0002CF5A000E
(2.263909) oc_vcan_012 21E#03E8374522060100
(2.265152) oc_vcan_012 183#0000000800001030
(2.265409) oc_vcan_012 143#6B6B00FF00000000
(2.266847) oc_vcan_012 39#001B000000000000
(2.267837) oc_vcan_012 95#800007F400000026
(2.270145) oc_vcan_012 166#D032003600000000
(2.271377) oc_vcan_012 158#0000000000000037
(2.271628) oc_vcan_012 161#000005500108003A
(2.271827) oc_vcan_012 191#010090A141002100
(2.272019) oc_vcan_012 133#0000000089000000
(2.272279) oc_vcan_012 136#000200000000000C
(2.272517) oc_vcan_012 13A#000000000000000A
(2.272762) oc_vcan_012 13F#0000000500000000
(2.273002) oc_vcan_012 164#0000C01AA8000022
(2.273250) oc_vcan_012 17C#0000000010000003
(2.273339) oc_vcan_012 18E#00004D0000000000
(2.273625) oc_vcan_012 1CF#80050000000F0000
(2.273730) oc_vcan_012 1DC#0200000C00000000
(2.274641) oc_vcan_012 183#0000000600001005
(2.275400) oc_vcan_012 143#6B6B00C200000000
(2.277853) oc_vcan_012 95#800007F400000035
(2.278073) oc_vcan_012 1A4#000000080000002F
(2.278322) oc_vcan_012 1AA#7FFF000000006720
(2.278546) oc_vcan_012 1B0#000F000000016600
(2.278838) oc_vcan_012 1D0#000000000000000A
(2.280165) oc_vcan_012 166#D032000900000000
(2.281374) oc_vcan_012 158#000000000000000A
(2.281608) oc_vcan_012 161#000005500108000D
(2.281824) oc_vcan_012 191#010090A141003000
(2.282021) oc_vcan_012 133#0000000098000000
(2.282279) oc_vcan_012 136#000200000000001B
(2.282331) oc_vcan_012 39#002A000000000000
(2.282681) oc_vcan_012 13A#0000000000000019
(2.282922) oc_vcan_012 13F#000000050000001F
(2.283160) oc_vcan_012 164#0000C01AA8000031
(2.283409) oc_vcan_012 17C#0000000010000012
(2.283548) oc_vcan_012 18E#00005C0000000000
(2.285041) oc_vcan_012 183#0000000400001016
(2.285414) oc_vcan_012 143#6B6B00D100000000
(2.287854) oc_vcan_012 95#800007F400000008
(2.288802) oc_vcan_012 305#8026000000000000
(2.290140) oc_vcan_012 166#D032001800000000
(2.291379) oc_vcan_012 158#0000000000000019
(2.291599) oc_vcan_012 161#000005500108001C
(2.291818) oc_vcan_012 191#010090A141000300
(2.292015) oc_vcan_012 133#00000000A7000000
(2.292278) oc_vcan_012 136#000200000000002A
(2.292532) oc_vcan_012 13A#0000000000000028
(2.292761) oc_vcan_012 13F#000000050000002E
(2.292998) oc_vcan_012 164#0000C01AA8000004
(2.293246) oc_vcan_012 17C#0000000010000021
(2.293381) oc_vcan_012 18E#00006B0000000000
(2.293598) oc_vcan_012 1CF#80050000001E0000
(2.293764) oc_vcan_012 1DC#0200001B00000000
(2.294663) oc_vcan_012 183#0000000300001026
(2.295415) oc_vcan_012 143#6B6B00E000000000
(2.295830) oc_vcan_012 39#0039000000000000
(2.296210) oc_vcan_012 333#0000000000002D00
(2.297851) oc_vcan_012 95#800007F400000017
(2.298165) oc_vcan_012 1A4#000000080000003E
(2.298405) oc_vcan_012 1AA#7FFF00000000683E
(2.298653) oc_vcan_012 1B0#000F000000017500
(2.298888) oc_vcan_012 1D0#000000000000000A
(2.300144) oc_vcan_012 166#D032002700000000
(2.301449) oc_vcan_012 158#0000000000000028
(2.301607) oc_vcan_012 161#000005500108002B
(2.301827) oc_vcan_012 191#010090A141001200
(2.302024) oc_vcan_012 133#00000000B6000000
(2.302273) oc_vcan_012 136#0002000000000039
(2.302518) oc_vcan_012 13A#0000000000000037
(2.302790) oc_vcan_012 13F#000000050000003D
(2.303007) oc_vcan_012 164#0000C01AA8000013
(2.303265) oc_vcan_012 17C#0000000010000030
(2.303341) oc_vcan_012 18E#00007A0000000000
(2.303668) oc_vcan_012 294#040B0002CF5A001D
(2.303910) oc_vcan_012 21E#03E8374522061000
(2.305171) oc_vcan_012 183#0000000A0000103E
(2.305395) oc_vcan_012 143#6B6B00FF00000000
(2.307842) oc_vcan_012 95#800007F400000026
(2.310147) oc_vcan_012 166#D032003600000000
(2.311378) oc_vcan_012 158#0000000000000037
(2.311622) oc_vcan_012 161#000005500108003A
(2.311818) oc_vcan_012 191#010090A141002100
(2.312024) oc_vcan_012 133#0000000089000000
(2.312281) oc_vcan_012 136#000200000000000C
(2.312523) oc_vcan_012 13A#000000000000000A
(2.312791) oc_vcan_012 13F#0000000500000000
(2.313016) oc_vcan_012 164#0000C01AA8000022
(2.313258) oc_vcan_012 17C#0000000010000003
(2.313405) oc_vcan_012 18E#00004D0000000000
(2.313640) oc_vcan_012 1CF#80050000002D0000
(2.313795) oc_vcan_012 1DC#0200002A00000000
(2.313925) oc_vcan_012 320#0000210000000000
(2.314187) oc_vcan_012 324#7465000000000E29
(2.314429) oc_vcan_012 37C#FD00FD00097F0029
(2.314686) oc_vcan_012 40C#014A484D46413325
(2.314923) oc_vcan_012 183#0000000700001004
(2.314976) oc_vcan_012 454#23EF270000000000
(2.315546) oc_vcan_012 143#6B6B00C200000000
(2.317849) oc_vcan_012 95#800007F400000035
(2.317908) oc_vcan_012 39#000C000000000000
(2.318244) oc_vcan_012 1A4#0000000800000001
(2.318491) oc_vcan_012 1AA#7FFF000000006801
(2.318704) oc_vcan_012 1B0#000F000000014800
(2.318965) oc_vcan_012 1D0#000000000000000A
(2.320163) oc_vcan_012 166#D032000900000000
(2.321381) oc_vcan_012 158#000000000000000A
(2.321634) oc_vcan_012 161#000005500108000D
(2.321829) oc_vcan_012 191#010090A141003000
(2.322029) oc_vcan_012 133#0000000098000000
(2.322271) oc_vcan_012 136#000200000000001B
(2.322532) oc_vcan_012 13A#0000000000000019
(2.322793) oc_vcan_012 13F#000000050000001F
(2.323007) oc_vcan_012 164#0000C01AA8000031
(2.323254) oc_vcan_012 17C#0000000010000012
(2.323391) oc_vcan_012 18E#00005C0000000000
(2.325190) oc_vcan_012 183#0000000D0000101D
(2.325439) oc_vcan_012 143#6B6B00D100000000
(2.327843) oc_vcan_012 95#800007F400000008
(2.330165) oc_vcan_012 166#D032001800000000
(2.331380) oc_vcan_012 158#0000000000000019
(2.331634) oc_vcan_012 161#000005500108001C
(2.331824) oc_vcan_012 191#010090A141000300
(2.332015) oc_vcan_012 133#00000000A7000000
(2.332263) oc_vcan_012 136#000200000000002A
(2.332935) oc_vcan_012 13A#0000000000000028
(2.333043) oc_vcan_012 13F#000000050000002E
(2.333125) oc_vcan_012 164#0000C01AA8000004
(2.333183) oc_vcan_012 17C#0000000010000021
(2.333412) oc_vcan_012 18E#00006B0000000000
(2.333723) oc_vcan_012 1CF#80050000003C0000
(2.333813) oc_vcan_012 1DC#0200003900000000
(2.334718) oc_vcan_012 183#0000001100001027
(2.335460) oc_vcan_012 143#6B6B00E000000000
(2.337222) oc_vcan_012 39#001B000000000000
(2.337827) oc_vcan_012 95#800007F400000017
(2.338081) oc_vcan_012 1A4#0000000800000010
(2.338337) oc_vcan_012 1AA#7FFF000000006810
(2.338551) oc_vcan_012 1B0#000F000000015700
(2.338823) oc_vcan_012 1D0#000000000000000A
(2.340176) oc_vcan_012 166#D032002700000000
(2.341388) oc_vcan_012 158#0000000000000028
(2.341608) oc_vcan_012 161#000005500108002B
(2.341850) oc_vcan_012 191#010090A141001200
(2.342042) oc_vcan_012 133#00000000B6000000
(2.342295) oc_vcan_012 136#0002000000000039
(2.342534) oc_vcan_012 13A#0000000000000037
(2.342766) oc_vcan_012 13F#000000050000003D
(2.343013) oc_vcan_012 164#0000C01AA8000013
(2.343257) oc_vcan_012 17C#0000000010000030
(2.343393) oc_vcan_012 18E#00007A0000000000
(2.343708) oc_vcan_012 294#040B0002CF5A002C
(2.343900) oc_vcan_012 21E#03E8374522062F00
(2.344213) oc_vcan_012 309#00000000000000B1
(2.344465) oc_vcan_012 428#01040000521C3E00
(2.344844) oc_vcan_012 405#0000040000000038
(2.345229) oc_vcan_012 183#0000000C0000103C
(2.345452) oc_vcan_012 143#6B6B00FF00000000
(2.347853) oc_vcan_012 95#800007F400000026
(2.350235) oc_vcan_012 166#D032003600000000
(2.351288) oc_vcan_012 39#002A000000000000
(2.351478) oc_vcan_012 158#0000000000000037
(2.351545) oc_vcan_012 161#000005500108003A
(2.351866) oc_vcan_012 191#010090A141002100
(2.352017) oc_vcan_012 133#0000000089000000
(2.352273) oc_vcan_012 136#000200000000000C
(2.352523) oc_vcan_012 13A#000000000000000A
(2.352821) oc_vcan_012 13F#0000000500000000
(2.353006) oc_vcan_012 164#0000C01AA8000022
(2.353249) oc_vcan_012 17C#0000000010000003
(2.353384) oc_vcan_012 18E#00004D0000000000
(2.353601) oc_vcan_012 1CF#80050000000F0000
(2.353706) oc_vcan_012 1DC#0200000C00000000
(2.354693) oc_vcan_012 183#000000100000100A
(2.355449) oc_vcan_012 143#6B6B00C200000000
(2.357819) oc_vcan_012 95#800007F400000035
(2.358049) oc_vcan_012 1A4#000000080000002F
(2.358416) oc_vcan_012 1AA#7FFF000000006720
(2.358470) oc_vcan_012 1B0#000F000000016600
(2.358847) oc_vcan_012 1D0#000000000000000A
(2.360181) oc_vcan_012 166#D032000900000000
(2.361407) oc_vcan_012 158#000000000000000A
(2.361668) oc_vcan_012 161#000005500108000D
(2.361816) oc_vcan_012 191#010090A141003000
(2.362011) oc_vcan_012 133#0000000098000000
(2.362277) oc_vcan_012 136#000200000000001B
(2.362532) oc_vcan_012 13A#0000000000000019
(2.362810) oc_vcan_012 13F#000000050000001F
(2.363212) oc_vcan_012 164#0000C01AA9000030
(2.363296) oc_vcan_012 17C#0000000010000012
(2.363342) oc_vcan_012 18E#00005C0000000000
(2.364960) oc_vcan_012 39#0039000000000000
(2.365176) oc_vcan_012 183#0000000C0000101E
(2.365456) oc_vcan_012 143#6B6B00D100000000
(2.367911) oc_vcan_012 95#800007F400000008
(2.370173) oc_vcan_012 166#D032001800000000
(2.371381) oc_vcan_012 158#0000000000000019
(2.371651) oc_vcan_012 161#000005500108001C
(2.371817) oc_vcan_012 191#010090A141000300
(2.372026) oc_vcan_012 133#00000000A7000000
(2.372262) oc_vcan_012 136#000200000000002A
(2.372501) oc_vcan_012 13A#0000000000000028
(2.372767) oc_vcan_012 13F#000000050000002E
(2.373003) oc_vcan_012 164#0000C01AA8000004
(2.373258) oc_vcan_012 17C#0000000010000021
(2.373325) oc_vcan_012 18E#00006B0000000000
(2.373601) oc_vcan_012 1CF#80050000001E0000
(2.373831) oc_vcan_012 1DC#0200001B00000000
(2.374697) oc_vcan_012 183#0000001000001028
(2.375477) oc_vcan_012 143#6B6B00E000000000
(2.377862) oc_vcan_012 95#800007F400000017
(2.378146) oc_vcan_012 1A4#000000080000003E
(2.378403) oc_vcan_012 1AA#7FFF00000000683E
(2.378602) oc_vcan_012 1B0#000F000000017500
(2.378855) oc_vcan_012 1D0#000000000000000A
(2.379912) oc_vcan_012 39#000C000000000000
(2.380144) oc_vcan_012 166#D032002700000000
(2.381374) oc_vcan_012 158#0000000000000028
(2.381594) oc_vcan_012 161#000005500108002B
(2.381808) oc_vcan_012 191#010090A141001200
(2.382010) oc_vcan_012 133#00000000B6000000
(2.382277) oc_vcan_012 136#0002000000000039
(2.382520) oc_vcan_012 13A#0000000000000037
(2.382742) oc_vcan_012 13F#000000050000003D
(2.382984) oc_vcan_012 164#0000C01AA8000013
(2.383227) oc_vcan_012 17C#0000000010000030
(2.383363) oc_vcan_012 18E#00007A0000000000
(2.383685) oc_vcan_012 294#040B0002CF5A003B
(2.383887) oc_vcan_012 21E#03E8374522063E00
(2.385188) oc_vcan_012 183#0000001300001034
(2.385421) oc_vcan_012 143#6B6B00FF00000000
(2.387719) oc_vcan_012 95#800007F800000022
(2.390160) oc_vcan_012 166#D032003600000000
(2.391386) oc_vcan_012 158#0000000000000037
(2.391606) oc_vcan_012 161#000005500108003A
(2.391825) oc_vcan_012 191#010090A141002100
(2.392028) oc_vcan_012 133#0000000089000000
(2.392321) oc_vcan_012 136#000200000000000C
(2.392534) oc_vcan_012 13A#000000000000000A
(2.392829) oc_vcan_012 13F#0000000500000000
(2.393070) oc_vcan_012 164#0000C01AA8000022
(2.393229) oc_vcan_012 17C#0000000010000003
(2.393363) oc_vcan_012 18E#00004D0000000000
(2.393579) oc_vcan_012 1CF#80050000002D0000
(2.393825) oc_vcan_012 1DC#0200002A00000000
(2.393859) oc_vcan_012 305#8035000000000000
(2.394715) oc_vcan_012 183#0000000E0000100D
(2.395509) oc_vcan_012 143#6B6B00C200000000
(2.396248) oc_vcan_012 333#0000000000003C00
(2.397837) oc_vcan_012 95#800007F800000031
(2.398049) oc_vcan_012 1A4#0000000800000001
(2.398310) oc_vcan_012 1AA#7FFF000000006801
(2.398539) oc_vcan_012 1B0#000F000000014800
(2.398810) oc_vcan_012 1D0#000000000000000A
(2.399918) oc_vcan_012 39#001B000000000000
(2.400162) oc_vcan_012 166#D032000900000000
(2.401372) oc_vcan_012 158#000000000000000A
(2.401603) oc_vcan_012 161#000005500108000D
(2.401860) oc_vcan_012 191#010090A141003000
(2.402050) oc_vcan_012 133#0000000098000000
(2.402295) oc_vcan_012 136#000200000000001B
(2.402513) oc_vcan_012 13A#0000000000000019
(2.402759) oc_vcan_012 13F#000000050000001F
(2.402995) oc_vcan_012 164#0000C01AA8000031
(2.403242) oc_vcan_012 17C#0000000010000012
(2.403374) oc_vcan_012 18E#00005C0000000000
(2.405081) oc_vcan_012 183#0000000A00001010
(2.405420) oc_vcan_012 143#6B6B00D100000000
(2.407734) oc_vcan_012 95#800007F800000004
(2.410575) oc_vcan_012 166#D032001800000000
(2.411439) oc_vcan_012 158#0000000000000019
(2.411544) oc_vcan_012 161#000005500108001C
(2.411874) oc_vcan_012 191#010090A141000300
(2.412025) oc_vcan_012 133#00000000A7000000
(2.412265) oc_vcan_012 136#000200000000002A
(2.412516) oc_vcan_012 13A#0000000000000028
(2.412788) oc_vcan_012 13F#000000050000002E
(2.413005) oc_vcan_012 164#0000C01AA8000004
(2.413051) oc_vcan_012 39#002A000000000000
(2.413405) oc_vcan_012 17C#0000000010000021
(2.413459) oc_vcan_012 18E#00006B0000000000
(2.413742) oc_vcan_012 1CF#80050000003C0000
(2.413901) oc_vcan_012 1DC#0200003900000000
(2.414056) oc_vcan_012 320#0000300000000000
(2.414316) oc_vcan_012 324#7465000000000E38
(2.414548) oc_vcan_012 37C#FD00FD00097F0038
(2.414821) oc_vcan_012 183#0000000700001022
(2.415545) oc_vcan_012 143#6B6B00E000000000
(2.417663) oc_vcan_012 95#800007F800000013
(2.418085) oc_vcan_012 1A4#0000000800000010
(2.418332) oc_vcan_012 1AA#7FFF000000006810
(2.418553) oc_vcan_012 1B0#000F000000015700
(2.418824) oc_vcan_012 1D0#000000000000000A
(2.420146) oc_vcan_012 166#D032002700000000
(2.421438) oc_vcan_012 158#0000000000000028
(2.421651) oc_vcan_012 161#000005500108002B
(2.421845) oc_vcan_012 191#010090A141001200
(2.422057) oc_vcan_012 133#00000000B6000000
(2.422252) oc_vcan_012 136#0002000000000039
(2.422496) oc_vcan_012 13A#0000000000000037
(2.422818) oc_vcan_012 13F#000000050000003D
(2.422972) oc_vcan_012 164#0000C01AA8000013
(2.423238) oc_vcan_012 17C#0000000010000030
(2.423361) oc_vcan_012 18E#00007A0000000000
(2.423670) oc_vcan_012 294#040B0002CF5A000E
(2.423873) oc_vcan_012 21E#03E8374522060100
(2.425214) oc_vcan_012 183#0000000500001033
(2.425397) oc_vcan_012 143#6B6B00FF00000000
(2.426884) oc_vcan_012 39#0039000000000000
(2.427733) oc_vcan_012 95#800007F800000022
(2.430296) oc_vcan_012 166#D032003600000000
(2.431745) oc_vcan_012 158#0000000000000037
(2.431879) oc_vcan_012 161#000005500108003A
(2.431929) oc_vcan_012 191#010090A141002100
(2.432070) oc_vcan_012 164#0000C01AA8000022
(2.432281) oc_vcan_012 133#0000000089000000
(2.432524) oc_vcan_012 136#000200000000000C
(2.432811) oc_vcan_012 13A#000000000000000A
(2.433003) oc_vcan_012 13F#0000000500000000
(2.433260) oc_vcan_012 17C#0000000010000003
(2.433311) oc_vcan_012 18E#00004D0000000000
(2.433588) oc_vcan_012 1CF#80050000000F0000
(2.433752) oc_vcan_012 1DC#0200000C00000000
(2.434811) oc_vcan_012 183#0000000B00001000
(2.435436) oc_vcan_012 143#6B6B00C200000000
(2.437687) oc_vcan_012 95#800007F800000031
(2.438067) oc_vcan_012 1A4#000000080000002F
(2.438315) oc_vcan_012 1AA#7FFF000000006720
(2.438552) oc_vcan_012 1B0#000F000000016600
(2.438827) oc_vcan_012 1D0#000000000000000A
(2.440243) oc_vcan_012 166#D032000900000000
(2.441386) oc_vcan_012 158#000000000000000A
(2.441745) oc_vcan_012 161#000005500108000D
(2.441812) oc_vcan_012 191#010090A141003000
(2.441943) oc_vcan_012 39#000C000000000000
(2.442168) oc_vcan_012 133#0000000098000000
(2.442385) oc_vcan_012 136#000200000000001B
(2.442667) oc_vcan_012 13A#0000000000000019
(2.442894) oc_vcan_012 13F#000000050000001F
(2.443117) oc_vcan_012 164#0000C01AA8000031
(2.443373) oc_vcan_012 17C#0000000010000012
(2.443493) oc_vcan_012 18E#00005C0000000000
(2.443790) oc_vcan_012 309#0000000000000084
(2.445214) oc_vcan_012 183#0000000800001012
(2.445408) oc_vcan_012 143#6B6B00D100000000
(2.447708) oc_vcan_012 95#800007F800000004
(2.450175) oc_vcan_012 166#D032001800000000
(2.451406) oc_vcan_012 158#0000000000000019
(2.451680) oc_vcan_012 161#000005500108001C
(2.451744) oc_vcan_012 191#010090A141000300
(2.452017) oc_vcan_012 133#00000000A7000000
(2.452286) oc_vcan_012 136#000200000000002A
(2.452540) oc_vcan_012 13A#0000000000000028
(2.452797) oc_vcan_012 13F#000000050000002E
(2.452984) oc_vcan_012 164#0000C01AA8000004
(2.453246) oc_vcan_012 17C#0000000010000021
(2.453297) oc_vcan_012 18E#00006B0000000000
(2.453604) oc_vcan_012 1CF#80050000001E0000
(2.453764) oc_vcan_012 1DC#0200001B00000000
(2.455098) oc_vcan_012 183#0000000D0000102C
(2.455459) oc_vcan_012 143#6B6B00E000000000
(2.455866) oc_vcan_012 39#001B000000000000
(2.457735) oc_vcan_012 95#800007F800000013
(2.458142) oc_vcan_012 1A4#000000080000003E
(2.458370) oc_vcan_012 1AA#7FFF00000000683E
(2.458588) oc_vcan_012 1B0#000F000000017500
(2.458868) oc_vcan_012 1D0#000000000000000A
(2.460140) oc_vcan_012 166#D032002700000000
(2.461380) oc_vcan_012 158#0000000000000028
(2.461595) oc_vcan_012 161#000005500108002B
(2.461806) oc_vcan_012 191#010090A141001200
(2.462006) oc_vcan_012 133#00000000B6000000
(2.462245) oc_vcan_012 136#0002000000000039
(2.462561) oc_vcan_012 13A#0000000000000037
(2.462758) oc_vcan_012 13F#000000050000003D
(2.462992) oc_vcan_012 164#0000C01AA8000013
(2.463254) oc_vcan_012 17C#0000000010000030
(2.463306) oc_vcan_012 18E#00007A0000000000
(2.464428) oc_vcan_012 294#040B0002CF5A001D
(2.464489) oc_vcan_012 21E#03E8374522061000
(2.465215) oc_vcan_012 183#000000090000103F
(2.465420) oc_vcan_012 143#6B6B00FF00000000
(2.467821) oc_vcan_012 95#800007F800000022
(2.470271) oc_vcan_012 166#D032003600000000
(2.470981) oc_vcan_012 39#002A000000000000
(2.471380) oc_vcan_012 158#0000000000000037
(2.471685) oc_vcan_012 161#000005500108003A
(2.471741) oc_vcan_012 191#010090A141002100
(2.472108) oc_vcan_012 164#0000C01AA8000022
(2.472168) oc_vcan_012 133#0000000089000000
(2.472575) oc_vcan_012 136#000200000000000C
(2.472766) oc_vcan_012 13A#000000000000000A
(2.472995) oc_vcan_012 13F#0000000500000000
(2.473241) oc_vcan_012 17C#0000000010000003
(2.473414) oc_vcan_012 18E#00004D0000000000
(2.473673) oc_vcan_012 1CF#80050000002D0000
(2.473730) oc_vcan_012 1DC#0200002A00000000
(2.474718) oc_vcan_012 183#0000000600001005
(2.475475) oc_vcan_012 143#6B6B00C200000000
(2.477709) oc_vcan_012 95#800007F800000031
(2.478070) oc_vcan_012 1A4#0000000800000001
(2.478330) oc_vcan_012 1AA#7FFF000000006801
(2.478557) oc_vcan_012 1B0#000F000000014800
(2.478839) oc_vcan_012 1D0#000000000000000A
(2.480185) oc_vcan_012 166#D032000900000000
(2.481384) oc_vcan_012 158#000000000000000A
(2.481650) oc_vcan_012 161#000005500108000D
(2.481881) oc_vcan_012 191#010090A141003000
(2.481946) oc_vcan_012 133#0000000098000000
(2.482299) oc_vcan_012 136#000200000000001B
(2.482518) oc_vcan_012 13A#0000000000000019
(2.482766) oc_vcan_012 13F#000000050000001F
(2.483023) oc_vcan_012 164#0000C01AA8000031
(2.483258) oc_vcan_012 17C#0000000010000012
(2.483316) oc_vcan_012 18E#00005C0000000000
(2.485208) oc_vcan_012 183#0000000C0000101E
(2.485397) oc_vcan_012 143#6B6B00D100000000
(2.485936) oc_vcan_012 39#0039000000000000
(2.487756) oc_vcan_012 95#800007F800000004
(2.490177) oc_vcan_012 166#D032001800000000
(2.491407) oc_vcan_012 158#0000000000000019
(2.491680) oc_vcan_012 161#000005500108001C
(2.491749) oc_vcan_012 191#010090A141000300
(2.492022) oc_vcan_012 133#00000000A7000000
(2.492256) oc_vcan_012 136#000200000000002A
(2.492500) oc_vcan_012 13A#0000000000000028
(2.492762) oc_vcan_012 13F#000000050000002E
(2.492978) oc_vcan_012 164#0000C01AA8000004
(2.493250) oc_vcan_012 17C#0000000010000021
(2.493296) oc_vcan_012 18E#00006B0000000000
(2.493675) oc_vcan_012 1CF#80050000003C0000
(2.493732) oc_vcan_012 1DC#0200003900000000
(2.494686) oc_vcan_012 183#0000000900001020
(2.495437) oc_vcan_012 143#6B6B00E000000000
(2.496223) oc_vcan_012 333#0000000000000F00
(2.497700) oc_vcan_012 95#800007F800000013
(2.498057) oc_vcan_012 1A4#0000000800000010
(2.498318) oc_vcan_012 1AA#7FFF000000006711
(2.498522) oc_vcan_012 1B0#000F000000015700
(2.498818) oc_vcan_012 1D0#000000000000000A
(2.498872) oc_vcan_012 305#8008000000000000
(2.500152) oc_vcan_012 166#D032002700000000
(2.501380) oc_vcan_012 158#0000000000000028
(2.501747) oc_vcan_012 161#000005500108002B
(2.501855) oc_vcan_012 191#010090A141001200
(2.502011) oc_vcan_012 133#00000000B6000000
(2.502353) oc_vcan_012 136#0002000000000039
(2.502540) oc_vcan_012 13A#0000000000000037
(2.502800) oc_vcan_012 13F#000000050000003D
(2.502975) oc_vcan_012 164#0000C01AA8000013
(2.503236) oc_vcan_012 17C#0000000010000030
(2.503357) oc_vcan_012 18E#00007A0000000000
(2.503724) oc_vcan_012 294#040B0002CF5A002C
(2.503850) oc_vcan_012 21E#03E8374522062F00
(2.505224) oc_vcan_012 183#0000000E0000103A
(2.505411) oc_vcan_012 143#6B6B00FF00000000
(2.505814) oc_vcan_012 39#000C000000000000
(2.507690) oc_vcan_012 95#800007F800000022
(2.510229) oc_vcan_012 166#D032003600000000
(2.511394) oc_vcan_012 158#0000000000000037
(2.511736) oc_vcan_012 161#000005500108003A
(2.511833) oc_vcan_012 191#010010A141002900
(2.512049) oc_vcan_012 133#0000000089000000
(2.512304) oc_vcan_012 136#000200000000000C
(2.512541) oc_vcan_012 13A#000000000000000A
(2.512793) oc_vcan_012 13F#0000000500000000
(2.512998) oc_vcan_012 164#0000C01AA8000022
(2.513526) oc_vcan_012 17C#0000000010000003
(2.513717) oc_vcan_012 18E#00004D0000000000
(2.513810) oc_vcan_012 1CF#80050000000F0000
(2.513860) oc_vcan_012 1DC#0200000C00000000
(2.513891) oc_vcan_012 320#0000030000000000
(2.514209) oc_vcan_012 324#7465000000000E0B
(2.514425) oc_vcan_012 37C#FD00FD00097F000B
(2.514756) oc_vcan_012 183#0000001200001008
(2.515539) oc_vcan_012 143#6B6B00C200000000
(2.517762) oc_vcan_012 95#800007F800000031
(2.518042) oc_vcan_012 1A4#000000080000002F
(2.518125) oc_vcan_012 39#001B000000000000
(2.518417) oc_vcan_012 1AA#7FFF000000006720
(2.518703) oc_vcan_012 1B0#000F000000016600
(2.518904) oc_vcan_012 1D0#000000000000000A
(2.520187) oc_vcan_012 166#D032000900000000
(2.521379) oc_vcan_012 158#000000000000000A
(2.521595) oc_vcan_012 161#000005500108000D
(2.521831) oc_vcan_012 191#010010A141003800
(2.522087) oc_vcan_012 133#0000000098000000
(2.522273) oc_vcan_012 136#000200000000001B
(2.522501) oc_vcan_012 13A#0000000000000019
(2.522756) oc_vcan_012 13F#000000050000001F
(2.522996) oc_vcan_012 164#0000C01AA8000031
(2.523227) oc_vcan_012 17C#0000000010000012
(2.523362) oc_vcan_012 18E#00005C0000000000
(2.525443) oc_vcan_012 183#0000000D0000101D
(2.525535) oc_vcan_012 143#6B6B00D100000000
(2.527706) oc_vcan_012 95#800007F800000004
(2.530165) oc_vcan_012 166#D032001800000000
(2.531386) oc_vcan_012 158#0000000000000019
(2.531643) oc_vcan_012 161#000005500108001C
(2.531816) oc_vcan_012 191#010010A141000B00
(2.532133) oc_vcan_012 164#0000C01AA8000004
(2.532193) oc_vcan_012 133#00000000A7000000
(2.532511) oc_vcan_012 136#000200000000002A
(2.533111) oc_vcan_012 13A#0000000000000028
(2.533173) oc_vcan_012 13F#000000050000002E
(2.533210) oc_vcan_012 39#002A000000000000
(2.533831) oc_vcan_012 17C#0000000010000021
(2.533881) oc_vcan_012 18E#00006B0000000000
(2.533910) oc_vcan_012 1CF#80050000001E0000
(2.533934) oc_vcan_012 1DC#0200001B00000000
(2.534844) oc_vcan_012 183#0000000900001020
(2.535457) oc_vcan_012 143#6B6B00E000000000
(2.537689) oc_vcan_012 95#800007F400000017
(2.538184) oc_vcan_012 1A4#000000080000003E
(2.538390) oc_vcan_012 1AA#7FFF00000000683E
(2.538588) oc_vcan_012 1B0#000F000000017500
(2.538857) oc_vcan_012 1D0#000000000000000A
(2.540177) oc_vcan_012 166#D032002700000000
(2.541371) oc_vcan_012 158#0000000000000028
(2.541656) oc_vcan_012 161#000005500108002B
(2.541830) oc_vcan_012 191#010010A141001A00
(2.542016) oc_vcan_012 133#00000000B6000000
(2.542259) oc_vcan_012 136#0002000000000039
(2.542506) oc_vcan_012 13A#0000000000000037
(2.542758) oc_vcan_012 13F#000000050000003D
(2.542994) oc_vcan_012 164#0000C01AA8000013
(2.543238) oc_vcan_012 17C#0000000010000030
(2.543378) oc_vcan_012 18E#00007A0000000000
(2.543726) oc_vcan_012 294#040B0002CF5A003B
(2.543879) oc_vcan_012 21E#03E8374522063E00
(2.544165) oc_vcan_012 309#0000000000000093
(2.545235) oc_vcan_012 183#0000000600001032
(2.545410) oc_vcan_012 143#6B6B00FF00000000
(2.546898) oc_vcan_012 39#0039000000000000
(2.547759) oc_vcan_012 95#800007F400000026
(2.550165) oc_vcan_012 166#D032003600000000
(2.551449) oc_vcan_012 158#0000000000000037
(2.551765) oc_vcan_012 161#000005500108003A
(2.551874) oc_vcan_012 191#010010A141002900
(2.552005) oc_vcan_012 133#0000000089000000
(2.552312) oc_vcan_012 136#000200000000000C
(2.552527) oc_vcan_012 13A#000000000000000A
(2.552833) oc_vcan_012 13F#0000000500000000
(2.553006) oc_vcan_012 164#0000C01AA8000022
(2.553282) oc_vcan_012 17C#0000000010000003
(2.553337) oc_vcan_012 18E#00004D0000000000
(2.553703) oc_vcan_012 1CF#80050000002D0000
(2.553764) oc_vcan_012 1DC#0200002A00000000
(2.554717) oc_vcan_012 183#0000000C0000100F
(2.555432) oc_vcan_012 143#6B6B00C200000000
(2.557822) oc_vcan_012 95#800007F400000035
(2.558052) oc_vcan_012 1A4#0000000800000001
(2.558330) oc_vcan_012 1AA#7FFF000000006801
(2.558540) oc_vcan_012 1B0#000F000000014800
(2.558839) oc_vcan_012 1D0#000000000000000A
(2.560185) oc_vcan_012 166#D032000900000000
(2.560886) oc_vcan_012 39#000C000000000000
(2.561408) oc_vcan_012 158#000000000000000A
(2.561658) oc_vcan_012 161#000005500108000D
(2.561835) oc_vcan_012 191#010010A141003800
(2.562023) oc_vcan_012 133#0000000098000000
(2.562275) oc_vcan_012 136#000200000000001B
(2.562531) oc_vcan_012 13A#0000000000000019
(2.562767) oc_vcan_012 13F#000000050000001F
(2.562999) oc_vcan_012 164#0000C01AA8000031
(2.563247) oc_vcan_012 17C#0000000010000012
(2.563384) oc_vcan_012 18E#00005C0000000000
(2.565305) oc_vcan_012 183#0000001000001019
(2.565391) oc_vcan_012 143#6B6B00D100000000
(2.567865) oc_vcan_012 95#800007F400000008
(2.570189) oc_vcan_012 166#D032001800000000
(2.571424) oc_vcan_012 158#0000000000000019
(2.571631) oc_vcan_012 161#000005500108001C
(2.571882) oc_vcan_012 191#010010A141000B00
(2.571935) oc_vcan_012 133#00000000A7000000
(2.572310) oc_vcan_012 136#000200000000002A
(2.572570) oc_vcan_012 13A#0000000000000028
(2.572871) oc_vcan_012 13F#000000050000002E
(2.572924) oc_vcan_012 164#0000C01AA8000004
(2.573263) oc_vcan_012 17C#0000000010000021
(2.573317) oc_vcan_012 18E#00006B0000000000
(2.573874) oc_vcan_012 1CF#80050000003C0000
(2.573948) oc_vcan_012 1DC#0200003900000000
(2.574739) oc_vcan_012 183#0000000C0000102D
(2.575401) oc_vcan_012 143#6B6B00E000000000
(2.575921) oc_vcan_012 39#001B000000000000
(2.577730) oc_vcan_012 95#800007F400000017
(2.578079) oc_vcan_012 1A4#0000000800000010
(2.578286) oc_vcan_012 1AA#7FFF000000006711
(2.578521) oc_vcan_012 1B0#000F000000015700
(2.578960) oc_vcan_012 1D0#000000000000000A
(2.580174) oc_vcan_012 166#D032002700000000
(2.581383) oc_vcan_012 158#0000000000000028
(2.581600) oc_vcan_012 161#000005500108002B
(2.581817) oc_vcan_012 191#010010A141001A00
(2.582076) oc_vcan_012 133#00000000B6000000
(2.582253) oc_vcan_012 136#0002000000000039
(2.582554) oc_vcan_012 13A#0000000000000037
(2.582848) oc_vcan_012 13F#000000050000003D
(2.582918) oc_vcan_012 164#0000C01AA8000013
(2.583265) oc_vcan_012 17C#0000000010000030
(2.583333) oc_vcan_012 18E#00007A0000000000
(2.583849) oc_vcan_012 294#040B0002CF5A000E
(2.583908) oc_vcan_012 21E#03E8374522060100
(2.585240) oc_vcan_012 183#0000001000001037
(2.585390) oc_vcan_012 143#6B6B00FF00000000
(2.587814) oc_vcan_012 95#800007F400000026
(2.588930) oc_vcan_012 39#002A000000000000
(2.590159) oc_vcan_012 166#D032003600000000
(2.591402) oc_vcan_012 158#0000000000000037
(2.591652) oc_vcan_012 161#000005500108003A
(2.591834) oc_vcan_012 191#010010A141002900
(2.592002) oc_vcan_012 133#0000000089000000
(2.592351) oc_vcan_012 136#000200000000000C
(2.592519) oc_vcan_012 13A#000000000000000A
(2.592764) oc_vcan_012 13F#0000000500000000
(2.593000) oc_vcan_012 164#0000C01AA8000022
(2.593282) oc_vcan_012 17C#0000000010000003
(2.593338) oc_vcan_012 18E#00004D0000000000
(2.593603) oc_vcan_012 1CF#80050000000F0000
(2.593694) oc_vcan_012 1DC#0200000C00000000
(2.594732) oc_vcan_012 183#0000000C0000100F
(2.595450) oc_vcan_012 143#6B6B00C200000000
(2.596248) oc_vcan_012 333#0000000000001E00
(2.597740) oc_vcan_012 95#800007F400000035
(2.598040) oc_vcan_012 1A4#000000080000002F
(2.598290) oc_vcan_012 1AA#7FFF000000006720
(2.598700) oc_vcan_012 1B0#000F000000016600
(2.598756) oc_vcan_012 1D0#000000000000000A
(2.600200) oc_vcan_012 166#D032000900000000
(2.600968) oc_vcan_012 305#8017000000000000
(2.601374) oc_vcan_012 158#000000000000000A
(2.601714) oc_vcan_012 161#000005500108000D
(2.601819) oc_vcan_012 191#010010A141003800
(2.602038) oc_vcan_012 133#0000000098000000
(2.602277) oc_vcan_012 136#000200000000001B
(2.602524) oc_vcan_012 13A#0000000000000019
(2.602808) oc_vcan_012 13F#000000050000001F
(2.603000) oc_vcan_012 164#0000C01AA8000031
(2.603275) oc_vcan_012 17C#0000000010000012
(2.603337) oc_vcan_012 18E#00005C0000000000
(2.605233) oc_vcan_012 183#0000000900001011
(2.605408) oc_vcan_012 143#6B6B00D100000000
(2.608039) oc_vcan_012 95#800007F400000008
(2.608114) oc_vcan_012 39#0039000000000000
(2.610166) oc_vcan_012 166#D032001800000000
(2.611382) oc_vcan_012 158#0000000000000019
(2.611668) oc_vcan_012 161#000005500108001C
(2.611821) oc_vcan_012 191#010010A141000B00
(2.612000) oc_vcan_012 133#00000000A7000000
(2.612275) oc_vcan_012 136#000200000000002A
(2.612527) oc_vcan_012 13A#0000000000000028
(2.612755) oc_vcan_012 13F#000000050000002E
(2.613001) oc_vcan_012 164#0000C01AA8000004
(2.613239) oc_vcan_012 17C#0000000010000021
(2.613370) oc_vcan_012 18E#00006B0000000000
(2.613594) oc_vcan_012 1CF#80050000001E0000
(2.613747) oc_vcan_012 1DC#0200001B00000000
(2.613893) oc_vcan_012 320#0000120000000000
(2.614174) oc_vcan_012 324#7465000000000E1A
(2.614491) oc_vcan_012 37C#FD00FD00097F001A
(2.614697) oc_vcan_012 40C#0236323239533039
(2.614899) oc_vcan_012 183#0000000E0000102B
(2.614953) oc_vcan_012 454#23EF360000000000
(2.615598) oc_vcan_012 143#6B6B00E000000000
(2.617704) oc_vcan_012 95#800007F400000017
(2.618132) oc_vcan_012 1A4#000000080000003E
(2.618375) oc_vcan_012 1AA#7FFF00000000683E
(2.618596) oc_vcan_012 1B0#000F000000017500
(2.618874) oc_vcan_012 1D0#000000000000000A
(2.620148) oc_vcan_012 166#D032002700000000
(2.621364) oc_vcan_012 158#0000000000000028
(2.621403) oc_vcan_012 39#000C000000000000
(2.621726) oc_vcan_012 161#000005500108002B
(2.621949) oc_vcan_012 191#010010A141001A00
(2.622136) oc_vcan_012 133#00000000B6000000
(2.622389) oc_vcan_012 136#0002000000000039
(2.622654) oc_vcan_012 13A#0000000000000037
(2.622915) oc_vcan_012 13F#000000050000003D
(2.623125) oc_vcan_012 164#0000C01AA8000013
(2.623386) oc_vcan_012 17C#0000000010000030
(2.623422) oc_vcan_012 18E#00007A0000000000
(2.623816) oc_vcan_012 294#040B0002CF5A001D
(2.624035) oc_vcan_012 21E#03E8374522061000
(2.625265) oc_vcan_012 183#0000000A0000103E
(2.625320) oc_vcan_012 143#6B6B00FF00000000
(2.627802) oc_vcan_012 95#800007F400000026
(2.630187) oc_vcan_012 166#D032003600000000
(2.631414) oc_vcan_012 158#0000000000000037
(2.631657) oc_vcan_012 161#000005500108003A
(2.631946) oc_vcan_012 191#010010A141002900
(2.632018) oc_vcan_012 133#0000000089000000
(2.632278) oc_vcan_012 136#000200000000000C
(2.632525) oc_vcan_012 13A#000000000000000A
(2.632745) oc_vcan_012 13F#0000000500000000
(2.632985) oc_vcan_012 164#0000C01AA8000022
(2.633215) oc_vcan_012 17C#0000000010000003
(2.633356) oc_vcan_012 18E#00004D0000000000
(2.633662) oc_vcan_012 1CF#80050000002D0000
(2.633728) oc_vcan_012 1DC#0200002A00000000
(2.634709) oc_vcan_012 183#0000000700001004
(2.635394) oc_vcan_012 143#6B6B00C200000000
(2.637703) oc_vcan_012 95#800007F400000035
(2.637761) oc_vcan_012 39#001B000000000000
(2.638121) oc_vcan_012 1A4#0000000800000001
(2.638360) oc_vcan_012 1AA#7FFF000000006801
(2.638607) oc_vcan_012 1B0#000F000000014800
(2.638828) oc_vcan_012 1D0#000000000000000A
(2.640207) oc_vcan_012 166#D032000900000000
(2.641395) oc_vcan_012 158#000000000000000A
(2.641596) oc_vcan_012 161#000005500108000D
(2.641808) oc_vcan_012 191#010010A141003800
(2.642016) oc_vcan_012 133#0000000098000000
(2.642261) oc_vcan_012 136#000200000000001B
(2.642543) oc_vcan_012 13A#0000000000000019
(2.642858) oc_vcan_012 13F#000000050000001F
(2.642923) oc_vcan_012 164#0000C01AA8000031
(2.643263) oc_vcan_012 17C#0000000010000012
(2.643334) oc_vcan_012 18E#00005C0000000000
(2.643736) oc_vcan_012 309#00000000000000A2
(2.643934) oc_vcan_012 428#01040000521C0100
(2.644201) oc_vcan_012 405#000004000000000B
(2.645235) oc_vcan_012 183#0000000D0000101D
(2.645360) oc_vcan_012 143#6B6B00D100000000
(2.647724) oc_vcan_012 95#800007F400000008
(2.650198) oc_vcan_012 166#D032001800000000
(2.651393) oc_vcan_012 158#0000000000000019
(2.651709) oc_vcan_012 161#000005500108001C
(2.651756) oc_vcan_012 191#010010A141000B00
(2.651935) oc_vcan_012 39#002A000000000000
(2.652122) oc_vcan_012 133#00000000A7000000
(2.652373) oc_vcan_012 136#000200000000002A
(2.652682) oc_vcan_012 13A#0000000000000028
(2.652869) oc_vcan_012 13F#000000050000002E
(2.653134) oc_vcan_012 164#0000C01AA8000004
(2.653362) oc_vcan_012 17C#0000000010000021
(2.653490) oc_vcan_012 18E#00006B0000000000
(2.653700) oc_vcan_012 1CF#80050000003C0000
(2.653862) oc_vcan_012 1DC#0200003900000000
(2.654749) oc_vcan_012 183#0000000900001020
(2.655393) oc_vcan_012 143#6B6B00E000000000
(2.657735) oc_vcan_012 95#800007F400000017
(2.658144) oc_vcan_012 1A4#0000000800000010
(2.658281) oc_vcan_012 1AA#7FFF000000006711
(2.658583) oc_vcan_012 1B0#000F000000015700
(2.658927) oc_vcan_012 1D0#000000000000000A
(2.660168) oc_vcan_012 166#D032002700000000
(2.661391) oc_vcan_012 158#0000000000000028
(2.661690) oc_vcan_012 161#000005500108002B
(2.661748) oc_vcan_012 191#010010A141001A00
(2.662032) oc_vcan_012 133#00000000B6000000
(2.662274) oc_vcan_012 136#0002000000000039
(2.662599) oc_vcan_012 13A#0000000000000037
(2.662761) oc_vcan_012 13F#000000050000003D
(2.662994) oc_vcan_012 164#0000C01AA8000013
(2.663264) oc_vcan_012 17C#0000000010000030
(2.663331) oc_vcan_012 18E#00007A0000000000
(2.663691) oc_vcan_012 294#040B0002CF5A002C
(2.663908) oc_vcan_012 21E#03E8374522062F00
(2.665251) oc_vcan_012 183#0000000E0000103A
(2.665386) oc_vcan_012 143#6B6B00FF00000000
(2.667706) oc_vcan_012 95#800007F400000026
(2.668050) oc_vcan_012 5A1#960000000000623E
(2.670147) oc_vcan_012 166#D032003600000000
(2.671401) oc_vcan_012 158#0000000000000037
(2.671738) oc_vcan_012 161#000005500108003A
(2.671827) oc_vcan_012 191#010010A141002900
(2.672002) oc_vcan_012 133#0000000089000000
(2.672040) oc_vcan_012 39#0039000000000000
(2.672393) oc_vcan_012 136#000200000000000C
(2.672709) oc_vcan_012 13A#000000000000000A
(2.673105) oc_vcan_012 13F#0000000500000000
(2.673165) oc_vcan_012 164#0000C01AA8000022
(2.673389) oc_vcan_012 17C#0000000010000003
(2.673435) oc_vcan_012 18E#00004D0000000000
(2.673732) oc_vcan_012 1CF#80050000000F0000
(2.673883) oc_vcan_012 1DC#0200000C00000000
(2.674835) oc_vcan_012 183#0000000A00001001
(2.675514) oc_vcan_012 143#6B6B00C200000000
(2.677754) oc_vcan_012 95#800007F400000035
(2.678070) oc_vcan_012 1A4#000000080000002F
(2.678293) oc_vcan_012 1AA#7FFF000000006720
(2.678528) oc_vcan_012 1B0#000F000000016600
(2.678821) oc_vcan_012 1D0#000000000000000A
(2.680201) oc_vcan_012 166#D032000900000000
(2.681438) oc_vcan_012 158#000000000000000A
(2.681674) oc_vcan_012 161#000005500108000D
(2.681965) oc_vcan_012 191#010010A141003800
(2.682027) oc_vcan_012 133#0000000098000000
(2.682312) oc_vcan_012 136#000200000000001B
(2.682527) oc_vcan_012 13A#0000000000000019
(2.682758) oc_vcan_012 13F#000000050000001F
(2.682988) oc_vcan_012 164#0000C01AA8000031
(2.683236) oc_vcan_012 17C#0000000010000012
(2.683399) oc_vcan_012 18E#00005C0000000000
(2.685266) oc_vcan_012 183#0000000700001013
(2.685324) oc_vcan_012 143#6B6B00D100000000
(2.686862) oc_vcan_012 39#000C000000000000
(2.687705) oc_vcan_012 95#800007F400000008
(2.690178) oc_vcan_012 166#D032001800000000
(2.691405) oc_vcan_012 158#0000000000000019
(2.691688) oc_vcan_012 161#000005500108001C
(2.691755) oc_vcan_012 191#010010A141000B00
(2.691953) oc_vcan_012 133#00000000A7000000
(2.692299) oc_vcan_012 136#000200000000002A
(2.692505) oc_vcan_012 13A#0000000000000028
(2.692767) oc_vcan_012 13F#000000050000002E
(2.692984) oc_vcan_012 164#0000C01AA8000004
(2.693228) oc_vcan_012 17C#0000000010000021
(2.693355) oc_vcan_012 18E#00006B0000000000
(2.693653) oc_vcan_012 1CF#80050000001E0000
(2.693732) oc_vcan_012 1DC#0200001B00000000
(2.694780) oc_vcan_012 183#0000000500001024
(2.695396) oc_vcan_012 143#6B6B00E000000000
(2.696241) oc_vcan_012 333#0000000000002D00
(2.697724) oc_vcan_012 95#800007F400000017
(2.698140) oc_vcan_012 1A4#000000080000003E
(2.698389) oc_vcan_012 1AA#7FFF00000000683E
(2.698591) oc_vcan_012 1B0#000F000000017500
(2.698839) oc_vcan_012 1D0#000000000000000A
(2.699856) oc_vcan_012 39#001B000000000000
(2.700172) oc_vcan_012 166#D032002700000000
(2.701382) oc_vcan_012 158#0000000000000028
(2.701756) oc_vcan_012 161#000005500108002B
(2.701885) oc_vcan_012 191#010010A141001A00
(2.701955) oc_vcan_012 133#00000000B6000000
(2.702285) oc_vcan_012 136#0002000000000039
(2.702530) oc_vcan_012 13A#0000000000000037
(2.702816) oc_vcan_012 13F#000000050000003D
(2.702983) oc_vcan_012 164#0000C01AA8000013
(2.703235) oc_vcan_012 17C#0000000010000030
(2.703369) oc_vcan_012 18E#00007A0000000000
(2.703643) oc_vcan_012 294#040B0002CF5A003B
(2.703882) oc_vcan_012 21E#03E8374522063E00
(2.705398) oc_vcan_012 183#0000000300001035
(2.705458) oc_vcan_012 143#6B6B00FF00000000
(2.706516) oc_vcan_012 305#8026000000000000
(2.707725) oc_vcan_012 95#800007F400000026
(2.710180) oc_vcan_012 166#D032003600000000
(2.711475) oc_vcan_012 158#0000000000000037
(2.711528) oc_vcan_012 161#000005500108003A
(2.711824) oc_vcan_012 191#010010A141002900
(2.712005) oc_vcan_012 133#0000000089000000
(2.712254) oc_vcan_012 136#000200000000000C
(2.712544) oc_vcan_012 13A#000000000000000A
(2.712755) oc_vcan_012 13F#0000000500000000
(2.712978) oc_vcan_012 164#0000C01AA8000022
(2.713095) oc_vcan_012 39#002A000000000000
(2.713382) oc_vcan_012 17C#0000000010000003
(2.713496) oc_vcan_012 18E#00004D0000000000
(2.713849) oc_vcan_012 1CF#80050000002D0000
(2.713909) oc_vcan_012 1DC#0200002A00000000
(2.714043) oc_vcan_012 320#0000210000000000
(2.714300) oc_vcan_012 324#7465000000000E29
(2.714537) oc_vcan_012 37C#FD00FD00097F0029
(2.714862) oc_vcan_012 183#0000000A00001001
(2.715520) oc_vcan_012 143#6B6B00C200000000
(2.717727) oc_vcan_012 95#800007F400000035
(2.718075) oc_vcan_012 1A4#0000000800000001
(2.718422) oc_vcan_012 1AA#7FFF000000006801
(2.718505) oc_vcan_012 1B0#000F000000014800
(2.718794) oc_vcan_012 1D0#000000000000000A
(2.720187) oc_vcan_012 166#D032000900000000
(2.721409) oc_vcan_012 158#000000000000000A
(2.721719) oc_vcan_012 161#000005500108000D
(2.721806) oc_vcan_012 191#010010A141003800
(2.722030) oc_vcan_012 133#0000000098000000
(2.722376) oc_vcan_012 136#000200000000001B
(2.722429) oc_vcan_012 13A#0000000000000019
(2.722795) oc_vcan_012 13F#000000050000001F
(2.722988) oc_vcan_012 164#0000C01AA8000031
(2.723246) oc_vcan_012 17C#0000000010000012
(2.723373) oc_vcan_012 18E#00005C0000000000
(2.725288) oc_vcan_012 183#0000000700001013
(2.725359) oc_vcan_012 143#6B6B00D100000000
(2.727737) oc_vcan_012 95#800007F400000008
(2.730226) oc_vcan_012 166#D032001800000000
(2.731402) oc_vcan_012 158#0000000000000019
(2.731625) oc_vcan_012 161#000005500108001C
(2.731898) oc_vcan_012 191#010010A141000B00
(2.731951) oc_vcan_012 133#00000000A7000000
(2.732281) oc_vcan_012 136#000200000000002A
(2.732521) oc_vcan_012 13A#0000000000000028
(2.732749) oc_vcan_012 13F#000000050000002E
(2.733100) oc_vcan_012 164#0000C01AA8000004
(2.733152) oc_vcan_012 39#0039000000000000
(2.733373) oc_vcan_012 17C#0000000010000021
(2.733507) oc_vcan_012 18E#00006B0000000000
(2.733714) oc_vcan_012 1CF#80050000003C0000
(2.733893) oc_vcan_012 1DC#0200003900000000
(2.734745) oc_vcan_012 183#0000000500001024
(2.735415) oc_vcan_012 143#6B6B00E000000000
(2.737742) oc_vcan_012 95#800007F400000017
(2.738018) oc_vcan_012 1A4#0000000800000010
(2.738273) oc_vcan_012 1AA#7FFF000000006711
(2.738515) oc_vcan_012 1B0#000F000000015700
(2.738763) oc_vcan_012 1D0#000000000000000A
(2.740189) oc_vcan_012 166#D032002700000000
(2.741390) oc_vcan_012 158#0000000000000028
(2.741766) oc_vcan_012 161#000005500108002B
(2.741841) oc_vcan_012 191#010010A141001A00
(2.741988) oc_vcan_012 133#00000000B6000000
(2.742249) oc_vcan_012 136#0002000000000039
(2.742848) oc_vcan_012 13A#0000000000000037
(2.742956) oc_vcan_012 13F#000000050000003D
(2.743007) oc_vcan_012 164#0000C01AA8000013
(2.743293) oc_vcan_012 17C#0000000010000030
(2.743341) oc_vcan_012 18E#00007A0000000000
(2.743705) oc_vcan_012 294#040B0002CF5A000E
(2.743918) oc_vcan_012 21E#03E8374522060100
(2.744185) oc_vcan_012 309#00000000000000B1
(2.745267) oc_vcan_012 183#0000000B0000103D
(2.745334) oc_vcan_012 143#6B6B00FF00000000
(2.747026) oc_vcan_012 39#000C000000000000
(2.747715) oc_vcan_012 95#800007F400000026
(2.750203) oc_vcan_012 166#D032003600000000
(2.751407) oc_vcan_012 158#0000000000000037
(2.751663) oc_vcan_012 161#000005500108003A
(2.751864) oc_vcan_012 191#010010A141002900
(2.751996) oc_vcan_012 133#0000000089000000
(2.752281) oc_vcan_012 136#000200000000000C
(2.752529) oc_vcan_012 13A#000000000000000A
(2.752745) oc_vcan_012 13F#0000000500000000
(2.752980) oc_vcan_012 164#0000C01AA8000022
(2.753258) oc_vcan_012 17C#0000000010000003
(2.753308) oc_vcan_012 18E#00004D0000000000
(2.753598) oc_vcan_012 1CF#80050000000F0000
(2.754231) oc_vcan_012 1DC#0200000C00000000
(2.754813) oc_vcan_012 183#0000000800001003
(2.755488) oc_vcan_012 143#6B6B00C200000000
(2.757766) oc_vcan_012 95#800007F400000035
(2.758058) oc_vcan_012 1A4#000000080000002F
(2.758280) oc_vcan_012 1AA#7FFF000000006720
(2.758517) oc_vcan_012 1B0#000F000000016600
(2.758808) oc_vcan_012 1D0#000000000000000A
(2.760182) oc_vcan_012 166#D032000900000000
(2.760967) oc_vcan_012 39#001B000000000000
(2.761369) oc_vcan_012 158#000000000000000A
(2.761700) oc_vcan_012 161#000005500108000D
(2.761753) oc_vcan_012 191#010010A141003800
(2.762017) oc_vcan_012 133#0000000098000000
(2.762272) oc_vcan_012 136#000200000000001B
(2.762513) oc_vcan_012 13A#0000000000000019
(2.762766) oc_vcan_012 13F#000000050000001F
(2.763016) oc_vcan_012 164#0000C01AA8000031
(2.763243) oc_vcan_012 17C#0000000010000012
(2.763368) oc_vcan_012 18E#00005C0000000000
(2.765173) oc_vcan_012 183#0000000600001014
(2.765463) oc_vcan_012 143#6B6B00D100000000
(2.767735) oc_vcan_012 95#800007F400000008
(2.770179) oc_vcan_012 166#D032001800000000
(2.771417) oc_vcan_012 158#0000000000000019
(2.771602) oc_vcan_012 161#000005500108001C
(2.772104) oc_vcan_012 191#010010A141000B00
(2.772155) oc_vcan_012 133#00000000A7000000
(2.772194) oc_vcan_012 136#000200000000002A
(2.772517) oc_vcan_012 13A#0000000000000028
(2.772755) oc_vcan_012 13F#000000050000002E
(2.772981) oc_vcan_012 164#0000C01AA8000004
(2.773230) oc_vcan_012 17C#0000000010000021
(2.773414) oc_vcan_012 18E#00006B0000000000
(2.773573) oc_vcan_012 1CF#80050000001E0000
(2.773752) oc_vcan_012 1DC#0200001B00000000
(2.774764) oc_vcan_012 183#0000000C0000102D
(2.775385) oc_vcan_012 143#6B6B00E000000000
(2.775933) oc_vcan_012 39#002A000000000000
(2.777737) oc_vcan_012 95#800007F400000017
(2.778131) oc_vcan_012 1A4#000000080000003E
(2.778391) oc_vcan_012 1AA#7FFF00000000683E
(2.778645) oc_vcan_012 1B0#000F000000017500
(2.778883) oc_vcan_012 1D0#000000000000000A
(2.780168) oc_vcan_012 166#D032002700000000
(2.781409) oc_vcan_012 158#0000000000000028
(2.781666) oc_vcan_012 161#000005500108002B
(2.781821) oc_vcan_012 191#010010A141001A00
(2.781993) oc_vcan_012 133#00000000B6000000
(2.782248) oc_vcan_012 136#0002000000000039
(2.782505) oc_vcan_012 13A#0000000000000037
(2.782737) oc_vcan_012 13F#000000050000003D
(2.782939) oc_vcan_012 164#0000C01AA8000013
(2.783252) oc_vcan_012 17C#0000000010000030
(2.783312) oc_vcan_012 18E#00007A0000000000
(2.783655) oc_vcan_012 294#040B0002CF5A001D
(2.783895) oc_vcan_012 21E#03E8374522061000
(2.785294) oc_vcan_012 183#000000090000103F
(2.785346) oc_vcan_012 143#6B6B00FF00000000
(2.787871) oc_vcan_012 95#800007F400000026
(2.790168) oc_vcan_012 166#D032003600000000
(2.791457) oc_vcan_012 158#0000000000000037
(2.791680) oc_vcan_012 161#000005500108003A
(2.791761) oc_vcan_012 191#010010A141002900
(2.792010) oc_vcan_012 133#0000000089000000
(2.792467) oc_vcan_012 136#000200000000000C
(2.792514) oc_vcan_012 13A#000000000000000A
(2.792755) oc_vcan_012 13F#0000000500000000
(2.793007) oc_vcan_012 164#0000C01AA8000022
(2.793238) oc_vcan_012 17C#0000000010000003
(2.793380) oc_vcan_012 18E#00004D0000000000
(2.793581) oc_vcan_012 1CF#80050000002D0000
(2.793742) oc_vcan_012 1DC#0200002A00000000
(2.794745) oc_vcan_012 183#0000000E0000100D
(2.795397) oc_vcan_012 143#6B6B00C200000000
(2.795941) oc_vcan_012 39#0039000000000000
(2.796236) oc_vcan_012 333#0000000000003C00
(2.797725) oc_vcan_012 95#800007F400000035
(2.798016) oc_vcan_012 1A4#0000000800000001
(2.798304) oc_vcan_012 1AA#7FFF000000006801
(2.798511) oc_vcan_012 1B0#000F000000014800
(2.798752) oc_vcan_012 1D0#000000000000000A
(2.800182) oc_vcan_012 166#D032000900000000
(2.801415) oc_vcan_012 158#000000000000000A
(2.801553) oc_vcan_012 161#000005500108000D
(2.801837) oc_vcan_012 191#010010A141003800
(2.802085) oc_vcan_012 133#0000000098000000
(2.802300) oc_vcan_012 136#000200000000001B
(2.802704) oc_vcan_012 13A#0000000000000019
(2.802766) oc_vcan_012 13F#000000050000001F
(2.803019) oc_vcan_012 164#0000C01AA8000031
(2.803244) oc_vcan_012 17C#0000000010000012
(2.803444) oc_vcan_012 18E#00005C0000000000
(2.805309) oc_vcan_012 183#0000000A00001010
(2.805366) oc_vcan_012 143#6B6B00D100000000
(2.807909) oc_vcan_012 95#800007F400000008
(2.808886) oc_vcan_012 305#8035000000000000
(2.810171) oc_vcan_012 166#D032001800000000
(2.811376) oc_vcan_012 158#0000000000000019
(2.812034) oc_vcan_012 161#000005500108001C
(2.812160) oc_vcan_012 191#010090A141000300
(2.812219) oc_vcan_012 133#00000000A7000000
(2.812303) oc_vcan_012 136#000200000000002A
(2.812556) oc_vcan_012 13A#0000000000000028
(2.812736) oc_vcan_012 13F#000000050000002E
(2.813001) oc_vcan_012 164#0000C01AA8000004
(2.813511) oc_vcan_012 17C#0000000010000021
(2.813564) oc_vcan_012 18E#00006B0000000000
(2.813605) oc_vcan_012 1CF#80050000003C0000
(2.813716) oc_vcan_012 1DC#0200003900000000
(2.813927) oc_vcan_012 320#0000300000000000
(2.814138) oc_vcan_012 324#7465000000000E38
(2.814392) oc_vcan_012 37C#FD00FD00097F0038
(2.814898) oc_vcan_012 183#0000000F0000102A
(2.815494) oc_vcan_012 143#6B6B00E000000000
(2.816877) oc_vcan_012 39#000C000000000000
(2.817912) oc_vcan_012 95#800007F400000017
(2.817967) oc_vcan_012 1A4#0000000800000010
(2.818320) oc_vcan_012 1AA#7FFF000000006711
(2.818575) oc_vcan_012 1B0#000F000000015700
(2.818766) oc_vcan_012 1D0#000000000000000A
(2.820163) oc_vcan_012 166#D032002700000000
(2.821434) oc_vcan_012 158#0000000000000028
(2.821903) oc_vcan_012 161#000005500108002B
(2.821972) oc_vcan_012 191#010090A141001200
(2.822024) oc_vcan_012 133#00000000B6000000
(2.822308) oc_vcan_012 136#0002000000000039
(2.822499) oc_vcan_012 13A#0000000000000037
(2.822830) oc_vcan_012 13F#000000050000003D
(2.823072) oc_vcan_012 164#0000C01AA8000013
(2.823215) oc_vcan_012 17C#0000000010000030
(2.823352) oc_vcan_012 18E#00007A0000000000
(2.823662) oc_vcan_012 294#040B0002CF5A002C
(2.823865) oc_vcan_012 21E#03E8374522062F00
(2.825349) oc_vcan_012 183#0000001300001034
(2.825566) oc_vcan_012 143#6B6B00FF00000000
(2.827845) oc_vcan_012 95#800007F400000026
(2.830186) oc_vcan_012 166#D032003600000000
(2.830870) oc_vcan_012 39#001B000000000000
(2.831439) oc_vcan_012 158#0000000000000037
(2.831753) oc_vcan_012 161#000005500108003A
(2.831860) oc_vcan_012 191#010090A141002100
(2.832008) oc_vcan_012 133#0000000089000000
(2.832255) oc_vcan_012 136#000200000000000C
(2.832523) oc_vcan_012 13A#000000000000000A
(2.832755) oc_vcan_012 13F#0000000500000000
(2.832985) oc_vcan_012 164#0000C01AA8000022
(2.833236) oc_vcan_012 17C#0000000010000003
(2.833362) oc_vcan_012 18E#00004D0000000000
(2.833582) oc_vcan_012 1CF#80050000000F0000
(2.833760) oc_vcan_012 1DC#0200000C00000000
(2.834854) oc_vcan_012 183#0000000E0000100D
(2.835416) oc_vcan_012 143#6B6B00C200000000
(2.837815) oc_vcan_012 95#800007F400000035
(2.838037) oc_vcan_012 1A4#000000080000002F
(2.838283) oc_vcan_012 1AA#7FFF000000006720
(2.838532) oc_vcan_012 1B0#000F000000016600
(2.838766) oc_vcan_012 1D0#000000000000000A
(2.840242) oc_vcan_012 166#D032000900000000
(2.841384) oc_vcan_012 158#000000000000000A
(2.841600) oc_vcan_012 161#000005500108000D
(2.841818) oc_vcan_012 191#010090A141003000
(2.841990) oc_vcan_012 133#0000000098000000
(2.842242) oc_vcan_012 136#000200000000001B
(2.842547) oc_vcan_012 13A#0000000000000019
(2.842734) oc_vcan_012 13F#000000050000001F
(2.842981) oc_vcan_012 164#0000C01AA8000031
(2.843219) oc_vcan_012 17C#0000000010000012
(2.843359) oc_vcan_012 18E#00005C0000000000
(2.843725) oc_vcan_012 309#0000000000000084
(2.844336) oc_vcan_012 39#002A000000000000
(2.845314) oc_vcan_012 183#0000000A00001010
(2.845375) oc_vcan_012 143#6B6B00D100000000
(2.847888) oc_vcan_012 95#800007F400000008
(2.850205) oc_vcan_012 166#D032001800000000
(2.851390) oc_vcan_012 158#0000000000000019
(2.851677) oc_vcan_012 161#000005500108001C
(2.851838) oc_vcan_012 191#010090A141000300
(2.852046) oc_vcan_012 133#00000000A7000000
(2.852508) oc_vcan_012 136#000200000000002A
(2.852579) oc_vcan_012 13A#0000000000000028
(2.852747) oc_vcan_012 13F#000000050000002E
(2.852977) oc_vcan_012 164#0000C01AA8000004
(2.853225) oc_vcan_012 17C#0000000010000021
(2.853392) oc_vcan_012 18E#00006B0000000000
(2.854016) oc_vcan_012 1CF#80050000001E0000
(2.854061) oc_vcan_012 1DC#0200001B00000000
(2.855168) oc_vcan_012 183#0000000700001022
(2.855318) oc_vcan_012 143#6B6B00E000000000
(2.857799) oc_vcan_012 95#800007F400000017
(2.858126) oc_vcan_012 1A4#000000080000003E
(2.858391) oc_vcan_012 1AA#7FFF00000000683E
(2.858437) oc_vcan_012 39#0039000000000000
(2.858715) oc_vcan_012 1B0#000F000000017500
(2.858967) oc_vcan_012 1D0#000000000000000A
(2.860152) oc_vcan_012 166#D032002700000000
(2.861375) oc_vcan_012 158#0000000000000028
(2.861638) oc_vcan_012 161#000005500108002B
(2.861824) oc_vcan_012 191#010090A141001200
(2.861994) oc_vcan_012 133#00000000B6000000
(2.862239) oc_vcan_012 136#0002000000000039
(2.862483) oc_vcan_012 13A#0000000000000037
(2.862839) oc_vcan_012 13F#000000050000003D
(2.862955) oc_vcan_012 164#0000C01AA8000013
(2.863220) oc_vcan_012 17C#0000000010000030
(2.863350) oc_vcan_012 18E#00007A0000000000
(2.863608) oc_vcan_012 294#040B0002CF5A003B
(2.863863) oc_vcan_012 21E#03E8374522063E00
(2.865302) oc_vcan_012 183#0000000D0000103B
(2.865401) oc_vcan_012 143#6B6B00FF00000000
(2.867803) oc_vcan_012 95#800007F400000026
(2.870206) oc_vcan_012 166#D032003600000000
(2.871385) oc_vcan_012 158#0000000000000037
(2.871732) oc_vcan_012 161#000005500108003A
(2.871793) oc_vcan_012 191#010090A141002100
(2.871994) oc_vcan_012 133#0000000089000000
(2.872291) oc_vcan_012 136#000200000000000C
(2.872533) oc_vcan_012 13A#000000000000000A
(2.872763) oc_vcan_012 13F#0000000500000000
(2.872851) oc_vcan_012 39#000C000000000000
(2.873161) oc_vcan_012 164#0000C01AA8000022
(2.873388) oc_vcan_012 17C#0000000010000003
(2.873440) oc_vcan_012 18E#00004D0000000000
(2.873736) oc_vcan_012 1CF#80050000002D0000
(2.873896) oc_vcan_012 1DC#0200002A00000000
(2.874796) oc_vcan_012 183#0000001100001009
(2.875388) oc_vcan_012 143#6B6B00C200000000
(2.877760) oc_vcan_012 95#800007F400000035
(2.878056) oc_vcan_012 1A4#0000000800000001
(2.878279) oc_vcan_012 1AA#7FFF000000006801
(2.878590) oc_vcan_012 1B0#000F000000014800
(2.878807) oc_vcan_012 1D0#000000000000000A
(2.880185) oc_vcan_012 166#D032000900000000
(2.881382) oc_vcan_012 158#000000000000000A
(2.881670) oc_vcan_012 161#000005500108000D
(2.881819) oc_vcan_012 191#010090A141003000
(2.882019) oc_vcan_012 133#0000000098000000
(2.882248) oc_vcan_012 136#000200000000001B
(2.882504) oc_vcan_012 13A#0000000000000019
(2.882740) oc_vcan_012 13F#000000050000001F
(2.882975) oc_vcan_012 164#0000C01AA8000031
(2.883225) oc_vcan_012 17C#0000000010000012
(2.883358) oc_vcan_012 18E#00005C0000000000
(2.885276) oc_vcan_012 183#0000000C0000101E
(2.885326) oc_vcan_012 143#6B6B00D100000000
(2.886509) oc_vcan_012 39#001B000000000000
(2.887804) oc_vcan_012 95#800007F400000008
(2.890260) oc_vcan_012 166#D032001800000000
(2.891415) oc_vcan_012 158#0000000000000019
(2.891644) oc_vcan_012 161#000005500108001C
(2.891835) oc_vcan_012 191#010090A141000300
(2.892029) oc_vcan_012 133#00000000A7000000
(2.892280) oc_vcan_012 136#000200000000002A
(2.892502) oc_vcan_012 13A#0000000000000028
(2.892746) oc_vcan_012 13F#000000050000002E
(2.892998) oc_vcan_012 164#0000C01AA8000004
(2.893223) oc_vcan_012 17C#0000000010000021
(2.893352) oc_vcan_012 18E#00006B0000000000
(2.893561) oc_vcan_012 1CF#80050000003C0000
(2.893725) oc_vcan_012 1DC#0200003900000000
(2.894831) oc_vcan_012 183#0000001000001028
(2.895390) oc_vcan_012 143#6B6B00E000000000
(2.896258) oc_vcan_012 333#0000000000000F00
(2.897744) oc_vcan_012 95#800007F400000017
(2.898055) oc_vcan_012 1A4#0000000800000010
(2.898343) oc_vcan_012 1AA#7FFF000000006711
(2.898501) oc_vcan_012 1B0#000F000000015700
(2.898762) oc_vcan_012 1D0#000000000000000A
(2.899887) oc_vcan_012 39#002A000000000000
(2.900144) oc_vcan_012 166#D032002700000000
(2.901482) oc_vcan_012 158#0000000000000028
(2.901534) oc_vcan_012 161#000005500108002B
(2.901814) oc_vcan_012 191#010090A141001200
(2.901988) oc_vcan_012 133#00000000B6000000
(2.902240) oc_vcan_012 136#0002000000000039
(2.902497) oc_vcan_012 13A#0000000000000037
(2.902790) oc_vcan_012 13F#000000050000003D
(2.902954) oc_vcan_012 164#0000C01AA8000013
(2.903249) oc_vcan_012 17C#0000000010000030
(2.903316) oc_vcan_012 18E#00007A0000000000
(2.903667) oc_vcan_012 294#040B0002CF5A000E
(2.903899) oc_vcan_012 21E#03E8374522060100
(2.905343) oc_vcan_012 183#0000000C0000103C
(2.905402) oc_vcan_012 143#6B6B00FF00000000
(2.907862) oc_vcan_012 95#800007F400000026
(2.910219) oc_vcan_012 166#D032003600000000
(2.911382) oc_vcan_012 158#0000000000000037
(2.911813) oc_vcan_012 161#000005500108003A
(2.911860) oc_vcan_012 191#010090A141002100
(2.912002) oc_vcan_012 133#0000000089000000
(2.912252) oc_vcan_012 136#000200000000000C
(2.912524) oc_vcan_012 13A#000000000000000A
(2.912568) oc_vcan_012 39#0039000000000000
(2.912902) oc_vcan_012 13F#0000000500000000
(2.913137) oc_vcan_012 164#0000C01AA8000022
(2.913374) oc_vcan_012 17C#0000000010000003
(2.913512) oc_vcan_012 18E#00004D0000000000
(2.913727) oc_vcan_012 1CF#80050000000F0000
(2.913881) oc_vcan_012 1DC#0200000C00000000
(2.914011) oc_vcan_012 305#8008000000000000
(2.914172) oc_vcan_012 320#0000030000000000
(2.914446) oc_vcan_012 324#7465000000000E0B
(2.914762) oc_vcan_012 37C#FD00FD00097F000B
(2.915075) oc_vcan_012 183#0000000900001002
(2.915119) oc_vcan_012 40C#033133383439000D
(2.915207) oc_vcan_012 454#23EF090000000000
(2.915519) oc_vcan_012 143#6B6B00C200000000
(2.918019) oc_vcan_012 95#800007F400000035
(2.918111) oc_vcan_012 1A4#000000080000002F
(2.918326) oc_vcan_012 1AA#7FFF000000006720
(2.918556) oc_vcan_012 1B0#000F000000016600
(2.918828) oc_vcan_012 1D0#000000000000000A
(2.920190) oc_vcan_012 166#D032000900000000
(2.921377) oc_vcan_012 158#000000000000000A
(2.921604) oc_vcan_012 161#000005500108000D
(2.921817) oc_vcan_012 191#010090A141003000
(2.922037) oc_vcan_012 133#0000000098000000
(2.922259) oc_vcan_012 136#000200000000001B
(2.922500) oc_vcan_012 13A#0000000000000019
(2.922755) oc_vcan_012 13F#000000050000001F
(2.922987) oc_vcan_012 164#0000C01AA8000031
(2.923236) oc_vcan_012 17C#0000000010000012
(2.923379) oc_vcan_012 18E#00005C0000000000
(2.925360) oc_vcan_012 183#0000000E0000101C
(2.925426) oc_vcan_012 143#6B6B00D100000000
(2.926923) oc_vcan_012 39#000C000000000000
(2.927747) oc_vcan_012 95#800007F400000008
(2.930178) oc_vcan_012 166#D032001800000000
(2.931404) oc_vcan_012 158#0000000000000019
(2.931663) oc_vcan_012 161#000005500108001C
(2.931872) oc_vcan_012 191#010090A141000300
(2.931932) oc_vcan_012 133#00000000A7000000
(2.932249) oc_vcan_012 136#000200000000002A
(2.932492) oc_vcan_012 13A#0000000000000028
(2.932732) oc_vcan_012 13F#000000050000002E
(2.932968) oc_vcan_012 164#0000C01AA8000004
(2.933221) oc_vcan_012 17C#0000000010000021
(2.933343) oc_vcan_012 18E#00006B0000000000
(2.933571) oc_vcan_012 1CF#80050000001E0000
(2.933736) oc_vcan_012 1DC#0200001B00000000
(2.934822) oc_vcan_012 183#0000000A0000102F
(2.935345) oc_vcan_012 143#6B6B00E000000000
(2.937789) oc_vcan_012 95#800007F400000017
(2.938147) oc_vcan_012 1A4#000000080000003E
(2.938370) oc_vcan_012 1AA#7FFF00000000683E
(2.938582) oc_vcan_012 1B0#000F000000017500
(2.938832) oc_vcan_012 1D0#000000000000000A
(2.940157) oc_vcan_012 166#D032002700000000
(2.941391) oc_vcan_012 158#0000000000000028
(2.941660) oc_vcan_012 161#000005500108002B
(2.941844) oc_vcan_012 191#010090A141001200
(2.941989) oc_vcan_012 133#00000000B6000000
(2.942241) oc_vcan_012 136#0002000000000039
(2.942489) oc_vcan_012 13A#0000000000000037
(2.942531) oc_vcan_012 39#001B000000000000
(2.942872) oc_vcan_012 13F#000000050000003D
(2.943105) oc_vcan_012 164#0000C01AA8000013
(2.943352) oc_vcan_012 17C#0000000010000030
(2.943489) oc_vcan_012 18E#00007A0000000000
(2.943735) oc_vcan_012 294#040B0002CF5A001D
(2.944034) oc_vcan_012 21E#03E8374522061000
(2.944593) oc_vcan_012 309#0000000000000093
(2.944728) oc_vcan_012 428#01040000521C1000
(2.944846) oc_vcan_012 405#000004000000001A
(2.945345) oc_vcan_012 183#0000000700001031
(2.945403) oc_vcan_012 143#6B6B00FF00000000
(2.947930) oc_vcan_012 95#800007F400000026
(2.950194) oc_vcan_012 166#D032003600000000
(2.951374) oc_vcan_012 158#0000000000000037
(2.951597) oc_vcan_012 161#000005500108003A
(2.951826) oc_vcan_012 191#010090A141002100
(2.951996) oc_vcan_012 133#0000000089000000
(2.952256) oc_vcan_012 136#000200000000000C
(2.952506) oc_vcan_012 13A#000000000000000A
(2.952704) oc_vcan_012 13F#0000000500000000
(2.953059) oc_vcan_012 164#0000C01AA8000022
(2.953228) oc_vcan_012 17C#0000000010000003
(2.953398) oc_vcan_012 18E#00004D0000000000
(2.953585) oc_vcan_012 1CF#80050000002D0000
(2.953744) oc_vcan_012 1DC#0200002A00000000
(2.954828) oc_vcan_012 183#0000000D0000100E
(2.955373) oc_vcan_012 143#6B6B00C200000000
(2.956937) oc_vcan_012 39#002A000000000000
(2.957842) oc_vcan_012 95#800007F400000035
(2.958053) oc_vcan_012 1A4#0000000800000001
(2.958320) oc_vcan_012 1AA#7FFF000000006801
(2.958516) oc_vcan_012 1B0#000F000000014800
(2.958760) oc_vcan_012 1D0#000000000000000A
(2.960199) oc_vcan_012 166#D032000900000000
(2.961443) oc_vcan_012 158#000000000000000A
(2.961626) oc_vcan_012 161#000005500108000D
(2.961824) oc_vcan_012 191#010090A141003000
(2.962015) oc_vcan_012 133#0000000098000000
(2.962290) oc_vcan_012 136#000200000000001B
(2.962520) oc_vcan_012 13A#0000000000000019
(2.962767) oc_vcan_012 13F#000000050000001F
(2.962976) oc_vcan_012 164#0000C01AA9000030
(2.963239) oc_vcan_012 17C#0000000010000012
(2.963369) oc_vcan_012 18E#00005C0000000000
(2.965537) oc_vcan_012 183#0000000900001011
(2.965666) oc_vcan_012 143#6B6B00D100000000
(2.967833) oc_vcan_012 95#800007F400000008
(2.970216) oc_vcan_012 166#D032001800000000
(2.971431) oc_vcan_012 158#0000000000000019
(2.971953) oc_vcan_012 161#000005500108001C
(2.972022) oc_vcan_012 191#010090A141000300
(2.972078) oc_vcan_012 133#00000000A7000000
(2.972271) oc_vcan_012 136#000200000000002A
(2.972555) oc_vcan_012 13A#0000000000000028
(2.972838) oc_vcan_012 13F#000000050000002E
(2.972996) oc_vcan_012 164#0000C01AA8000004
(2.973278) oc_vcan_012 17C#0000000010000021
(2.973337) oc_vcan_012 18E#00006B0000000000
(2.973587) oc_vcan_012 1CF#80050000003C0000
(2.973853) oc_vcan_012 1DC#0200003900000000
(2.974954) oc_vcan_012 183#0000000E0000102B
(2.975387) oc_vcan_012 143#6B6B00E000000000
(2.975921) oc_vcan_012 39#0039000000000000
(2.977814) oc_vcan_012 95#800007F400000017
(2.978157) oc_vcan_012 1A4#0000000800000010
(2.978213) oc_vcan_012 1AA#7FFF000000006711
(2.978527) oc_vcan_012 1B0#000F000000015700
(2.978818) oc_vcan_012 1D0#000000000000000A
(2.980159) oc_vcan_012 166#D032002700000000
(2.981752) oc_vcan_012 158#0000000000000028
(2.981922) oc_vcan_012 161#000005500108002B
(2.981972) oc_vcan_012 191#010090A141001200
(2.982044) oc_vcan_012 133#00000000B6000000
(2.982260) oc_vcan_012 136#0002000000000039
(2.982506) oc_vcan_012 13A#0000000000000037
(2.982886) oc_vcan_012 13F#000000050000003D
(2.982948) oc_vcan_012 164#0000C01AA8000013
(2.983245) oc_vcan_012 17C#0000000010000030
(2.983307) oc_vcan_012 18E#00007A0000000000
(2.983669) oc_vcan_012 294#040B0002CF5A002C
(2.983894) oc_vcan_012 21E#03E8374522062F00
(2.985340) oc_vcan_012 183#0000000A0000103E
(2.985399) oc_vcan_012 143#6B6B00FF00000000
(2.987813) oc_vcan_012 95#800007F400000026
(2.989532) oc_vcan_012 39#000C000000000000
(2.990182) oc_vcan_012 166#D032003600000000
(2.991384) oc_vcan_012 158#0000000000000037
(2.991602) oc_vcan_012 161#000005500108003A
(2.991829) oc_vcan_012 191#010090A141002100
(2.992003) oc_vcan_012 133#0000000089000000
(2.992242) oc_vcan_012 136#000200000000000C
(2.992488) oc_vcan_012 13A#000000000000000A
(2.992735) oc_vcan_012 13F#0000000500000000
(2.992984) oc_vcan_012 164#0000C01AA8000022
(2.993231) oc_vcan_012 17C#0000000010000003
(2.993371) oc_vcan_012 18E#00004D0000000000
(2.993572) oc_vcan_012 1CF#80050000000F0000
(2.993752) oc_vcan_012 1DC#0200000C00000000
(2.994823) oc_vcan_012 183#0000000700001004
(2.995344) oc_vcan_012 143#6B6B00C200000000
(2.996269) oc_vcan_012 333#0000000000001E00
(2.997806) oc_vcan_012 95#800007F400000035
(2.998109) oc_vcan_012 1A4#000000080000002F
(2.998283) oc_vcan_012 1AA#7FFF000000006720
(2.998524) oc_vcan_012 1B0#000F000000016600
(2.998747) oc_vcan_012 1D0#000000000000000A
(3.000182) oc_vcan_012 166#D032000900000000
(3.001399) oc_vcan_012 158#000000000000000A
(3.001654) oc_vcan_012 161#000005500108000D
(3.001811) oc_vcan_012 191#010090A141003000
(3.002012) oc_vcan_012 133#0000000098000000
(3.002257) oc_vcan_012 136#000200000000001B
(3.002489) oc_vcan_012 13A#0000000000000019
(3.002740) oc_vcan_012 13F#000000050000001F
(3.002975) oc_vcan_012 164#0000C01AA8000031
(3.003085) oc_vcan_012 39#001B000000000000
(3.003349) oc_vcan_012 17C#0000000010000012
(3.003506) oc_vcan_012 18E#00005C0000000000
(3.005173) oc_vcan_012 183#0000000D0000101D
(3.005320) oc_vcan_012 143#6B6B00D100000000
(3.007806) oc_vcan_012 95#800007F400000008
(3.010206) oc_vcan_012 166#D032001800000000
(3.011377) oc_vcan_012 158#0000000000000019
(3.011600) oc_vcan_012 161#000005500108001C
(3.011820) oc_vcan_012 191#010090A141000300
(3.011991) oc_vcan_012 133#00000000A7000000
(3.012242) oc_vcan_012 136#000200000000002A
(3.012502) oc_vcan_012 13A#0000000000000028
(3.012736) oc_vcan_012 13F#000000050000002E
(3.012971) oc_vcan_012 164#0000C01AA8000004
(3.013346) oc_vcan_012 17C#0000000010000021
(3.013412) oc_vcan_012 18E#00006B0000000000
(3.013650) oc_vcan_012 1CF#80050000001E0000
(3.013704) oc_vcan_012 1DC#0200001B00000000
(3.013901) oc_vcan_012 320#0000120000000000
(3.014149) oc_vcan_012 324#7465000000000E1A
(3.014416) oc_vcan_012 37C#FD00FD00097F001A
(3.014936) oc_vcan_012 183#0000000900001020
(3.015439) oc_vcan_012 143#6B6B00E000000000
(3.015940) oc_vcan_012 39#002A000000000000
(3.016513) oc_vcan_012 305#8017000000000000
(3.018153) oc_vcan_012 95#800007F400000017
(3.018269) oc_vcan_012 1A4#000000080000003E
(3.018318) oc_vcan_012 1AA#7FFF00000000683E
(3.018712) oc_vcan_012 1B0#000F000000017500
(3.018841) oc_vcan_012 1D0#000000000000000A
(3.020271) oc_vcan_012 166#D032002700000000
(3.021467) oc_vcan_012 158#0000000000000028
(3.021523) oc_vcan_012 161#000005500108002B
(3.021852) oc_vcan_012 191#010090A141001200
(3.022005) oc_vcan_012 133#00000000B6000000
(3.022244) oc_vcan_012 136#0002000000000039
(3.022497) oc_vcan_012 13A#0000000000000037
(3.022768) oc_vcan_012 13F#000000050000003D
(3.022950) oc_vcan_012 164#0000C01AA8000013
(3.023339) oc_vcan_012 17C#0000000010000030
(3.023410) oc_vcan_012 18E#00007A0000000000
(3.023680) oc_vcan_012 294#040B0002CF5A003B
(3.023896) oc_vcan_012 21E#03E8374522063E00
(3.025358) oc_vcan_012 183#0000000E0000103A
(3.025401) oc_vcan_012 143#6B6B00FF00000000
(3.027868) oc_vcan_012 95#800007F400000026
(3.030204) oc_vcan_012 166#D032003600000000
(3.031394) oc_vcan_012 158#0000000000000037
(3.031645) oc_vcan_012 161#000005500108003A
(3.031833) oc_vcan_012 191#010090A141002100
(3.031874) oc_vcan_012 39#0039000000000000
(3.032137) oc_vcan_012 133#0000000089000000
(3.032394) oc_vcan_012 136#000200000000000C
(3.032636) oc_vcan_012 13A#000000000000000A
(3.032869) oc_vcan_012 13F#0000000500000000
(3.033117) oc_vcan_012 164#0000C01AA8000022
(3.033352) oc_vcan_012 17C#0000000010000003
(3.033490) oc_vcan_012 18E#00004D0000000000
(3.033704) oc_vcan_012 1CF#80050000002D0000
(3.033866) oc_vcan_012 1DC#0200002A00000000
(3.034815) oc_vcan_012 183#0000000A00001001
(3.035407) oc_vcan_012 143#6B6B00C200000000
(3.037817) oc_vcan_012 95#800007F400000035
(3.038017) oc_vcan_012 1A4#0000000800000001
(3.038266) oc_vcan_012 1AA#7FFF000000006801
(3.038511) oc_vcan_012 1B0#000F000000014800
(3.038803) oc_vcan_012 1D0#000000000000000A
(3.040217) oc_vcan_012 166#D032000900000000
(3.041403) oc_vcan_012 158#000000000000000A
(3.041655) oc_vcan_012 161#000005500108000D
(3.041836) oc_vcan_012 191#010090A141003000
(3.042009) oc_vcan_012 133#0000000098000000
(3.042267) oc_vcan_012 136#000200000000001B
(3.042508) oc_vcan_012 13A#0000000000000019
(3.042753) oc_vcan_012 13F#000000050000001F
(3.042995) oc_vcan_012 164#0000C01AA8000031
(3.043242) oc_vcan_012 17C#0000000010000012
(3.043368) oc_vcan_012 18E#00005C0000000000
(3.043731) oc_vcan_012 309#00000000000000A2
(3.045401) oc_vcan_012 183#0000000700001013
(3.045465) oc_vcan_012 143#6B6B00D100000000
(3.045945) oc_vcan_012 39#000C000000000000
(3.047824) oc_vcan_012 95#800007F400000008
(3.050213) oc_vcan_012 166#D032001800000000
(3.051396) oc_vcan_012 158#0000000000000019
(3.051604) oc_vcan_012 161#000005500108001C
(3.051814) oc_vcan_012 191#010090A141000300
(3.051989) oc_vcan_012 133#00000000A7000000
(3.052247) oc_vcan_012 136#000200000000002A
(3.052484) oc_vcan_012 13A#0000000000000028
(3.052764) oc_vcan_012 13F#000000050000002E
(3.052975) oc_vcan_012 164#0000C01AA8000004
(3.053221) oc_vcan_012 17C#0000000010000021
(3.053363) oc_vcan_012 18E#00006B0000000000
(3.053575) oc_vcan_012 1CF#80050000003C0000
(3.053737) oc_vcan_012 1DC#0200003900000000
(3.054855) oc_vcan_012 183#0000000500001024
(3.055352) oc_vcan_012 143#6B6B00E000000000
(3.057855) oc_vcan_012 95#800007F400000017
(3.057938) oc_vcan_012 1A4#0000000800000010
(3.058298) oc_vcan_012 1AA#7FFF000000006711
(3.058490) oc_vcan_012 1B0#000F000000015700
(3.058748) oc_vcan_012 1D0#000000000000000A
(3.058995) oc_vcan_012 39#001B000000000000
(3.060169) oc_vcan_012 166#D032002700000000
(3.061452) oc_vcan_012 158#0000000000000028
(3.061607) oc_vcan_012 161#000005500108002B
(3.061818) oc_vcan_012 191#010090A141001200
(3.062129) oc_vcan_012 133#00000000B6000000
(3.062185) oc_vcan_012 136#0002000000000039
(3.062664) oc_vcan_012 13A#0000000000000037
(3.062716) oc_vcan_012 13F#000000050000003D
(3.062994) oc_vcan_012 164#0000C01AA8000013
(3.063245) oc_vcan_012 17C#0000000010000030
(3.063296) oc_vcan_012 18E#00007A0000000000
(3.063654) oc_vcan_012 294#040B0002CF5A000E
(3.063926) oc_vcan_012 21E#03E8374522060100
(3.065334) oc_vcan_012 183#0000000300001035
(3.065413) oc_vcan_012 143#6B6B00FF00000000
(3.067738) oc_vcan_012 95#800007F400000026
(3.070274) oc_vcan_012 166#D032003600000000
(3.071450) oc_vcan_012 158#0000000000000037
(3.071607) oc_vcan_012 161#000005500108003A
(3.071814) oc_vcan_012 191#010090A141002100
(3.072019) oc_vcan_012 133#0000000089000000
(3.072293) oc_vcan_012 136#000200000000000C
(3.072546) oc_vcan_012 13A#000000000000000A
(3.072732) oc_vcan_012 13F#0000000500000000
(3.073025) oc_vcan_012 164#0000C01AA8000022
(3.073221) oc_vcan_012 17C#0000000010000003
(3.073379) oc_vcan_012 18E#00004D0000000000
(3.073626) oc_vcan_012 1CF#80050000000F0000
(3.073714) oc_vcan_012 1DC#0200000C00000000
(3.074843) oc_vcan_012 183#0000000A00001001
(3.074892) oc_vcan_012 39#002A000000000000
(3.075338) oc_vcan_012 143#6B6B00C200000000
(3.077816) oc_vcan_012 95#800007F400000035
(3.078029) oc_vcan_012 1A4#000000080000002F
(3.078284) oc_vcan_012 1AA#7FFF000000006720
(3.078505) oc_vcan_012 1B0#000F000000016600
(3.078756) oc_vcan_012 1D0#000000000000000A
(3.080230) oc_vcan_012 166#D032000900000000
(3.081393) oc_vcan_012 158#000000000000000A
(3.081601) oc_vcan_012 161#000005500108000D
(3.081759) oc_vcan_012 191#010090A141003000
(3.082002) oc_vcan_012 133#0000000098000000
(3.082263) oc_vcan_012 136#000200000000001B
(3.082491) oc_vcan_012 13A#0000000000000019
(3.082745) oc_vcan_012 13F#000000050000001F
(3.082963) oc_vcan_012 164#0000C01AA8000031
(3.083232) oc_vcan_012 17C#0000000010000012
(3.083386) oc_vcan_012 18E#00005C0000000000
(3.085351) oc_vcan_012 183#0000000700001013
(3.085422) oc_vcan_012 143#6B6B00D100000000
(3.087824) oc_vcan_012 95#800007F400000008
(3.088008) oc_vcan_012 39#0039000000000000
(3.090184) oc_vcan_012 166#D032001800000000
(3.091442) oc_vcan_012 158#0000000000000019
(3.091731) oc_vcan_012 161#000005500108001C
(3.091822) oc_vcan_012 191#010090A141000300
(3.092036) oc_vcan_012 133#00000000A7000000
(3.092257) oc_vcan_012 136#000200000000002A
(3.092513) oc_vcan_012 13A#0000000000000028
(3.092794) oc_vcan_012 13F#000000050000002E
(3.092973) oc_vcan_012 164#0000C01AA8000004
(3.093228) oc_vcan_012 17C#0000000010000021
(3.093356) oc_vcan_012 18E#00006B0000000000
(3.093568) oc_vcan_012 1CF#80050000001E0000
(3.093739) oc_vcan_012 1DC#0200001B00000000
(3.094836) oc_vcan_012 183#0000000500001024
(3.095345) oc_vcan_012 143#6B6B00E000000000
(3.096261) oc_vcan_012 333#0000000000002D00
(3.097733) oc_vcan_012 95#800007F400000017
(3.098105) oc_vcan_012 1A4#000000080000003E
(3.098391) oc_vcan_012 1AA#7FFF00000000683E
(3.098596) oc_vcan_012 1B0#000F000000017500
(3.098847) oc_vcan_012 1D0#000000000000000A
(3.100150) oc_vcan_012 166#D032002700000000
(3.101410) oc_vcan_012 158#0000000000000028
(3.101627) oc_vcan_012 161#000005500108002B
(3.101806) oc_vcan_012 191#010090A141001200
(3.102023) oc_vcan_012 133#00000000B6000000
(3.102259) oc_vcan_012 136#0002000000000039
(3.102498) oc_vcan_012 13A#0000000000000037
(3.102735) oc_vcan_012 13F#000000050000003D
(3.102977) oc_vcan_012 164#0000C01AA8000013
(3.103225) oc_vcan_012 17C#0000000010000030
(3.103367) oc_vcan_012 18E#00007A0000000000
(3.103606) oc_vcan_012 294#040B0002CF5A001D
(3.103877) oc_vcan_012 21E#03E8374522061000
(3.105379) oc_vcan_012 183#0000000B0000103D
(3.105443) oc_vcan_012 143#6B6B00FF00000000
(3.107804) oc_vcan_012 95#800007F400000026
(3.108948) oc_vcan_012 39#000C000000000000
(3.110163) oc_vcan_012 166#D032003600000000
(3.111464) oc_vcan_012 158#0000000000000037
(3.111513) oc_vcan_012 161#000005500108003A
(3.111830) oc_vcan_012 191#010010A141002900
(3.112002) oc_vcan_012 133#0000000089000000
(3.112273) oc_vcan_012 136#000200000000000C
(3.112509) oc_vcan_012 13A#000000000000000A
(3.112748) oc_vcan_012 13F#0000000500000000
(3.113023) oc_vcan_012 164#0000C01AA8000022
(3.113233) oc_vcan_012 17C#0000000010000003
(3.113291) oc_vcan_012 18E#00004D0000000000
(3.113608) oc_vcan_012 1CF#80050000002D0000
(3.113837) oc_vcan_012 1DC#0200002A00000000
(3.113881) oc_vcan_012 320#0000210000000000
(3.114161) oc_vcan_012 324#7465000000000E29
(3.114393) oc_vcan_012 37C#FD00FD00097F0029
(3.114886) oc_vcan_012 183#0000000800001003
(3.115464) oc_vcan_012 143#6B6B00C200000000
(3.117871) oc_vcan_012 95#800007F400000035
(3.118054) oc_vcan_012 1A4#0000000800000001
(3.118332) oc_vcan_012 1AA#7FFF000000006801
(3.118550) oc_vcan_012 1B0#000F000000014800
(3.118813) oc_vcan_012 1D0#000000000000000A
(3.120180) oc_vcan_012 166#D032000900000000
(3.121392) oc_vcan_012 158#000000000000000A
(3.121602) oc_vcan_012 161#000005500108000D
(3.121652) oc_vcan_012 39#001B000000000000
(3.121980) oc_vcan_012 191#010010A141003800
(3.122136) oc_vcan_012 133#0000000098000000
(3.122406) oc_vcan_012 136#000200000000001B
(3.122689) oc_vcan_012 13A#0000000000000019
(3.122895) oc_vcan_012 13F#000000050000001F
(3.123123) oc_vcan_012 164#0000C01AA8000031
(3.123376) oc_vcan_012 17C#0000000010000012
(3.123501) oc_vcan_012 18E#00005C0000000000
(3.123665) oc_vcan_012 305#8026000000000000
(3.125357) oc_vcan_012 183#0000000600001014
(3.125412) oc_vcan_012 143#6B6B00D100000000
(3.127848) oc_vcan_012 95#800007F400000008
(3.130202) oc_vcan_012 166#D032001800000000
(3.131398) oc_vcan_012 158#0000000000000019
(3.131676) oc_vcan_012 161#000005500108001C
(3.131812) oc_vcan_012 191#010010A141000B00
(3.131987) oc_vcan_012 133#00000000A7000000
(3.132277) oc_vcan_012 136#000200000000002A
(3.132521) oc_vcan_012 13A#0000000000000028
(3.132732) oc_vcan_012 13F#000000050000002E
(3.133004) oc_vcan_012 164#0000C01AA8000004
(3.133214) oc_vcan_012 17C#0000000010000021
(3.133366) oc_vcan_012 18E#00006B0000000000
(3.133568) oc_vcan_012 1CF#80050000003C0000
(3.133740) oc_vcan_012 1DC#0200003900000000
(3.134862) oc_vcan_012 183#0000000C0000102D
(3.135344) oc_vcan_012 143#6B6B00E000000000
(3.135950) oc_vcan_012 39#002A000000000000
(3.138111) oc_vcan_012 95#800007F400000017
(3.138290) oc_vcan_012 1A4#0000000800000010
(3.138345) oc_vcan_012 1AA#7FFF000000006711
(3.138669) oc_vcan_012 1B0#000F000000015700
(3.138734) oc_vcan_012 1D0#000000000000000A
(3.140266) oc_vcan_012 166#D032002700000000
(3.141400) oc_vcan_012 158#0000000000000028
(3.141655) oc_vcan_012 161#000005500108002B
(3.141826) oc_vcan_012 191#010010A141001A00
(3.142007) oc_vcan_012 133#00000000B6000000
(3.142278) oc_vcan_012 136#0002000000000039
(3.142556) oc_vcan_012 13A#0000000000000037
(3.142739) oc_vcan_012 13F#000000050000003D
(3.142971) oc_vcan_012 164#0000C01AA8000013
(3.143235) oc_vcan_012 17C#0000000010000030
(3.143285) oc_vcan_012 18E#00007A0000000000
(3.143699) oc_vcan_012 294#040B0002CF5A002C
(3.143892) oc_vcan_012 21E#03E8374522062F00
(3.144244) oc_vcan_012 309#00000000000000B1
(3.145402) oc_vcan_012 183#000000090000103F
(3.145457) oc_vcan_012 143#6B6B00FF00000000
(3.147745) oc_vcan_012 95#800007F400000026
(3.151430) oc_vcan_012 166#D032003600000000
(3.151551) oc_vcan_012 158#0000000000000037
(3.151607) oc_vcan_012 161#000005500108003A
(3.151761) oc_vcan_012 191#010010A141002900
(3.151962) oc_vcan_012 39#0039000000000000
(3.152173) oc_vcan_012 133#0000000089000000
(3.152399) oc_vcan_012 136#000200000000000C
(3.152651) oc_vcan_012 13A#000000000000000A
(3.152897) oc_vcan_012 13F#0000000500000000
(3.153131) oc_vcan_012 164#0000C01AA8000022
(3.153366) oc_vcan_012 17C#0000000010000003
(3.153501) oc_vcan_012 18E#00004D0000000000
(3.153716) oc_vcan_012 1CF#80050000000F0000
(3.153879) oc_vcan_012 1DC#0200000C00000000
(3.154820) oc_vcan_012 183#0000000E0000100D
(3.155343) oc_vcan_012 143#6B6B00C200000000
(3.157743) oc_vcan_012 95#800007F400000035
(3.158051) oc_vcan_012 1A4#000000080000002F
(3.158285) oc_vcan_012 1AA#7FFF000000006720
(3.158503) oc_vcan_012 1B0#000F000000016600
(3.158764) oc_vcan_012 1D0#000000000000000A
(3.160204) oc_vcan_012 166#D032000900000000
(3.161362) oc_vcan_012 158#000000000000000A
(3.161649) oc_vcan_012 161#000005500108000D
(3.161881) oc_vcan_012 191#010010A141003800
(3.161923) oc_vcan_012 133#0000000098000000
(3.162239) oc_vcan_012 136#000200000000001B
(3.162487) oc_vcan_012 13A#0000000000000019
(3.162756) oc_vcan_012 13F#000000050000001F
(3.162997) oc_vcan_012 164#0000C01AA8000031
(3.163242) oc_vcan_012 17C#0000000010000012
(3.163352) oc_vcan_012 18E#00005C0000000000
(3.164925) oc_vcan_012 39#000C000000000000
(3.165315) oc_vcan_012 183#0000000A00001010
(3.165456) oc_vcan_012 143#6B6B00D100000000
(3.167732) oc_vcan_012 95#800007F800000004
(3.170561) oc_vcan_012 166#D032001800000000
(3.171570) oc_vcan_012 158#0000000000000019
(3.171688) oc_vcan_012 161#000005500108001C
(3.171758) oc_vcan_012 191#010010A141000B00
(3.172133) oc_vcan_012 133#00000000A7000000
(3.172188) oc_vcan_012 136#000200000000002A
(3.172559) oc_vcan_012 13A#0000000000000028
(3.172757) oc_vcan_012 13F#000000050000002E
(3.172996) oc_vcan_012 164#0000C01AA8000004
(3.173277) oc_vcan_012 17C#0000000010000021
(3.173334) oc_vcan_012 18E#00006B0000000000
(3.173683) oc_vcan_012 1CF#80050000001E0000
(3.173741) oc_vcan_012 1DC#0200001B00000000
(3.174854) oc_vcan_012 183#0000000700001022
(3.175353) oc_vcan_012 143#6B6B00E000000000
(3.178123) oc_vcan_012 95#800007F800000013
(3.178316) oc_vcan_012 1A4#000000080000003E
(3.178362) oc_vcan_012 1AA#7FFF00000000683E
(3.178672) oc_vcan_012 1B0#000F000000017500
(3.178866) oc_vcan_012 1D0#000000000000000A
(3.180190) oc_vcan_012 166#D032002700000000
(3.181053) oc_vcan_012 39#001B000000000000
(3.181482) oc_vcan_012 158#0000000000000028
(3.181563) oc_vcan_012 161#000005500108002B
(3.181837) oc_vcan_012 191#010010A141001A00
(3.182024) oc_vcan_012 133#00000000B6000000
(3.182259) oc_vcan_012 136#0002000000000039
(3.182502) oc_vcan_012 13A#0000000000000037
(3.182752) oc_vcan_012 13F#000000050000003D
(3.182974) oc_vcan_012 164#0000C01AA8000013
(3.183232) oc_vcan_012 17C#0000000010000030
(3.183285) oc_vcan_012 18E#00007A0000000000
(3.183667) oc_vcan_012 294#040B0002CF5A003B
(3.183892) oc_vcan_012 21E#03E8374522063E00
(3.185368) oc_vcan_012 183#0000000D0000103B
(3.185536) oc_vcan_012 143#6B6B00FF00000000
(3.187727) oc_vcan_012 95#800007F800000022
(3.190240) oc_vcan_012 166#D032003600000000
(3.191433) oc_vcan_012 158#0000000000000037
(3.191642) oc_vcan_012 161#000005500108003A
(3.191821) oc_vcan_012 191#010010A141002900
(3.192004) oc_vcan_012 133#0000000089000000
(3.192262) oc_vcan_012 136#000200000000000C
(3.192702) oc_vcan_012 13A#000000000000000A
(3.192767) oc_vcan_012 13F#0000000500000000
(3.192908) oc_vcan_012 164#0000C01AA8000022
(3.193255) oc_vcan_012 17C#0000000010000003
(3.193313) oc_vcan_012 18E#00004D0000000000
(3.193602) oc_vcan_012 1CF#80050000002D0000
(3.193699) oc_vcan_012 1DC#0200002A00000000
(3.194039) oc_vcan_012 39#002A000000000000
(3.194909) oc_vcan_012 183#0000000900001002
(3.195335) oc_vcan_012 143#6B6B00C200000000
(3.196270) oc_vcan_012 333#0000000000003C00
(3.197742) oc_vcan_012 95#800007F800000031
(3.198041) oc_vcan_012 1A4#0000000800000001
(3.198288) oc_vcan_012 1AA#7FFF000000006801
(3.198503) oc_vcan_012 1B0#000F000000014800
(3.198869) oc_vcan_012 1D0#000000000000000A
(3.200192) oc_vcan_012 166#D032000900000000
(3.201385) oc_vcan_012 158#000000000000000A
(3.201679) oc_vcan_012 161#000005500108000D
(3.201753) oc_vcan_012 191#010010A141003800
(3.202054) oc_vcan_012 133#0000000098000000
(3.202254) oc_vcan_012 136#000200000000001B
(3.202520) oc_vcan_012 13A#0000000000000019
(3.202810) oc_vcan_012 13F#000000050000001F
(3.202987) oc_vcan_012 164#0000C01AA8000031
(3.203232) oc_vcan_012 17C#0000000010000012
(3.203364) oc_vcan_012 18E#00005C0000000000
(3.205734) oc_vcan_012 183#0000000E0000101C
(3.205953) oc_vcan_012 143#6B6B00D100000000
(3.207839) oc_vcan_012 95#800007F800000004
(3.210238) oc_vcan_012 166#D032001800000000
(3.211427) oc_vcan_012 158#0000000000000019
(3.211640) oc_vcan_012 161#000005500108001C
(3.211924) oc_vcan_012 191#010010A141000B00
(3.211978) oc_vcan_012 133#00000000A7000000
(3.212248) oc_vcan_012 136#000200000000002A
(3.212506) oc_vcan_012 13A#0000000000000028
(3.212747) oc_vcan_012 13F#000000050000002E
(3.213005) oc_vcan_012 164#0000C01AA8000004
(3.213235) oc_vcan_012 17C#0000000010000021
(3.213361) oc_vcan_012 18E#00006B0000000000
(3.213594) oc_vcan_012 1CF#80050000003C0000
(3.213677) oc_vcan_012 39#0039000000000000
(3.213907) oc_vcan_012 1DC#0200003900000000
(3.213970) oc_vcan_012 320#0000300000000000
(3.214312) oc_vcan_012 324#7465000000000E38
(3.214567) oc_vcan_012 37C#FD00FD00097F0038
(3.214827) oc_vcan_012 40C#0000000004000013
(3.215061) oc_vcan_012 183#0000000A0000102F
(3.215109) oc_vcan_012 454#23EF180000000000
(3.215488) oc_vcan_012 143#6B6B00E000000000
(3.217750) oc_vcan_012 95#800007F800000013
(3.218119) oc_vcan_012 1A4#0000000800000010
(3.218190) oc_vcan_012 1AA#7FFF000000006711
(3.218540) oc_vcan_012 1B0#000F000000015700
(3.218836) oc_vcan_012 1D0#000000000000000A
(3.220155) oc_vcan_012 166#D032002700000000
(3.221425) oc_vcan_012 158#0000000000000028
(3.221593) oc_vcan_012 161#000005500108002B
(3.221813) oc_vcan_012 191#010010A141001A00
(3.221994) oc_vcan_012 133#00000000B6000000
(3.222233) oc_vcan_012 136#0002000000000039
(3.222525) oc_vcan_012 13A#0000000000000037
(3.222737) oc_vcan_012 13F#000000050000003D
(3.222974) oc_vcan_012 164#0000C01AA8000013
(3.223239) oc_vcan_012 17C#0000000010000030
(3.223313) oc_vcan_012 18E#00007A0000000000
(3.223691) oc_vcan_012 294#040B0002CF5A000E
(3.223916) oc_vcan_012 21E#03E8374522060100
(3.225395) oc_vcan_012 183#0000000700001031
(3.225438) oc_vcan_012 143#6B6B00FF00000000
(3.227044) oc_vcan_012 39#000C000000000000
(3.228293) oc_vcan_012 305#8035000000000000
(3.228434) oc_vcan_012 95#800007F800000022
(3.230260) oc_vcan_012 166#D032003600000000
(3.231472) oc_vcan_012 158#0000000000000037
(3.231528) oc_vcan_012 161#000005500108003A
(3.231828) oc_vcan_012 191#010010A141002900
(3.231999) oc_vcan_012 133#0000000089000000
(3.232270) oc_vcan_012 136#000200000000000C
(3.232498) oc_vcan_012 13A#000000000000000A
(3.232818) oc_vcan_012 13F#0000000500000000
(3.232986) oc_vcan_012 164#0000C01AA8000022
(3.233245) oc_vcan_012 17C#0000000010000003
(3.233312) oc_vcan_012 18E#00004D0000000000
(3.233662) oc_vcan_012 1CF#80050000000F0000
(3.233721) oc_vcan_012 1DC#0200000C00000000
(3.234850) oc_vcan_012 183#0000000D0000100E
(3.235316) oc_vcan_012 143#6B6B00C200000000
(3.237743) oc_vcan_012 95#800007F800000031
(3.238028) oc_vcan_012 1A4#000000080000002F
(3.238272) oc_vcan_012 1AA#7FFF000000006720
(3.238505) oc_vcan_012 1B0#000F000000016600
(3.238758) oc_vcan_012 1D0#000000000000000A
(3.240202) oc_vcan_012 166#D032000900000000
(3.241380) oc_vcan_012 158#000000000000000A
(3.241632) oc_vcan_012 161#000005500108000D
(3.241690) oc_vcan_012 39#001B000000000000
(3.241954) oc_vcan_012 191#010010A141003800
(3.242133) oc_vcan_012 133#0000000098000000
(3.242394) oc_vcan_012 136#000200000000001B
(3.242761) oc_vcan_012 13A#0000000000000019
(3.242828) oc_vcan_012 13F#000000050000001F
(3.243139) oc_vcan_012 164#0000C01AA8000031
(3.243400) oc_vcan_012 17C#0000000010000012
(3.243442) oc_vcan_012 18E#00005C0000000000
(3.243812) oc_vcan_012 309#0000000000000084
(3.244061) oc_vcan_012 428#01040000521C2F00
(3.244352) oc_vcan_012 405#0000040000000029
(3.245260) oc_vcan_012 183#0000000900001011
(3.245305) oc_vcan_012 143#6B6B00D100000000
(3.247746) oc_vcan_012 95#800007F800000004
(3.250178) oc_vcan_012 166#D032001800000000
(3.251383) oc_vcan_012 158#0000000000000019
(3.251608) oc_vcan_012 161#000005500108001C
(3.251806) oc_vcan_012 191#010010A141000B00
(3.251997) oc_vcan_012 133#00000000A7000000
(3.252272) oc_vcan_012 136#000200000000002A
(3.252499) oc_vcan_012 13A#0000000000000028
(3.252754) oc_vcan_012 13F#000000050000002E
(3.252960) oc_vcan_012 164#0000C01AA8000004
(3.253232) oc_vcan_012 17C#0000000010000021
(3.253289) oc_vcan_012 18E#00006B0000000000
(3.253745) oc_vcan_012 1CF#80050000001E0000
(3.253838) oc_vcan_012 1DC#0200001B00000000
(3.254867) oc_vcan_012 183#0000000600001023
(3.255344) oc_vcan_012 143#6B6B00E000000000
(3.256524) oc_vcan_012 39#002A000000000000
(3.257717) oc_vcan_012 95#800007F800000013
(3.258113) oc_vcan_012 1A4#000000080000003E
