timestamp_s,utc_iso,arbitration_id,dlc,data_hex,label,source,send_to_recv_latency_s,note
0.001567,2026-06-04T12:19:09.172927+00:00,100,8,46 00 00 00 00 00 00 00,python_can_virtual_baseline,011_python_can_virtual_bus,0.000104,python_can_virtual_bus_no_vehicle_no_adapter
0.001664,2026-06-04T12:19:09.173009+00:00,120,8,06 A8 00 00 00 00 00 01,python_can_virtual_baseline,011_python_can_virtual_bus,0.000047,python_can_virtual_bus_no_vehicle_no_adapter
0.001711,2026-06-04T12:19:09.173056+00:00,188,8,00 00 00 00 00 00 00 02,python_can_virtual_baseline,011_python_can_virtual_bus,0.000025,python_can_virtual_bus_no_vehicle_no_adapter
0.001771,2026-06-04T12:19:09.173116+00:00,300,8,EA 5F AE DC B7 08 26 82,python_can_virtual_baseline,011_python_can_virtual_bus,0.000040,python_can_virtual_bus_no_vehicle_no_adapter
0.050365,2026-06-04T12:19:09.221735+00:00,100,8,3C 00 00 00 00 00 00 04,python_can_virtual_baseline,011_python_can_virtual_bus,0.000180,python_can_virtual_bus_no_vehicle_no_adapter
0.050488,2026-06-04T12:19:09.221833+00:00,188,8,00 00 00 00 00 00 00 05,python_can_virtual_baseline,011_python_can_virtual_bus,0.000036,python_can_virtual_bus_no_vehicle_no_adapter
0.070334,2026-06-04T12:19:09.241691+00:00,120,8,06 7E 00 00 00 00 00 06,python_can_virtual_baseline,011_python_can_virtual_bus,0.000138,python_can_virtual_bus_no_vehicle_no_adapter
0.100272,2026-06-04T12:19:09.271630+00:00,100,8,49 00 00 00 00 00 00 07,python_can_virtual_baseline,011_python_can_virtual_bus,0.000161,python_can_virtual_bus_no_vehicle_no_adapter
0.100354,2026-06-04T12:19:09.271696+00:00,188,8,00 00 00 00 00 00 00 08,python_can_virtual_baseline,011_python_can_virtual_bus,0.000023,python_can_virtual_bus_no_vehicle_no_adapter
0.140305,2026-06-04T12:19:09.311662+00:00,120,8,05 99 00 00 00 00 00 09,python_can_virtual_baseline,011_python_can_virtual_bus,0.000168,python_can_virtual_bus_no_vehicle_no_adapter
0.150238,2026-06-04T12:19:09.321589+00:00,100,8,4B 00 00 00 00 00 00 0A,python_can_virtual_baseline,011_python_can_virtual_bus,0.000137,python_can_virtual_bus_no_vehicle_no_adapter
0.150308,2026-06-04T12:19:09.321650+00:00,188,8,00 00 00 00 00 00 00 0B,python_can_virtual_baseline,011_python_can_virtual_bus,0.000026,python_can_virtual_bus_no_vehicle_no_adapter
0.200460,2026-06-04T12:19:09.371817+00:00,100,8,46 00 00 00 00 00 00 0C,python_can_virtual_baseline,011_python_can_virtual_bus,0.000343,python_can_virtual_bus_no_vehicle_no_adapter
0.200538,2026-06-04T12:19:09.371880+00:00,188,8,00 00 00 00 00 00 00 0D,python_can_virtual_baseline,011_python_can_virtual_bus,0.000024,python_can_virtual_bus_no_vehicle_no_adapter
0.210277,2026-06-04T12:19:09.381631+00:00,120,8,06 C3 00 00 00 00 00 0E,python_can_virtual_baseline,011_python_can_virtual_bus,0.000143,python_can_virtual_bus_no_vehicle_no_adapter
0.250289,2026-06-04T12:19:09.421644+00:00,100,8,47 00 00 00 00 00 00 0F,python_can_virtual_baseline,011_python_can_virtual_bus,0.000152,python_can_virtual_bus_no_vehicle_no_adapter
0.250376,2026-06-04T12:19:09.421719+00:00,188,8,00 00 00 00 00 00 00 10,python_can_virtual_baseline,011_python_can_virtual_bus,0.000031,python_can_virtual_bus_no_vehicle_no_adapter
0.250432,2026-06-04T12:19:09.421777+00:00,300,8,6C 9B 23 A1 90 02 D5 E5,python_can_virtual_baseline,011_python_can_virtual_bus,0.000040,python_can_virtual_bus_no_vehicle_no_adapter
0.280387,2026-06-04T12:19:09.451750+00:00,120,8,06 BA 00 00 00 00 00 12,python_can_virtual_baseline,011_python_can_virtual_bus,0.000185,python_can_virtual_bus_no_vehicle_no_adapter
0.300402,2026-06-04T12:19:09.471757+00:00,100,8,4B 00 00 00 00 00 00 13,python_can_virtual_baseline,011_python_can_virtual_bus,0.000131,python_can_virtual_bus_no_vehicle_no_adapter
0.300480,2026-06-04T12:19:09.471823+00:00,188,8,00 00 00 00 00 00 00 14,python_can_virtual_baseline,011_python_can_virtual_bus,0.000023,python_can_virtual_bus_no_vehicle_no_adapter
0.350320,2026-06-04T12:19:09.521681+00:00,100,8,3D 00 00 00 00 00 00 15,python_can_virtual_baseline,011_python_can_virtual_bus,0.000136,python_can_virtual_bus_no_vehicle_no_adapter
0.350424,2026-06-04T12:19:09.521768+00:00,188,8,00 00 00 00 00 00 00 16,python_can_virtual_baseline,011_python_can_virtual_bus,0.000033,python_can_virtual_bus_no_vehicle_no_adapter
0.350472,2026-06-04T12:19:09.521815+00:00,120,8,06 0C 00 00 00 00 00 17,python_can_virtual_baseline,011_python_can_virtual_bus,0.000028,python_can_virtual_bus_no_vehicle_no_adapter
0.400313,2026-06-04T12:19:09.571676+00:00,100,8,3D 00 00 00 00 00 00 18,python_can_virtual_baseline,011_python_can_virtual_bus,0.000143,python_can_virtual_bus_no_vehicle_no_adapter
0.400462,2026-06-04T12:19:09.571807+00:00,188,8,00 00 00 00 00 00 00 19,python_can_virtual_baseline,011_python_can_virtual_bus,0.000037,python_can_virtual_bus_no_vehicle_no_adapter
0.420429,2026-06-04T12:19:09.591786+00:00,120,8,07 3F 00 00 00 00 00 1A,python_can_virtual_baseline,011_python_can_virtual_bus,0.000292,python_can_virtual_bus_no_vehicle_no_adapter
0.450293,2026-06-04T12:19:09.621650+00:00,100,8,3D 00 00 00 00 00 00 1B,python_can_virtual_baseline,011_python_can_virtual_bus,0.000159,python_can_virtual_bus_no_vehicle_no_adapter
0.450370,2026-06-04T12:19:09.621712+00:00,188,8,00 00 00 00 00 00 00 1C,python_can_virtual_baseline,011_python_can_virtual_bus,0.000022,python_can_virtual_bus_no_vehicle_no_adapter
0.490345,2026-06-04T12:19:09.661713+00:00,120,8,06 C1 00 00 00 00 00 1D,python_can_virtual_baseline,011_python_can_virtual_bus,0.000164,python_can_virtual_bus_no_vehicle_no_adapter
0.500323,2026-06-04T12:19:09.671683+00:00,100,8,43 00 00 00 00 00 00 1E,python_can_virtual_baseline,011_python_can_virtual_bus,0.000201,python_can_virtual_bus_no_vehicle_no_adapter
0.500451,2026-06-04T12:19:09.671795+00:00,188,8,00 00 00 00 00 00 00 1F,python_can_virtual_baseline,011_python_can_virtual_bus,0.000054,python_can_virtual_bus_no_vehicle_no_adapter
0.500509,2026-06-04T12:19:09.671852+00:00,300,8,A7 F3 98 DA 33 78 A9 4E,python_can_virtual_baseline,011_python_can_virtual_bus,0.000035,python_can_virtual_bus_no_vehicle_no_adapter
0.550306,2026-06-04T12:19:09.721667+00:00,100,8,3B 00 00 00 00 00 00 21,python_can_virtual_baseline,011_python_can_virtual_bus,0.000164,python_can_virtual_bus_no_vehicle_no_adapter
0.550397,2026-06-04T12:19:09.721740+00:00,188,8,00 00 00 00 00 00 00 22,python_can_virtual_baseline,011_python_can_virtual_bus,0.000029,python_can_virtual_bus_no_vehicle_no_adapter
0.560263,2026-06-04T12:19:09.731615+00:00,120,8,06 61 00 00 00 00 00 23,python_can_virtual_baseline,011_python_can_virtual_bus,0.000131,python_can_virtual_bus_no_vehicle_no_adapter
0.600302,2026-06-04T12:19:09.771657+00:00,100,8,3B 00 00 00 00 00 00 24,python_can_virtual_baseline,011_python_can_virtual_bus,0.000158,python_can_virtual_bus_no_vehicle_no_adapter
0.600407,2026-06-04T12:19:09.771749+00:00,188,8,00 00 00 00 00 00 00 25,python_can_virtual_baseline,011_python_can_virtual_bus,0.000023,python_can_virtual_bus_no_vehicle_no_adapter
0.630317,2026-06-04T12:19:09.801678+00:00,120,8,07 1D 00 00 00 00 00 26,python_can_virtual_baseline,011_python_can_virtual_bus,0.000193,python_can_virtual_bus_no_vehicle_no_adapter
0.650357,2026-06-04T12:19:09.821722+00:00,100,8,49 00 00 00 00 00 00 27,python_can_virtual_baseline,011_python_can_virtual_bus,0.000222,python_can_virtual_bus_no_vehicle_no_adapter
0.650505,2026-06-04T12:19:09.821852+00:00,188,8,00 00 00 00 00 00 00 28,python_can_virtual_baseline,011_python_can_virtual_bus,0.000068,python_can_virtual_bus_no_vehicle_no_adapter
0.700363,2026-06-04T12:19:09.871729+00:00,100,8,3A 00 00 00 00 00 00 29,python_can_virtual_baseline,011_python_can_virtual_bus,0.000219,python_can_virtual_bus_no_vehicle_no_adapter
0.700505,2026-06-04T12:19:09.871853+00:00,188,8,00 00 00 00 00 00 00 2A,python_can_virtual_baseline,011_python_can_virtual_bus,0.000062,python_can_virtual_bus_no_vehicle_no_adapter
0.700586,2026-06-04T12:19:09.871932+00:00,120,8,05 96 00 00 00 00 00 2B,python_can_virtual_baseline,011_python_can_virtual_bus,0.000049,python_can_virtual_bus_no_vehicle_no_adapter
0.750379,2026-06-04T12:19:09.921741+00:00,100,8,49 00 00 00 00 00 00 2C,python_can_virtual_baseline,011_python_can_virtual_bus,0.000166,python_can_virtual_bus_no_vehicle_no_adapter
0.750484,2026-06-04T12:19:09.921828+00:00,188,8,00 00 00 00 00 00 00 2D,python_can_virtual_baseline,011_python_can_virtual_bus,0.000031,python_can_virtual_bus_no_vehicle_no_adapter
0.750536,2026-06-04T12:19:09.921878+00:00,300,8,2C D5 43 7C 5F 60 EA E5,python_can_virtual_baseline,011_python_can_virtual_bus,0.000032,python_can_virtual_bus_no_vehicle_no_adapter
0.770331,2026-06-04T12:19:09.941690+00:00,120,8,05 D1 00 00 00 00 00 2F,python_can_virtual_baseline,011_python_can_virtual_bus,0.000196,python_can_virtual_bus_no_vehicle_no_adapter
0.800254,2026-06-04T12:19:09.971610+00:00,100,8,3E 00 00 00 00 00 00 30,python_can_virtual_baseline,011_python_can_virtual_bus,0.000144,python_can_virtual_bus_no_vehicle_no_adapter
0.800328,2026-06-04T12:19:09.971670+00:00,188,8,00 00 00 00 00 00 00 31,python_can_virtual_baseline,011_python_can_virtual_bus,0.000023,python_can_virtual_bus_no_vehicle_no_adapter
0.840281,2026-06-04T12:19:10.011641+00:00,120,8,06 0B 00 00 00 00 00 32,python_can_virtual_baseline,011_python_can_virtual_bus,0.000170,python_can_virtual_bus_no_vehicle_no_adapter
0.850297,2026-06-04T12:19:10.021658+00:00,100,8,4A 00 00 00 00 00 00 33,python_can_virtual_baseline,011_python_can_virtual_bus,0.000188,python_can_virtual_bus_no_vehicle_no_adapter
0.850405,2026-06-04T12:19:10.021750+00:00,188,8,00 00 00 00 00 00 00 34,python_can_virtual_baseline,011_python_can_virtual_bus,0.000033,python_can_virtual_bus_no_vehicle_no_adapter
0.900292,2026-06-04T12:19:10.071651+00:00,100,8,3A 00 00 00 00 00 00 35,python_can_virtual_baseline,011_python_can_virtual_bus,0.000171,python_can_virtual_bus_no_vehicle_no_adapter
0.900373,2026-06-04T12:19:10.071715+00:00,188,8,00 00 00 00 00 00 00 36,python_can_virtual_baseline,011_python_can_virtual_bus,0.000022,python_can_virtual_bus_no_vehicle_no_adapter
0.910314,2026-06-04T12:19:10.081670+00:00,120,8,07 41 00 00 00 00 00 37,python_can_virtual_baseline,011_python_can_virtual_bus,0.000182,python_can_virtual_bus_no_vehicle_no_adapter
0.950284,2026-06-04T12:19:10.121639+00:00,100,8,46 00 00 00 00 00 00 38,python_can_virtual_baseline,011_python_can_virtual_bus,0.000167,python_can_virtual_bus_no_vehicle_no_adapter
0.950392,2026-06-04T12:19:10.121734+00:00,188,8,00 00 00 00 00 00 00 39,python_can_virtual_baseline,011_python_can_virtual_bus,0.000053,python_can_virtual_bus_no_vehicle_no_adapter
0.980314,2026-06-04T12:19:10.151674+00:00,120,8,05 FF 00 00 00 00 00 3A,python_can_virtual_baseline,011_python_can_virtual_bus,0.000200,python_can_virtual_bus_no_vehicle_no_adapter
1.000405,2026-06-04T12:19:10.171762+00:00,100,8,49 00 00 00 00 00 00 3B,python_can_virtual_baseline,011_python_can_virtual_bus,0.000148,python_can_virtual_bus_no_vehicle_no_adapter
1.000484,2026-06-04T12:19:10.171825+00:00,188,8,00 00 00 00 00 00 00 3C,python_can_virtual_baseline,011_python_can_virtual_bus,0.000023,python_can_virtual_bus_no_vehicle_no_adapter
1.000519,2026-06-04T12:19:10.171861+00:00,300,8,97 49 E4 E4 F5 6D 71 EF,python_can_virtual_baseline,011_python_can_virtual_bus,0.000023,python_can_virtual_bus_no_vehicle_no_adapter
1.050268,2026-06-04T12:19:10.221625+00:00,100,8,45 00 00 00 00 00 00 3E,python_can_virtual_baseline,011_python_can_virtual_bus,0.000157,python_can_virtual_bus_no_vehicle_no_adapter
1.050369,2026-06-04T12:19:10.221711+00:00,188,8,00 00 00 00 00 00 00 3F,python_can_virtual_baseline,011_python_can_virtual_bus,0.000024,python_can_virtual_bus_no_vehicle_no_adapter
1.050403,2026-06-04T12:19:10.221745+00:00,120,8,06 74 00 00 00 00 00 40,python_can_virtual_baseline,011_python_can_virtual_bus,0.000019,python_can_virtual_bus_no_vehicle_no_adapter
1.100335,2026-06-04T12:19:10.271723+00:00,100,8,47 00 00 00 00 00 00 41,python_can_virtual_baseline,011_python_can_virtual_bus,0.000215,python_can_virtual_bus_no_vehicle_no_adapter
1.100475,2026-06-04T12:19:10.271820+00:00,188,8,00 00 00 00 00 00 00 42,python_can_virtual_baseline,011_python_can_virtual_bus,0.000036,python_can_virtual_bus_no_vehicle_no_adapter
1.120370,2026-06-04T12:19:10.291732+00:00,120,8,06 41 00 00 00 00 00 43,python_can_virtual_baseline,011_python_can_virtual_bus,0.000156,python_can_virtual_bus_no_vehicle_no_adapter
1.150409,2026-06-04T12:19:10.321772+00:00,100,8,44 00 00 00 00 00 00 44,python_can_virtual_baseline,011_python_can_virtual_bus,0.000268,python_can_virtual_bus_no_vehicle_no_adapter
1.150522,2026-06-04T12:19:10.321866+00:00,188,8,00 00 00 00 00 00 00 45,python_can_virtual_baseline,011_python_can_virtual_bus,0.000038,python_can_virtual_bus_no_vehicle_no_adapter
1.190305,2026-06-04T12:19:10.361667+00:00,120,8,06 1A 00 00 00 00 00 46,python_can_virtual_baseline,011_python_can_virtual_bus,0.000180,python_can_virtual_bus_no_vehicle_no_adapter
1.200311,2026-06-04T12:19:10.371666+00:00,100,8,3D 00 00 00 00 00 00 47,python_can_virtual_baseline,011_python_can_virtual_bus,0.000126,python_can_virtual_bus_no_vehicle_no_adapter
1.200389,2026-06-04T12:19:10.371730+00:00,188,8,00 00 00 00 00 00 00 48,python_can_virtual_baseline,011_python_can_virtual_bus,0.000022,python_can_virtual_bus_no_vehicle_no_adapter
1.250282,2026-06-04T12:19:10.421639+00:00,100,8,47 00 00 00 00 00 00 49,python_can_virtual_baseline,011_python_can_virtual_bus,0.000164,python_can_virtual_bus_no_vehicle_no_adapter
1.250363,2026-06-04T12:19:10.421705+00:00,188,8,00 00 00 00 00 00 00 4A,python_can_virtual_baseline,011_python_can_virtual_bus,0.000023,python_can_virtual_bus_no_vehicle_no_adapter
1.250401,2026-06-04T12:19:10.421743+00:00,300,8,5C 8F EB 45 DC 39 27 CA,python_can_virtual_baseline,011_python_can_virtual_bus,0.000025,python_can_virtual_bus_no_vehicle_no_adapter
1.260320,2026-06-04T12:19:10.431679+00:00,120,8,06 19 00 00 00 00 00 4C,python_can_virtual_baseline,011_python_can_virtual_bus,0.000133,python_can_virtual_bus_no_vehicle_no_adapter
1.300323,2026-06-04T12:19:10.471685+00:00,100,8,4A 00 00 00 00 00 00 4D,python_can_virtual_baseline,011_python_can_virtual_bus,0.000204,python_can_virtual_bus_no_vehicle_no_adapter
1.300435,2026-06-04T12:19:10.471778+00:00,188,8,00 00 00 00 00 00 00 4E,python_can_virtual_baseline,011_python_can_virtual_bus,0.000034,python_can_virtual_bus_no_vehicle_no_adapter
1.330296,2026-06-04T12:19:10.501653+00:00,120,8,07 63 00 00 00 00 00 4F,python_can_virtual_baseline,011_python_can_virtual_bus,0.000174,python_can_virtual_bus_no_vehicle_no_adapter
1.350362,2026-06-04T12:19:10.521722+00:00,100,8,3E 00 00 00 00 00 00 50,python_can_virtual_baseline,011_python_can_virtual_bus,0.000163,python_can_virtual_bus_no_vehicle_no_adapter
1.350455,2026-06-04T12:19:10.521797+00:00,188,8,00 00 00 00 00 00 00 51,python_can_virtual_baseline,011_python_can_virtual_bus,0.000028,python_can_virtual_bus_no_vehicle_no_adapter
1.400316,2026-06-04T12:19:10.571675+00:00,100,8,3B 00 00 00 00 00 00 52,python_can_virtual_baseline,011_python_can_virtual_bus,0.000196,python_can_virtual_bus_no_vehicle_no_adapter
1.400437,2026-06-04T12:19:10.571782+00:00,188,8,00 00 00 00 00 00 00 53,python_can_virtual_baseline,011_python_can_virtual_bus,0.000034,python_can_virtual_bus_no_vehicle_no_adapter
1.400495,2026-06-04T12:19:10.571840+00:00,120,8,06 9F 00 00 00 00 00 54,python_can_virtual_baseline,011_python_can_virtual_bus,0.000033,python_can_virtual_bus_no_vehicle_no_adapter
1.450274,2026-06-04T12:19:10.621631+00:00,100,8,47 00 00 00 00 00 00 55,python_can_virtual_baseline,011_python_can_virtual_bus,0.000159,python_can_virtual_bus_no_vehicle_no_adapter
1.450355,2026-06-04T12:19:10.621696+00:00,188,8,00 00 00 00 00 00 00 56,python_can_virtual_baseline,011_python_can_virtual_bus,0.000024,python_can_virtual_bus_no_vehicle_no_adapter
1.470289,2026-06-04T12:19:10.641702+00:00,120,8,07 37 00 00 00 00 00 57,python_can_virtual_baseline,011_python_can_virtual_bus,0.000173,python_can_virtual_bus_no_vehicle_no_adapter
1.500299,2026-06-04T12:19:10.671658+00:00,100,8,3C 00 00 00 00 00 00 58,python_can_virtual_baseline,011_python_can_virtual_bus,0.000182,python_can_virtual_bus_no_vehicle_no_adapter
1.500405,2026-06-04T12:19:10.671747+00:00,188,8,00 00 00 00 00 00 00 59,python_can_virtual_baseline,011_python_can_virtual_bus,0.000044,python_can_virtual_bus_no_vehicle_no_adapter
1.500445,2026-06-04T12:19:10.671787+00:00,300,8,E9 76 58 88 08 3E 80 68,python_can_virtual_baseline,011_python_can_virtual_bus,0.000025,python_can_virtual_bus_no_vehicle_no_adapter
1.540408,2026-06-04T12:19:10.711769+00:00,120,8,06 FD 00 00 00 00 00 5B,python_can_virtual_baseline,011_python_can_virtual_bus,0.000180,python_can_virtual_bus_no_vehicle_no_adapter
1.550380,2026-06-04T12:19:10.721741+00:00,100,8,42 00 00 00 00 00 00 5C,python_can_virtual_baseline,011_python_can_virtual_bus,0.000174,python_can_virtual_bus_no_vehicle_no_adapter
1.550489,2026-06-04T12:19:10.721833+00:00,188,8,00 00 00 00 00 00 00 5D,python_can_virtual_baseline,011_python_can_virtual_bus,0.000031,python_can_virtual_bus_no_vehicle_no_adapter
1.600299,2026-06-04T12:19:10.771678+00:00,100,8,43 00 00 00 00 00 00 5E,python_can_virtual_baseline,011_python_can_virtual_bus,0.000158,python_can_virtual_bus_no_vehicle_no_adapter
1.600408,2026-06-04T12:19:10.771750+00:00,188,8,00 00 00 00 00 00 00 5F,python_can_virtual_baseline,011_python_can_virtual_bus,0.000027,python_can_virtual_bus_no_vehicle_no_adapter
1.610235,2026-06-04T12:19:10.781588+00:00,120,8,05 8F 00 00 00 00 00 60,python_can_virtual_baseline,011_python_can_virtual_bus,0.000129,python_can_virtual_bus_no_vehicle_no_adapter
1.650315,2026-06-04T12:19:10.821672+00:00,100,8,3C 00 00 00 00 00 00 61,python_can_virtual_baseline,011_python_can_virtual_bus,0.000193,python_can_virtual_bus_no_vehicle_no_adapter
1.650396,2026-06-04T12:19:10.821738+00:00,188,8,00 00 00 00 00 00 00 62,python_can_virtual_baseline,011_python_can_virtual_bus,0.000022,python_can_virtual_bus_no_vehicle_no_adapter
1.680347,2026-06-04T12:19:10.851711+00:00,120,8,06 34 00 00 00 00 00 63,python_can_virtual_baseline,011_python_can_virtual_bus,0.000219,python_can_virtual_bus_no_vehicle_no_adapter
1.700344,2026-06-04T12:19:10.871705+00:00,100,8,4A 00 00 00 00 00 00 64,python_can_virtual_baseline,011_python_can_virtual_bus,0.000139,python_can_virtual_bus_no_vehicle_no_adapter
1.700446,2026-06-04T12:19:10.871790+00:00,188,8,00 00 00 00 00 00 00 65,python_can_virtual_baseline,011_python_can_virtual_bus,0.000033,python_can_virtual_bus_no_vehicle_no_adapter
1.750210,2026-06-04T12:19:10.921572+00:00,100,8,4A 00 00 00 00 00 00 66,python_can_virtual_baseline,011_python_can_virtual_bus,0.000118,python_can_virtual_bus_no_vehicle_no_adapter
1.750332,2026-06-04T12:19:10.921680+00:00,188,8,00 00 00 00 00 00 00 67,python_can_virtual_baseline,011_python_can_virtual_bus,0.000046,python_can_virtual_bus_no_vehicle_no_adapter
1.750413,2026-06-04T12:19:10.921759+00:00,120,8,05 DC 00 00 00 00 00 68,python_can_virtual_baseline,011_python_can_virtual_bus,0.000047,python_can_virtual_bus_no_vehicle_no_adapter
1.750495,2026-06-04T12:19:10.921843+00:00,300,8,B1 54 12 A4 8A FD E1 10,python_can_virtual_baseline,011_python_can_virtual_bus,0.000049,python_can_virtual_bus_no_vehicle_no_adapter
1.800214,2026-06-04T12:19:10.971569+00:00,100,8,49 00 00 00 00 00 00 6A,python_can_virtual_baseline,011_python_can_virtual_bus,0.000115,python_can_virtual_bus_no_vehicle_no_adapter
1.800310,2026-06-04T12:19:10.971655+00:00,188,8,00 00 00 00 00 00 00 6B,python_can_virtual_baseline,011_python_can_virtual_bus,0.000034,python_can_virtual_bus_no_vehicle_no_adapter
1.820238,2026-06-04T12:19:10.991592+00:00,120,8,06 BF 00 00 00 00 00 6C,python_can_virtual_baseline,011_python_can_virtual_bus,0.000133,python_can_virtual_bus_no_vehicle_no_adapter
1.850274,2026-06-04T12:19:11.021636+00:00,100,8,4B 00 00 00 00 00 00 6D,python_can_virtual_baseline,011_python_can_virtual_bus,0.000164,python_can_virtual_bus_no_vehicle_no_adapter
1.850376,2026-06-04T12:19:11.021720+00:00,188,8,00 00 00 00 00 00 00 6E,python_can_virtual_baseline,011_python_can_virtual_bus,0.000031,python_can_virtual_bus_no_vehicle_no_adapter
1.890319,2026-06-04T12:19:11.061677+00:00,120,8,06 D9 00 00 00 00 00 6F,python_can_virtual_baseline,011_python_can_virtual_bus,0.000176,python_can_virtual_bus_no_vehicle_no_adapter
1.900232,2026-06-04T12:19:11.071586+00:00,100,8,47 00 00 00 00 00 00 70,python_can_virtual_baseline,011_python_can_virtual_bus,0.000132,python_can_virtual_bus_no_vehicle_no_adapter
1.900308,2026-06-04T12:19:11.071651+00:00,188,8,00 00 00 00 00 00 00 71,python_can_virtual_baseline,011_python_can_virtual_bus,0.000025,python_can_virtual_bus_no_vehicle_no_adapter
1.950260,2026-06-04T12:19:11.121617+00:00,100,8,3F 00 00 00 00 00 00 72,python_can_virtual_baseline,011_python_can_virtual_bus,0.000139,python_can_virtual_bus_no_vehicle_no_adapter
1.950342,2026-06-04T12:19:11.121684+00:00,188,8,00 00 00 00 00 00 00 73,python_can_virtual_baseline,011_python_can_virtual_bus,0.000023,python_can_virtual_bus_no_vehicle_no_adapter
1.960335,2026-06-04T12:19:11.131695+00:00,120,8,06 53 00 00 00 00 00 74,python_can_virtual_baseline,011_python_can_virtual_bus,0.000196,python_can_virtual_bus_no_vehicle_no_adapter
2.000321,2026-06-04T12:19:11.171678+00:00,100,8,3F 00 00 00 00 00 00 75,python_can_virtual_baseline,011_python_can_virtual_bus,0.000184,python_can_virtual_bus_no_vehicle_no_adapter
2.000417,2026-06-04T12:19:11.171760+00:00,188,8,00 00 00 00 00 00 00 76,python_can_virtual_baseline,011_python_can_virtual_bus,0.000029,python_can_virtual_bus_no_vehicle_no_adapter
2.000462,2026-06-04T12:19:11.171806+00:00,300,8,71 53 E1 DE 28 AD C5 FA,python_can_virtual_baseline,011_python_can_virtual_bus,0.000029,python_can_virtual_bus_no_vehicle_no_adapter
2.030297,2026-06-04T12:19:11.201653+00:00,120,8,05 C8 00 00 00 00 00 78,python_can_virtual_baseline,011_python_can_virtual_bus,0.000177,python_can_virtual_bus_no_vehicle_no_adapter
2.050296,2026-06-04T12:19:11.221653+00:00,100,8,4B 00 00 00 00 00 00 79,python_can_virtual_baseline,011_python_can_virtual_bus,0.000177,python_can_virtual_bus_no_vehicle_no_adapter
2.050430,2026-06-04T12:19:11.221781+00:00,188,8,00 00 00 00 00 00 00 7A,python_can_virtual_baseline,011_python_can_virtual_bus,0.000040,python_can_virtual_bus_no_vehicle_no_adapter
2.100317,2026-06-04T12:19:11.271673+00:00,100,8,49 00 00 00 00 00 00 7B,python_can_virtual_baseline,011_python_can_virtual_bus,0.000192,python_can_virtual_bus_no_vehicle_no_adapter
2.100397,2026-06-04T12:19:11.271739+00:00,188,8,00 00 00 00 00 00 00 7C,python_can_virtual_baseline,011_python_can_virtual_bus,0.000023,python_can_virtual_bus_no_vehicle_no_adapter
2.100436,2026-06-04T12:19:11.271778+00:00,120,8,07 32 00 00 00 00 00 7D,python_can_virtual_baseline,011_python_can_virtual_bus,0.000025,python_can_virtual_bus_no_vehicle_no_adapter
2.150279,2026-06-04T12:19:11.321637+00:00,100,8,3A 00 00 00 00 00 00 7E,python_can_virtual_baseline,011_python_can_virtual_bus,0.000161,python_can_virtual_bus_no_vehicle_no_adapter
2.150371,2026-06-04T12:19:11.321716+00:00,188,8,00 00 00 00 00 00 00 7F,python_can_virtual_baseline,011_python_can_virtual_bus,0.000032,python_can_virtual_bus_no_vehicle_no_adapter
2.170313,2026-06-04T12:19:11.341670+00:00,120,8,07 57 00 00 00 00 00 80,python_can_virtual_baseline,011_python_can_virtual_bus,0.000191,python_can_virtual_bus_no_vehicle_no_adapter
2.200309,2026-06-04T12:19:11.371666+00:00,100,8,4A 00 00 00 00 00 00 81,python_can_virtual_baseline,011_python_can_virtual_bus,0.000189,python_can_virtual_bus_no_vehicle_no_adapter
2.200418,2026-06-04T12:19:11.371761+00:00,188,8,00 00 00 00 00 00 00 82,python_can_virtual_baseline,011_python_can_virtual_bus,0.000036,python_can_virtual_bus_no_vehicle_no_adapter
2.240282,2026-06-04T12:19:11.411651+00:00,120,8,06 B5 00 00 00 00 00 83,python_can_virtual_baseline,011_python_can_virtual_bus,0.000172,python_can_virtual_bus_no_vehicle_no_adapter
2.250197,2026-06-04T12:19:11.421548+00:00,100,8,44 00 00 00 00 00 00 84,python_can_virtual_baseline,011_python_can_virtual_bus,0.000101,python_can_virtual_bus_no_vehicle_no_adapter
2.250288,2026-06-04T12:19:11.421630+00:00,188,8,00 00 00 00 00 00 00 85,python_can_virtual_baseline,011_python_can_virtual_bus,0.000048,python_can_virtual_bus_no_vehicle_no_adapter
2.250331,2026-06-04T12:19:11.421673+00:00,300,8,CE DE E7 77 B9 E1 08 53,python_can_virtual_baseline,011_python_can_virtual_bus,0.000024,python_can_virtual_bus_no_vehicle_no_adapter
2.300279,2026-06-04T12:19:11.471636+00:00,100,8,3A 00 00 00 00 00 00 87,python_can_virtual_baseline,011_python_can_virtual_bus,0.000162,python_can_virtual_bus_no_vehicle_no_adapter
2.300366,2026-06-04T12:19:11.471708+00:00,188,8,00 00 00 00 00 00 00 88,python_can_virtual_baseline,011_python_can_virtual_bus,0.000029,python_can_virtual_bus_no_vehicle_no_adapter
2.310199,2026-06-04T12:19:11.481549+00:00,120,8,05 AB 00 00 00 00 00 89,python_can_virtual_baseline,011_python_can_virtual_bus,0.000105,python_can_virtual_bus_no_vehicle_no_adapter
2.350327,2026-06-04T12:19:11.521686+00:00,100,8,43 00 00 00 00 00 00 8A,python_can_virtual_baseline,011_python_can_virtual_bus,0.000197,python_can_virtual_bus_no_vehicle_no_adapter
2.350428,2026-06-04T12:19:11.521770+00:00,188,8,00 00 00 00 00 00 00 8B,python_can_virtual_baseline,011_python_can_virtual_bus,0.000028,python_can_virtual_bus_no_vehicle_no_adapter
2.380270,2026-06-04T12:19:11.551625+00:00,120,8,07 62 00 00 00 00 00 8C,python_can_virtual_baseline,011_python_can_virtual_bus,0.000142,python_can_virtual_bus_no_vehicle_no_adapter
2.400318,2026-06-04T12:19:11.571681+00:00,100,8,3B 00 00 00 00 00 00 8D,python_can_virtual_baseline,011_python_can_virtual_bus,0.000190,python_can_virtual_bus_no_vehicle_no_adapter
2.400418,2026-06-04T12:19:11.571763+00:00,188,8,00 00 00 00 00 00 00 8E,python_can_virtual_baseline,011_python_can_virtual_bus,0.000033,python_can_virtual_bus_no_vehicle_no_adapter
2.450334,2026-06-04T12:19:11.621697+00:00,100,8,40 00 00 00 00 00 00 8F,python_can_virtual_baseline,011_python_can_virtual_bus,0.000200,python_can_virtual_bus_no_vehicle_no_adapter
2.450460,2026-06-04T12:19:11.621805+00:00,188,8,00 00 00 00 00 00 00 90,python_can_virtual_baseline,011_python_can_virtual_bus,0.000045,python_can_virtual_bus_no_vehicle_no_adapter
2.450550,2026-06-04T12:19:11.621895+00:00,120,8,06 F0 00 00 00 00 00 91,python_can_virtual_baseline,011_python_can_virtual_bus,0.000039,python_can_virtual_bus_no_vehicle_no_adapter
2.500358,2026-06-04T12:19:11.671722+00:00,100,8,3F 00 00 00 00 00 00 92,python_can_virtual_baseline,011_python_can_virtual_bus,0.000221,python_can_virtual_bus_no_vehicle_no_adapter
2.500491,2026-06-04T12:19:11.671837+00:00,188,8,00 00 00 00 00 00 00 93,python_can_virtual_baseline,011_python_can_virtual_bus,0.000049,python_can_virtual_bus_no_vehicle_no_adapter
2.500560,2026-06-04T12:19:11.671905+00:00,300,8,F1 11 E6 09 E9 A7 CE AF,python_can_virtual_baseline,011_python_can_virtual_bus,0.000042,python_can_virtual_bus_no_vehicle_no_adapter
2.520383,2026-06-04T12:19:11.691740+00:00,120,8,06 E0 00 00 00 00 00 95,python_can_virtual_baseline,011_python_can_virtual_bus,0.000159,python_can_virtual_bus_no_vehicle_no_adapter
2.550297,2026-06-04T12:19:11.721659+00:00,100,8,48 00 00 00 00 00 00 96,python_can_virtual_baseline,011_python_can_virtual_bus,0.000166,python_can_virtual_bus_no_vehicle_no_adapter
2.550422,2026-06-04T12:19:11.721764+00:00,188,8,00 00 00 00 00 00 00 97,python_can_virtual_baseline,011_python_can_virtual_bus,0.000029,python_can_virtual_bus_no_vehicle_no_adapter
2.590260,2026-06-04T12:19:11.761616+00:00,120,8,07 01 00 00 00 00 00 98,python_can_virtual_baseline,011_python_can_virtual_bus,0.000146,python_can_virtual_bus_no_vehicle_no_adapter
2.600404,2026-06-04T12:19:11.771765+00:00,100,8,3A 00 00 00 00 00 00 99,python_can_virtual_baseline,011_python_can_virtual_bus,0.000181,python_can_virtual_bus_no_vehicle_no_adapter
2.600544,2026-06-04T12:19:11.771888+00:00,188,8,00 00 00 00 00 00 00 9A,python_can_virtual_baseline,011_python_can_virtual_bus,0.000053,python_can_virtual_bus_no_vehicle_no_adapter
2.650347,2026-06-04T12:19:11.821708+00:00,100,8,47 00 00 00 00 00 00 9B,python_can_virtual_baseline,011_python_can_virtual_bus,0.000164,python_can_virtual_bus_no_vehicle_no_adapter
2.650473,2026-06-04T12:19:11.821816+00:00,188,8,00 00 00 00 00 00 00 9C,python_can_virtual_baseline,011_python_can_virtual_bus,0.000030,python_can_virtual_bus_no_vehicle_no_adapter
2.660276,2026-06-04T12:19:11.831629+00:00,120,8,07 17 00 00 00 00 00 9D,python_can_virtual_baseline,011_python_can_virtual_bus,0.000136,python_can_virtual_bus_no_vehicle_no_adapter
2.700341,2026-06-04T12:19:11.871697+00:00,100,8,43 00 00 00 00 00 00 9E,python_can_virtual_baseline,011_python_can_virtual_bus,0.000142,python_can_virtual_bus_no_vehicle_no_adapter
2.700420,2026-06-04T12:19:11.871762+00:00,188,8,00 00 00 00 00 00 00 9F,python_can_virtual_baseline,011_python_can_virtual_bus,0.000024,python_can_virtual_bus_no_vehicle_no_adapter
2.730289,2026-06-04T12:19:11.901688+00:00,120,8,05 9C 00 00 00 00 00 A0,python_can_virtual_baseline,011_python_can_virtual_bus,0.000182,python_can_virtual_bus_no_vehicle_no_adapter
2.750250,2026-06-04T12:19:11.921606+00:00,100,8,3E 00 00 00 00 00 00 A1,python_can_virtual_baseline,011_python_can_virtual_bus,0.000145,python_can_virtual_bus_no_vehicle_no_adapter
2.750329,2026-06-04T12:19:11.921671+00:00,188,8,00 00 00 00 00 00 00 A2,python_can_virtual_baseline,011_python_can_virtual_bus,0.000023,python_can_virtual_bus_no_vehicle_no_adapter
2.750367,2026-06-04T12:19:11.921709+00:00,300,8,2A 92 DD 7E 56 38 D8 C2,python_can_virtual_baseline,011_python_can_virtual_bus,0.000024,python_can_virtual_bus_no_vehicle_no_adapter
2.800363,2026-06-04T12:19:11.971728+00:00,100,8,40 00 00 00 00 00 00 A4,python_can_virtual_baseline,011_python_can_virtual_bus,0.000170,python_can_virtual_bus_no_vehicle_no_adapter
2.800490,2026-06-04T12:19:11.971834+00:00,188,8,00 00 00 00 00 00 00 A5,python_can_virtual_baseline,011_python_can_virtual_bus,0.000035,python_can_virtual_bus_no_vehicle_no_adapter
2.800541,2026-06-04T12:19:11.971883+00:00,120,8,06 FC 00 00 00 00 00 A6,python_can_virtual_baseline,011_python_can_virtual_bus,0.000028,python_can_virtual_bus_no_vehicle_no_adapter
2.850298,2026-06-04T12:19:12.021654+00:00,100,8,3F 00 00 00 00 00 00 A7,python_can_virtual_baseline,011_python_can_virtual_bus,0.000189,python_can_virtual_bus_no_vehicle_no_adapter
2.850377,2026-06-04T12:19:12.021719+00:00,188,8,00 00 00 00 00 00 00 A8,python_can_virtual_baseline,011_python_can_virtual_bus,0.000023,python_can_virtual_bus_no_vehicle_no_adapter
2.870262,2026-06-04T12:19:12.041618+00:00,120,8,06 8D 00 00 00 00 00 A9,python_can_virtual_baseline,011_python_can_virtual_bus,0.000153,python_can_virtual_bus_no_vehicle_no_adapter
2.900269,2026-06-04T12:19:12.071625+00:00,100,8,3B 00 00 00 00 00 00 AA,python_can_virtual_baseline,011_python_can_virtual_bus,0.000155,python_can_virtual_bus_no_vehicle_no_adapter
2.900347,2026-06-04T12:19:12.071689+00:00,188,8,00 00 00 00 00 00 00 AB,python_can_virtual_baseline,011_python_can_virtual_bus,0.000022,python_can_virtual_bus_no_vehicle_no_adapter
2.940298,2026-06-04T12:19:12.111658+00:00,120,8,06 D3 00 00 00 00 00 AC,python_can_virtual_baseline,011_python_can_virtual_bus,0.000166,python_can_virtual_bus_no_vehicle_no_adapter
2.950282,2026-06-04T12:19:12.121640+00:00,100,8,43 00 00 00 00 00 00 AD,python_can_virtual_baseline,011_python_can_virtual_bus,0.000178,python_can_virtual_bus_no_vehicle_no_adapter
2.950379,2026-06-04T12:19:12.121724+00:00,188,8,00 00 00 00 00 00 00 AE,python_can_virtual_baseline,011_python_can_virtual_bus,0.000032,python_can_virtual_bus_no_vehicle_no_adapter
3.000299,2026-06-04T12:19:12.171659+00:00,100,8,48 00 00 00 00 00 00 AF,python_can_virtual_baseline,011_python_can_virtual_bus,0.000172,python_can_virtual_bus_no_vehicle_no_adapter
3.000402,2026-06-04T12:19:12.171747+00:00,188,8,00 00 00 00 00 00 00 B0,python_can_virtual_baseline,011_python_can_virtual_bus,0.000033,python_can_virtual_bus_no_vehicle_no_adapter
3.000461,2026-06-04T12:19:12.171805+00:00,300,8,90 E8 E4 14 A8 C1 AE CA,python_can_virtual_baseline,011_python_can_virtual_bus,0.000035,python_can_virtual_bus_no_vehicle_no_adapter
3.010269,2026-06-04T12:19:12.181622+00:00,120,8,05 91 00 00 00 00 00 B2,python_can_virtual_baseline,011_python_can_virtual_bus,0.000163,python_can_virtual_bus_no_vehicle_no_adapter
3.050297,2026-06-04T12:19:12.221656+00:00,100,8,45 00 00 00 00 00 00 B3,python_can_virtual_baseline,011_python_can_virtual_bus,0.000197,python_can_virtual_bus_no_vehicle_no_adapter
3.050423,2026-06-04T12:19:12.221768+00:00,188,8,00 00 00 00 00 00 00 B4,python_can_virtual_baseline,011_python_can_virtual_bus,0.000031,python_can_virtual_bus_no_vehicle_no_adapter
3.080326,2026-06-04T12:19:12.251687+00:00,120,8,07 55 00 00 00 00 00 B5,python_can_virtual_baseline,011_python_can_virtual_bus,0.000212,python_can_virtual_bus_no_vehicle_no_adapter
3.100307,2026-06-04T12:19:12.271666+00:00,100,8,42 00 00 00 00 00 00 B6,python_can_virtual_baseline,011_python_can_virtual_bus,0.000189,python_can_virtual_bus_no_vehicle_no_adapter
3.100397,2026-06-04T12:19:12.271740+00:00,188,8,00 00 00 00 00 00 00 B7,python_can_virtual_baseline,011_python_can_virtual_bus,0.000027,python_can_virtual_bus_no_vehicle_no_adapter
3.150302,2026-06-04T12:19:12.321662+00:00,100,8,45 00 00 00 00 00 00 B8,python_can_virtual_baseline,011_python_can_virtual_bus,0.000192,python_can_virtual_bus_no_vehicle_no_adapter
3.150396,2026-06-04T12:19:12.321739+00:00,188,8,00 00 00 00 00 00 00 B9,python_can_virtual_baseline,011_python_can_virtual_bus,0.000025,python_can_virtual_bus_no_vehicle_no_adapter
3.150435,2026-06-04T12:19:12.321777+00:00,120,8,05 FF 00 00 00 00 00 BA,python_can_virtual_baseline,011_python_can_virtual_bus,0.000022,python_can_virtual_bus_no_vehicle_no_adapter
3.200378,2026-06-04T12:19:12.371738+00:00,100,8,40 00 00 00 00 00 00 BB,python_can_virtual_baseline,011_python_can_virtual_bus,0.000161,python_can_virtual_bus_no_vehicle_no_adapter
3.200491,2026-06-04T12:19:12.371836+00:00,188,8,00 00 00 00 00 00 00 BC,python_can_virtual_baseline,011_python_can_virtual_bus,0.000037,python_can_virtual_bus_no_vehicle_no_adapter
3.220320,2026-06-04T12:19:12.391676+00:00,120,8,06 27 00 00 00 00 00 BD,python_can_virtual_baseline,011_python_can_virtual_bus,0.000129,python_can_virtual_bus_no_vehicle_no_adapter
3.250376,2026-06-04T12:19:12.421737+00:00,100,8,44 00 00 00 00 00 00 BE,python_can_virtual_baseline,011_python_can_virtual_bus,0.000168,python_can_virtual_bus_no_vehicle_no_adapter
3.250477,2026-06-04T12:19:12.421820+00:00,188,8,00 00 00 00 00 00 00 BF,python_can_virtual_baseline,011_python_can_virtual_bus,0.000028,python_can_virtual_bus_no_vehicle_no_adapter
3.250526,2026-06-04T12:19:12.421869+00:00,300,8,18 25 18 E8 34 98 FD 65,python_can_virtual_baseline,011_python_can_virtual_bus,0.000030,python_can_virtual_bus_no_vehicle_no_adapter
3.290282,2026-06-04T12:19:12.461641+00:00,120,8,07 21 00 00 00 00 00 C1,python_can_virtual_baseline,011_python_can_virtual_bus,0.000167,python_can_virtual_bus_no_vehicle_no_adapter
3.300179,2026-06-04T12:19:12.471527+00:00,100,8,3E 00 00 00 00 00 00 C2,python_can_virtual_baseline,011_python_can_virtual_bus,0.000085,python_can_virtual_bus_no_vehicle_no_adapter
3.300259,2026-06-04T12:19:12.471601+00:00,188,8,00 00 00 00 00 00 00 C3,python_can_virtual_baseline,011_python_can_virtual_bus,0.000025,python_can_virtual_bus_no_vehicle_no_adapter
3.350335,2026-06-04T12:19:12.521692+00:00,100,8,3C 00 00 00 00 00 00 C4,python_can_virtual_baseline,011_python_can_virtual_bus,0.000133,python_can_virtual_bus_no_vehicle_no_adapter
3.350420,2026-06-04T12:19:12.521764+00:00,188,8,00 00 00 00 00 00 00 C5,python_can_virtual_baseline,011_python_can_virtual_bus,0.000025,python_can_virtual_bus_no_vehicle_no_adapter
3.360290,2026-06-04T12:19:12.531646+00:00,120,8,05 94 00 00 00 00 00 C6,python_can_virtual_baseline,011_python_can_virtual_bus,0.000174,python_can_virtual_bus_no_vehicle_no_adapter
3.400289,2026-06-04T12:19:12.571645+00:00,100,8,3C 00 00 00 00 00 00 C7,python_can_virtual_baseline,011_python_can_virtual_bus,0.000162,python_can_virtual_bus_no_vehicle_no_adapter
3.400399,2026-06-04T12:19:12.571741+00:00,188,8,00 00 00 00 00 00 00 C8,python_can_virtual_baseline,011_python_can_virtual_bus,0.000028,python_can_virtual_bus_no_vehicle_no_adapter
3.430322,2026-06-04T12:19:12.601679+00:00,120,8,06 BB 00 00 00 00 00 C9,python_can_virtual_baseline,011_python_can_virtual_bus,0.000136,python_can_virtual_bus_no_vehicle_no_adapter
3.450315,2026-06-04T12:19:12.621671+00:00,100,8,46 00 00 00 00 00 00 CA,python_can_virtual_baseline,011_python_can_virtual_bus,0.000139,python_can_virtual_bus_no_vehicle_no_adapter
3.450400,2026-06-04T12:19:12.621742+00:00,188,8,00 00 00 00 00 00 00 CB,python_can_virtual_baseline,011_python_can_virtual_bus,0.000025,python_can_virtual_bus_no_vehicle_no_adapter
3.500327,2026-06-04T12:19:12.671689+00:00,100,8,43 00 00 00 00 00 00 CC,python_can_virtual_baseline,011_python_can_virtual_bus,0.000191,python_can_virtual_bus_no_vehicle_no_adapter
3.500427,2026-06-04T12:19:12.671771+00:00,188,8,00 00 00 00 00 00 00 CD,python_can_virtual_baseline,011_python_can_virtual_bus,0.000035,python_can_virtual_bus_no_vehicle_no_adapter
3.500472,2026-06-04T12:19:12.671814+00:00,120,8,06 60 00 00 00 00 00 CE,python_can_virtual_baseline,011_python_can_virtual_bus,0.000023,python_can_virtual_bus_no_vehicle_no_adapter
3.500508,2026-06-04T12:19:12.671849+00:00,300,8,56 6C 69 B5 1F 1A BE 59,python_can_virtual_baseline,011_python_can_virtual_bus,0.000023,python_can_virtual_bus_no_vehicle_no_adapter
3.550317,2026-06-04T12:19:12.721736+00:00,100,8,43 00 00 00 00 00 00 D0,python_can_virtual_baseline,011_python_can_virtual_bus,0.000181,python_can_virtual_bus_no_vehicle_no_adapter
3.550524,2026-06-04T12:19:12.721868+00:00,188,8,00 00 00 00 00 00 00 D1,python_can_virtual_baseline,011_python_can_virtual_bus,0.000045,python_can_virtual_bus_no_vehicle_no_adapter
3.570363,2026-06-04T12:19:12.741731+00:00,120,8,05 ED 00 00 00 00 00 D2,python_can_virtual_baseline,011_python_can_virtual_bus,0.000229,python_can_virtual_bus_no_vehicle_no_adapter
3.600251,2026-06-04T12:19:12.771608+00:00,100,8,41 00 00 00 00 00 00 D3,python_can_virtual_baseline,011_python_can_virtual_bus,0.000143,python_can_virtual_bus_no_vehicle_no_adapter
3.600332,2026-06-04T12:19:12.771674+00:00,188,8,00 00 00 00 00 00 00 D4,python_can_virtual_baseline,011_python_can_virtual_bus,0.000024,python_can_virtual_bus_no_vehicle_no_adapter
3.640318,2026-06-04T12:19:12.811680+00:00,120,8,05 A3 00 00 00 00 00 D5,python_can_virtual_baseline,011_python_can_virtual_bus,0.000183,python_can_virtual_bus_no_vehicle_no_adapter
3.650198,2026-06-04T12:19:12.821552+00:00,100,8,41 00 00 00 00 00 00 D6,python_can_virtual_baseline,011_python_can_virtual_bus,0.000110,python_can_virtual_bus_no_vehicle_no_adapter
3.650268,2026-06-04T12:19:12.821610+00:00,188,8,00 00 00 00 00 00 00 D7,python_can_virtual_baseline,011_python_can_virtual_bus,0.000023,python_can_virtual_bus_no_vehicle_no_adapter
3.700266,2026-06-04T12:19:12.871624+00:00,100,8,4A 00 00 00 00 00 00 D8,python_can_virtual_baseline,011_python_can_virtual_bus,0.000152,python_can_virtual_bus_no_vehicle_no_adapter
3.700352,2026-06-04T12:19:12.871694+00:00,188,8,00 00 00 00 00 00 00 D9,python_can_virtual_baseline,011_python_can_virtual_bus,0.000029,python_can_virtual_bus_no_vehicle_no_adapter
3.710180,2026-06-04T12:19:12.881530+00:00,120,8,06 9E 00 00 00 00 00 DA,python_can_virtual_baseline,011_python_can_virtual_bus,0.000087,python_can_virtual_bus_no_vehicle_no_adapter
3.750267,2026-06-04T12:19:12.921623+00:00,100,8,3F 00 00 00 00 00 00 DB,python_can_virtual_baseline,011_python_can_virtual_bus,0.000149,python_can_virtual_bus_no_vehicle_no_adapter
3.750349,2026-06-04T12:19:12.921691+00:00,188,8,00 00 00 00 00 00 00 DC,python_can_virtual_baseline,011_python_can_virtual_bus,0.000026,python_can_virtual_bus_no_vehicle_no_adapter
3.750411,2026-06-04T12:19:12.921753+00:00,300,8,65 89 DC C1 05 E7 4A C4,python_can_virtual_baseline,011_python_can_virtual_bus,0.000027,python_can_virtual_bus_no_vehicle_no_adapter
3.780298,2026-06-04T12:19:12.951659+00:00,120,8,06 64 00 00 00 00 00 DE,python_can_virtual_baseline,011_python_can_virtual_bus,0.000189,python_can_virtual_bus_no_vehicle_no_adapter
3.800279,2026-06-04T12:19:12.971643+00:00,100,8,3B 00 00 00 00 00 00 DF,python_can_virtual_baseline,011_python_can_virtual_bus,0.000171,python_can_virtual_bus_no_vehicle_no_adapter
3.800395,2026-06-04T12:19:12.971739+00:00,188,8,00 00 00 00 00 00 00 E0,python_can_virtual_baseline,011_python_can_virtual_bus,0.000035,python_can_virtual_bus_no_vehicle_no_adapter
3.850300,2026-06-04T12:19:13.021663+00:00,100,8,4A 00 00 00 00 00 00 E1,python_can_virtual_baseline,011_python_can_virtual_bus,0.000178,python_can_virtual_bus_no_vehicle_no_adapter
3.850423,2026-06-04T12:19:13.021769+00:00,188,8,00 00 00 00 00 00 00 E2,python_can_virtual_baseline,011_python_can_virtual_bus,0.000044,python_can_virtual_bus_no_vehicle_no_adapter
3.850488,2026-06-04T12:19:13.021832+00:00,120,8,07 4D 00 00 00 00 00 E3,python_can_virtual_baseline,011_python_can_virtual_bus,0.000037,python_can_virtual_bus_no_vehicle_no_adapter
3.900369,2026-06-04T12:19:13.071735+00:00,100,8,40 00 00 00 00 00 00 E4,python_can_virtual_baseline,011_python_can_virtual_bus,0.000227,python_can_virtual_bus_no_vehicle_no_adapter
3.900492,2026-06-04T12:19:13.071835+00:00,188,8,00 00 00 00 00 00 00 E5,python_can_virtual_baseline,011_python_can_virtual_bus,0.000039,python_can_virtual_bus_no_vehicle_no_adapter
3.920363,2026-06-04T12:19:13.091723+00:00,120,8,05 D1 00 00 00 00 00 E6,python_can_virtual_baseline,011_python_can_virtual_bus,0.000160,python_can_virtual_bus_no_vehicle_no_adapter
3.950264,2026-06-04T12:19:13.121621+00:00,100,8,41 00 00 00 00 00 00 E7,python_can_virtual_baseline,011_python_can_virtual_bus,0.000152,python_can_virtual_bus_no_vehicle_no_adapter
3.950369,2026-06-04T12:19:13.121711+00:00,188,8,00 00 00 00 00 00 00 E8,python_can_virtual_baseline,011_python_can_virtual_bus,0.000025,python_can_virtual_bus_no_vehicle_no_adapter
3.990246,2026-06-04T12:19:13.161601+00:00,120,8,06 9E 00 00 00 00 00 E9,python_can_virtual_baseline,011_python_can_virtual_bus,0.000144,python_can_virtual_bus_no_vehicle_no_adapter
4.003359,2026-06-04T12:19:13.174719+00:00,100,8,3B 00 00 00 00 00 00 EA,python_can_virtual_baseline,011_python_can_virtual_bus,0.000155,python_can_virtual_bus_no_vehicle_no_adapter
4.003461,2026-06-04T12:19:13.174806+00:00,188,8,00 00 00 00 00 00 00 EB,python_can_virtual_baseline,011_python_can_virtual_bus,0.000032,python_can_virtual_bus_no_vehicle_no_adapter
4.003521,2026-06-04T12:19:13.174865+00:00,300,8,13 2E 8A 4D 1B 2F 79 FC,python_can_virtual_baseline,011_python_can_virtual_bus,0.000037,python_can_virtual_bus_no_vehicle_no_adapter
4.050255,2026-06-04T12:19:13.221610+00:00,100,8,44 00 00 00 00 00 00 ED,python_can_virtual_baseline,011_python_can_virtual_bus,0.000143,python_can_virtual_bus_no_vehicle_no_adapter
4.050355,2026-06-04T12:19:13.221697+00:00,188,8,00 00 00 00 00 00 00 EE,python_can_virtual_baseline,011_python_can_virtual_bus,0.000045,python_can_virtual_bus_no_vehicle_no_adapter
4.060267,2026-06-04T12:19:13.231623+00:00,120,8,06 DE 00 00 00 00 00 EF,python_can_virtual_baseline,011_python_can_virtual_bus,0.000149,python_can_virtual_bus_no_vehicle_no_adapter
4.100385,2026-06-04T12:19:13.271750+00:00,100,8,47 00 00 00 00 00 00 F0,python_can_virtual_baseline,011_python_can_virtual_bus,0.000171,python_can_virtual_bus_no_vehicle_no_adapter
4.100500,2026-06-04T12:19:13.271843+00:00,188,8,00 00 00 00 00 00 00 F1,python_can_virtual_baseline,011_python_can_virtual_bus,0.000030,python_can_virtual_bus_no_vehicle_no_adapter
4.130389,2026-06-04T12:19:13.301750+00:00,120,8,07 54 00 00 00 00 00 F2,python_can_virtual_baseline,011_python_can_virtual_bus,0.000164,python_can_virtual_bus_no_vehicle_no_adapter
4.150300,2026-06-04T12:19:13.321656+00:00,100,8,44 00 00 00 00 00 00 F3,python_can_virtual_baseline,011_python_can_virtual_bus,0.000159,python_can_virtual_bus_no_vehicle_no_adapter
4.150403,2026-06-04T12:19:13.321745+00:00,188,8,00 00 00 00 00 00 00 F4,python_can_virtual_baseline,011_python_can_virtual_bus,0.000024,python_can_virtual_bus_no_vehicle_no_adapter
4.200345,2026-06-04T12:19:13.371701+00:00,100,8,43 00 00 00 00 00 00 F5,python_can_virtual_baseline,011_python_can_virtual_bus,0.000134,python_can_virtual_bus_no_vehicle_no_adapter
4.200423,2026-06-04T12:19:13.371765+00:00,188,8,00 00 00 00 00 00 00 F6,python_can_virtual_baseline,011_python_can_virtual_bus,0.000022,python_can_virtual_bus_no_vehicle_no_adapter
4.200457,2026-06-04T12:19:13.371799+00:00,120,8,06 2D 00 00 00 00 00 F7,python_can_virtual_baseline,011_python_can_virtual_bus,0.000020,python_can_virtual_bus_no_vehicle_no_adapter
4.250382,2026-06-04T12:19:13.421742+00:00,100,8,43 00 00 00 00 00 00 F8,python_can_virtual_baseline,011_python_can_virtual_bus,0.000154,python_can_virtual_bus_no_vehicle_no_adapter
4.250564,2026-06-04T12:19:13.421909+00:00,188,8,00 00 00 00 00 00 00 F9,python_can_virtual_baseline,011_python_can_virtual_bus,0.000108,python_can_virtual_bus_no_vehicle_no_adapter
4.250625,2026-06-04T12:19:13.421970+00:00,300,8,8F A2 3B 6F B0 4B C7 C2,python_can_virtual_baseline,011_python_can_virtual_bus,0.000039,python_can_virtual_bus_no_vehicle_no_adapter
4.270357,2026-06-04T12:19:13.441722+00:00,120,8,06 8C 00 00 00 00 00 FB,python_can_virtual_baseline,011_python_can_virtual_bus,0.000160,python_can_virtual_bus_no_vehicle_no_adapter
4.300308,2026-06-04T12:19:13.471664+00:00,100,8,46 00 00 00 00 00 00 FC,python_can_virtual_baseline,011_python_can_virtual_bus,0.000175,python_can_virtual_bus_no_vehicle_no_adapter
4.300387,2026-06-04T12:19:13.471730+00:00,188,8,00 00 00 00 00 00 00 FD,python_can_virtual_baseline,011_python_can_virtual_bus,0.000022,python_can_virtual_bus_no_vehicle_no_adapter
4.340330,2026-06-04T12:19:13.511690+00:00,120,8,06 F8 00 00 00 00 00 FE,python_can_virtual_baseline,011_python_can_virtual_bus,0.000188,python_can_virtual_bus_no_vehicle_no_adapter
4.350347,2026-06-04T12:19:13.521707+00:00,100,8,3B 00 00 00 00 00 00 FF,python_can_virtual_baseline,011_python_can_virtual_bus,0.000161,python_can_virtual_bus_no_vehicle_no_adapter
4.350484,2026-06-04T12:19:13.521827+00:00,188,8,00 00 00 00 00 00 00 00,python_can_virtual_baseline,011_python_can_virtual_bus,0.000030,python_can_virtual_bus_no_vehicle_no_adapter
4.400320,2026-06-04T12:19:13.571680+00:00,100,8,42 00 00 00 00 00 00 01,python_can_virtual_baseline,011_python_can_virtual_bus,0.000174,python_can_virtual_bus_no_vehicle_no_adapter
4.400451,2026-06-04T12:19:13.571795+00:00,188,8,00 00 00 00 00 00 00 02,python_can_virtual_baseline,011_python_can_virtual_bus,0.000034,python_can_virtual_bus_no_vehicle_no_adapter
4.410325,2026-06-04T12:19:13.581685+00:00,120,8,06 9A 00 00 00 00 00 03,python_can_virtual_baseline,011_python_can_virtual_bus,0.000195,python_can_virtual_bus_no_vehicle_no_adapter
4.450294,2026-06-04T12:19:13.621657+00:00,100,8,47 00 00 00 00 00 00 04,python_can_virtual_baseline,011_python_can_virtual_bus,0.000172,python_can_virtual_bus_no_vehicle_no_adapter
4.450398,2026-06-04T12:19:13.621740+00:00,188,8,00 00 00 00 00 00 00 05,python_can_virtual_baseline,011_python_can_virtual_bus,0.000031,python_can_virtual_bus_no_vehicle_no_adapter
4.480333,2026-06-04T12:19:13.651693+00:00,120,8,06 D4 00 00 00 00 00 06,python_can_virtual_baseline,011_python_can_virtual_bus,0.000197,python_can_virtual_bus_no_vehicle_no_adapter
4.500323,2026-06-04T12:19:13.671680+00:00,100,8,47 00 00 00 00 00 00 07,python_can_virtual_baseline,011_python_can_virtual_bus,0.000140,python_can_virtual_bus_no_vehicle_no_adapter
4.500417,2026-06-04T12:19:13.671759+00:00,188,8,00 00 00 00 00 00 00 08,python_can_virtual_baseline,011_python_can_virtual_bus,0.000027,python_can_virtual_bus_no_vehicle_no_adapter
4.500460,2026-06-04T12:19:13.671822+00:00,300,8,27 D2 94 6D 44 2A CD 51,python_can_virtual_baseline,011_python_can_virtual_bus,0.000028,python_can_virtual_bus_no_vehicle_no_adapter
4.550376,2026-06-04T12:19:13.721736+00:00,100,8,3F 00 00 00 00 00 00 0A,python_can_virtual_baseline,011_python_can_virtual_bus,0.000232,python_can_virtual_bus_no_vehicle_no_adapter
4.550485,2026-06-04T12:19:13.721829+00:00,188,8,00 00 00 00 00 00 00 0B,python_can_virtual_baseline,011_python_can_virtual_bus,0.000035,python_can_virtual_bus_no_vehicle_no_adapter
4.550538,2026-06-04T12:19:13.721881+00:00,120,8,05 C4 00 00 00 00 00 0C,python_can_virtual_baseline,011_python_can_virtual_bus,0.000029,python_can_virtual_bus_no_vehicle_no_adapter
4.600328,2026-06-04T12:19:13.771690+00:00,100,8,3C 00 00 00 00 00 00 0D,python_can_virtual_baseline,011_python_can_virtual_bus,0.000193,python_can_virtual_bus_no_vehicle_no_adapter
4.600451,2026-06-04T12:19:13.771797+00:00,188,8,00 00 00 00 00 00 00 0E,python_can_virtual_baseline,011_python_can_virtual_bus,0.000047,python_can_virtual_bus_no_vehicle_no_adapter
4.620326,2026-06-04T12:19:13.791687+00:00,120,8,05 A6 00 00 00 00 00 0F,python_can_virtual_baseline,011_python_can_virtual_bus,0.000181,python_can_virtual_bus_no_vehicle_no_adapter
4.650257,2026-06-04T12:19:13.821612+00:00,100,8,47 00 00 00 00 00 00 10,python_can_virtual_baseline,011_python_can_virtual_bus,0.000149,python_can_virtual_bus_no_vehicle_no_adapter
4.650346,2026-06-04T12:19:13.821688+00:00,188,8,00 00 00 00 00 00 00 11,python_can_virtual_baseline,011_python_can_virtual_bus,0.000033,python_can_virtual_bus_no_vehicle_no_adapter
4.690329,2026-06-04T12:19:13.861692+00:00,120,8,07 4B 00 00 00 00 00 12,python_can_virtual_baseline,011_python_can_virtual_bus,0.000201,python_can_virtual_bus_no_vehicle_no_adapter
4.700251,2026-06-04T12:19:13.871606+00:00,100,8,3A 00 00 00 00 00 00 13,python_can_virtual_baseline,011_python_can_virtual_bus,0.000136,python_can_virtual_bus_no_vehicle_no_adapter
4.700326,2026-06-04T12:19:13.871668+00:00,188,8,00 00 00 00 00 00 00 14,python_can_virtual_baseline,011_python_can_virtual_bus,0.000022,python_can_virtual_bus_no_vehicle_no_adapter
4.750253,2026-06-04T12:19:13.921614+00:00,100,8,42 00 00 00 00 00 00 15,python_can_virtual_baseline,011_python_can_virtual_bus,0.000149,python_can_virtual_bus_no_vehicle_no_adapter
4.750364,2026-06-04T12:19:13.921707+00:00,188,8,00 00 00 00 00 00 00 16,python_can_virtual_baseline,011_python_can_virtual_bus,0.000028,python_can_virtual_bus_no_vehicle_no_adapter
4.750412,2026-06-04T12:19:13.921756+00:00,300,8,1A 55 98 F2 9D 58 0F 67,python_can_virtual_baseline,011_python_can_virtual_bus,0.000029,python_can_virtual_bus_no_vehicle_no_adapter
4.760269,2026-06-04T12:19:13.931631+00:00,120,8,07 5F 00 00 00 00 00 18,python_can_virtual_baseline,011_python_can_virtual_bus,0.000158,python_can_virtual_bus_no_vehicle_no_adapter
4.800227,2026-06-04T12:19:13.971582+00:00,100,8,49 00 00 00 00 00 00 19,python_can_virtual_baseline,011_python_can_virtual_bus,0.000123,python_can_virtual_bus_no_vehicle_no_adapter
4.800302,2026-06-04T12:19:13.971643+00:00,188,8,00 00 00 00 00 00 00 1A,python_can_virtual_baseline,011_python_can_virtual_bus,0.000024,python_can_virtual_bus_no_vehicle_no_adapter
4.830365,2026-06-04T12:19:14.001722+00:00,120,8,06 50 00 00 00 00 00 1B,python_can_virtual_baseline,011_python_can_virtual_bus,0.000168,python_can_virtual_bus_no_vehicle_no_adapter
4.850266,2026-06-04T12:19:14.021629+00:00,100,8,4A 00 00 00 00 00 00 1C,python_can_virtual_baseline,011_python_can_virtual_bus,0.000148,python_can_virtual_bus_no_vehicle_no_adapter
4.850365,2026-06-04T12:19:14.021707+00:00,188,8,00 00 00 00 00 00 00 1D,python_can_virtual_baseline,011_python_can_virtual_bus,0.000028,python_can_virtual_bus_no_vehicle_no_adapter
4.900367,2026-06-04T12:19:14.071730+00:00,100,8,3B 00 00 00 00 00 00 1E,python_can_virtual_baseline,011_python_can_virtual_bus,0.000152,python_can_virtual_bus_no_vehicle_no_adapter
4.900493,2026-06-04T12:19:14.071836+00:00,188,8,00 00 00 00 00 00 00 1F,python_can_virtual_baseline,011_python_can_virtual_bus,0.000052,python_can_virtual_bus_no_vehicle_no_adapter
4.900539,2026-06-04T12:19:14.071881+00:00,120,8,07 34 00 00 00 00 00 20,python_can_virtual_baseline,011_python_can_virtual_bus,0.000023,python_can_virtual_bus_no_vehicle_no_adapter
4.950280,2026-06-04T12:19:14.121644+00:00,100,8,3E 00 00 00 00 00 00 21,python_can_virtual_baseline,011_python_can_virtual_bus,0.000157,python_can_virtual_bus_no_vehicle_no_adapter
4.950371,2026-06-04T12:19:14.121713+00:00,188,8,00 00 00 00 00 00 00 22,python_can_virtual_baseline,011_python_can_virtual_bus,0.000024,python_can_virtual_bus_no_vehicle_no_adapter
4.970305,2026-06-04T12:19:14.141660+00:00,120,8,07 3F 00 00 00 00 00 23,python_can_virtual_baseline,011_python_can_virtual_bus,0.000159,python_can_virtual_bus_no_vehicle_no_adapter
5.000343,2026-06-04T12:19:14.171700+00:00,100,8,3D 00 00 00 00 00 00 24,python_can_virtual_baseline,011_python_can_virtual_bus,0.000155,python_can_virtual_bus_no_vehicle_no_adapter
5.000433,2026-06-04T12:19:14.171775+00:00,188,8,00 00 00 00 00 00 00 25,python_can_virtual_baseline,011_python_can_virtual_bus,0.000030,python_can_virtual_bus_no_vehicle_no_adapter
5.000500,2026-06-04T12:19:14.171842+00:00,300,8,38 63 F5 19 B5 C2 85 00,python_can_virtual_baseline,011_python_can_virtual_bus,0.000033,python_can_virtual_bus_no_vehicle_no_adapter
5.040285,2026-06-04T12:19:14.211641+00:00,120,8,06 EA 00 00 00 00 00 27,python_can_virtual_baseline,011_python_can_virtual_bus,0.000157,python_can_virtual_bus_no_vehicle_no_adapter
5.050218,2026-06-04T12:19:14.221573+00:00,100,8,3A 00 00 00 00 00 00 28,python_can_virtual_baseline,011_python_can_virtual_bus,0.000109,python_can_virtual_bus_no_vehicle_no_adapter
5.050325,2026-06-04T12:19:14.221669+00:00,188,8,00 00 00 00 00 00 00 29,python_can_virtual_baseline,011_python_can_virtual_bus,0.000036,python_can_virtual_bus_no_vehicle_no_adapter
5.100384,2026-06-04T12:19:14.271749+00:00,100,8,46 00 00 00 00 00 00 2A,python_can_virtual_baseline,011_python_can_virtual_bus,0.000249,python_can_virtual_bus_no_vehicle_no_adapter
5.100498,2026-06-04T12:19:14.271841+00:00,188,8,00 00 00 00 00 00 00 2B,python_can_virtual_baseline,011_python_can_virtual_bus,0.000036,python_can_virtual_bus_no_vehicle_no_adapter
5.110184,2026-06-04T12:19:14.281531+00:00,120,8,06 C7 00 00 00 00 00 2C,python_can_virtual_baseline,011_python_can_virtual_bus,0.000087,python_can_virtual_bus_no_vehicle_no_adapter
5.150277,2026-06-04T12:19:14.321641+00:00,100,8,4B 00 00 00 00 00 00 2D,python_can_virtual_baseline,011_python_can_virtual_bus,0.000170,python_can_virtual_bus_no_vehicle_no_adapter
5.150384,2026-06-04T12:19:14.321727+00:00,188,8,00 00 00 00 00 00 00 2E,python_can_virtual_baseline,011_python_can_virtual_bus,0.000031,python_can_virtual_bus_no_vehicle_no_adapter
5.180299,2026-06-04T12:19:14.351662+00:00,120,8,07 38 00 00 00 00 00 2F,python_can_virtual_baseline,011_python_can_virtual_bus,0.000169,python_can_virtual_bus_no_vehicle_no_adapter
5.200334,2026-06-04T12:19:14.371692+00:00,100,8,4A 00 00 00 00 00 00 30,python_can_virtual_baseline,011_python_can_virtual_bus,0.000215,python_can_virtual_bus_no_vehicle_no_adapter
5.200427,2026-06-04T12:19:14.371769+00:00,188,8,00 00 00 00 00 00 00 31,python_can_virtual_baseline,011_python_can_virtual_bus,0.000032,python_can_virtual_bus_no_vehicle_no_adapter
5.250257,2026-06-04T12:19:14.421614+00:00,100,8,49 00 00 00 00 00 00 32,python_can_virtual_baseline,011_python_can_virtual_bus,0.000143,python_can_virtual_bus_no_vehicle_no_adapter
5.250361,2026-06-04T12:19:14.421703+00:00,188,8,00 00 00 00 00 00 00 33,python_can_virtual_baseline,011_python_can_virtual_bus,0.000037,python_can_virtual_bus_no_vehicle_no_adapter
5.250396,2026-06-04T12:19:14.421738+00:00,120,8,05 AF 00 00 00 00 00 34,python_can_virtual_baseline,011_python_can_virtual_bus,0.000021,python_can_virtual_bus_no_vehicle_no_adapter
5.250447,2026-06-04T12:19:14.421790+00:00,300,8,DF 41 0D 7B E0 51 2C 02,python_can_virtual_baseline,011_python_can_virtual_bus,0.000025,python_can_virtual_bus_no_vehicle_no_adapter
5.300265,2026-06-04T12:19:14.471627+00:00,100,8,4A 00 00 00 00 00 00 36,python_can_virtual_baseline,011_python_can_virtual_bus,0.000151,python_can_virtual_bus_no_vehicle_no_adapter
5.300373,2026-06-04T12:19:14.471716+00:00,188,8,00 00 00 00 00 00 00 37,python_can_virtual_baseline,011_python_can_virtual_bus,0.000030,python_can_virtual_bus_no_vehicle_no_adapter
5.320284,2026-06-04T12:19:14.491644+00:00,120,8,06 AB 00 00 00 00 00 38,python_can_virtual_baseline,011_python_can_virtual_bus,0.000155,python_can_virtual_bus_no_vehicle_no_adapter
5.350301,2026-06-04T12:19:14.521658+00:00,100,8,41 00 00 00 00 00 00 39,python_can_virtual_baseline,011_python_can_virtual_bus,0.000164,python_can_virtual_bus_no_vehicle_no_adapter
5.350387,2026-06-04T12:19:14.521730+00:00,188,8,00 00 00 00 00 00 00 3A,python_can_virtual_baseline,011_python_can_virtual_bus,0.000028,python_can_virtual_bus_no_vehicle_no_adapter
5.390312,2026-06-04T12:19:14.561670+00:00,120,8,06 97 00 00 00 00 00 3B,python_can_virtual_baseline,011_python_can_virtual_bus,0.000194,python_can_virtual_bus_no_vehicle_no_adapter
5.400285,2026-06-04T12:19:14.571642+00:00,100,8,43 00 00 00 00 00 00 3C,python_can_virtual_baseline,011_python_can_virtual_bus,0.000157,python_can_virtual_bus_no_vehicle_no_adapter
5.400393,2026-06-04T12:19:14.571736+00:00,188,8,00 00 00 00 00 00 00 3D,python_can_virtual_baseline,011_python_can_virtual_bus,0.000029,python_can_virtual_bus_no_vehicle_no_adapter
5.450268,2026-06-04T12:19:14.621632+00:00,100,8,45 00 00 00 00 00 00 3E,python_can_virtual_baseline,011_python_can_virtual_bus,0.000161,python_can_virtual_bus_no_vehicle_no_adapter
5.450365,2026-06-04T12:19:14.621711+00:00,188,8,00 00 00 00 00 00 00 3F,python_can_virtual_baseline,011_python_can_virtual_bus,0.000031,python_can_virtual_bus_no_vehicle_no_adapter
5.460342,2026-06-04T12:19:14.631698+00:00,120,8,06 13 00 00 00 00 00 40,python_can_virtual_baseline,011_python_can_virtual_bus,0.000222,python_can_virtual_bus_no_vehicle_no_adapter
5.500296,2026-06-04T12:19:14.671653+00:00,100,8,41 00 00 00 00 00 00 41,python_can_virtual_baseline,011_python_can_virtual_bus,0.000169,python_can_virtual_bus_no_vehicle_no_adapter
5.500377,2026-06-04T12:19:14.671719+00:00,188,8,00 00 00 00 00 00 00 42,python_can_virtual_baseline,011_python_can_virtual_bus,0.000023,python_can_virtual_bus_no_vehicle_no_adapter
5.500437,2026-06-04T12:19:14.671783+00:00,300,8,BD C8 7F 13 A5 8B C7 84,python_can_virtual_baseline,011_python_can_virtual_bus,0.000026,python_can_virtual_bus_no_vehicle_no_adapter
5.530243,2026-06-04T12:19:14.701599+00:00,120,8,05 C5 00 00 00 00 00 44,python_can_virtual_baseline,011_python_can_virtual_bus,0.000127,python_can_virtual_bus_no_vehicle_no_adapter
5.550229,2026-06-04T12:19:14.721583+00:00,100,8,3A 00 00 00 00 00 00 45,python_can_virtual_baseline,011_python_can_virtual_bus,0.000129,python_can_virtual_bus_no_vehicle_no_adapter
5.550302,2026-06-04T12:19:14.721644+00:00,188,8,00 00 00 00 00 00 00 46,python_can_virtual_baseline,011_python_can_virtual_bus,0.000024,python_can_virtual_bus_no_vehicle_no_adapter
5.600324,2026-06-04T12:19:14.771686+00:00,100,8,3E 00 00 00 00 00 00 47,python_can_virtual_baseline,011_python_can_virtual_bus,0.000156,python_can_virtual_bus_no_vehicle_no_adapter
5.600437,2026-06-04T12:19:14.771781+00:00,188,8,00 00 00 00 00 00 00 48,python_can_virtual_baseline,011_python_can_virtual_bus,0.000039,python_can_virtual_bus_no_vehicle_no_adapter
5.600495,2026-06-04T12:19:14.771839+00:00,120,8,07 35 00 00 00 00 00 49,python_can_virtual_baseline,011_python_can_virtual_bus,0.000033,python_can_virtual_bus_no_vehicle_no_adapter
5.650279,2026-06-04T12:19:14.821638+00:00,100,8,4A 00 00 00 00 00 00 4A,python_can_virtual_baseline,011_python_can_virtual_bus,0.000159,python_can_virtual_bus_no_vehicle_no_adapter
5.650359,2026-06-04T12:19:14.821701+00:00,188,8,00 00 00 00 00 00 00 4B,python_can_virtual_baseline,011_python_can_virtual_bus,0.000023,python_can_virtual_bus_no_vehicle_no_adapter
5.670292,2026-06-04T12:19:14.841653+00:00,120,8,05 A9 00 00 00 00 00 4C,python_can_virtual_baseline,011_python_can_virtual_bus,0.000166,python_can_virtual_bus_no_vehicle_no_adapter
5.700267,2026-06-04T12:19:14.871622+00:00,100,8,3D 00 00 00 00 00 00 4D,python_can_virtual_baseline,011_python_can_virtual_bus,0.000145,python_can_virtual_bus_no_vehicle_no_adapter
5.700344,2026-06-04T12:19:14.871686+00:00,188,8,00 00 00 00 00 00 00 4E,python_can_virtual_baseline,011_python_can_virtual_bus,0.000023,python_can_virtual_bus_no_vehicle_no_adapter
5.740342,2026-06-04T12:19:14.911703+00:00,120,8,06 AE 00 00 00 00 00 4F,python_can_virtual_baseline,011_python_can_virtual_bus,0.000168,python_can_virtual_bus_no_vehicle_no_adapter
5.750347,2026-06-04T12:19:14.921706+00:00,100,8,48 00 00 00 00 00 00 50,python_can_virtual_baseline,011_python_can_virtual_bus,0.000159,python_can_virtual_bus_no_vehicle_no_adapter
5.750455,2026-06-04T12:19:14.921799+00:00,188,8,00 00 00 00 00 00 00 51,python_can_virtual_baseline,011_python_can_virtual_bus,0.000036,python_can_virtual_bus_no_vehicle_no_adapter
5.750519,2026-06-04T12:19:14.921865+00:00,300,8,F5 66 4A 0B 39 CF 6F 57,python_can_virtual_baseline,011_python_can_virtual_bus,0.000040,python_can_virtual_bus_no_vehicle_no_adapter
5.800325,2026-06-04T12:19:14.971682+00:00,100,8,4B 00 00 00 00 00 00 53,python_can_virtual_baseline,011_python_can_virtual_bus,0.000181,python_can_virtual_bus_no_vehicle_no_adapter
5.800412,2026-06-04T12:19:14.971755+00:00,188,8,00 00 00 00 00 00 00 54,python_can_virtual_baseline,011_python_can_virtual_bus,0.000027,python_can_virtual_bus_no_vehicle_no_adapter
5.810569,2026-06-04T12:19:14.981928+00:00,120,8,06 DA 00 00 00 00 00 55,python_can_virtual_baseline,011_python_can_virtual_bus,0.000163,python_can_virtual_bus_no_vehicle_no_adapter
5.850286,2026-06-04T12:19:15.021643+00:00,100,8,4B 00 00 00 00 00 00 56,python_can_virtual_baseline,011_python_can_virtual_bus,0.000166,python_can_virtual_bus_no_vehicle_no_adapter
5.850372,2026-06-04T12:19:15.021714+00:00,188,8,00 00 00 00 00 00 00 57,python_can_virtual_baseline,011_python_can_virtual_bus,0.000026,python_can_virtual_bus_no_vehicle_no_adapter
5.880374,2026-06-04T12:19:15.051731+00:00,120,8,06 9F 00 00 00 00 00 58,python_can_virtual_baseline,011_python_can_virtual_bus,0.000146,python_can_virtual_bus_no_vehicle_no_adapter
5.900431,2026-06-04T12:19:15.071793+00:00,100,8,3F 00 00 00 00 00 00 59,python_can_virtual_baseline,011_python_can_virtual_bus,0.000149,python_can_virtual_bus_no_vehicle_no_adapter
5.900538,2026-06-04T12:19:15.071884+00:00,188,8,00 00 00 00 00 00 00 5A,python_can_virtual_baseline,011_python_can_virtual_bus,0.000039,python_can_virtual_bus_no_vehicle_no_adapter
5.950283,2026-06-04T12:19:15.121643+00:00,100,8,4A 00 00 00 00 00 00 5B,python_can_virtual_baseline,011_python_can_virtual_bus,0.000153,python_can_virtual_bus_no_vehicle_no_adapter
5.950365,2026-06-04T12:19:15.121707+00:00,188,8,00 00 00 00 00 00 00 5C,python_can_virtual_baseline,011_python_can_virtual_bus,0.000022,python_can_virtual_bus_no_vehicle_no_adapter
5.950413,2026-06-04T12:19:15.121759+00:00,120,8,06 19 00 00 00 00 00 5D,python_can_virtual_baseline,011_python_can_virtual_bus,0.000033,python_can_virtual_bus_no_vehicle_no_adapter
6.000323,2026-06-04T12:19:15.171681+00:00,100,8,42 00 00 00 00 00 00 5E,python_can_virtual_baseline,011_python_can_virtual_bus,0.000143,python_can_virtual_bus_no_vehicle_no_adapter
6.000430,2026-06-04T12:19:15.171772+00:00,188,8,00 00 00 00 00 00 00 5F,python_can_virtual_baseline,011_python_can_virtual_bus,0.000029,python_can_virtual_bus_no_vehicle_no_adapter
6.000471,2026-06-04T12:19:15.171813+00:00,300,8,6C 2F 8B 66 CF 8D 25 C8,python_can_virtual_baseline,011_python_can_virtual_bus,0.000026,python_can_virtual_bus_no_vehicle_no_adapter
6.020361,2026-06-04T12:19:15.191717+00:00,120,8,06 38 00 00 00 00 00 61,python_can_virtual_baseline,011_python_can_virtual_bus,0.000182,python_can_virtual_bus_no_vehicle_no_adapter
6.050300,2026-06-04T12:19:15.221655+00:00,100,8,48 00 00 00 00 00 00 62,python_can_virtual_baseline,011_python_can_virtual_bus,0.000168,python_can_virtual_bus_no_vehicle_no_adapter
6.050374,2026-06-04T12:19:15.221716+00:00,188,8,00 00 00 00 00 00 00 63,python_can_virtual_baseline,011_python_can_virtual_bus,0.000024,python_can_virtual_bus_no_vehicle_no_adapter
6.090288,2026-06-04T12:19:15.261644+00:00,120,8,06 97 00 00 00 00 00 64,python_can_virtual_baseline,011_python_can_virtual_bus,0.000183,python_can_virtual_bus_no_vehicle_no_adapter
6.100285,2026-06-04T12:19:15.271641+00:00,100,8,4B 00 00 00 00 00 00 65,python_can_virtual_baseline,011_python_can_virtual_bus,0.000164,python_can_virtual_bus_no_vehicle_no_adapter
6.100365,2026-06-04T12:19:15.271707+00:00,188,8,00 00 00 00 00 00 00 66,python_can_virtual_baseline,011_python_can_virtual_bus,0.000024,python_can_virtual_bus_no_vehicle_no_adapter
6.150233,2026-06-04T12:19:15.321588+00:00,100,8,45 00 00 00 00 00 00 67,python_can_virtual_baseline,011_python_can_virtual_bus,0.000139,python_can_virtual_bus_no_vehicle_no_adapter
6.150319,2026-06-04T12:19:15.321665+00:00,188,8,00 00 00 00 00 00 00 68,python_can_virtual_baseline,011_python_can_virtual_bus,0.000036,python_can_virtual_bus_no_vehicle_no_adapter
6.160374,2026-06-04T12:19:15.331738+00:00,120,8,06 75 00 00 00 00 00 69,python_can_virtual_baseline,011_python_can_virtual_bus,0.000167,python_can_virtual_bus_no_vehicle_no_adapter
6.200340,2026-06-04T12:19:15.371695+00:00,100,8,47 00 00 00 00 00 00 6A,python_can_virtual_baseline,011_python_can_virtual_bus,0.000130,python_can_virtual_bus_no_vehicle_no_adapter
6.200418,2026-06-04T12:19:15.371760+00:00,188,8,00 00 00 00 00 00 00 6B,python_can_virtual_baseline,011_python_can_virtual_bus,0.000023,python_can_virtual_bus_no_vehicle_no_adapter
6.231314,2026-06-04T12:19:15.402670+00:00,120,8,06 A4 00 00 00 00 00 6C,python_can_virtual_baseline,011_python_can_virtual_bus,0.000132,python_can_virtual_bus_no_vehicle_no_adapter
6.250280,2026-06-04T12:19:15.421637+00:00,100,8,43 00 00 00 00 00 00 6D,python_can_virtual_baseline,011_python_can_virtual_bus,0.000160,python_can_virtual_bus_no_vehicle_no_adapter
6.250383,2026-06-04T12:19:15.421725+00:00,188,8,00 00 00 00 00 00 00 6E,python_can_virtual_baseline,011_python_can_virtual_bus,0.000023,python_can_virtual_bus_no_vehicle_no_adapter
6.250421,2026-06-04T12:19:15.421763+00:00,300,8,47 F3 48 98 E1 4D C9 91,python_can_virtual_baseline,011_python_can_virtual_bus,0.000025,python_can_virtual_bus_no_vehicle_no_adapter
6.300264,2026-06-04T12:19:15.471618+00:00,100,8,3F 00 00 00 00 00 00 70,python_can_virtual_baseline,011_python_can_virtual_bus,0.000144,python_can_virtual_bus_no_vehicle_no_adapter
6.300339,2026-06-04T12:19:15.471681+00:00,188,8,00 00 00 00 00 00 00 71,python_can_virtual_baseline,011_python_can_virtual_bus,0.000022,python_can_virtual_bus_no_vehicle_no_adapter
6.300371,2026-06-04T12:19:15.471712+00:00,120,8,06 09 00 00 00 00 00 72,python_can_virtual_baseline,011_python_can_virtual_bus,0.000019,python_can_virtual_bus_no_vehicle_no_adapter
6.350353,2026-06-04T12:19:15.521709+00:00,100,8,3C 00 00 00 00 00 00 73,python_can_virtual_baseline,011_python_can_virtual_bus,0.000134,python_can_virtual_bus_no_vehicle_no_adapter
6.350431,2026-06-04T12:19:15.521772+00:00,188,8,00 00 00 00 00 00 00 74,python_can_virtual_baseline,011_python_can_virtual_bus,0.000022,python_can_virtual_bus_no_vehicle_no_adapter
6.370321,2026-06-04T12:19:15.541676+00:00,120,8,05 F8 00 00 00 00 00 75,python_can_virtual_baseline,011_python_can_virtual_bus,0.000176,python_can_virtual_bus_no_vehicle_no_adapter
6.400337,2026-06-04T12:19:15.571696+00:00,100,8,3A 00 00 00 00 00 00 76,python_can_virtual_baseline,011_python_can_virtual_bus,0.000137,python_can_virtual_bus_no_vehicle_no_adapter
6.400448,2026-06-04T12:19:15.571792+00:00,188,8,00 00 00 00 00 00 00 77,python_can_virtual_baseline,011_python_can_virtual_bus,0.000027,python_can_virtual_bus_no_vehicle_no_adapter
6.440342,2026-06-04T12:19:15.611701+00:00,120,8,05 F9 00 00 00 00 00 78,python_can_virtual_baseline,011_python_can_virtual_bus,0.000169,python_can_virtual_bus_no_vehicle_no_adapter
6.450369,2026-06-04T12:19:15.621730+00:00,100,8,3D 00 00 00 00 00 00 79,python_can_virtual_baseline,011_python_can_virtual_bus,0.000181,python_can_virtual_bus_no_vehicle_no_adapter
6.450475,2026-06-04T12:19:15.621819+00:00,188,8,00 00 00 00 00 00 00 7A,python_can_virtual_baseline,011_python_can_virtual_bus,0.000034,python_can_virtual_bus_no_vehicle_no_adapter
6.500399,2026-06-04T12:19:15.671760+00:00,100,8,4A 00 00 00 00 00 00 7B,python_can_virtual_baseline,011_python_can_virtual_bus,0.000205,python_can_virtual_bus_no_vehicle_no_adapter
6.500491,2026-06-04T12:19:15.671833+00:00,188,8,00 00 00 00 00 00 00 7C,python_can_virtual_baseline,011_python_can_virtual_bus,0.000029,python_can_virtual_bus_no_vehicle_no_adapter
6.500531,2026-06-04T12:19:15.671873+00:00,300,8,FF 05 48 03 6C 1D 0C 50,python_can_virtual_baseline,011_python_can_virtual_bus,0.000025,python_can_virtual_bus_no_vehicle_no_adapter
6.510393,2026-06-04T12:19:15.681753+00:00,120,8,05 C8 00 00 00 00 00 7E,python_can_virtual_baseline,011_python_can_virtual_bus,0.000152,python_can_virtual_bus_no_vehicle_no_adapter
6.550349,2026-06-04T12:19:15.721710+00:00,100,8,40 00 00 00 00 00 00 7F,python_can_virtual_baseline,011_python_can_virtual_bus,0.000214,python_can_virtual_bus_no_vehicle_no_adapter
6.550450,2026-06-04T12:19:15.721794+00:00,188,8,00 00 00 00 00 00 00 80,python_can_virtual_baseline,011_python_can_virtual_bus,0.000031,python_can_virtual_bus_no_vehicle_no_adapter
6.580375,2026-06-04T12:19:15.751737+00:00,120,8,07 36 00 00 00 00 00 81,python_can_virtual_baseline,011_python_can_virtual_bus,0.000171,python_can_virtual_bus_no_vehicle_no_adapter
6.600340,2026-06-04T12:19:15.771696+00:00,100,8,49 00 00 00 00 00 00 82,python_can_virtual_baseline,011_python_can_virtual_bus,0.000142,python_can_virtual_bus_no_vehicle_no_adapter
6.600444,2026-06-04T12:19:15.771787+00:00,188,8,00 00 00 00 00 00 00 83,python_can_virtual_baseline,011_python_can_virtual_bus,0.000047,python_can_virtual_bus_no_vehicle_no_adapter
6.650291,2026-06-04T12:19:15.821647+00:00,100,8,41 00 00 00 00 00 00 84,python_can_virtual_baseline,011_python_can_virtual_bus,0.000146,python_can_virtual_bus_no_vehicle_no_adapter
6.650384,2026-06-04T12:19:15.821726+00:00,188,8,00 00 00 00 00 00 00 85,python_can_virtual_baseline,011_python_can_virtual_bus,0.000037,python_can_virtual_bus_no_vehicle_no_adapter
6.650421,2026-06-04T12:19:15.821763+00:00,120,8,06 51 00 00 00 00 00 86,python_can_virtual_baseline,011_python_can_virtual_bus,0.000021,python_can_virtual_bus_no_vehicle_no_adapter
6.700293,2026-06-04T12:19:15.871646+00:00,100,8,41 00 00 00 00 00 00 87,python_can_virtual_baseline,011_python_can_virtual_bus,0.000106,python_can_virtual_bus_no_vehicle_no_adapter
6.700366,2026-06-04T12:19:15.871709+00:00,188,8,00 00 00 00 00 00 00 88,python_can_virtual_baseline,011_python_can_virtual_bus,0.000023,python_can_virtual_bus_no_vehicle_no_adapter
6.720273,2026-06-04T12:19:15.891629+00:00,120,8,07 4B 00 00 00 00 00 89,python_can_virtual_baseline,011_python_can_virtual_bus,0.000157,python_can_virtual_bus_no_vehicle_no_adapter
6.750235,2026-06-04T12:19:15.921588+00:00,100,8,3B 00 00 00 00 00 00 8A,python_can_virtual_baseline,011_python_can_virtual_bus,0.000128,python_can_virtual_bus_no_vehicle_no_adapter
6.750321,2026-06-04T12:19:15.921663+00:00,188,8,00 00 00 00 00 00 00 8B,python_can_virtual_baseline,011_python_can_virtual_bus,0.000024,python_can_virtual_bus_no_vehicle_no_adapter
6.750361,2026-06-04T12:19:15.921702+00:00,300,8,84 74 87 2B 99 AB 12 E6,python_can_virtual_baseline,011_python_can_virtual_bus,0.000025,python_can_virtual_bus_no_vehicle_no_adapter
6.790349,2026-06-04T12:19:15.961708+00:00,120,8,06 D0 00 00 00 00 00 8D,python_can_virtual_baseline,011_python_can_virtual_bus,0.000206,python_can_virtual_bus_no_vehicle_no_adapter
6.800370,2026-06-04T12:19:15.971735+00:00,100,8,3D 00 00 00 00 00 00 8E,python_can_virtual_baseline,011_python_can_virtual_bus,0.000172,python_can_virtual_bus_no_vehicle_no_adapter
6.800508,2026-06-04T12:19:15.971854+00:00,188,8,00 00 00 00 00 00 00 8F,python_can_virtual_baseline,011_python_can_virtual_bus,0.000039,python_can_virtual_bus_no_vehicle_no_adapter
6.850265,2026-06-04T12:19:16.021621+00:00,100,8,43 00 00 00 00 00 00 90,python_can_virtual_baseline,011_python_can_virtual_bus,0.000160,python_can_virtual_bus_no_vehicle_no_adapter
6.850380,2026-06-04T12:19:16.021724+00:00,188,8,00 00 00 00 00 00 00 91,python_can_virtual_baseline,011_python_can_virtual_bus,0.000035,python_can_virtual_bus_no_vehicle_no_adapter
6.860341,2026-06-04T12:19:16.031701+00:00,120,8,07 27 00 00 00 00 00 92,python_can_virtual_baseline,011_python_can_virtual_bus,0.000195,python_can_virtual_bus_no_vehicle_no_adapter
6.900334,2026-06-04T12:19:16.071696+00:00,100,8,47 00 00 00 00 00 00 93,python_can_virtual_baseline,011_python_can_virtual_bus,0.000159,python_can_virtual_bus_no_vehicle_no_adapter
6.900445,2026-06-04T12:19:16.071789+00:00,188,8,00 00 00 00 00 00 00 94,python_can_virtual_baseline,011_python_can_virtual_bus,0.000031,python_can_virtual_bus_no_vehicle_no_adapter
6.930410,2026-06-04T12:19:16.101772+00:00,120,8,06 C1 00 00 00 00 00 95,python_can_virtual_baseline,011_python_can_virtual_bus,0.000165,python_can_virtual_bus_no_vehicle_no_adapter
6.950338,2026-06-04T12:19:16.121694+00:00,100,8,3B 00 00 00 00 00 00 96,python_can_virtual_baseline,011_python_can_virtual_bus,0.000136,python_can_virtual_bus_no_vehicle_no_adapter
6.950443,2026-06-04T12:19:16.121785+00:00,188,8,00 00 00 00 00 00 00 97,python_can_virtual_baseline,011_python_can_virtual_bus,0.000047,python_can_virtual_bus_no_vehicle_no_adapter
7.000293,2026-06-04T12:19:16.171656+00:00,100,8,3D 00 00 00 00 00 00 98,python_can_virtual_baseline,011_python_can_virtual_bus,0.000162,python_can_virtual_bus_no_vehicle_no_adapter
7.000415,2026-06-04T12:19:16.171760+00:00,188,8,00 00 00 00 00 00 00 99,python_can_virtual_baseline,011_python_can_virtual_bus,0.000042,python_can_virtual_bus_no_vehicle_no_adapter
7.000463,2026-06-04T12:19:16.171805+00:00,120,8,06 B0 00 00 00 00 00 9A,python_can_virtual_baseline,011_python_can_virtual_bus,0.000027,python_can_virtual_bus_no_vehicle_no_adapter
7.000501,2026-06-04T12:19:16.171843+00:00,300,8,F2 C5 49 3A DB F3 06 76,python_can_virtual_baseline,011_python_can_virtual_bus,0.000024,python_can_virtual_bus_no_vehicle_no_adapter
7.050297,2026-06-04T12:19:16.221658+00:00,100,8,4B 00 00 00 00 00 00 9C,python_can_virtual_baseline,011_python_can_virtual_bus,0.000173,python_can_virtual_bus_no_vehicle_no_adapter
7.050388,2026-06-04T12:19:16.221730+00:00,188,8,00 00 00 00 00 00 00 9D,python_can_virtual_baseline,011_python_can_virtual_bus,0.000027,python_can_virtual_bus_no_vehicle_no_adapter
7.070325,2026-06-04T12:19:16.241682+00:00,120,8,07 13 00 00 00 00 00 9E,python_can_virtual_baseline,011_python_can_virtual_bus,0.000140,python_can_virtual_bus_no_vehicle_no_adapter
7.100285,2026-06-04T12:19:16.271641+00:00,100,8,3F 00 00 00 00 00 00 9F,python_can_virtual_baseline,011_python_can_virtual_bus,0.000164,python_can_virtual_bus_no_vehicle_no_adapter
7.100363,2026-06-04T12:19:16.271704+00:00,188,8,00 00 00 00 00 00 00 A0,python_can_virtual_baseline,011_python_can_virtual_bus,0.000022,python_can_virtual_bus_no_vehicle_no_adapter
7.140343,2026-06-04T12:19:16.311704+00:00,120,8,05 B3 00 00 00 00 00 A1,python_can_virtual_baseline,011_python_can_virtual_bus,0.000206,python_can_virtual_bus_no_vehicle_no_adapter
7.150346,2026-06-04T12:19:16.321707+00:00,100,8,44 00 00 00 00 00 00 A2,python_can_virtual_baseline,011_python_can_virtual_bus,0.000159,python_can_virtual_bus_no_vehicle_no_adapter
7.150441,2026-06-04T12:19:16.321785+00:00,188,8,00 00 00 00 00 00 00 A3,python_can_virtual_baseline,011_python_can_virtual_bus,0.000028,python_can_virtual_bus_no_vehicle_no_adapter
7.200344,2026-06-04T12:19:16.371699+00:00,100,8,45 00 00 00 00 00 00 A4,python_can_virtual_baseline,011_python_can_virtual_bus,0.000136,python_can_virtual_bus_no_vehicle_no_adapter
7.200420,2026-06-04T12:19:16.371762+00:00,188,8,00 00 00 00 00 00 00 A5,python_can_virtual_baseline,011_python_can_virtual_bus,0.000022,python_can_virtual_bus_no_vehicle_no_adapter
7.210286,2026-06-04T12:19:16.381640+00:00,120,8,07 5D 00 00 00 00 00 A6,python_can_virtual_baseline,011_python_can_virtual_bus,0.000155,python_can_virtual_bus_no_vehicle_no_adapter
7.250359,2026-06-04T12:19:16.421716+00:00,100,8,41 00 00 00 00 00 00 A7,python_can_virtual_baseline,011_python_can_virtual_bus,0.000145,python_can_virtual_bus_no_vehicle_no_adapter
7.250463,2026-06-04T12:19:16.421805+00:00,188,8,00 00 00 00 00 00 00 A8,python_can_virtual_baseline,011_python_can_virtual_bus,0.000024,python_can_virtual_bus_no_vehicle_no_adapter
7.250510,2026-06-04T12:19:16.421855+00:00,300,8,50 ED 10 D3 C3 FB BB 2F,python_can_virtual_baseline,011_python_can_virtual_bus,0.000033,python_can_virtual_bus_no_vehicle_no_adapter
7.280335,2026-06-04T12:19:16.451692+00:00,120,8,06 C2 00 00 00 00 00 AA,python_can_virtual_baseline,011_python_can_virtual_bus,0.000142,python_can_virtual_bus_no_vehicle_no_adapter
7.300309,2026-06-04T12:19:16.471665+00:00,100,8,4A 00 00 00 00 00 00 AB,python_can_virtual_baseline,011_python_can_virtual_bus,0.000167,python_can_virtual_bus_no_vehicle_no_adapter
7.300407,2026-06-04T12:19:16.471751+00:00,188,8,00 00 00 00 00 00 00 AC,python_can_virtual_baseline,011_python_can_virtual_bus,0.000035,python_can_virtual_bus_no_vehicle_no_adapter
7.350362,2026-06-04T12:19:16.521723+00:00,100,8,4B 00 00 00 00 00 00 AD,python_can_virtual_baseline,011_python_can_virtual_bus,0.000152,python_can_virtual_bus_no_vehicle_no_adapter
7.350463,2026-06-04T12:19:16.521807+00:00,188,8,00 00 00 00 00 00 00 AE,python_can_virtual_baseline,011_python_can_virtual_bus,0.000030,python_can_virtual_bus_no_vehicle_no_adapter
7.350509,2026-06-04T12:19:16.521852+00:00,120,8,07 5C 00 00 00 00 00 AF,python_can_virtual_baseline,011_python_can_virtual_bus,0.000025,python_can_virtual_bus_no_vehicle_no_adapter
7.400301,2026-06-04T12:19:16.571661+00:00,100,8,46 00 00 00 00 00 00 B0,python_can_virtual_baseline,011_python_can_virtual_bus,0.000155,python_can_virtual_bus_no_vehicle_no_adapter
7.400413,2026-06-04T12:19:16.571757+00:00,188,8,00 00 00 00 00 00 00 B1,python_can_virtual_baseline,011_python_can_virtual_bus,0.000040,python_can_virtual_bus_no_vehicle_no_adapter
7.420424,2026-06-04T12:19:16.591786+00:00,120,8,06 67 00 00 00 00 00 B2,python_can_virtual_baseline,011_python_can_virtual_bus,0.000179,python_can_virtual_bus_no_vehicle_no_adapter
7.450322,2026-06-04T12:19:16.621685+00:00,100,8,44 00 00 00 00 00 00 B3,python_can_virtual_baseline,011_python_can_virtual_bus,0.000139,python_can_virtual_bus_no_vehicle_no_adapter
7.450445,2026-06-04T12:19:16.621790+00:00,188,8,00 00 00 00 00 00 00 B4,python_can_virtual_baseline,011_python_can_virtual_bus,0.000055,python_can_virtual_bus_no_vehicle_no_adapter
7.490366,2026-06-04T12:19:16.661728+00:00,120,8,06 BA 00 00 00 00 00 B5,python_can_virtual_baseline,011_python_can_virtual_bus,0.000170,python_can_virtual_bus_no_vehicle_no_adapter
7.500311,2026-06-04T12:19:16.671674+00:00,100,8,44 00 00 00 00 00 00 B6,python_can_virtual_baseline,011_python_can_virtual_bus,0.000139,python_can_virtual_bus_no_vehicle_no_adapter
7.500418,2026-06-04T12:19:16.671762+00:00,188,8,00 00 00 00 00 00 00 B7,python_can_virtual_baseline,011_python_can_virtual_bus,0.000032,python_can_virtual_bus_no_vehicle_no_adapter
7.500481,2026-06-04T12:19:16.671827+00:00,300,8,68 0B 42 6A 45 0D 90 CF,python_can_virtual_baseline,011_python_can_virtual_bus,0.000041,python_can_virtual_bus_no_vehicle_no_adapter
7.550294,2026-06-04T12:19:16.721656+00:00,100,8,44 00 00 00 00 00 00 B9,python_can_virtual_baseline,011_python_can_virtual_bus,0.000174,python_can_virtual_bus_no_vehicle_no_adapter
7.550404,2026-06-04T12:19:16.721749+00:00,188,8,00 00 00 00 00 00 00 BA,python_can_virtual_baseline,011_python_can_virtual_bus,0.000036,python_can_virtual_bus_no_vehicle_no_adapter
7.560212,2026-06-04T12:19:16.731569+00:00,120,8,05 C9 00 00 00 00 00 BB,python_can_virtual_baseline,011_python_can_virtual_bus,0.000111,python_can_virtual_bus_no_vehicle_no_adapter
7.600240,2026-06-04T12:19:16.771597+00:00,100,8,42 00 00 00 00 00 00 BC,python_can_virtual_baseline,011_python_can_virtual_bus,0.000141,python_can_virtual_bus_no_vehicle_no_adapter
7.600322,2026-06-04T12:19:16.771664+00:00,188,8,00 00 00 00 00 00 00 BD,python_can_virtual_baseline,011_python_can_virtual_bus,0.000026,python_can_virtual_bus_no_vehicle_no_adapter
7.630293,2026-06-04T12:19:16.801649+00:00,120,8,05 F5 00 00 00 00 00 BE,python_can_virtual_baseline,011_python_can_virtual_bus,0.000161,python_can_virtual_bus_no_vehicle_no_adapter
7.650256,2026-06-04T12:19:16.821612+00:00,100,8,4A 00 00 00 00 00 00 BF,python_can_virtual_baseline,011_python_can_virtual_bus,0.000147,python_can_virtual_bus_no_vehicle_no_adapter
7.650338,2026-06-04T12:19:16.821680+00:00,188,8,00 00 00 00 00 00 00 C0,python_can_virtual_baseline,011_python_can_virtual_bus,0.000027,python_can_virtual_bus_no_vehicle_no_adapter
7.700347,2026-06-04T12:19:16.871703+00:00,100,8,3F 00 00 00 00 00 00 C1,python_can_virtual_baseline,011_python_can_virtual_bus,0.000144,python_can_virtual_bus_no_vehicle_no_adapter
7.700433,2026-06-04T12:19:16.871775+00:00,188,8,00 00 00 00 00 00 00 C2,python_can_virtual_baseline,011_python_can_virtual_bus,0.000026,python_can_virtual_bus_no_vehicle_no_adapter
7.700479,2026-06-04T12:19:16.871824+00:00,120,8,06 73 00 00 00 00 00 C3,python_can_virtual_baseline,011_python_can_virtual_bus,0.000029,python_can_virtual_bus_no_vehicle_no_adapter
7.750308,2026-06-04T12:19:16.921665+00:00,100,8,47 00 00 00 00 00 00 C4,python_can_virtual_baseline,011_python_can_virtual_bus,0.000173,python_can_virtual_bus_no_vehicle_no_adapter
7.750411,2026-06-04T12:19:16.921752+00:00,188,8,00 00 00 00 00 00 00 C5,python_can_virtual_baseline,011_python_can_virtual_bus,0.000023,python_can_virtual_bus_no_vehicle_no_adapter
7.750449,2026-06-04T12:19:16.921791+00:00,300,8,01 E9 07 0E A9 DE AD 8E,python_can_virtual_baseline,011_python_can_virtual_bus,0.000024,python_can_virtual_bus_no_vehicle_no_adapter
7.770265,2026-06-04T12:19:16.941625+00:00,120,8,06 EC 00 00 00 00 00 C7,python_can_virtual_baseline,011_python_can_virtual_bus,0.000157,python_can_virtual_bus_no_vehicle_no_adapter
7.800298,2026-06-04T12:19:16.971656+00:00,100,8,3B 00 00 00 00 00 00 C8,python_can_virtual_baseline,011_python_can_virtual_bus,0.000164,python_can_virtual_bus_no_vehicle_no_adapter
7.800385,2026-06-04T12:19:16.971727+00:00,188,8,00 00 00 00 00 00 00 C9,python_can_virtual_baseline,011_python_can_virtual_bus,0.000024,python_can_virtual_bus_no_vehicle_no_adapter
7.840483,2026-06-04T12:19:17.011850+00:00,120,8,06 59 00 00 00 00 00 CA,python_can_virtual_baseline,011_python_can_virtual_bus,0.000220,python_can_virtual_bus_no_vehicle_no_adapter
7.850341,2026-06-04T12:19:17.021703+00:00,100,8,43 00 00 00 00 00 00 CB,python_can_virtual_baseline,011_python_can_virtual_bus,0.000158,python_can_virtual_bus_no_vehicle_no_adapter
7.850464,2026-06-04T12:19:17.021811+00:00,188,8,00 00 00 00 00 00 00 CC,python_can_virtual_baseline,011_python_can_virtual_bus,0.000044,python_can_virtual_bus_no_vehicle_no_adapter
7.900304,2026-06-04T12:19:17.071659+00:00,100,8,45 00 00 00 00 00 00 CD,python_can_virtual_baseline,011_python_can_virtual_bus,0.000177,python_can_virtual_bus_no_vehicle_no_adapter
7.900387,2026-06-04T12:19:17.071729+00:00,188,8,00 00 00 00 00 00 00 CE,python_can_virtual_baseline,011_python_can_virtual_bus,0.000023,python_can_virtual_bus_no_vehicle_no_adapter
7.910299,2026-06-04T12:19:17.081660+00:00,120,8,05 A6 00 00 00 00 00 CF,python_can_virtual_baseline,011_python_can_virtual_bus,0.000169,python_can_virtual_bus_no_vehicle_no_adapter
7.950337,2026-06-04T12:19:17.121695+00:00,100,8,49 00 00 00 00 00 00 D0,python_can_virtual_baseline,011_python_can_virtual_bus,0.000196,python_can_virtual_bus_no_vehicle_no_adapter
7.950442,2026-06-04T12:19:17.121784+00:00,188,8,00 00 00 00 00 00 00 D1,python_can_virtual_baseline,011_python_can_virtual_bus,0.000029,python_can_virtual_bus_no_vehicle_no_adapter
7.980348,2026-06-04T12:19:17.151712+00:00,120,8,06 17 00 00 00 00 00 D2,python_can_virtual_baseline,011_python_can_virtual_bus,0.000157,python_can_virtual_bus_no_vehicle_no_adapter
8.000281,2026-06-04T12:19:17.171640+00:00,100,8,4A 00 00 00 00 00 00 D3,python_can_virtual_baseline,011_python_can_virtual_bus,0.000156,python_can_virtual_bus_no_vehicle_no_adapter
8.000374,2026-06-04T12:19:17.171717+00:00,188,8,00 00 00 00 00 00 00 D4,python_can_virtual_baseline,011_python_can_virtual_bus,0.000033,python_can_virtual_bus_no_vehicle_no_adapter
8.000418,2026-06-04T12:19:17.171761+00:00,300,8,07 D0 42 2B F7 16 84 2C,python_can_virtual_baseline,011_python_can_virtual_bus,0.000027,python_can_virtual_bus_no_vehicle_no_adapter
8.050325,2026-06-04T12:19:17.221688+00:00,100,8,4B 00 00 00 00 00 00 D6,python_can_virtual_baseline,011_python_can_virtual_bus,0.000200,python_can_virtual_bus_no_vehicle_no_adapter
8.050428,2026-06-04T12:19:17.221771+00:00,188,8,00 00 00 00 00 00 00 D7,python_can_virtual_baseline,011_python_can_virtual_bus,0.000027,python_can_virtual_bus_no_vehicle_no_adapter
8.050465,2026-06-04T12:19:17.221808+00:00,120,8,05 E8 00 00 00 00 00 D8,python_can_virtual_baseline,011_python_can_virtual_bus,0.000021,python_can_virtual_bus_no_vehicle_no_adapter
8.100361,2026-06-04T12:19:17.271719+00:00,100,8,3A 00 00 00 00 00 00 D9,python_can_virtual_baseline,011_python_can_virtual_bus,0.000137,python_can_virtual_bus_no_vehicle_no_adapter
8.100474,2026-06-04T12:19:17.271817+00:00,188,8,00 00 00 00 00 00 00 DA,python_can_virtual_baseline,011_python_can_virtual_bus,0.000030,python_can_virtual_bus_no_vehicle_no_adapter
8.120303,2026-06-04T12:19:17.291666+00:00,120,8,06 49 00 00 00 00 00 DB,python_can_virtual_baseline,011_python_can_virtual_bus,0.000172,python_can_virtual_bus_no_vehicle_no_adapter
8.150377,2026-06-04T12:19:17.321735+00:00,100,8,3A 00 00 00 00 00 00 DC,python_can_virtual_baseline,011_python_can_virtual_bus,0.000171,python_can_virtual_bus_no_vehicle_no_adapter
8.150469,2026-06-04T12:19:17.321815+00:00,188,8,00 00 00 00 00 00 00 DD,python_can_virtual_baseline,011_python_can_virtual_bus,0.000027,python_can_virtual_bus_no_vehicle_no_adapter
8.190324,2026-06-04T12:19:17.361679+00:00,120,8,07 54 00 00 00 00 00 DE,python_can_virtual_baseline,011_python_can_virtual_bus,0.000135,python_can_virtual_bus_no_vehicle_no_adapter
8.200266,2026-06-04T12:19:17.371619+00:00,100,8,3B 00 00 00 00 00 00 DF,python_can_virtual_baseline,011_python_can_virtual_bus,0.000145,python_can_virtual_bus_no_vehicle_no_adapter
8.200337,2026-06-04T12:19:17.371679+00:00,188,8,00 00 00 00 00 00 00 E0,python_can_virtual_baseline,011_python_can_virtual_bus,0.000023,python_can_virtual_bus_no_vehicle_no_adapter
8.250406,2026-06-04T12:19:17.421765+00:00,100,8,47 00 00 00 00 00 00 E1,python_can_virtual_baseline,011_python_can_virtual_bus,0.000226,python_can_virtual_bus_no_vehicle_no_adapter
8.250502,2026-06-04T12:19:17.421844+00:00,188,8,00 00 00 00 00 00 00 E2,python_can_virtual_baseline,011_python_can_virtual_bus,0.000034,python_can_virtual_bus_no_vehicle_no_adapter
8.250545,2026-06-04T12:19:17.421886+00:00,300,8,93 9F 4A 22 DE D8 11 79,python_can_virtual_baseline,011_python_can_virtual_bus,0.000028,python_can_virtual_bus_no_vehicle_no_adapter
8.260486,2026-06-04T12:19:17.431850+00:00,120,8,05 DF 00 00 00 00 00 E4,python_can_virtual_baseline,011_python_can_virtual_bus,0.000212,python_can_virtual_bus_no_vehicle_no_adapter
8.300412,2026-06-04T12:19:17.471773+00:00,100,8,3E 00 00 00 00 00 00 E5,python_can_virtual_baseline,011_python_can_virtual_bus,0.000175,python_can_virtual_bus_no_vehicle_no_adapter
8.300527,2026-06-04T12:19:17.471873+00:00,188,8,00 00 00 00 00 00 00 E6,python_can_virtual_baseline,011_python_can_virtual_bus,0.000039,python_can_virtual_bus_no_vehicle_no_adapter
8.330384,2026-06-04T12:19:17.501743+00:00,120,8,05 7F 00 00 00 00 00 E7,python_can_virtual_baseline,011_python_can_virtual_bus,0.000168,python_can_virtual_bus_no_vehicle_no_adapter
8.350334,2026-06-04T12:19:17.521691+00:00,100,8,44 00 00 00 00 00 00 E8,python_can_virtual_baseline,011_python_can_virtual_bus,0.000128,python_can_virtual_bus_no_vehicle_no_adapter
8.350413,2026-06-04T12:19:17.521755+00:00,188,8,00 00 00 00 00 00 00 E9,python_can_virtual_baseline,011_python_can_virtual_bus,0.000023,python_can_virtual_bus_no_vehicle_no_adapter
8.400334,2026-06-04T12:19:17.571688+00:00,100,8,4B 00 00 00 00 00 00 EA,python_can_virtual_baseline,011_python_can_virtual_bus,0.000126,python_can_virtual_bus_no_vehicle_no_adapter
8.400409,2026-06-04T12:19:17.571751+00:00,188,8,00 00 00 00 00 00 00 EB,python_can_virtual_baseline,011_python_can_virtual_bus,0.000023,python_can_virtual_bus_no_vehicle_no_adapter
8.400467,2026-06-04T12:19:17.571809+00:00,120,8,06 26 00 00 00 00 00 EC,python_can_virtual_baseline,011_python_can_virtual_bus,0.000023,python_can_virtual_bus_no_vehicle_no_adapter
8.450256,2026-06-04T12:19:17.621648+00:00,100,8,46 00 00 00 00 00 00 ED,python_can_virtual_baseline,011_python_can_virtual_bus,0.000147,python_can_virtual_bus_no_vehicle_no_adapter
8.450400,2026-06-04T12:19:17.621744+00:00,188,8,00 00 00 00 00 00 00 EE,python_can_virtual_baseline,011_python_can_virtual_bus,0.000036,python_can_virtual_bus_no_vehicle_no_adapter
8.472337,2026-06-04T12:19:17.643693+00:00,120,8,05 A4 00 00 00 00 00 EF,python_can_virtual_baseline,011_python_can_virtual_bus,0.000137,python_can_virtual_bus_no_vehicle_no_adapter
8.500292,2026-06-04T12:19:17.671653+00:00,100,8,44 00 00 00 00 00 00 F0,python_can_virtual_baseline,011_python_can_virtual_bus,0.000173,python_can_virtual_bus_no_vehicle_no_adapter
8.500408,2026-06-04T12:19:17.671750+00:00,188,8,00 00 00 00 00 00 00 F1,python_can_virtual_baseline,011_python_can_virtual_bus,0.000046,python_can_virtual_bus_no_vehicle_no_adapter
8.500461,2026-06-04T12:19:17.671805+00:00,300,8,A8 DA F0 BF 3F 2D 4D 1F,python_can_virtual_baseline,011_python_can_virtual_bus,0.000036,python_can_virtual_bus_no_vehicle_no_adapter
8.540400,2026-06-04T12:19:17.711755+00:00,120,8,07 61 00 00 00 00 00 F3,python_can_virtual_baseline,011_python_can_virtual_bus,0.000149,python_can_virtual_bus_no_vehicle_no_adapter
8.550309,2026-06-04T12:19:17.721664+00:00,100,8,4B 00 00 00 00 00 00 F4,python_can_virtual_baseline,011_python_can_virtual_bus,0.000167,python_can_virtual_bus_no_vehicle_no_adapter
8.550388,2026-06-04T12:19:17.721731+00:00,188,8,00 00 00 00 00 00 00 F5,python_can_virtual_baseline,011_python_can_virtual_bus,0.000024,python_can_virtual_bus_no_vehicle_no_adapter
8.600347,2026-06-04T12:19:17.771702+00:00,100,8,3F 00 00 00 00 00 00 F6,python_can_virtual_baseline,011_python_can_virtual_bus,0.000130,python_can_virtual_bus_no_vehicle_no_adapter
8.600434,2026-06-04T12:19:17.771777+00:00,188,8,00 00 00 00 00 00 00 F7,python_can_virtual_baseline,011_python_can_virtual_bus,0.000026,python_can_virtual_bus_no_vehicle_no_adapter
8.610213,2026-06-04T12:19:17.781565+00:00,120,8,06 BD 00 00 00 00 00 F8,python_can_virtual_baseline,011_python_can_virtual_bus,0.000117,python_can_virtual_bus_no_vehicle_no_adapter
8.650322,2026-06-04T12:19:17.821683+00:00,100,8,3B 00 00 00 00 00 00 F9,python_can_virtual_baseline,011_python_can_virtual_bus,0.000132,python_can_virtual_bus_no_vehicle_no_adapter
8.650418,2026-06-04T12:19:17.821761+00:00,188,8,00 00 00 00 00 00 00 FA,python_can_virtual_baseline,011_python_can_virtual_bus,0.000028,python_can_virtual_bus_no_vehicle_no_adapter
8.680317,2026-06-04T12:19:17.851673+00:00,120,8,06 62 00 00 00 00 00 FB,python_can_virtual_baseline,011_python_can_virtual_bus,0.000131,python_can_virtual_bus_no_vehicle_no_adapter
8.700340,2026-06-04T12:19:17.871696+00:00,100,8,4A 00 00 00 00 00 00 FC,python_can_virtual_baseline,011_python_can_virtual_bus,0.000202,python_can_virtual_bus_no_vehicle_no_adapter
8.700434,2026-06-04T12:19:17.871778+00:00,188,8,00 00 00 00 00 00 00 FD,python_can_virtual_baseline,011_python_can_virtual_bus,0.000035,python_can_virtual_bus_no_vehicle_no_adapter
8.750297,2026-06-04T12:19:17.921652+00:00,100,8,3F 00 00 00 00 00 00 FE,python_can_virtual_baseline,011_python_can_virtual_bus,0.000156,python_can_virtual_bus_no_vehicle_no_adapter
8.750387,2026-06-04T12:19:17.921730+00:00,188,8,00 00 00 00 00 00 00 FF,python_can_virtual_baseline,011_python_can_virtual_bus,0.000031,python_can_virtual_bus_no_vehicle_no_adapter
8.750444,2026-06-04T12:19:17.921786+00:00,120,8,07 06 00 00 00 00 00 00,python_can_virtual_baseline,011_python_can_virtual_bus,0.000022,python_can_virtual_bus_no_vehicle_no_adapter
8.750495,2026-06-04T12:19:17.921838+00:00,300,8,9C 72 1E 28 CC 9B 06 92,python_can_virtual_baseline,011_python_can_virtual_bus,0.000037,python_can_virtual_bus_no_vehicle_no_adapter
8.800284,2026-06-04T12:19:17.971640+00:00,100,8,42 00 00 00 00 00 00 02,python_can_virtual_baseline,011_python_can_virtual_bus,0.000152,python_can_virtual_bus_no_vehicle_no_adapter
8.800363,2026-06-04T12:19:17.971704+00:00,188,8,00 00 00 00 00 00 00 03,python_can_virtual_baseline,011_python_can_virtual_bus,0.000023,python_can_virtual_bus_no_vehicle_no_adapter
8.820333,2026-06-04T12:19:17.991689+00:00,120,8,06 AD 00 00 00 00 00 04,python_can_virtual_baseline,011_python_can_virtual_bus,0.000126,python_can_virtual_bus_no_vehicle_no_adapter
8.850411,2026-06-04T12:19:18.021767+00:00,100,8,4B 00 00 00 00 00 00 05,python_can_virtual_baseline,011_python_can_virtual_bus,0.000150,python_can_virtual_bus_no_vehicle_no_adapter
8.850492,2026-06-04T12:19:18.021834+00:00,188,8,00 00 00 00 00 00 00 06,python_can_virtual_baseline,011_python_can_virtual_bus,0.000023,python_can_virtual_bus_no_vehicle_no_adapter
8.890401,2026-06-04T12:19:18.061757+00:00,120,8,06 5C 00 00 00 00 00 07,python_can_virtual_baseline,011_python_can_virtual_bus,0.000205,python_can_virtual_bus_no_vehicle_no_adapter
8.900400,2026-06-04T12:19:18.071762+00:00,100,8,47 00 00 00 00 00 00 08,python_can_virtual_baseline,011_python_can_virtual_bus,0.000188,python_can_virtual_bus_no_vehicle_no_adapter
8.900508,2026-06-04T12:19:18.071851+00:00,188,8,00 00 00 00 00 00 00 09,python_can_virtual_baseline,011_python_can_virtual_bus,0.000030,python_can_virtual_bus_no_vehicle_no_adapter
8.950375,2026-06-04T12:19:18.121735+00:00,100,8,45 00 00 00 00 00 00 0A,python_can_virtual_baseline,011_python_can_virtual_bus,0.000165,python_can_virtual_bus_no_vehicle_no_adapter
8.950472,2026-06-04T12:19:18.121815+00:00,188,8,00 00 00 00 00 00 00 0B,python_can_virtual_baseline,011_python_can_virtual_bus,0.000029,python_can_virtual_bus_no_vehicle_no_adapter
8.960324,2026-06-04T12:19:18.131679+00:00,120,8,06 D1 00 00 00 00 00 0C,python_can_virtual_baseline,011_python_can_virtual_bus,0.000129,python_can_virtual_bus_no_vehicle_no_adapter
9.000371,2026-06-04T12:19:18.171731+00:00,100,8,3F 00 00 00 00 00 00 0D,python_can_virtual_baseline,011_python_can_virtual_bus,0.000166,python_can_virtual_bus_no_vehicle_no_adapter
9.000474,2026-06-04T12:19:18.171817+00:00,188,8,00 00 00 00 00 00 00 0E,python_can_virtual_baseline,011_python_can_virtual_bus,0.000031,python_can_virtual_bus_no_vehicle_no_adapter
9.000528,2026-06-04T12:19:18.171872+00:00,300,8,0C 39 74 F8 8C 95 D3 A3,python_can_virtual_baseline,011_python_can_virtual_bus,0.000034,python_can_virtual_bus_no_vehicle_no_adapter
9.030408,2026-06-04T12:19:18.201763+00:00,120,8,06 DC 00 00 00 00 00 10,python_can_virtual_baseline,011_python_can_virtual_bus,0.000131,python_can_virtual_bus_no_vehicle_no_adapter
9.050315,2026-06-04T12:19:18.221671+00:00,100,8,43 00 00 00 00 00 00 11,python_can_virtual_baseline,011_python_can_virtual_bus,0.000128,python_can_virtual_bus_no_vehicle_no_adapter
9.050427,2026-06-04T12:19:18.221771+00:00,188,8,00 00 00 00 00 00 00 12,python_can_virtual_baseline,011_python_can_virtual_bus,0.000036,python_can_virtual_bus_no_vehicle_no_adapter
9.100341,2026-06-04T12:19:18.271697+00:00,100,8,42 00 00 00 00 00 00 13,python_can_virtual_baseline,011_python_can_virtual_bus,0.000137,python_can_virtual_bus_no_vehicle_no_adapter
9.100419,2026-06-04T12:19:18.271761+00:00,188,8,00 00 00 00 00 00 00 14,python_can_virtual_baseline,011_python_can_virtual_bus,0.000023,python_can_virtual_bus_no_vehicle_no_adapter
9.100451,2026-06-04T12:19:18.271792+00:00,120,8,06 99 00 00 00 00 00 15,python_can_virtual_baseline,011_python_can_virtual_bus,0.000019,python_can_virtual_bus_no_vehicle_no_adapter
9.150391,2026-06-04T12:19:18.321752+00:00,100,8,4B 00 00 00 00 00 00 16,python_can_virtual_baseline,011_python_can_virtual_bus,0.000180,python_can_virtual_bus_no_vehicle_no_adapter
9.150497,2026-06-04T12:19:18.321842+00:00,188,8,00 00 00 00 00 00 00 17,python_can_virtual_baseline,011_python_can_virtual_bus,0.000032,python_can_virtual_bus_no_vehicle_no_adapter
9.170353,2026-06-04T12:19:18.341713+00:00,120,8,07 61 00 00 00 00 00 18,python_can_virtual_baseline,011_python_can_virtual_bus,0.000150,python_can_virtual_bus_no_vehicle_no_adapter
9.200314,2026-06-04T12:19:18.371674+00:00,100,8,4A 00 00 00 00 00 00 19,python_can_virtual_baseline,011_python_can_virtual_bus,0.000187,python_can_virtual_bus_no_vehicle_no_adapter
9.200401,2026-06-04T12:19:18.371743+00:00,188,8,00 00 00 00 00 00 00 1A,python_can_virtual_baseline,011_python_can_virtual_bus,0.000025,python_can_virtual_bus_no_vehicle_no_adapter
9.240320,2026-06-04T12:19:18.411679+00:00,120,8,05 D7 00 00 00 00 00 1B,python_can_virtual_baseline,011_python_can_virtual_bus,0.000178,python_can_virtual_bus_no_vehicle_no_adapter
9.250376,2026-06-04T12:19:18.421737+00:00,100,8,40 00 00 00 00 00 00 1C,python_can_virtual_baseline,011_python_can_virtual_bus,0.000174,python_can_virtual_bus_no_vehicle_no_adapter
9.250483,2026-06-04T12:19:18.421831+00:00,188,8,00 00 00 00 00 00 00 1D,python_can_virtual_baseline,011_python_can_virtual_bus,0.000036,python_can_virtual_bus_no_vehicle_no_adapter
9.250572,2026-06-04T12:19:18.421916+00:00,300,8,25 A0 0B AE B2 DA F4 07,python_can_virtual_baseline,011_python_can_virtual_bus,0.000061,python_can_virtual_bus_no_vehicle_no_adapter
9.300327,2026-06-04T12:19:18.471687+00:00,100,8,4B 00 00 00 00 00 00 1F,python_can_virtual_baseline,011_python_can_virtual_bus,0.000208,python_can_virtual_bus_no_vehicle_no_adapter
9.300434,2026-06-04T12:19:18.471778+00:00,188,8,00 00 00 00 00 00 00 20,python_can_virtual_baseline,011_python_can_virtual_bus,0.000034,python_can_virtual_bus_no_vehicle_no_adapter
9.310306,2026-06-04T12:19:18.481664+00:00,120,8,06 0F 00 00 00 00 00 21,python_can_virtual_baseline,011_python_can_virtual_bus,0.000138,python_can_virtual_bus_no_vehicle_no_adapter
9.350275,2026-06-04T12:19:18.521635+00:00,100,8,3D 00 00 00 00 00 00 22,python_can_virtual_baseline,011_python_can_virtual_bus,0.000144,python_can_virtual_bus_no_vehicle_no_adapter
9.350436,2026-06-04T12:19:18.521781+00:00,188,8,00 00 00 00 00 00 00 23,python_can_virtual_baseline,011_python_can_virtual_bus,0.000094,python_can_virtual_bus_no_vehicle_no_adapter
9.380277,2026-06-04T12:19:18.551634+00:00,120,8,06 83 00 00 00 00 00 24,python_can_virtual_baseline,011_python_can_virtual_bus,0.000149,python_can_virtual_bus_no_vehicle_no_adapter
9.400323,2026-06-04T12:19:18.571681+00:00,100,8,49 00 00 00 00 00 00 25,python_can_virtual_baseline,011_python_can_virtual_bus,0.000136,python_can_virtual_bus_no_vehicle_no_adapter
9.400408,2026-06-04T12:19:18.571750+00:00,188,8,00 00 00 00 00 00 00 26,python_can_virtual_baseline,011_python_can_virtual_bus,0.000027,python_can_virtual_bus_no_vehicle_no_adapter
9.450305,2026-06-04T12:19:18.621664+00:00,100,8,42 00 00 00 00 00 00 27,python_can_virtual_baseline,011_python_can_virtual_bus,0.000162,python_can_virtual_bus_no_vehicle_no_adapter
9.450398,2026-06-04T12:19:18.621740+00:00,188,8,00 00 00 00 00 00 00 28,python_can_virtual_baseline,011_python_can_virtual_bus,0.000025,python_can_virtual_bus_no_vehicle_no_adapter
9.450434,2026-06-04T12:19:18.621776+00:00,120,8,06 79 00 00 00 00 00 29,python_can_virtual_baseline,011_python_can_virtual_bus,0.000020,python_can_virtual_bus_no_vehicle_no_adapter
9.500289,2026-06-04T12:19:18.671647+00:00,100,8,3A 00 00 00 00 00 00 2A,python_can_virtual_baseline,011_python_can_virtual_bus,0.000149,python_can_virtual_bus_no_vehicle_no_adapter
9.500395,2026-06-04T12:19:18.671740+00:00,188,8,00 00 00 00 00 00 00 2B,python_can_virtual_baseline,011_python_can_virtual_bus,0.000032,python_can_virtual_bus_no_vehicle_no_adapter
9.500453,2026-06-04T12:19:18.671797+00:00,300,8,E9 53 80 CF 35 C0 B7 04,python_can_virtual_baseline,011_python_can_virtual_bus,0.000035,python_can_virtual_bus_no_vehicle_no_adapter
9.520325,2026-06-04T12:19:18.691686+00:00,120,8,06 F4 00 00 00 00 00 2D,python_can_virtual_baseline,011_python_can_virtual_bus,0.000143,python_can_virtual_bus_no_vehicle_no_adapter
9.550378,2026-06-04T12:19:18.721779+00:00,100,8,48 00 00 00 00 00 00 2E,python_can_virtual_baseline,011_python_can_virtual_bus,0.000131,python_can_virtual_bus_no_vehicle_no_adapter
9.550584,2026-06-04T12:19:18.721928+00:00,188,8,00 00 00 00 00 00 00 2F,python_can_virtual_baseline,011_python_can_virtual_bus,0.000032,python_can_virtual_bus_no_vehicle_no_adapter
9.590298,2026-06-04T12:19:18.761656+00:00,120,8,06 DC 00 00 00 00 00 30,python_can_virtual_baseline,011_python_can_virtual_bus,0.000160,python_can_virtual_bus_no_vehicle_no_adapter
9.600217,2026-06-04T12:19:18.771570+00:00,100,8,4B 00 00 00 00 00 00 31,python_can_virtual_baseline,011_python_can_virtual_bus,0.000113,python_can_virtual_bus_no_vehicle_no_adapter
9.600289,2026-06-04T12:19:18.771631+00:00,188,8,00 00 00 00 00 00 00 32,python_can_virtual_baseline,011_python_can_virtual_bus,0.000023,python_can_virtual_bus_no_vehicle_no_adapter
9.650351,2026-06-04T12:19:18.821708+00:00,100,8,4B 00 00 00 00 00 00 33,python_can_virtual_baseline,011_python_can_virtual_bus,0.000142,python_can_virtual_bus_no_vehicle_no_adapter
9.650433,2026-06-04T12:19:18.821774+00:00,188,8,00 00 00 00 00 00 00 34,python_can_virtual_baseline,011_python_can_virtual_bus,0.000023,python_can_virtual_bus_no_vehicle_no_adapter
9.660281,2026-06-04T12:19:18.831632+00:00,120,8,07 3F 00 00 00 00 00 35,python_can_virtual_baseline,011_python_can_virtual_bus,0.000149,python_can_virtual_bus_no_vehicle_no_adapter
9.700361,2026-06-04T12:19:18.871716+00:00,100,8,47 00 00 00 00 00 00 36,python_can_virtual_baseline,011_python_can_virtual_bus,0.000132,python_can_virtual_bus_no_vehicle_no_adapter
9.700465,2026-06-04T12:19:18.871807+00:00,188,8,00 00 00 00 00 00 00 37,python_can_virtual_baseline,011_python_can_virtual_bus,0.000025,python_can_virtual_bus_no_vehicle_no_adapter
9.730306,2026-06-04T12:19:18.901662+00:00,120,8,07 03 00 00 00 00 00 38,python_can_virtual_baseline,011_python_can_virtual_bus,0.000136,python_can_virtual_bus_no_vehicle_no_adapter
9.750340,2026-06-04T12:19:18.921696+00:00,100,8,44 00 00 00 00 00 00 39,python_can_virtual_baseline,011_python_can_virtual_bus,0.000140,python_can_virtual_bus_no_vehicle_no_adapter
9.750447,2026-06-04T12:19:18.921791+00:00,188,8,00 00 00 00 00 00 00 3A,python_can_virtual_baseline,011_python_can_virtual_bus,0.000029,python_can_virtual_bus_no_vehicle_no_adapter
9.750502,2026-06-04T12:19:18.921846+00:00,300,8,ED 05 61 0B 99 76 84 4E,python_can_virtual_baseline,011_python_can_virtual_bus,0.000034,python_can_virtual_bus_no_vehicle_no_adapter
9.800257,2026-06-04T12:19:18.971616+00:00,100,8,46 00 00 00 00 00 00 3C,python_can_virtual_baseline,011_python_can_virtual_bus,0.000154,python_can_virtual_bus_no_vehicle_no_adapter
9.800348,2026-06-04T12:19:18.971692+00:00,188,8,00 00 00 00 00 00 00 3D,python_can_virtual_baseline,011_python_can_virtual_bus,0.000026,python_can_virtual_bus_no_vehicle_no_adapter
9.800394,2026-06-04T12:19:18.971738+00:00,120,8,07 06 00 00 00 00 00 3E,python_can_virtual_baseline,011_python_can_virtual_bus,0.000026,python_can_virtual_bus_no_vehicle_no_adapter
9.850315,2026-06-04T12:19:19.021676+00:00,100,8,4B 00 00 00 00 00 00 3F,python_can_virtual_baseline,011_python_can_virtual_bus,0.000186,python_can_virtual_bus_no_vehicle_no_adapter
9.850408,2026-06-04T12:19:19.021751+00:00,188,8,00 00 00 00 00 00 00 40,python_can_virtual_baseline,011_python_can_virtual_bus,0.000029,python_can_virtual_bus_no_vehicle_no_adapter
9.870399,2026-06-04T12:19:19.041762+00:00,120,8,07 25 00 00 00 00 00 41,python_can_virtual_baseline,011_python_can_virtual_bus,0.000192,python_can_virtual_bus_no_vehicle_no_adapter
9.900321,2026-06-04T12:19:19.071684+00:00,100,8,47 00 00 00 00 00 00 42,python_can_virtual_baseline,011_python_can_virtual_bus,0.000183,python_can_virtual_bus_no_vehicle_no_adapter
9.900456,2026-06-04T12:19:19.071799+00:00,188,8,00 00 00 00 00 00 00 43,python_can_virtual_baseline,011_python_can_virtual_bus,0.000036,python_can_virtual_bus_no_vehicle_no_adapter
9.940331,2026-06-04T12:19:19.111691+00:00,120,8,05 95 00 00 00 00 00 44,python_can_virtual_baseline,011_python_can_virtual_bus,0.000207,python_can_virtual_bus_no_vehicle_no_adapter
9.950267,2026-06-04T12:19:19.121626+00:00,100,8,46 00 00 00 00 00 00 45,python_can_virtual_baseline,011_python_can_virtual_bus,0.000147,python_can_virtual_bus_no_vehicle_no_adapter
9.950387,2026-06-04T12:19:19.121735+00:00,188,8,00 00 00 00 00 00 00 46,python_can_virtual_baseline,011_python_can_virtual_bus,0.000046,python_can_virtual_bus_no_vehicle_no_adapter
10.000395,2026-06-04T12:19:19.171759+00:00,100,8,3C 00 00 00 00 00 00 47,python_can_virtual_baseline,011_python_can_virtual_bus,0.000249,python_can_virtual_bus_no_vehicle_no_adapter
10.000498,2026-06-04T12:19:19.171841+00:00,188,8,00 00 00 00 00 00 00 48,python_can_virtual_baseline,011_python_can_virtual_bus,0.000029,python_can_virtual_bus_no_vehicle_no_adapter
10.000549,2026-06-04T12:19:19.171892+00:00,300,8,50 C5 77 92 DA 1C F5 7C,python_can_virtual_baseline,011_python_can_virtual_bus,0.000032,python_can_virtual_bus_no_vehicle_no_adapter
10.010339,2026-06-04T12:19:19.181718+00:00,120,8,05 DA 00 00 00 00 00 4A,python_can_virtual_baseline,011_python_can_virtual_bus,0.000200,python_can_virtual_bus_no_vehicle_no_adapter
10.050338,2026-06-04T12:19:19.221694+00:00,100,8,43 00 00 00 00 00 00 4B,python_can_virtual_baseline,011_python_can_virtual_bus,0.000133,python_can_virtual_bus_no_vehicle_no_adapter
10.050415,2026-06-04T12:19:19.221757+00:00,188,8,00 00 00 00 00 00 00 4C,python_can_virtual_baseline,011_python_can_virtual_bus,0.000022,python_can_virtual_bus_no_vehicle_no_adapter
10.080399,2026-06-04T12:19:19.251761+00:00,120,8,05 8A 00 00 00 00 00 4D,python_can_virtual_baseline,011_python_can_virtual_bus,0.000179,python_can_virtual_bus_no_vehicle_no_adapter
10.100392,2026-06-04T12:19:19.271754+00:00,100,8,3D 00 00 00 00 00 00 4E,python_can_virtual_baseline,011_python_can_virtual_bus,0.000177,python_can_virtual_bus_no_vehicle_no_adapter
10.100494,2026-06-04T12:19:19.271837+00:00,188,8,00 00 00 00 00 00 00 4F,python_can_virtual_baseline,011_python_can_virtual_bus,0.000027,python_can_virtual_bus_no_vehicle_no_adapter
10.150366,2026-06-04T12:19:19.321728+00:00,100,8,40 00 00 00 00 00 00 50,python_can_virtual_baseline,011_python_can_virtual_bus,0.000225,python_can_virtual_bus_no_vehicle_no_adapter
10.150463,2026-06-04T12:19:19.321805+00:00,188,8,00 00 00 00 00 00 00 51,python_can_virtual_baseline,011_python_can_virtual_bus,0.000029,python_can_virtual_bus_no_vehicle_no_adapter
10.150501,2026-06-04T12:19:19.321843+00:00,120,8,06 14 00 00 00 00 00 52,python_can_virtual_baseline,011_python_can_virtual_bus,0.000023,python_can_virtual_bus_no_vehicle_no_adapter
10.200309,2026-06-04T12:19:19.371673+00:00,100,8,44 00 00 00 00 00 00 53,python_can_virtual_baseline,011_python_can_virtual_bus,0.000187,python_can_virtual_bus_no_vehicle_no_adapter
10.200431,2026-06-04T12:19:19.371775+00:00,188,8,00 00 00 00 00 00 00 54,python_can_virtual_baseline,011_python_can_virtual_bus,0.000043,python_can_virtual_bus_no_vehicle_no_adapter
10.220281,2026-06-04T12:19:19.391644+00:00,120,8,06 93 00 00 00 00 00 55,python_can_virtual_baseline,011_python_can_virtual_bus,0.000169,python_can_virtual_bus_no_vehicle_no_adapter
10.250314,2026-06-04T12:19:19.421676+00:00,100,8,45 00 00 00 00 00 00 56,python_can_virtual_baseline,011_python_can_virtual_bus,0.000172,python_can_virtual_bus_no_vehicle_no_adapter
10.250409,2026-06-04T12:19:19.421751+00:00,188,8,00 00 00 00 00 00 00 57,python_can_virtual_baseline,011_python_can_virtual_bus,0.000029,python_can_virtual_bus_no_vehicle_no_adapter
10.250449,2026-06-04T12:19:19.421790+00:00,300,8,E7 B0 16 A3 1F 7F 0E CE,python_can_virtual_baseline,011_python_can_virtual_bus,0.000025,python_can_virtual_bus_no_vehicle_no_adapter
10.290341,2026-06-04T12:19:19.461699+00:00,120,8,06 81 00 00 00 00 00 59,python_can_virtual_baseline,011_python_can_virtual_bus,0.000138,python_can_virtual_bus_no_vehicle_no_adapter
10.300323,2026-06-04T12:19:19.471682+00:00,100,8,3A 00 00 00 00 00 00 5A,python_can_virtual_baseline,011_python_can_virtual_bus,0.000210,python_can_virtual_bus_no_vehicle_no_adapter
10.300460,2026-06-04T12:19:19.471807+00:00,188,8,00 00 00 00 00 00 00 5B,python_can_virtual_baseline,011_python_can_virtual_bus,0.000040,python_can_virtual_bus_no_vehicle_no_adapter
10.350441,2026-06-04T12:19:19.521803+00:00,100,8,3A 00 00 00 00 00 00 5C,python_can_virtual_baseline,011_python_can_virtual_bus,0.000190,python_can_virtual_bus_no_vehicle_no_adapter
10.350604,2026-06-04T12:19:19.521952+00:00,188,8,00 00 00 00 00 00 00 5D,python_can_virtual_baseline,011_python_can_virtual_bus,0.000081,python_can_virtual_bus_no_vehicle_no_adapter
10.360280,2026-06-04T12:19:19.531636+00:00,120,8,07 31 00 00 00 00 00 5E,python_can_virtual_baseline,011_python_can_virtual_bus,0.000149,python_can_virtual_bus_no_vehicle_no_adapter
10.400360,2026-06-04T12:19:19.571719+00:00,100,8,4B 00 00 00 00 00 00 5F,python_can_virtual_baseline,011_python_can_virtual_bus,0.000149,python_can_virtual_bus_no_vehicle_no_adapter
10.400449,2026-06-04T12:19:19.571792+00:00,188,8,00 00 00 00 00 00 00 60,python_can_virtual_baseline,011_python_can_virtual_bus,0.000028,python_can_virtual_bus_no_vehicle_no_adapter
10.430321,2026-06-04T12:19:19.601677+00:00,120,8,07 60 00 00 00 00 00 61,python_can_virtual_baseline,011_python_can_virtual_bus,0.000133,python_can_virtual_bus_no_vehicle_no_adapter
10.450351,2026-06-04T12:19:19.621708+00:00,100,8,40 00 00 00 00 00 00 62,python_can_virtual_baseline,011_python_can_virtual_bus,0.000133,python_can_virtual_bus_no_vehicle_no_adapter
10.450434,2026-06-04T12:19:19.621778+00:00,188,8,00 00 00 00 00 00 00 63,python_can_virtual_baseline,011_python_can_virtual_bus,0.000025,python_can_virtual_bus_no_vehicle_no_adapter
10.500339,2026-06-04T12:19:19.671696+00:00,100,8,3F 00 00 00 00 00 00 64,python_can_virtual_baseline,011_python_can_virtual_bus,0.000137,python_can_virtual_bus_no_vehicle_no_adapter
10.500435,2026-06-04T12:19:19.671778+00:00,188,8,00 00 00 00 00 00 00 65,python_can_virtual_baseline,011_python_can_virtual_bus,0.000030,python_can_virtual_bus_no_vehicle_no_adapter
10.500470,2026-06-04T12:19:19.671811+00:00,120,8,06 65 00 00 00 00 00 66,python_can_virtual_baseline,011_python_can_virtual_bus,0.000020,python_can_virtual_bus_no_vehicle_no_adapter
10.500504,2026-06-04T12:19:19.671846+00:00,300,8,B2 15 46 87 0A F5 F5 6F,python_can_virtual_baseline,011_python_can_virtual_bus,0.000023,python_can_virtual_bus_no_vehicle_no_adapter
10.550314,2026-06-04T12:19:19.721672+00:00,100,8,48 00 00 00 00 00 00 68,python_can_virtual_baseline,011_python_can_virtual_bus,0.000169,python_can_virtual_bus_no_vehicle_no_adapter
10.550395,2026-06-04T12:19:19.721737+00:00,188,8,00 00 00 00 00 00 00 69,python_can_virtual_baseline,011_python_can_virtual_bus,0.000023,python_can_virtual_bus_no_vehicle_no_adapter
10.570342,2026-06-04T12:19:19.741747+00:00,120,8,06 90 00 00 00 00 00 6A,python_can_virtual_baseline,011_python_can_virtual_bus,0.000203,python_can_virtual_bus_no_vehicle_no_adapter
10.600293,2026-06-04T12:19:19.771649+00:00,100,8,4A 00 00 00 00 00 00 6B,python_can_virtual_baseline,011_python_can_virtual_bus,0.000161,python_can_virtual_bus_no_vehicle_no_adapter
10.600371,2026-06-04T12:19:19.771713+00:00,188,8,00 00 00 00 00 00 00 6C,python_can_virtual_baseline,011_python_can_virtual_bus,0.000022,python_can_virtual_bus_no_vehicle_no_adapter
10.640242,2026-06-04T12:19:19.811596+00:00,120,8,05 8F 00 00 00 00 00 6D,python_can_virtual_baseline,011_python_can_virtual_bus,0.000126,python_can_virtual_bus_no_vehicle_no_adapter
10.650259,2026-06-04T12:19:19.821616+00:00,100,8,4A 00 00 00 00 00 00 6E,python_can_virtual_baseline,011_python_can_virtual_bus,0.000145,python_can_virtual_bus_no_vehicle_no_adapter
10.650355,2026-06-04T12:19:19.821701+00:00,188,8,00 00 00 00 00 00 00 6F,python_can_virtual_baseline,011_python_can_virtual_bus,0.000036,python_can_virtual_bus_no_vehicle_no_adapter
10.700253,2026-06-04T12:19:19.871621+00:00,100,8,49 00 00 00 00 00 00 70,python_can_virtual_baseline,011_python_can_virtual_bus,0.000136,python_can_virtual_bus_no_vehicle_no_adapter
10.700361,2026-06-04T12:19:19.871705+00:00,188,8,00 00 00 00 00 00 00 71,python_can_virtual_baseline,011_python_can_virtual_bus,0.000033,python_can_virtual_bus_no_vehicle_no_adapter
10.710231,2026-06-04T12:19:19.881589+00:00,120,8,06 8F 00 00 00 00 00 72,python_can_virtual_baseline,011_python_can_virtual_bus,0.000123,python_can_virtual_bus_no_vehicle_no_adapter
10.750207,2026-06-04T12:19:19.921562+00:00,100,8,4B 00 00 00 00 00 00 73,python_can_virtual_baseline,011_python_can_virtual_bus,0.000119,python_can_virtual_bus_no_vehicle_no_adapter
10.750283,2026-06-04T12:19:19.921625+00:00,188,8,00 00 00 00 00 00 00 74,python_can_virtual_baseline,011_python_can_virtual_bus,0.000023,python_can_virtual_bus_no_vehicle_no_adapter
10.750337,2026-06-04T12:19:19.921679+00:00,300,8,53 D9 71 1F 62 CF BD 10,python_can_virtual_baseline,011_python_can_virtual_bus,0.000026,python_can_virtual_bus_no_vehicle_no_adapter
10.780222,2026-06-04T12:19:19.951580+00:00,120,8,06 3E 00 00 00 00 00 76,python_can_virtual_baseline,011_python_can_virtual_bus,0.000132,python_can_virtual_bus_no_vehicle_no_adapter
10.800222,2026-06-04T12:19:19.971581+00:00,100,8,40 00 00 00 00 00 00 77,python_can_virtual_baseline,011_python_can_virtual_bus,0.000136,python_can_virtual_bus_no_vehicle_no_adapter
10.800314,2026-06-04T12:19:19.971658+00:00,188,8,00 00 00 00 00 00 00 78,python_can_virtual_baseline,011_python_can_virtual_bus,0.000029,python_can_virtual_bus_no_vehicle_no_adapter
10.850277,2026-06-04T12:19:20.021633+00:00,100,8,41 00 00 00 00 00 00 79,python_can_virtual_baseline,011_python_can_virtual_bus,0.000154,python_can_virtual_bus_no_vehicle_no_adapter
10.850356,2026-06-04T12:19:20.021698+00:00,188,8,00 00 00 00 00 00 00 7A,python_can_virtual_baseline,011_python_can_virtual_bus,0.000024,python_can_virtual_bus_no_vehicle_no_adapter
10.850391,2026-06-04T12:19:20.021738+00:00,120,8,06 25 00 00 00 00 00 7B,python_can_virtual_baseline,011_python_can_virtual_bus,0.000020,python_can_virtual_bus_no_vehicle_no_adapter
10.900262,2026-06-04T12:19:20.071623+00:00,100,8,49 00 00 00 00 00 00 7C,python_can_virtual_baseline,011_python_can_virtual_bus,0.000153,python_can_virtual_bus_no_vehicle_no_adapter
10.900353,2026-06-04T12:19:20.071696+00:00,188,8,00 00 00 00 00 00 00 7D,python_can_virtual_baseline,011_python_can_virtual_bus,0.000029,python_can_virtual_bus_no_vehicle_no_adapter
10.920299,2026-06-04T12:19:20.091655+00:00,120,8,07 07 00 00 00 00 00 7E,python_can_virtual_baseline,011_python_can_virtual_bus,0.000113,python_can_virtual_bus_no_vehicle_no_adapter
10.950288,2026-06-04T12:19:20.121649+00:00,100,8,46 00 00 00 00 00 00 7F,python_can_virtual_baseline,011_python_can_virtual_bus,0.000178,python_can_virtual_bus_no_vehicle_no_adapter
10.950411,2026-06-04T12:19:20.121756+00:00,188,8,00 00 00 00 00 00 00 80,python_can_virtual_baseline,011_python_can_virtual_bus,0.000042,python_can_virtual_bus_no_vehicle_no_adapter
10.990409,2026-06-04T12:19:20.161773+00:00,120,8,07 56 00 00 00 00 00 81,python_can_virtual_baseline,011_python_can_virtual_bus,0.000290,python_can_virtual_bus_no_vehicle_no_adapter
11.000333,2026-06-04T12:19:20.171689+00:00,100,8,4A 00 00 00 00 00 00 82,python_can_virtual_baseline,011_python_can_virtual_bus,0.000148,python_can_virtual_bus_no_vehicle_no_adapter
11.000479,2026-06-04T12:19:20.171824+00:00,188,8,00 00 00 00 00 00 00 83,python_can_virtual_baseline,011_python_can_virtual_bus,0.000088,python_can_virtual_bus_no_vehicle_no_adapter
11.000542,2026-06-04T12:19:20.171885+00:00,300,8,EA 5E 5F 69 FD FE 93 3B,python_can_virtual_baseline,011_python_can_virtual_bus,0.000040,python_can_virtual_bus_no_vehicle_no_adapter
11.050312,2026-06-04T12:19:20.221675+00:00,100,8,4B 00 00 00 00 00 00 85,python_can_virtual_baseline,011_python_can_virtual_bus,0.000190,python_can_virtual_bus_no_vehicle_no_adapter
11.050405,2026-06-04T12:19:20.221748+00:00,188,8,00 00 00 00 00 00 00 86,python_can_virtual_baseline,011_python_can_virtual_bus,0.000027,python_can_virtual_bus_no_vehicle_no_adapter
11.060180,2026-06-04T12:19:20.231533+00:00,120,8,06 C1 00 00 00 00 00 87,python_can_virtual_baseline,011_python_can_virtual_bus,0.000087,python_can_virtual_bus_no_vehicle_no_adapter
11.100319,2026-06-04T12:19:20.271680+00:00,100,8,40 00 00 00 00 00 00 88,python_can_virtual_baseline,011_python_can_virtual_bus,0.000137,python_can_virtual_bus_no_vehicle_no_adapter
11.100405,2026-06-04T12:19:20.271747+00:00,188,8,00 00 00 00 00 00 00 89,python_can_virtual_baseline,011_python_can_virtual_bus,0.000022,python_can_virtual_bus_no_vehicle_no_adapter
11.130323,2026-06-04T12:19:20.301679+00:00,120,8,06 5D 00 00 00 00 00 8A,python_can_virtual_baseline,011_python_can_virtual_bus,0.000178,python_can_virtual_bus_no_vehicle_no_adapter
11.150476,2026-06-04T12:19:20.321836+00:00,100,8,3F 00 00 00 00 00 00 8B,python_can_virtual_baseline,011_python_can_virtual_bus,0.000356,python_can_virtual_bus_no_vehicle_no_adapter
11.150582,2026-06-04T12:19:20.321925+00:00,188,8,00 00 00 00 00 00 00 8C,python_can_virtual_baseline,011_python_can_virtual_bus,0.000039,python_can_virtual_bus_no_vehicle_no_adapter
11.200276,2026-06-04T12:19:20.371633+00:00,100,8,46 00 00 00 00 00 00 8D,python_can_virtual_baseline,011_python_can_virtual_bus,0.000156,python_can_virtual_bus_no_vehicle_no_adapter
11.200364,2026-06-04T12:19:20.371706+00:00,188,8,00 00 00 00 00 00 00 8E,python_can_virtual_baseline,011_python_can_virtual_bus,0.000028,python_can_virtual_bus_no_vehicle_no_adapter
11.200399,2026-06-04T12:19:20.371741+00:00,120,8,05 82 00 00 00 00 00 8F,python_can_virtual_baseline,011_python_can_virtual_bus,0.000021,python_can_virtual_bus_no_vehicle_no_adapter
11.250347,2026-06-04T12:19:20.421709+00:00,100,8,3D 00 00 00 00 00 00 90,python_can_virtual_baseline,011_python_can_virtual_bus,0.000210,python_can_virtual_bus_no_vehicle_no_adapter
11.250456,2026-06-04T12:19:20.421800+00:00,188,8,00 00 00 00 00 00 00 91,python_can_virtual_baseline,011_python_can_virtual_bus,0.000036,python_can_virtual_bus_no_vehicle_no_adapter
11.250513,2026-06-04T12:19:20.421856+00:00,300,8,EC 72 41 A1 A1 4F 6E 9C,python_can_virtual_baseline,011_python_can_virtual_bus,0.000035,python_can_virtual_bus_no_vehicle_no_adapter
11.270263,2026-06-04T12:19:20.441618+00:00,120,8,05 89 00 00 00 00 00 93,python_can_virtual_baseline,011_python_can_virtual_bus,0.000151,python_can_virtual_bus_no_vehicle_no_adapter
11.300361,2026-06-04T12:19:20.471725+00:00,100,8,45 00 00 00 00 00 00 94,python_can_virtual_baseline,011_python_can_virtual_bus,0.000220,python_can_virtual_bus_no_vehicle_no_adapter
11.300492,2026-06-04T12:19:20.471837+00:00,188,8,00 00 00 00 00 00 00 95,python_can_virtual_baseline,011_python_can_virtual_bus,0.000051,python_can_virtual_bus_no_vehicle_no_adapter
11.340324,2026-06-04T12:19:20.511680+00:00,120,8,06 FB 00 00 00 00 00 96,python_can_virtual_baseline,011_python_can_virtual_bus,0.000148,python_can_virtual_bus_no_vehicle_no_adapter
11.350348,2026-06-04T12:19:20.521707+00:00,100,8,3A 00 00 00 00 00 00 97,python_can_virtual_baseline,011_python_can_virtual_bus,0.000144,python_can_virtual_bus_no_vehicle_no_adapter
11.350463,2026-06-04T12:19:20.521811+00:00,188,8,00 00 00 00 00 00 00 98,python_can_virtual_baseline,011_python_can_virtual_bus,0.000051,python_can_virtual_bus_no_vehicle_no_adapter
11.400376,2026-06-04T12:19:20.571735+00:00,100,8,42 00 00 00 00 00 00 99,python_can_virtual_baseline,011_python_can_virtual_bus,0.000143,python_can_virtual_bus_no_vehicle_no_adapter
11.400461,2026-06-04T12:19:20.571804+00:00,188,8,00 00 00 00 00 00 00 9A,python_can_virtual_baseline,011_python_can_virtual_bus,0.000024,python_can_virtual_bus_no_vehicle_no_adapter
11.410350,2026-06-04T12:19:20.581707+00:00,120,8,07 03 00 00 00 00 00 9B,python_can_virtual_baseline,011_python_can_virtual_bus,0.000215,python_can_virtual_bus_no_vehicle_no_adapter
11.450263,2026-06-04T12:19:20.621618+00:00,100,8,48 00 00 00 00 00 00 9C,python_can_virtual_baseline,011_python_can_virtual_bus,0.000135,python_can_virtual_bus_no_vehicle_no_adapter
11.450336,2026-06-04T12:19:20.621678+00:00,188,8,00 00 00 00 00 00 00 9D,python_can_virtual_baseline,011_python_can_virtual_bus,0.000022,python_can_virtual_bus_no_vehicle_no_adapter
11.480407,2026-06-04T12:19:20.651767+00:00,120,8,05 E8 00 00 00 00 00 9E,python_can_virtual_baseline,011_python_can_virtual_bus,0.000283,python_can_virtual_bus_no_vehicle_no_adapter
11.500256,2026-06-04T12:19:20.671611+00:00,100,8,48 00 00 00 00 00 00 9F,python_can_virtual_baseline,011_python_can_virtual_bus,0.000131,python_can_virtual_bus_no_vehicle_no_adapter
11.500332,2026-06-04T12:19:20.671673+00:00,188,8,00 00 00 00 00 00 00 A0,python_can_virtual_baseline,011_python_can_virtual_bus,0.000022,python_can_virtual_bus_no_vehicle_no_adapter
11.500372,2026-06-04T12:19:20.671714+00:00,300,8,F4 85 91 AF FB 77 1B B7,python_can_virtual_baseline,011_python_can_virtual_bus,0.000025,python_can_virtual_bus_no_vehicle_no_adapter
11.550289,2026-06-04T12:19:20.721650+00:00,100,8,41 00 00 00 00 00 00 A2,python_can_virtual_baseline,011_python_can_virtual_bus,0.000156,python_can_virtual_bus_no_vehicle_no_adapter
11.550417,2026-06-04T12:19:20.721760+00:00,188,8,00 00 00 00 00 00 00 A3,python_can_virtual_baseline,011_python_can_virtual_bus,0.000031,python_can_virtual_bus_no_vehicle_no_adapter
11.550455,2026-06-04T12:19:20.721796+00:00,120,8,06 F4 00 00 00 00 00 A4,python_can_virtual_baseline,011_python_can_virtual_bus,0.000021,python_can_virtual_bus_no_vehicle_no_adapter
11.600281,2026-06-04T12:19:20.771644+00:00,100,8,48 00 00 00 00 00 00 A5,python_can_virtual_baseline,011_python_can_virtual_bus,0.000173,python_can_virtual_bus_no_vehicle_no_adapter
11.600390,2026-06-04T12:19:20.771735+00:00,188,8,00 00 00 00 00 00 00 A6,python_can_virtual_baseline,011_python_can_virtual_bus,0.000036,python_can_virtual_bus_no_vehicle_no_adapter
11.620270,2026-06-04T12:19:20.791628+00:00,120,8,06 7D 00 00 00 00 00 A7,python_can_virtual_baseline,011_python_can_virtual_bus,0.000151,python_can_virtual_bus_no_vehicle_no_adapter
11.650266,2026-06-04T12:19:20.821622+00:00,100,8,40 00 00 00 00 00 00 A8,python_can_virtual_baseline,011_python_can_virtual_bus,0.000155,python_can_virtual_bus_no_vehicle_no_adapter
11.650344,2026-06-04T12:19:20.821685+00:00,188,8,00 00 00 00 00 00 00 A9,python_can_virtual_baseline,011_python_can_virtual_bus,0.000024,python_can_virtual_bus_no_vehicle_no_adapter
11.690251,2026-06-04T12:19:20.861607+00:00,120,8,06 F9 00 00 00 00 00 AA,python_can_virtual_baseline,011_python_can_virtual_bus,0.000144,python_can_virtual_bus_no_vehicle_no_adapter
11.700223,2026-06-04T12:19:20.871575+00:00,100,8,44 00 00 00 00 00 00 AB,python_can_virtual_baseline,011_python_can_virtual_bus,0.000127,python_can_virtual_bus_no_vehicle_no_adapter
11.700296,2026-06-04T12:19:20.871639+00:00,188,8,00 00 00 00 00 00 00 AC,python_can_virtual_baseline,011_python_can_virtual_bus,0.000029,python_can_virtual_bus_no_vehicle_no_adapter
11.750389,2026-06-04T12:19:20.921751+00:00,100,8,48 00 00 00 00 00 00 AD,python_can_virtual_baseline,011_python_can_virtual_bus,0.000191,python_can_virtual_bus_no_vehicle_no_adapter
11.750496,2026-06-04T12:19:20.921838+00:00,188,8,00 00 00 00 00 00 00 AE,python_can_virtual_baseline,011_python_can_virtual_bus,0.000034,python_can_virtual_bus_no_vehicle_no_adapter
11.750601,2026-06-04T12:19:20.921947+00:00,300,8,76 E8 44 46 10 98 72 D3,python_can_virtual_baseline,011_python_can_virtual_bus,0.000058,python_can_virtual_bus_no_vehicle_no_adapter
11.760247,2026-06-04T12:19:20.931599+00:00,120,8,07 37 00 00 00 00 00 B0,python_can_virtual_baseline,011_python_can_virtual_bus,0.000123,python_can_virtual_bus_no_vehicle_no_adapter
11.800333,2026-06-04T12:19:20.971693+00:00,100,8,4A 00 00 00 00 00 00 B1,python_can_virtual_baseline,011_python_can_virtual_bus,0.000194,python_can_virtual_bus_no_vehicle_no_adapter
11.800448,2026-06-04T12:19:20.971792+00:00,188,8,00 00 00 00 00 00 00 B2,python_can_virtual_baseline,011_python_can_virtual_bus,0.000043,python_can_virtual_bus_no_vehicle_no_adapter
11.830989,2026-06-04T12:19:21.002365+00:00,120,8,06 8E 00 00 00 00 00 B3,python_can_virtual_baseline,011_python_can_virtual_bus,0.000156,python_can_virtual_bus_no_vehicle_no_adapter
11.850374,2026-06-04T12:19:21.021752+00:00,100,8,3B 00 00 00 00 00 00 B4,python_can_virtual_baseline,011_python_can_virtual_bus,0.000154,python_can_virtual_bus_no_vehicle_no_adapter
11.850512,2026-06-04T12:19:21.021859+00:00,188,8,00 00 00 00 00 00 00 B5,python_can_virtual_baseline,011_python_can_virtual_bus,0.000044,python_can_virtual_bus_no_vehicle_no_adapter
11.900302,2026-06-04T12:19:21.071658+00:00,100,8,46 00 00 00 00 00 00 B6,python_can_virtual_baseline,011_python_can_virtual_bus,0.000160,python_can_virtual_bus_no_vehicle_no_adapter
11.900379,2026-06-04T12:19:21.071721+00:00,188,8,00 00 00 00 00 00 00 B7,python_can_virtual_baseline,011_python_can_virtual_bus,0.000022,python_can_virtual_bus_no_vehicle_no_adapter
11.900410,2026-06-04T12:19:21.071752+00:00,120,8,06 9D 00 00 00 00 00 B8,python_can_virtual_baseline,011_python_can_virtual_bus,0.000018,python_can_virtual_bus_no_vehicle_no_adapter
11.950285,2026-06-04T12:19:21.121639+00:00,100,8,42 00 00 00 00 00 00 B9,python_can_virtual_baseline,011_python_can_virtual_bus,0.000099,python_can_virtual_bus_no_vehicle_no_adapter
11.950410,2026-06-04T12:19:21.121752+00:00,188,8,00 00 00 00 00 00 00 BA,python_can_virtual_baseline,011_python_can_virtual_bus,0.000025,python_can_virtual_bus_no_vehicle_no_adapter
11.970325,2026-06-04T12:19:21.141681+00:00,120,8,06 EA 00 00 00 00 00 BB,python_can_virtual_baseline,011_python_can_virtual_bus,0.000122,python_can_virtual_bus_no_vehicle_no_adapter
12.000409,2026-06-04T12:19:21.171776+00:00,100,8,47 00 00 00 00 00 00 BC,python_can_virtual_baseline,011_python_can_virtual_bus,0.000134,python_can_virtual_bus_no_vehicle_no_adapter
12.000521,2026-06-04T12:19:21.171863+00:00,188,8,00 00 00 00 00 00 00 BD,python_can_virtual_baseline,011_python_can_virtual_bus,0.000035,python_can_virtual_bus_no_vehicle_no_adapter
12.000563,2026-06-04T12:19:21.171904+00:00,300,8,E5 0E E2 F7 4B 46 EA C3,python_can_virtual_baseline,011_python_can_virtual_bus,0.000026,python_can_virtual_bus_no_vehicle_no_adapter
12.040364,2026-06-04T12:19:21.211724+00:00,120,8,05 D5 00 00 00 00 00 BF,python_can_virtual_baseline,011_python_can_virtual_bus,0.000145,python_can_virtual_bus_no_vehicle_no_adapter
12.050281,2026-06-04T12:19:21.221640+00:00,100,8,41 00 00 00 00 00 00 C0,python_can_virtual_baseline,011_python_can_virtual_bus,0.000170,python_can_virtual_bus_no_vehicle_no_adapter
12.050366,2026-06-04T12:19:21.221708+00:00,188,8,00 00 00 00 00 00 00 C1,python_can_virtual_baseline,011_python_can_virtual_bus,0.000024,python_can_virtual_bus_no_vehicle_no_adapter
12.100342,2026-06-04T12:19:21.271703+00:00,100,8,49 00 00 00 00 00 00 C2,python_can_virtual_baseline,011_python_can_virtual_bus,0.000159,python_can_virtual_bus_no_vehicle_no_adapter
12.100483,2026-06-04T12:19:21.271827+00:00,188,8,00 00 00 00 00 00 00 C3,python_can_virtual_baseline,011_python_can_virtual_bus,0.000033,python_can_virtual_bus_no_vehicle_no_adapter
12.110272,2026-06-04T12:19:21.281633+00:00,120,8,07 2B 00 00 00 00 00 C4,python_can_virtual_baseline,011_python_can_virtual_bus,0.000146,python_can_virtual_bus_no_vehicle_no_adapter
12.150354,2026-06-04T12:19:21.321718+00:00,100,8,42 00 00 00 00 00 00 C5,python_can_virtual_baseline,011_python_can_virtual_bus,0.000210,python_can_virtual_bus_no_vehicle_no_adapter
12.150463,2026-06-04T12:19:21.321807+00:00,188,8,00 00 00 00 00 00 00 C6,python_can_virtual_baseline,011_python_can_virtual_bus,0.000032,python_can_virtual_bus_no_vehicle_no_adapter
12.180267,2026-06-04T12:19:21.351623+00:00,120,8,06 29 00 00 00 00 00 C7,python_can_virtual_baseline,011_python_can_virtual_bus,0.000150,python_can_virtual_bus_no_vehicle_no_adapter
12.200321,2026-06-04T12:19:21.371678+00:00,100,8,42 00 00 00 00 00 00 C8,python_can_virtual_baseline,011_python_can_virtual_bus,0.000194,python_can_virtual_bus_no_vehicle_no_adapter
12.200482,2026-06-04T12:19:21.371824+00:00,188,8,00 00 00 00 00 00 00 C9,python_can_virtual_baseline,011_python_can_virtual_bus,0.000083,python_can_virtual_bus_no_vehicle_no_adapter
12.250356,2026-06-04T12:19:21.421717+00:00,100,8,40 00 00 00 00 00 00 CA,python_can_virtual_baseline,011_python_can_virtual_bus,0.000154,python_can_virtual_bus_no_vehicle_no_adapter
12.250457,2026-06-04T12:19:21.421801+00:00,188,8,00 00 00 00 00 00 00 CB,python_can_virtual_baseline,011_python_can_virtual_bus,0.000029,python_can_virtual_bus_no_vehicle_no_adapter
12.250501,2026-06-04T12:19:21.421845+00:00,120,8,06 DD 00 00 00 00 00 CC,python_can_virtual_baseline,011_python_can_virtual_bus,0.000025,python_can_virtual_bus_no_vehicle_no_adapter
12.250549,2026-06-04T12:19:21.421893+00:00,300,8,F1 E8 EE 9C E7 5E 91 C3,python_can_virtual_baseline,011_python_can_virtual_bus,0.000029,python_can_virtual_bus_no_vehicle_no_adapter
12.300284,2026-06-04T12:19:21.471643+00:00,100,8,4A 00 00 00 00 00 00 CE,python_can_virtual_baseline,011_python_can_virtual_bus,0.000155,python_can_virtual_bus_no_vehicle_no_adapter
12.300377,2026-06-04T12:19:21.471721+00:00,188,8,00 00 00 00 00 00 00 CF,python_can_virtual_baseline,011_python_can_virtual_bus,0.000030,python_can_virtual_bus_no_vehicle_no_adapter
12.320297,2026-06-04T12:19:21.491654+00:00,120,8,06 FB 00 00 00 00 00 D0,python_can_virtual_baseline,011_python_can_virtual_bus,0.000169,python_can_virtual_bus_no_vehicle_no_adapter
12.350263,2026-06-04T12:19:21.521621+00:00,100,8,45 00 00 00 00 00 00 D1,python_can_virtual_baseline,011_python_can_virtual_bus,0.000135,python_can_virtual_bus_no_vehicle_no_adapter
12.350346,2026-06-04T12:19:21.521688+00:00,188,8,00 00 00 00 00 00 00 D2,python_can_virtual_baseline,011_python_can_virtual_bus,0.000025,python_can_virtual_bus_no_vehicle_no_adapter
12.390292,2026-06-04T12:19:21.561649+00:00,120,8,07 55 00 00 00 00 00 D3,python_can_virtual_baseline,011_python_can_virtual_bus,0.000150,python_can_virtual_bus_no_vehicle_no_adapter
12.400235,2026-06-04T12:19:21.571588+00:00,100,8,49 00 00 00 00 00 00 D4,python_can_virtual_baseline,011_python_can_virtual_bus,0.000118,python_can_virtual_bus_no_vehicle_no_adapter
12.400331,2026-06-04T12:19:21.571676+00:00,188,8,00 00 00 00 00 00 00 D5,python_can_virtual_baseline,011_python_can_virtual_bus,0.000036,python_can_virtual_bus_no_vehicle_no_adapter
12.450238,2026-06-04T12:19:21.621592+00:00,100,8,44 00 00 00 00 00 00 D6,python_can_virtual_baseline,011_python_can_virtual_bus,0.000123,python_can_virtual_bus_no_vehicle_no_adapter
12.450316,2026-06-04T12:19:21.621660+00:00,188,8,00 00 00 00 00 00 00 D7,python_can_virtual_baseline,011_python_can_virtual_bus,0.000028,python_can_virtual_bus_no_vehicle_no_adapter
12.460300,2026-06-04T12:19:21.631654+00:00,120,8,06 13 00 00 00 00 00 D8,python_can_virtual_baseline,011_python_can_virtual_bus,0.000112,python_can_virtual_bus_no_vehicle_no_adapter
12.500269,2026-06-04T12:19:21.671624+00:00,100,8,48 00 00 00 00 00 00 D9,python_can_virtual_baseline,011_python_can_virtual_bus,0.000140,python_can_virtual_bus_no_vehicle_no_adapter
12.500344,2026-06-04T12:19:21.671685+00:00,188,8,00 00 00 00 00 00 00 DA,python_can_virtual_baseline,011_python_can_virtual_bus,0.000023,python_can_virtual_bus_no_vehicle_no_adapter
12.500392,2026-06-04T12:19:21.671736+00:00,300,8,94 5D 3F 1F 48 5D A6 A5,python_can_virtual_baseline,011_python_can_virtual_bus,0.000033,python_can_virtual_bus_no_vehicle_no_adapter
12.530298,2026-06-04T12:19:21.701655+00:00,120,8,06 B8 00 00 00 00 00 DC,python_can_virtual_baseline,011_python_can_virtual_bus,0.000130,python_can_virtual_bus_no_vehicle_no_adapter
12.550290,2026-06-04T12:19:21.721646+00:00,100,8,48 00 00 00 00 00 00 DD,python_can_virtual_baseline,011_python_can_virtual_bus,0.000164,python_can_virtual_bus_no_vehicle_no_adapter
12.550369,2026-06-04T12:19:21.721711+00:00,188,8,00 00 00 00 00 00 00 DE,python_can_virtual_baseline,011_python_can_virtual_bus,0.000022,python_can_virtual_bus_no_vehicle_no_adapter
12.600393,2026-06-04T12:19:21.771754+00:00,100,8,3C 00 00 00 00 00 00 DF,python_can_virtual_baseline,011_python_can_virtual_bus,0.000162,python_can_virtual_bus_no_vehicle_no_adapter
12.600499,2026-06-04T12:19:21.771845+00:00,188,8,00 00 00 00 00 00 00 E0,python_can_virtual_baseline,011_python_can_virtual_bus,0.000034,python_can_virtual_bus_no_vehicle_no_adapter
12.600587,2026-06-04T12:19:21.771932+00:00,120,8,06 B3 00 00 00 00 00 E1,python_can_virtual_baseline,011_python_can_virtual_bus,0.000063,python_can_virtual_bus_no_vehicle_no_adapter
12.650296,2026-06-04T12:19:21.821653+00:00,100,8,3F 00 00 00 00 00 00 E2,python_can_virtual_baseline,011_python_can_virtual_bus,0.000164,python_can_virtual_bus_no_vehicle_no_adapter
12.650389,2026-06-04T12:19:21.821733+00:00,188,8,00 00 00 00 00 00 00 E3,python_can_virtual_baseline,011_python_can_virtual_bus,0.000030,python_can_virtual_bus_no_vehicle_no_adapter
12.670399,2026-06-04T12:19:21.841755+00:00,120,8,05 AB 00 00 00 00 00 E4,python_can_virtual_baseline,011_python_can_virtual_bus,0.000160,python_can_virtual_bus_no_vehicle_no_adapter
12.700290,2026-06-04T12:19:21.871644+00:00,100,8,4A 00 00 00 00 00 00 E5,python_can_virtual_baseline,011_python_can_virtual_bus,0.000101,python_can_virtual_bus_no_vehicle_no_adapter
12.700364,2026-06-04T12:19:21.871706+00:00,188,8,00 00 00 00 00 00 00 E6,python_can_virtual_baseline,011_python_can_virtual_bus,0.000024,python_can_virtual_bus_no_vehicle_no_adapter
12.740357,2026-06-04T12:19:21.911716+00:00,120,8,06 DA 00 00 00 00 00 E7,python_can_virtual_baseline,011_python_can_virtual_bus,0.000254,python_can_virtual_bus_no_vehicle_no_adapter
12.750254,2026-06-04T12:19:21.921606+00:00,100,8,3F 00 00 00 00 00 00 E8,python_can_virtual_baseline,011_python_can_virtual_bus,0.000147,python_can_virtual_bus_no_vehicle_no_adapter
12.750326,2026-06-04T12:19:21.921668+00:00,188,8,00 00 00 00 00 00 00 E9,python_can_virtual_baseline,011_python_can_virtual_bus,0.000024,python_can_virtual_bus_no_vehicle_no_adapter
12.750388,2026-06-04T12:19:21.921729+00:00,300,8,EA C6 83 CB 69 54 13 71,python_can_virtual_baseline,011_python_can_virtual_bus,0.000029,python_can_virtual_bus_no_vehicle_no_adapter
12.800256,2026-06-04T12:19:21.971612+00:00,100,8,3B 00 00 00 00 00 00 EB,python_can_virtual_baseline,011_python_can_virtual_bus,0.000151,python_can_virtual_bus_no_vehicle_no_adapter
12.800357,2026-06-04T12:19:21.971699+00:00,188,8,00 00 00 00 00 00 00 EC,python_can_virtual_baseline,011_python_can_virtual_bus,0.000024,python_can_virtual_bus_no_vehicle_no_adapter
12.810179,2026-06-04T12:19:21.981529+00:00,120,8,05 7F 00 00 00 00 00 ED,python_can_virtual_baseline,011_python_can_virtual_bus,0.000082,python_can_virtual_bus_no_vehicle_no_adapter
12.850353,2026-06-04T12:19:22.021714+00:00,100,8,3C 00 00 00 00 00 00 EE,python_can_virtual_baseline,011_python_can_virtual_bus,0.000209,python_can_virtual_bus_no_vehicle_no_adapter
12.850459,2026-06-04T12:19:22.021803+00:00,188,8,00 00 00 00 00 00 00 EF,python_can_virtual_baseline,011_python_can_virtual_bus,0.000033,python_can_virtual_bus_no_vehicle_no_adapter
12.880296,2026-06-04T12:19:22.051657+00:00,120,8,05 94 00 00 00 00 00 F0,python_can_virtual_baseline,011_python_can_virtual_bus,0.000170,python_can_virtual_bus_no_vehicle_no_adapter
12.900350,2026-06-04T12:19:22.071710+00:00,100,8,44 00 00 00 00 00 00 F1,python_can_virtual_baseline,011_python_can_virtual_bus,0.000154,python_can_virtual_bus_no_vehicle_no_adapter
12.900450,2026-06-04T12:19:22.071794+00:00,188,8,00 00 00 00 00 00 00 F2,python_can_virtual_baseline,011_python_can_virtual_bus,0.000030,python_can_virtual_bus_no_vehicle_no_adapter
12.950666,2026-06-04T12:19:22.122023+00:00,100,8,49 00 00 00 00 00 00 F3,python_can_virtual_baseline,011_python_can_virtual_bus,0.000131,python_can_virtual_bus_no_vehicle_no_adapter
12.950749,2026-06-04T12:19:22.122091+00:00,188,8,00 00 00 00 00 00 00 F4,python_can_virtual_baseline,011_python_can_virtual_bus,0.000025,python_can_virtual_bus_no_vehicle_no_adapter
12.950784,2026-06-04T12:19:22.122126+00:00,120,8,05 DE 00 00 00 00 00 F5,python_can_virtual_baseline,011_python_can_virtual_bus,0.000020,python_can_virtual_bus_no_vehicle_no_adapter
13.000343,2026-06-04T12:19:22.171704+00:00,100,8,48 00 00 00 00 00 00 F6,python_can_virtual_baseline,011_python_can_virtual_bus,0.000149,python_can_virtual_bus_no_vehicle_no_adapter
13.000461,2026-06-04T12:19:22.171804+00:00,188,8,00 00 00 00 00 00 00 F7,python_can_virtual_baseline,011_python_can_virtual_bus,0.000047,python_can_virtual_bus_no_vehicle_no_adapter
13.000503,2026-06-04T12:19:22.171844+00:00,300,8,A7 94 74 9D 00 0F A0 A1,python_can_virtual_baseline,011_python_can_virtual_bus,0.000026,python_can_virtual_bus_no_vehicle_no_adapter
13.020303,2026-06-04T12:19:22.191659+00:00,120,8,06 1D 00 00 00 00 00 F9,python_can_virtual_baseline,011_python_can_virtual_bus,0.000129,python_can_virtual_bus_no_vehicle_no_adapter
13.051315,2026-06-04T12:19:22.222671+00:00,100,8,48 00 00 00 00 00 00 FA,python_can_virtual_baseline,011_python_can_virtual_bus,0.000128,python_can_virtual_bus_no_vehicle_no_adapter
13.051396,2026-06-04T12:19:22.222738+00:00,188,8,00 00 00 00 00 00 00 FB,python_can_virtual_baseline,011_python_can_virtual_bus,0.000024,python_can_virtual_bus_no_vehicle_no_adapter
13.090274,2026-06-04T12:19:22.261631+00:00,120,8,05 88 00 00 00 00 00 FC,python_can_virtual_baseline,011_python_can_virtual_bus,0.000178,python_can_virtual_bus_no_vehicle_no_adapter
13.100215,2026-06-04T12:19:22.271569+00:00,100,8,3E 00 00 00 00 00 00 FD,python_can_virtual_baseline,011_python_can_virtual_bus,0.000127,python_can_virtual_bus_no_vehicle_no_adapter
13.100289,2026-06-04T12:19:22.271631+00:00,188,8,00 00 00 00 00 00 00 FE,python_can_virtual_baseline,011_python_can_virtual_bus,0.000025,python_can_virtual_bus_no_vehicle_no_adapter
13.150362,2026-06-04T12:19:22.321724+00:00,100,8,3A 00 00 00 00 00 00 FF,python_can_virtual_baseline,011_python_can_virtual_bus,0.000148,python_can_virtual_bus_no_vehicle_no_adapter
13.150478,2026-06-04T12:19:22.321824+00:00,188,8,00 00 00 00 00 00 00 00,python_can_virtual_baseline,011_python_can_virtual_bus,0.000041,python_can_virtual_bus_no_vehicle_no_adapter
13.160244,2026-06-04T12:19:22.331596+00:00,120,8,06 77 00 00 00 00 00 01,python_can_virtual_baseline,011_python_can_virtual_bus,0.000134,python_can_virtual_bus_no_vehicle_no_adapter
13.200264,2026-06-04T12:19:22.371622+00:00,100,8,4A 00 00 00 00 00 00 02,python_can_virtual_baseline,011_python_can_virtual_bus,0.000151,python_can_virtual_bus_no_vehicle_no_adapter
13.200372,2026-06-04T12:19:22.371714+00:00,188,8,00 00 00 00 00 00 00 03,python_can_virtual_baseline,011_python_can_virtual_bus,0.000024,python_can_virtual_bus_no_vehicle_no_adapter
13.230290,2026-06-04T12:19:22.401649+00:00,120,8,07 0F 00 00 00 00 00 04,python_can_virtual_baseline,011_python_can_virtual_bus,0.000164,python_can_virtual_bus_no_vehicle_no_adapter
13.250265,2026-06-04T12:19:22.421620+00:00,100,8,3E 00 00 00 00 00 00 05,python_can_virtual_baseline,011_python_can_virtual_bus,0.000156,python_can_virtual_bus_no_vehicle_no_adapter
13.250359,2026-06-04T12:19:22.421704+00:00,188,8,00 00 00 00 00 00 00 06,python_can_virtual_baseline,011_python_can_virtual_bus,0.000032,python_can_virtual_bus_no_vehicle_no_adapter
13.250432,2026-06-04T12:19:22.421774+00:00,300,8,17 E7 64 A2 A3 76 4B E4,python_can_virtual_baseline,011_python_can_virtual_bus,0.000050,python_can_virtual_bus_no_vehicle_no_adapter
13.300316,2026-06-04T12:19:22.471673+00:00,100,8,4A 00 00 00 00 00 00 08,python_can_virtual_baseline,011_python_can_virtual_bus,0.000197,python_can_virtual_bus_no_vehicle_no_adapter
13.300404,2026-06-04T12:19:22.471751+00:00,188,8,00 00 00 00 00 00 00 09,python_can_virtual_baseline,011_python_can_virtual_bus,0.000030,python_can_virtual_bus_no_vehicle_no_adapter
13.300509,2026-06-04T12:19:22.471857+00:00,120,8,05 EC 00 00 00 00 00 0A,python_can_virtual_baseline,011_python_can_virtual_bus,0.000042,python_can_virtual_bus_no_vehicle_no_adapter
13.350303,2026-06-04T12:19:22.521664+00:00,100,8,3D 00 00 00 00 00 00 0B,python_can_virtual_baseline,011_python_can_virtual_bus,0.000190,python_can_virtual_bus_no_vehicle_no_adapter
13.350403,2026-06-04T12:19:22.521746+00:00,188,8,00 00 00 00 00 00 00 0C,python_can_virtual_baseline,011_python_can_virtual_bus,0.000029,python_can_virtual_bus_no_vehicle_no_adapter
13.370351,2026-06-04T12:19:22.541708+00:00,120,8,07 04 00 00 00 00 00 0D,python_can_virtual_baseline,011_python_can_virtual_bus,0.000175,python_can_virtual_bus_no_vehicle_no_adapter
13.400296,2026-06-04T12:19:22.571652+00:00,100,8,43 00 00 00 00 00 00 0E,python_can_virtual_baseline,011_python_can_virtual_bus,0.000172,python_can_virtual_bus_no_vehicle_no_adapter
13.400401,2026-06-04T12:19:22.571743+00:00,188,8,00 00 00 00 00 00 00 0F,python_can_virtual_baseline,011_python_can_virtual_bus,0.000024,python_can_virtual_bus_no_vehicle_no_adapter
13.440282,2026-06-04T12:19:22.611638+00:00,120,8,06 85 00 00 00 00 00 10,python_can_virtual_baseline,011_python_can_virtual_bus,0.000172,python_can_virtual_bus_no_vehicle_no_adapter
13.450239,2026-06-04T12:19:22.621591+00:00,100,8,3B 00 00 00 00 00 00 11,python_can_virtual_baseline,011_python_can_virtual_bus,0.000133,python_can_virtual_bus_no_vehicle_no_adapter
13.450311,2026-06-04T12:19:22.621655+00:00,188,8,00 00 00 00 00 00 00 12,python_can_virtual_baseline,011_python_can_virtual_bus,0.000026,python_can_virtual_bus_no_vehicle_no_adapter
13.500290,2026-06-04T12:19:22.671646+00:00,100,8,3E 00 00 00 00 00 00 13,python_can_virtual_baseline,011_python_can_virtual_bus,0.000162,python_can_virtual_bus_no_vehicle_no_adapter
13.500371,2026-06-04T12:19:22.671713+00:00,188,8,00 00 00 00 00 00 00 14,python_can_virtual_baseline,011_python_can_virtual_bus,0.000024,python_can_virtual_bus_no_vehicle_no_adapter
13.500408,2026-06-04T12:19:22.671750+00:00,300,8,06 33 81 58 A4 29 77 C7,python_can_virtual_baseline,011_python_can_virtual_bus,0.000024,python_can_virtual_bus_no_vehicle_no_adapter
13.510214,2026-06-04T12:19:22.681565+00:00,120,8,05 7B 00 00 00 00 00 16,python_can_virtual_baseline,011_python_can_virtual_bus,0.000100,python_can_virtual_bus_no_vehicle_no_adapter
13.550399,2026-06-04T12:19:22.721759+00:00,100,8,3C 00 00 00 00 00 00 17,python_can_virtual_baseline,011_python_can_virtual_bus,0.000185,python_can_virtual_bus_no_vehicle_no_adapter
13.550490,2026-06-04T12:19:22.721833+00:00,188,8,00 00 00 00 00 00 00 18,python_can_virtual_baseline,011_python_can_virtual_bus,0.000029,python_can_virtual_bus_no_vehicle_no_adapter
13.580283,2026-06-04T12:19:22.751639+00:00,120,8,07 33 00 00 00 00 00 19,python_can_virtual_baseline,011_python_can_virtual_bus,0.000154,python_can_virtual_bus_no_vehicle_no_adapter
13.600261,2026-06-04T12:19:22.771626+00:00,100,8,3A 00 00 00 00 00 00 1A,python_can_virtual_baseline,011_python_can_virtual_bus,0.000144,python_can_virtual_bus_no_vehicle_no_adapter
13.600390,2026-06-04T12:19:22.771735+00:00,188,8,00 00 00 00 00 00 00 1B,python_can_virtual_baseline,011_python_can_virtual_bus,0.000050,python_can_virtual_bus_no_vehicle_no_adapter
13.650350,2026-06-04T12:19:22.821714+00:00,100,8,40 00 00 00 00 00 00 1C,python_can_virtual_baseline,011_python_can_virtual_bus,0.000214,python_can_virtual_bus_no_vehicle_no_adapter
13.650487,2026-06-04T12:19:22.821833+00:00,188,8,00 00 00 00 00 00 00 1D,python_can_virtual_baseline,011_python_can_virtual_bus,0.000054,python_can_virtual_bus_no_vehicle_no_adapter
13.650552,2026-06-04T12:19:22.821896+00:00,120,8,06 12 00 00 00 00 00 1E,python_can_virtual_baseline,011_python_can_virtual_bus,0.000037,python_can_virtual_bus_no_vehicle_no_adapter
13.700327,2026-06-04T12:19:22.871684+00:00,100,8,43 00 00 00 00 00 00 1F,python_can_virtual_baseline,011_python_can_virtual_bus,0.000187,python_can_virtual_bus_no_vehicle_no_adapter
13.700438,2026-06-04T12:19:22.871781+00:00,188,8,00 00 00 00 00 00 00 20,python_can_virtual_baseline,011_python_can_virtual_bus,0.000051,python_can_virtual_bus_no_vehicle_no_adapter
13.720275,2026-06-04T12:19:22.891630+00:00,120,8,06 E0 00 00 00 00 00 21,python_can_virtual_baseline,011_python_can_virtual_bus,0.000156,python_can_virtual_bus_no_vehicle_no_adapter
13.750284,2026-06-04T12:19:22.921648+00:00,100,8,3D 00 00 00 00 00 00 22,python_can_virtual_baseline,011_python_can_virtual_bus,0.000148,python_can_virtual_bus_no_vehicle_no_adapter
13.750430,2026-06-04T12:19:22.921774+00:00,188,8,00 00 00 00 00 00 00 23,python_can_virtual_baseline,011_python_can_virtual_bus,0.000063,python_can_virtual_bus_no_vehicle_no_adapter
13.750498,2026-06-04T12:19:22.921840+00:00,300,8,64 5A D7 08 98 BC 5B 2B,python_can_virtual_baseline,011_python_can_virtual_bus,0.000032,python_can_virtual_bus_no_vehicle_no_adapter
13.790294,2026-06-04T12:19:22.961657+00:00,120,8,05 C4 00 00 00 00 00 25,python_can_virtual_baseline,011_python_can_virtual_bus,0.000173,python_can_virtual_bus_no_vehicle_no_adapter
13.800253,2026-06-04T12:19:22.971608+00:00,100,8,3E 00 00 00 00 00 00 26,python_can_virtual_baseline,011_python_can_virtual_bus,0.000134,python_can_virtual_bus_no_vehicle_no_adapter
13.800354,2026-06-04T12:19:22.971697+00:00,188,8,00 00 00 00 00 00 00 27,python_can_virtual_baseline,011_python_can_virtual_bus,0.000032,python_can_virtual_bus_no_vehicle_no_adapter
13.850342,2026-06-04T12:19:23.021705+00:00,100,8,3F 00 00 00 00 00 00 28,python_can_virtual_baseline,011_python_can_virtual_bus,0.000209,python_can_virtual_bus_no_vehicle_no_adapter
13.850471,2026-06-04T12:19:23.021817+00:00,188,8,00 00 00 00 00 00 00 29,python_can_virtual_baseline,011_python_can_virtual_bus,0.000050,python_can_virtual_bus_no_vehicle_no_adapter
13.860369,2026-06-04T12:19:23.031731+00:00,120,8,06 29 00 00 00 00 00 2A,python_can_virtual_baseline,011_python_can_virtual_bus,0.000163,python_can_virtual_bus_no_vehicle_no_adapter
13.900334,2026-06-04T12:19:23.071692+00:00,100,8,47 00 00 00 00 00 00 2B,python_can_virtual_baseline,011_python_can_virtual_bus,0.000138,python_can_virtual_bus_no_vehicle_no_adapter
13.900423,2026-06-04T12:19:23.071766+00:00,188,8,00 00 00 00 00 00 00 2C,python_can_virtual_baseline,011_python_can_virtual_bus,0.000028,python_can_virtual_bus_no_vehicle_no_adapter
13.930383,2026-06-04T12:19:23.101743+00:00,120,8,06 A6 00 00 00 00 00 2D,python_can_virtual_baseline,011_python_can_virtual_bus,0.000172,python_can_virtual_bus_no_vehicle_no_adapter
13.950406,2026-06-04T12:19:23.121769+00:00,100,8,41 00 00 00 00 00 00 2E,python_can_virtual_baseline,011_python_can_virtual_bus,0.000185,python_can_virtual_bus_no_vehicle_no_adapter
13.950536,2026-06-04T12:19:23.121881+00:00,188,8,00 00 00 00 00 00 00 2F,python_can_virtual_baseline,011_python_can_virtual_bus,0.000051,python_can_virtual_bus_no_vehicle_no_adapter
14.000460,2026-06-04T12:19:23.171825+00:00,100,8,45 00 00 00 00 00 00 30,python_can_virtual_baseline,011_python_can_virtual_bus,0.000183,python_can_virtual_bus_no_vehicle_no_adapter
14.000610,2026-06-04T12:19:23.171956+00:00,188,8,00 00 00 00 00 00 00 31,python_can_virtual_baseline,011_python_can_virtual_bus,0.000063,python_can_virtual_bus_no_vehicle_no_adapter
14.000685,2026-06-04T12:19:23.172030+00:00,120,8,06 8B 00 00 00 00 00 32,python_can_virtual_baseline,011_python_can_virtual_bus,0.000045,python_can_virtual_bus_no_vehicle_no_adapter
14.000770,2026-06-04T12:19:23.172115+00:00,300,8,0B 6F 96 A5 C4 B8 C2 E4,python_can_virtual_baseline,011_python_can_virtual_bus,0.000060,python_can_virtual_bus_no_vehicle_no_adapter
14.050339,2026-06-04T12:19:23.221697+00:00,100,8,3B 00 00 00 00 00 00 34,python_can_virtual_baseline,011_python_can_virtual_bus,0.000205,python_can_virtual_bus_no_vehicle_no_adapter
14.050464,2026-06-04T12:19:23.221811+00:00,188,8,00 00 00 00 00 00 00 35,python_can_virtual_baseline,011_python_can_virtual_bus,0.000035,python_can_virtual_bus_no_vehicle_no_adapter
14.070305,2026-06-04T12:19:23.241661+00:00,120,8,06 94 00 00 00 00 00 36,python_can_virtual_baseline,011_python_can_virtual_bus,0.000166,python_can_virtual_bus_no_vehicle_no_adapter
14.100334,2026-06-04T12:19:23.271697+00:00,100,8,3F 00 00 00 00 00 00 37,python_can_virtual_baseline,011_python_can_virtual_bus,0.000201,python_can_virtual_bus_no_vehicle_no_adapter
14.100498,2026-06-04T12:19:23.271843+00:00,188,8,00 00 00 00 00 00 00 38,python_can_virtual_baseline,011_python_can_virtual_bus,0.000057,python_can_virtual_bus_no_vehicle_no_adapter
14.140353,2026-06-04T12:19:23.311710+00:00,120,8,06 FD 00 00 00 00 00 39,python_can_virtual_baseline,011_python_can_virtual_bus,0.000137,python_can_virtual_bus_no_vehicle_no_adapter
14.150350,2026-06-04T12:19:23.321707+00:00,100,8,3A 00 00 00 00 00 00 3A,python_can_virtual_baseline,011_python_can_virtual_bus,0.000140,python_can_virtual_bus_no_vehicle_no_adapter
14.150477,2026-06-04T12:19:23.321825+00:00,188,8,00 00 00 00 00 00 00 3B,python_can_virtual_baseline,011_python_can_virtual_bus,0.000056,python_can_virtual_bus_no_vehicle_no_adapter
14.200377,2026-06-04T12:19:23.371741+00:00,100,8,48 00 00 00 00 00 00 3C,python_can_virtual_baseline,011_python_can_virtual_bus,0.000231,python_can_virtual_bus_no_vehicle_no_adapter
14.200489,2026-06-04T12:19:23.371834+00:00,188,8,00 00 00 00 00 00 00 3D,python_can_virtual_baseline,011_python_can_virtual_bus,0.000032,python_can_virtual_bus_no_vehicle_no_adapter
14.210344,2026-06-04T12:19:23.381707+00:00,120,8,05 C6 00 00 00 00 00 3E,python_can_virtual_baseline,011_python_can_virtual_bus,0.000219,python_can_virtual_bus_no_vehicle_no_adapter
14.250394,2026-06-04T12:19:23.421757+00:00,100,8,3E 00 00 00 00 00 00 3F,python_can_virtual_baseline,011_python_can_virtual_bus,0.000197,python_can_virtual_bus_no_vehicle_no_adapter
14.250508,2026-06-04T12:19:23.421852+00:00,188,8,00 00 00 00 00 00 00 40,python_can_virtual_baseline,011_python_can_virtual_bus,0.000036,python_can_virtual_bus_no_vehicle_no_adapter
14.250588,2026-06-04T12:19:23.421933+00:00,300,8,4A 83 08 70 9B EC 90 16,python_can_virtual_baseline,011_python_can_virtual_bus,0.000054,python_can_virtual_bus_no_vehicle_no_adapter
14.280357,2026-06-04T12:19:23.451722+00:00,120,8,06 F7 00 00 00 00 00 42,python_can_virtual_baseline,011_python_can_virtual_bus,0.000217,python_can_virtual_bus_no_vehicle_no_adapter
14.300333,2026-06-04T12:19:23.471698+00:00,100,8,44 00 00 00 00 00 00 43,python_can_virtual_baseline,011_python_can_virtual_bus,0.000144,python_can_virtual_bus_no_vehicle_no_adapter
14.300447,2026-06-04T12:19:23.471793+00:00,188,8,00 00 00 00 00 00 00 44,python_can_virtual_baseline,011_python_can_virtual_bus,0.000035,python_can_virtual_bus_no_vehicle_no_adapter
14.350323,2026-06-04T12:19:23.521685+00:00,100,8,3C 00 00 00 00 00 00 45,python_can_virtual_baseline,011_python_can_virtual_bus,0.000204,python_can_virtual_bus_no_vehicle_no_adapter
14.350488,2026-06-04T12:19:23.521834+00:00,188,8,00 00 00 00 00 00 00 46,python_can_virtual_baseline,011_python_can_virtual_bus,0.000088,python_can_virtual_bus_no_vehicle_no_adapter
14.350549,2026-06-04T12:19:23.521894+00:00,120,8,06 79 00 00 00 00 00 47,python_can_virtual_baseline,011_python_can_virtual_bus,0.000034,python_can_virtual_bus_no_vehicle_no_adapter
14.400306,2026-06-04T12:19:23.571705+00:00,100,8,3F 00 00 00 00 00 00 48,python_can_virtual_baseline,011_python_can_virtual_bus,0.000165,python_can_virtual_bus_no_vehicle_no_adapter
14.400431,2026-06-04T12:19:23.571773+00:00,188,8,00 00 00 00 00 00 00 49,python_can_virtual_baseline,011_python_can_virtual_bus,0.000025,python_can_virtual_bus_no_vehicle_no_adapter
14.420317,2026-06-04T12:19:23.591679+00:00,120,8,06 CC 00 00 00 00 00 4A,python_can_virtual_baseline,011_python_can_virtual_bus,0.000177,python_can_virtual_bus_no_vehicle_no_adapter
14.450390,2026-06-04T12:19:23.621752+00:00,100,8,40 00 00 00 00 00 00 4B,python_can_virtual_baseline,011_python_can_virtual_bus,0.000175,python_can_virtual_bus_no_vehicle_no_adapter
14.450500,2026-06-04T12:19:23.621845+00:00,188,8,00 00 00 00 00 00 00 4C,python_can_virtual_baseline,011_python_can_virtual_bus,0.000034,python_can_virtual_bus_no_vehicle_no_adapter
14.490339,2026-06-04T12:19:23.661700+00:00,120,8,05 7D 00 00 00 00 00 4D,python_can_virtual_baseline,011_python_can_virtual_bus,0.000147,python_can_virtual_bus_no_vehicle_no_adapter
14.500330,2026-06-04T12:19:23.671691+00:00,100,8,3C 00 00 00 00 00 00 4E,python_can_virtual_baseline,011_python_can_virtual_bus,0.000206,python_can_virtual_bus_no_vehicle_no_adapter
14.500438,2026-06-04T12:19:23.671781+00:00,188,8,00 00 00 00 00 00 00 4F,python_can_virtual_baseline,011_python_can_virtual_bus,0.000038,python_can_virtual_bus_no_vehicle_no_adapter
14.500490,2026-06-04T12:19:23.671832+00:00,300,8,0E FE DE FD F7 FE DA 55,python_can_virtual_baseline,011_python_can_virtual_bus,0.000032,python_can_virtual_bus_no_vehicle_no_adapter
14.550322,2026-06-04T12:19:23.721685+00:00,100,8,4A 00 00 00 00 00 00 51,python_can_virtual_baseline,011_python_can_virtual_bus,0.000191,python_can_virtual_bus_no_vehicle_no_adapter
14.550410,2026-06-04T12:19:23.721752+00:00,188,8,00 00 00 00 00 00 00 52,python_can_virtual_baseline,011_python_can_virtual_bus,0.000023,python_can_virtual_bus_no_vehicle_no_adapter
14.560246,2026-06-04T12:19:23.731600+00:00,120,8,07 34 00 00 00 00 00 53,python_can_virtual_baseline,011_python_can_virtual_bus,0.000133,python_can_virtual_bus_no_vehicle_no_adapter
14.600285,2026-06-04T12:19:23.771641+00:00,100,8,46 00 00 00 00 00 00 54,python_can_virtual_baseline,011_python_can_virtual_bus,0.000169,python_can_virtual_bus_no_vehicle_no_adapter
14.600365,2026-06-04T12:19:23.771707+00:00,188,8,00 00 00 00 00 00 00 55,python_can_virtual_baseline,011_python_can_virtual_bus,0.000023,python_can_virtual_bus_no_vehicle_no_adapter
14.630217,2026-06-04T12:19:23.801572+00:00,120,8,06 EF 00 00 00 00 00 56,python_can_virtual_baseline,011_python_can_virtual_bus,0.000117,python_can_virtual_bus_no_vehicle_no_adapter
14.650228,2026-06-04T12:19:23.821582+00:00,100,8,4B 00 00 00 00 00 00 57,python_can_virtual_baseline,011_python_can_virtual_bus,0.000127,python_can_virtual_bus_no_vehicle_no_adapter
14.650304,2026-06-04T12:19:23.821646+00:00,188,8,00 00 00 00 00 00 00 58,python_can_virtual_baseline,011_python_can_virtual_bus,0.000025,python_can_virtual_bus_no_vehicle_no_adapter
14.700331,2026-06-04T12:19:23.871691+00:00,100,8,43 00 00 00 00 00 00 59,python_can_virtual_baseline,011_python_can_virtual_bus,0.000191,python_can_virtual_bus_no_vehicle_no_adapter
14.700519,2026-06-04T12:19:23.871869+00:00,188,8,00 00 00 00 00 00 00 5A,python_can_virtual_baseline,011_python_can_virtual_bus,0.000120,python_can_virtual_bus_no_vehicle_no_adapter
14.700623,2026-06-04T12:19:23.871968+00:00,120,8,05 C5 00 00 00 00 00 5B,python_can_virtual_baseline,011_python_can_virtual_bus,0.000040,python_can_virtual_bus_no_vehicle_no_adapter
14.750350,2026-06-04T12:19:23.921708+00:00,100,8,4A 00 00 00 00 00 00 5C,python_can_virtual_baseline,011_python_can_virtual_bus,0.000212,python_can_virtual_bus_no_vehicle_no_adapter
14.750454,2026-06-04T12:19:23.921799+00:00,188,8,00 00 00 00 00 00 00 5D,python_can_virtual_baseline,011_python_can_virtual_bus,0.000038,python_can_virtual_bus_no_vehicle_no_adapter
14.750516,2026-06-04T12:19:23.921873+00:00,300,8,7F A4 AB 7A 6F 56 22 71,python_can_virtual_baseline,011_python_can_virtual_bus,0.000038,python_can_virtual_bus_no_vehicle_no_adapter
14.770306,2026-06-04T12:19:23.941661+00:00,120,8,05 78 00 00 00 00 00 5F,python_can_virtual_baseline,011_python_can_virtual_bus,0.000108,python_can_virtual_bus_no_vehicle_no_adapter
14.800283,2026-06-04T12:19:23.971637+00:00,100,8,3B 00 00 00 00 00 00 60,python_can_virtual_baseline,011_python_can_virtual_bus,0.000173,python_can_virtual_bus_no_vehicle_no_adapter
14.800368,2026-06-04T12:19:23.971726+00:00,188,8,00 00 00 00 00 00 00 61,python_can_virtual_baseline,011_python_can_virtual_bus,0.000034,python_can_virtual_bus_no_vehicle_no_adapter
14.840232,2026-06-04T12:19:24.011586+00:00,120,8,06 89 00 00 00 00 00 62,python_can_virtual_baseline,011_python_can_virtual_bus,0.000138,python_can_virtual_bus_no_vehicle_no_adapter
14.850299,2026-06-04T12:19:24.021657+00:00,100,8,49 00 00 00 00 00 00 63,python_can_virtual_baseline,011_python_can_virtual_bus,0.000172,python_can_virtual_bus_no_vehicle_no_adapter
14.850390,2026-06-04T12:19:24.021733+00:00,188,8,00 00 00 00 00 00 00 64,python_can_virtual_baseline,011_python_can_virtual_bus,0.000027,python_can_virtual_bus_no_vehicle_no_adapter
14.900261,2026-06-04T12:19:24.071613+00:00,100,8,40 00 00 00 00 00 00 65,python_can_virtual_baseline,011_python_can_virtual_bus,0.000142,python_can_virtual_bus_no_vehicle_no_adapter
14.900342,2026-06-04T12:19:24.071686+00:00,188,8,00 00 00 00 00 00 00 66,python_can_virtual_baseline,011_python_can_virtual_bus,0.000030,python_can_virtual_bus_no_vehicle_no_adapter
14.910250,2026-06-04T12:19:24.081605+00:00,120,8,06 6A 00 00 00 00 00 67,python_can_virtual_baseline,011_python_can_virtual_bus,0.000133,python_can_virtual_bus_no_vehicle_no_adapter
14.950321,2026-06-04T12:19:24.121678+00:00,100,8,4B 00 00 00 00 00 00 68,python_can_virtual_baseline,011_python_can_virtual_bus,0.000174,python_can_virtual_bus_no_vehicle_no_adapter
14.950402,2026-06-04T12:19:24.121743+00:00,188,8,00 00 00 00 00 00 00 69,python_can_virtual_baseline,011_python_can_virtual_bus,0.000023,python_can_virtual_bus_no_vehicle_no_adapter
14.980309,2026-06-04T12:19:24.151667+00:00,120,8,05 C1 00 00 00 00 00 6A,python_can_virtual_baseline,011_python_can_virtual_bus,0.000178,python_can_virtual_bus_no_vehicle_no_adapter
15.000333,2026-06-04T12:19:24.171691+00:00,100,8,4B 00 00 00 00 00 00 6B,python_can_virtual_baseline,011_python_can_virtual_bus,0.000144,python_can_virtual_bus_no_vehicle_no_adapter
15.000417,2026-06-04T12:19:24.171759+00:00,188,8,00 00 00 00 00 00 00 6C,python_can_virtual_baseline,011_python_can_virtual_bus,0.000023,python_can_virtual_bus_no_vehicle_no_adapter
15.000453,2026-06-04T12:19:24.171795+00:00,300,8,7E 29 19 12 7A 0D 81 A1,python_can_virtual_baseline,011_python_can_virtual_bus,0.000023,python_can_virtual_bus_no_vehicle_no_adapter
15.050350,2026-06-04T12:19:24.221714+00:00,100,8,3C 00 00 00 00 00 00 6E,python_can_virtual_baseline,011_python_can_virtual_bus,0.000236,python_can_virtual_bus_no_vehicle_no_adapter
15.050458,2026-06-04T12:19:24.221801+00:00,188,8,00 00 00 00 00 00 00 6F,python_can_virtual_baseline,011_python_can_virtual_bus,0.000029,python_can_virtual_bus_no_vehicle_no_adapter
15.050500,2026-06-04T12:19:24.221843+00:00,120,8,06 7D 00 00 00 00 00 70,python_can_virtual_baseline,011_python_can_virtual_bus,0.000023,python_can_virtual_bus_no_vehicle_no_adapter
15.100307,2026-06-04T12:19:24.271663+00:00,100,8,46 00 00 00 00 00 00 71,python_can_virtual_baseline,011_python_can_virtual_bus,0.000191,python_can_virtual_bus_no_vehicle_no_adapter
15.100410,2026-06-04T12:19:24.271752+00:00,188,8,00 00 00 00 00 00 00 72,python_can_virtual_baseline,011_python_can_virtual_bus,0.000024,python_can_virtual_bus_no_vehicle_no_adapter
15.120381,2026-06-04T12:19:24.291746+00:00,120,8,06 00 00 00 00 00 00 73,python_can_virtual_baseline,011_python_can_virtual_bus,0.000167,python_can_virtual_bus_no_vehicle_no_adapter
15.150337,2026-06-04T12:19:24.321693+00:00,100,8,3E 00 00 00 00 00 00 74,python_can_virtual_baseline,011_python_can_virtual_bus,0.000154,python_can_virtual_bus_no_vehicle_no_adapter
15.150416,2026-06-04T12:19:24.321758+00:00,188,8,00 00 00 00 00 00 00 75,python_can_virtual_baseline,011_python_can_virtual_bus,0.000024,python_can_virtual_bus_no_vehicle_no_adapter
15.190303,2026-06-04T12:19:24.361659+00:00,120,8,06 69 00 00 00 00 00 76,python_can_virtual_baseline,011_python_can_virtual_bus,0.000162,python_can_virtual_bus_no_vehicle_no_adapter
15.200280,2026-06-04T12:19:24.371641+00:00,100,8,40 00 00 00 00 00 00 77,python_can_virtual_baseline,011_python_can_virtual_bus,0.000174,python_can_virtual_bus_no_vehicle_no_adapter
15.200400,2026-06-04T12:19:24.371745+00:00,188,8,00 00 00 00 00 00 00 78,python_can_virtual_baseline,011_python_can_virtual_bus,0.000051,python_can_virtual_bus_no_vehicle_no_adapter
15.250288,2026-06-04T12:19:24.421648+00:00,100,8,44 00 00 00 00 00 00 79,python_can_virtual_baseline,011_python_can_virtual_bus,0.000167,python_can_virtual_bus_no_vehicle_no_adapter
15.250388,2026-06-04T12:19:24.421732+00:00,188,8,00 00 00 00 00 00 00 7A,python_can_virtual_baseline,011_python_can_virtual_bus,0.000031,python_can_virtual_bus_no_vehicle_no_adapter
15.250474,2026-06-04T12:19:24.421818+00:00,300,8,28 91 C7 39 87 73 8B 6A,python_can_virtual_baseline,011_python_can_virtual_bus,0.000038,python_can_virtual_bus_no_vehicle_no_adapter
15.260309,2026-06-04T12:19:24.431672+00:00,120,8,06 CE 00 00 00 00 00 7C,python_can_virtual_baseline,011_python_can_virtual_bus,0.000182,python_can_virtual_bus_no_vehicle_no_adapter
15.300328,2026-06-04T12:19:24.471690+00:00,100,8,46 00 00 00 00 00 00 7D,python_can_virtual_baseline,011_python_can_virtual_bus,0.000157,python_can_virtual_bus_no_vehicle_no_adapter
15.300428,2026-06-04T12:19:24.471773+00:00,188,8,00 00 00 00 00 00 00 7E,python_can_virtual_baseline,011_python_can_virtual_bus,0.000029,python_can_virtual_bus_no_vehicle_no_adapter
15.330359,2026-06-04T12:19:24.501720+00:00,120,8,07 64 00 00 00 00 00 7F,python_can_virtual_baseline,011_python_can_virtual_bus,0.000156,python_can_virtual_bus_no_vehicle_no_adapter
15.350212,2026-06-04T12:19:24.521564+00:00,100,8,47 00 00 00 00 00 00 80,python_can_virtual_baseline,011_python_can_virtual_bus,0.000110,python_can_virtual_bus_no_vehicle_no_adapter
15.350303,2026-06-04T12:19:24.521645+00:00,188,8,00 00 00 00 00 00 00 81,python_can_virtual_baseline,011_python_can_virtual_bus,0.000048,python_can_virtual_bus_no_vehicle_no_adapter
15.400238,2026-06-04T12:19:24.571593+00:00,100,8,3D 00 00 00 00 00 00 82,python_can_virtual_baseline,011_python_can_virtual_bus,0.000126,python_can_virtual_bus_no_vehicle_no_adapter
15.400310,2026-06-04T12:19:24.571652+00:00,188,8,00 00 00 00 00 00 00 83,python_can_virtual_baseline,011_python_can_virtual_bus,0.000024,python_can_virtual_bus_no_vehicle_no_adapter
15.400343,2026-06-04T12:19:24.571684+00:00,120,8,06 2A 00 00 00 00 00 84,python_can_virtual_baseline,011_python_can_virtual_bus,0.000019,python_can_virtual_bus_no_vehicle_no_adapter
15.450373,2026-06-04T12:19:24.621735+00:00,100,8,4A 00 00 00 00 00 00 85,python_can_virtual_baseline,011_python_can_virtual_bus,0.000162,python_can_virtual_bus_no_vehicle_no_adapter
15.450502,2026-06-04T12:19:24.621846+00:00,188,8,00 00 00 00 00 00 00 86,python_can_virtual_baseline,011_python_can_virtual_bus,0.000030,python_can_virtual_bus_no_vehicle_no_adapter
15.470350,2026-06-04T12:19:24.641712+00:00,120,8,06 50 00 00 00 00 00 87,python_can_virtual_baseline,011_python_can_virtual_bus,0.000213,python_can_virtual_bus_no_vehicle_no_adapter
15.500435,2026-06-04T12:19:24.671796+00:00,100,8,44 00 00 00 00 00 00 88,python_can_virtual_baseline,011_python_can_virtual_bus,0.000292,python_can_virtual_bus_no_vehicle_no_adapter
15.500531,2026-06-04T12:19:24.671874+00:00,188,8,00 00 00 00 00 00 00 89,python_can_virtual_baseline,011_python_can_virtual_bus,0.000027,python_can_virtual_bus_no_vehicle_no_adapter
15.500580,2026-06-04T12:19:24.671924+00:00,300,8,CB 6F 8B 62 E2 CE 33 15,python_can_virtual_baseline,011_python_can_virtual_bus,0.000031,python_can_virtual_bus_no_vehicle_no_adapter
15.540370,2026-06-04T12:19:24.711731+00:00,120,8,05 D3 00 00 00 00 00 8B,python_can_virtual_baseline,011_python_can_virtual_bus,0.000233,python_can_virtual_bus_no_vehicle_no_adapter
15.550466,2026-06-04T12:19:24.721882+00:00,100,8,3D 00 00 00 00 00 00 8C,python_can_virtual_baseline,011_python_can_virtual_bus,0.000168,python_can_virtual_bus_no_vehicle_no_adapter
15.550632,2026-06-04T12:19:24.721977+00:00,188,8,00 00 00 00 00 00 00 8D,python_can_virtual_baseline,011_python_can_virtual_bus,0.000035,python_can_virtual_bus_no_vehicle_no_adapter
15.600233,2026-06-04T12:19:24.771591+00:00,100,8,3B 00 00 00 00 00 00 8E,python_can_virtual_baseline,011_python_can_virtual_bus,0.000134,python_can_virtual_bus_no_vehicle_no_adapter
15.600312,2026-06-04T12:19:24.771654+00:00,188,8,00 00 00 00 00 00 00 8F,python_can_virtual_baseline,011_python_can_virtual_bus,0.000023,python_can_virtual_bus_no_vehicle_no_adapter
15.610209,2026-06-04T12:19:24.781562+00:00,120,8,07 24 00 00 00 00 00 90,python_can_virtual_baseline,011_python_can_virtual_bus,0.000103,python_can_virtual_bus_no_vehicle_no_adapter
15.650252,2026-06-04T12:19:24.821610+00:00,100,8,3E 00 00 00 00 00 00 91,python_can_virtual_baseline,011_python_can_virtual_bus,0.000140,python_can_virtual_bus_no_vehicle_no_adapter
15.650355,2026-06-04T12:19:24.821699+00:00,188,8,00 00 00 00 00 00 00 92,python_can_virtual_baseline,011_python_can_virtual_bus,0.000031,python_can_virtual_bus_no_vehicle_no_adapter
15.680277,2026-06-04T12:19:24.851632+00:00,120,8,05 7D 00 00 00 00 00 93,python_can_virtual_baseline,011_python_can_virtual_bus,0.000150,python_can_virtual_bus_no_vehicle_no_adapter
15.700252,2026-06-04T12:19:24.871607+00:00,100,8,3E 00 00 00 00 00 00 94,python_can_virtual_baseline,011_python_can_virtual_bus,0.000138,python_can_virtual_bus_no_vehicle_no_adapter
15.700330,2026-06-04T12:19:24.871672+00:00,188,8,00 00 00 00 00 00 00 95,python_can_virtual_baseline,011_python_can_virtual_bus,0.000022,python_can_virtual_bus_no_vehicle_no_adapter
15.750306,2026-06-04T12:19:24.921662+00:00,100,8,3A 00 00 00 00 00 00 96,python_can_virtual_baseline,011_python_can_virtual_bus,0.000161,python_can_virtual_bus_no_vehicle_no_adapter
15.750468,2026-06-04T12:19:24.921815+00:00,188,8,00 00 00 00 00 00 00 97,python_can_virtual_baseline,011_python_can_virtual_bus,0.000062,python_can_virtual_bus_no_vehicle_no_adapter
15.750527,2026-06-04T12:19:24.921870+00:00,120,8,05 86 00 00 00 00 00 98,python_can_virtual_baseline,011_python_can_virtual_bus,0.000032,python_can_virtual_bus_no_vehicle_no_adapter
15.750576,2026-06-04T12:19:24.921918+00:00,300,8,03 A0 2A 58 A9 30 56 83,python_can_virtual_baseline,011_python_can_virtual_bus,0.000026,python_can_virtual_bus_no_vehicle_no_adapter
15.800427,2026-06-04T12:19:24.971791+00:00,100,8,3D 00 00 00 00 00 00 9A,python_can_virtual_baseline,011_python_can_virtual_bus,0.000159,python_can_virtual_bus_no_vehicle_no_adapter
15.800648,2026-06-04T12:19:24.971994+00:00,188,8,00 00 00 00 00 00 00 9B,python_can_virtual_baseline,011_python_can_virtual_bus,0.000036,python_can_virtual_bus_no_vehicle_no_adapter
15.820309,2026-06-04T12:19:24.991666+00:00,120,8,07 07 00 00 00 00 00 9C,python_can_virtual_baseline,011_python_can_virtual_bus,0.000181,python_can_virtual_bus_no_vehicle_no_adapter
15.850301,2026-06-04T12:19:25.021662+00:00,100,8,4A 00 00 00 00 00 00 9D,python_can_virtual_baseline,011_python_can_virtual_bus,0.000185,python_can_virtual_bus_no_vehicle_no_adapter
15.850442,2026-06-04T12:19:25.021785+00:00,188,8,00 00 00 00 00 00 00 9E,python_can_virtual_baseline,011_python_can_virtual_bus,0.000040,python_can_virtual_bus_no_vehicle_no_adapter
15.890264,2026-06-04T12:19:25.061621+00:00,120,8,05 EB 00 00 00 00 00 9F,python_can_virtual_baseline,011_python_can_virtual_bus,0.000153,python_can_virtual_bus_no_vehicle_no_adapter
15.900259,2026-06-04T12:19:25.071613+00:00,100,8,44 00 00 00 00 00 00 A0,python_can_virtual_baseline,011_python_can_virtual_bus,0.000151,python_can_virtual_bus_no_vehicle_no_adapter
15.900336,2026-06-04T12:19:25.071678+00:00,188,8,00 00 00 00 00 00 00 A1,python_can_virtual_baseline,011_python_can_virtual_bus,0.000024,python_can_virtual_bus_no_vehicle_no_adapter
15.950289,2026-06-04T12:19:25.121645+00:00,100,8,4B 00 00 00 00 00 00 A2,python_can_virtual_baseline,011_python_can_virtual_bus,0.000182,python_can_virtual_bus_no_vehicle_no_adapter
15.950376,2026-06-04T12:19:25.121720+00:00,188,8,00 00 00 00 00 00 00 A3,python_can_virtual_baseline,011_python_can_virtual_bus,0.000025,python_can_virtual_bus_no_vehicle_no_adapter
15.960244,2026-06-04T12:19:25.131600+00:00,120,8,06 7F 00 00 00 00 00 A4,python_can_virtual_baseline,011_python_can_virtual_bus,0.000142,python_can_virtual_bus_no_vehicle_no_adapter
16.000352,2026-06-04T12:19:25.171714+00:00,100,8,4A 00 00 00 00 00 00 A5,python_can_virtual_baseline,011_python_can_virtual_bus,0.000209,python_can_virtual_bus_no_vehicle_no_adapter
16.000474,2026-06-04T12:19:25.171818+00:00,188,8,00 00 00 00 00 00 00 A6,python_can_virtual_baseline,011_python_can_virtual_bus,0.000044,python_can_virtual_bus_no_vehicle_no_adapter
16.000561,2026-06-04T12:19:25.171905+00:00,300,8,30 37 84 22 23 01 F6 F0,python_can_virtual_baseline,011_python_can_virtual_bus,0.000063,python_can_virtual_bus_no_vehicle_no_adapter
16.030362,2026-06-04T12:19:25.201719+00:00,120,8,06 74 00 00 00 00 00 A8,python_can_virtual_baseline,011_python_can_virtual_bus,0.000151,python_can_virtual_bus_no_vehicle_no_adapter
16.050347,2026-06-04T12:19:25.221705+00:00,100,8,48 00 00 00 00 00 00 A9,python_can_virtual_baseline,011_python_can_virtual_bus,0.000138,python_can_virtual_bus_no_vehicle_no_adapter
16.050429,2026-06-04T12:19:25.221770+00:00,188,8,00 00 00 00 00 00 00 AA,python_can_virtual_baseline,011_python_can_virtual_bus,0.000023,python_can_virtual_bus_no_vehicle_no_adapter
16.100328,2026-06-04T12:19:25.271684+00:00,100,8,3D 00 00 00 00 00 00 AB,python_can_virtual_baseline,011_python_can_virtual_bus,0.000130,python_can_virtual_bus_no_vehicle_no_adapter
16.100406,2026-06-04T12:19:25.271748+00:00,188,8,00 00 00 00 00 00 00 AC,python_can_virtual_baseline,011_python_can_virtual_bus,0.000022,python_can_virtual_bus_no_vehicle_no_adapter
16.100479,2026-06-04T12:19:25.271821+00:00,120,8,07 4C 00 00 00 00 00 AD,python_can_virtual_baseline,011_python_can_virtual_bus,0.000028,python_can_virtual_bus_no_vehicle_no_adapter
16.150389,2026-06-04T12:19:25.321751+00:00,100,8,40 00 00 00 00 00 00 AE,python_can_virtual_baseline,011_python_can_virtual_bus,0.000163,python_can_virtual_bus_no_vehicle_no_adapter
16.150495,2026-06-04T12:19:25.321840+00:00,188,8,00 00 00 00 00 00 00 AF,python_can_virtual_baseline,011_python_can_virtual_bus,0.000032,python_can_virtual_bus_no_vehicle_no_adapter
16.170390,2026-06-04T12:19:25.341752+00:00,120,8,05 FD 00 00 00 00 00 B0,python_can_virtual_baseline,011_python_can_virtual_bus,0.000190,python_can_virtual_bus_no_vehicle_no_adapter
16.200414,2026-06-04T12:19:25.371778+00:00,100,8,42 00 00 00 00 00 00 B1,python_can_virtual_baseline,011_python_can_virtual_bus,0.000242,python_can_virtual_bus_no_vehicle_no_adapter
16.200620,2026-06-04T12:19:25.371966+00:00,188,8,00 00 00 00 00 00 00 B2,python_can_virtual_baseline,011_python_can_virtual_bus,0.000055,python_can_virtual_bus_no_vehicle_no_adapter
16.240421,2026-06-04T12:19:25.411813+00:00,120,8,07 3A 00 00 00 00 00 B3,python_can_virtual_baseline,011_python_can_virtual_bus,0.000193,python_can_virtual_bus_no_vehicle_no_adapter
16.250413,2026-06-04T12:19:25.421776+00:00,100,8,47 00 00 00 00 00 00 B4,python_can_virtual_baseline,011_python_can_virtual_bus,0.000184,python_can_virtual_bus_no_vehicle_no_adapter
16.250527,2026-06-04T12:19:25.421872+00:00,188,8,00 00 00 00 00 00 00 B5,python_can_virtual_baseline,011_python_can_virtual_bus,0.000036,python_can_virtual_bus_no_vehicle_no_adapter
16.250589,2026-06-04T12:19:25.421933+00:00,300,8,33 30 C3 EF 8D DA 48 8C,python_can_virtual_baseline,011_python_can_virtual_bus,0.000038,python_can_virtual_bus_no_vehicle_no_adapter
16.300306,2026-06-04T12:19:25.471664+00:00,100,8,3B 00 00 00 00 00 00 B7,python_can_virtual_baseline,011_python_can_virtual_bus,0.000127,python_can_virtual_bus_no_vehicle_no_adapter
16.300402,2026-06-04T12:19:25.471746+00:00,188,8,00 00 00 00 00 00 00 B8,python_can_virtual_baseline,011_python_can_virtual_bus,0.000030,python_can_virtual_bus_no_vehicle_no_adapter
16.310294,2026-06-04T12:19:25.481650+00:00,120,8,06 99 00 00 00 00 00 B9,python_can_virtual_baseline,011_python_can_virtual_bus,0.000150,python_can_virtual_bus_no_vehicle_no_adapter
16.350306,2026-06-04T12:19:25.521665+00:00,100,8,3A 00 00 00 00 00 00 BA,python_can_virtual_baseline,011_python_can_virtual_bus,0.000164,python_can_virtual_bus_no_vehicle_no_adapter
16.350399,2026-06-04T12:19:25.521743+00:00,188,8,00 00 00 00 00 00 00 BB,python_can_virtual_baseline,011_python_can_virtual_bus,0.000028,python_can_virtual_bus_no_vehicle_no_adapter
16.380236,2026-06-04T12:19:25.551590+00:00,120,8,05 DF 00 00 00 00 00 BC,python_can_virtual_baseline,011_python_can_virtual_bus,0.000129,python_can_virtual_bus_no_vehicle_no_adapter
16.400332,2026-06-04T12:19:25.571693+00:00,100,8,42 00 00 00 00 00 00 BD,python_can_virtual_baseline,011_python_can_virtual_bus,0.000190,python_can_virtual_bus_no_vehicle_no_adapter
16.400435,2026-06-04T12:19:25.571778+00:00,188,8,00 00 00 00 00 00 00 BE,python_can_virtual_baseline,011_python_can_virtual_bus,0.000031,python_can_virtual_bus_no_vehicle_no_adapter
16.450342,2026-06-04T12:19:25.621705+00:00,100,8,49 00 00 00 00 00 00 BF,python_can_virtual_baseline,011_python_can_virtual_bus,0.000205,python_can_virtual_bus_no_vehicle_no_adapter
16.450484,2026-06-04T12:19:25.621828+00:00,188,8,00 00 00 00 00 00 00 C0,python_can_virtual_baseline,011_python_can_virtual_bus,0.000047,python_can_virtual_bus_no_vehicle_no_adapter
16.450540,2026-06-04T12:19:25.621884+00:00,120,8,05 88 00 00 00 00 00 C1,python_can_virtual_baseline,011_python_can_virtual_bus,0.000029,python_can_virtual_bus_no_vehicle_no_adapter
16.500289,2026-06-04T12:19:25.671646+00:00,100,8,48 00 00 00 00 00 00 C2,python_can_virtual_baseline,011_python_can_virtual_bus,0.000153,python_can_virtual_bus_no_vehicle_no_adapter
16.500371,2026-06-04T12:19:25.671713+00:00,188,8,00 00 00 00 00 00 00 C3,python_can_virtual_baseline,011_python_can_virtual_bus,0.000023,python_can_virtual_bus_no_vehicle_no_adapter
16.500407,2026-06-04T12:19:25.671749+00:00,300,8,A3 55 11 B0 FD 73 4A 9F,python_can_virtual_baseline,011_python_can_virtual_bus,0.000023,python_can_virtual_bus_no_vehicle_no_adapter
16.520332,2026-06-04T12:19:25.691693+00:00,120,8,05 A8 00 00 00 00 00 C5,python_can_virtual_baseline,011_python_can_virtual_bus,0.000150,python_can_virtual_bus_no_vehicle_no_adapter
16.550259,2026-06-04T12:19:25.721619+00:00,100,8,3A 00 00 00 00 00 00 C6,python_can_virtual_baseline,011_python_can_virtual_bus,0.000149,python_can_virtual_bus_no_vehicle_no_adapter
16.550357,2026-06-04T12:19:25.721702+00:00,188,8,00 00 00 00 00 00 00 C7,python_can_virtual_baseline,011_python_can_virtual_bus,0.000032,python_can_virtual_bus_no_vehicle_no_adapter
16.590256,2026-06-04T12:19:25.761612+00:00,120,8,07 0F 00 00 00 00 00 C8,python_can_virtual_baseline,011_python_can_virtual_bus,0.000158,python_can_virtual_bus_no_vehicle_no_adapter
16.600322,2026-06-04T12:19:25.771677+00:00,100,8,3A 00 00 00 00 00 00 C9,python_can_virtual_baseline,011_python_can_virtual_bus,0.000207,python_can_virtual_bus_no_vehicle_no_adapter
16.600396,2026-06-04T12:19:25.771738+00:00,188,8,00 00 00 00 00 00 00 CA,python_can_virtual_baseline,011_python_can_virtual_bus,0.000023,python_can_virtual_bus_no_vehicle_no_adapter
16.650307,2026-06-04T12:19:25.821668+00:00,100,8,4B 00 00 00 00 00 00 CB,python_can_virtual_baseline,011_python_can_virtual_bus,0.000183,python_can_virtual_bus_no_vehicle_no_adapter
16.650413,2026-06-04T12:19:25.821757+00:00,188,8,00 00 00 00 00 00 00 CC,python_can_virtual_baseline,011_python_can_virtual_bus,0.000044,python_can_virtual_bus_no_vehicle_no_adapter
16.660276,2026-06-04T12:19:25.831631+00:00,120,8,06 C6 00 00 00 00 00 CD,python_can_virtual_baseline,011_python_can_virtual_bus,0.000153,python_can_virtual_bus_no_vehicle_no_adapter
16.700381,2026-06-04T12:19:25.871741+00:00,100,8,40 00 00 00 00 00 00 CE,python_can_virtual_baseline,011_python_can_virtual_bus,0.000157,python_can_virtual_bus_no_vehicle_no_adapter
16.700478,2026-06-04T12:19:25.871821+00:00,188,8,00 00 00 00 00 00 00 CF,python_can_virtual_baseline,011_python_can_virtual_bus,0.000028,python_can_virtual_bus_no_vehicle_no_adapter
16.730408,2026-06-04T12:19:25.901770+00:00,120,8,05 C2 00 00 00 00 00 D0,python_can_virtual_baseline,011_python_can_virtual_bus,0.000164,python_can_virtual_bus_no_vehicle_no_adapter
16.750359,2026-06-04T12:19:25.921720+00:00,100,8,3D 00 00 00 00 00 00 D1,python_can_virtual_baseline,011_python_can_virtual_bus,0.000148,python_can_virtual_bus_no_vehicle_no_adapter
16.750458,2026-06-04T12:19:25.921802+00:00,188,8,00 00 00 00 00 00 00 D2,python_can_virtual_baseline,011_python_can_virtual_bus,0.000028,python_can_virtual_bus_no_vehicle_no_adapter
16.750506,2026-06-04T12:19:25.921849+00:00,300,8,81 A6 29 1D 9F 3F D3 DA,python_can_virtual_baseline,011_python_can_virtual_bus,0.000030,python_can_virtual_bus_no_vehicle_no_adapter
16.800377,2026-06-04T12:19:25.971737+00:00,100,8,46 00 00 00 00 00 00 D4,python_can_virtual_baseline,011_python_can_virtual_bus,0.000152,python_can_virtual_bus_no_vehicle_no_adapter
16.800476,2026-06-04T12:19:25.971820+00:00,188,8,00 00 00 00 00 00 00 D5,python_can_virtual_baseline,011_python_can_virtual_bus,0.000028,python_can_virtual_bus_no_vehicle_no_adapter
16.800525,2026-06-04T12:19:25.971869+00:00,120,8,07 4C 00 00 00 00 00 D6,python_can_virtual_baseline,011_python_can_virtual_bus,0.000027,python_can_virtual_bus_no_vehicle_no_adapter
16.850327,2026-06-04T12:19:26.021683+00:00,100,8,3E 00 00 00 00 00 00 D7,python_can_virtual_baseline,011_python_can_virtual_bus,0.000189,python_can_virtual_bus_no_vehicle_no_adapter
16.850407,2026-06-04T12:19:26.021749+00:00,188,8,00 00 00 00 00 00 00 D8,python_can_virtual_baseline,011_python_can_virtual_bus,0.000022,python_can_virtual_bus_no_vehicle_no_adapter
16.870362,2026-06-04T12:19:26.041724+00:00,120,8,05 B9 00 00 00 00 00 D9,python_can_virtual_baseline,011_python_can_virtual_bus,0.000150,python_can_virtual_bus_no_vehicle_no_adapter
16.900367,2026-06-04T12:19:26.071724+00:00,100,8,3F 00 00 00 00 00 00 DA,python_can_virtual_baseline,011_python_can_virtual_bus,0.000225,python_can_virtual_bus_no_vehicle_no_adapter
16.900452,2026-06-04T12:19:26.071794+00:00,188,8,00 00 00 00 00 00 00 DB,python_can_virtual_baseline,011_python_can_virtual_bus,0.000026,python_can_virtual_bus_no_vehicle_no_adapter
16.940361,2026-06-04T12:19:26.111723+00:00,120,8,06 73 00 00 00 00 00 DC,python_can_virtual_baseline,011_python_can_virtual_bus,0.000159,python_can_virtual_bus_no_vehicle_no_adapter
16.950300,2026-06-04T12:19:26.121663+00:00,100,8,41 00 00 00 00 00 00 DD,python_can_virtual_baseline,011_python_can_virtual_bus,0.000171,python_can_virtual_bus_no_vehicle_no_adapter
16.950398,2026-06-04T12:19:26.121743+00:00,188,8,00 00 00 00 00 00 00 DE,python_can_virtual_baseline,011_python_can_virtual_bus,0.000027,python_can_virtual_bus_no_vehicle_no_adapter
17.000316,2026-06-04T12:19:26.171671+00:00,100,8,4A 00 00 00 00 00 00 DF,python_can_virtual_baseline,011_python_can_virtual_bus,0.000128,python_can_virtual_bus_no_vehicle_no_adapter
17.000403,2026-06-04T12:19:26.171744+00:00,188,8,00 00 00 00 00 00 00 E0,python_can_virtual_baseline,011_python_can_virtual_bus,0.000024,python_can_virtual_bus_no_vehicle_no_adapter
17.000439,2026-06-04T12:19:26.171781+00:00,300,8,EF B8 02 19 B4 49 6C 45,python_can_virtual_baseline,011_python_can_virtual_bus,0.000023,python_can_virtual_bus_no_vehicle_no_adapter
17.010208,2026-06-04T12:19:26.181562+00:00,120,8,06 3F 00 00 00 00 00 E2,python_can_virtual_baseline,011_python_can_virtual_bus,0.000113,python_can_virtual_bus_no_vehicle_no_adapter
17.050450,2026-06-04T12:19:26.221811+00:00,100,8,3F 00 00 00 00 00 00 E3,python_can_virtual_baseline,011_python_can_virtual_bus,0.000156,python_can_virtual_bus_no_vehicle_no_adapter
17.050554,2026-06-04T12:19:26.221899+00:00,188,8,00 00 00 00 00 00 00 E4,python_can_virtual_baseline,011_python_can_virtual_bus,0.000032,python_can_virtual_bus_no_vehicle_no_adapter
17.080314,2026-06-04T12:19:26.251670+00:00,120,8,06 C1 00 00 00 00 00 E5,python_can_virtual_baseline,011_python_can_virtual_bus,0.000179,python_can_virtual_bus_no_vehicle_no_adapter
17.100337,2026-06-04T12:19:26.271693+00:00,100,8,3C 00 00 00 00 00 00 E6,python_can_virtual_baseline,011_python_can_virtual_bus,0.000138,python_can_virtual_bus_no_vehicle_no_adapter
17.100448,2026-06-04T12:19:26.271790+00:00,188,8,00 00 00 00 00 00 00 E7,python_can_virtual_baseline,011_python_can_virtual_bus,0.000029,python_can_virtual_bus_no_vehicle_no_adapter
17.150342,2026-06-04T12:19:26.321698+00:00,100,8,3A 00 00 00 00 00 00 E8,python_can_virtual_baseline,011_python_can_virtual_bus,0.000148,python_can_virtual_bus_no_vehicle_no_adapter
17.150466,2026-06-04T12:19:26.321812+00:00,188,8,00 00 00 00 00 00 00 E9,python_can_virtual_baseline,011_python_can_virtual_bus,0.000067,python_can_virtual_bus_no_vehicle_no_adapter
17.150512,2026-06-04T12:19:26.321854+00:00,120,8,05 A2 00 00 00 00 00 EA,python_can_virtual_baseline,011_python_can_virtual_bus,0.000024,python_can_virtual_bus_no_vehicle_no_adapter
17.200311,2026-06-04T12:19:26.371669+00:00,100,8,44 00 00 00 00 00 00 EB,python_can_virtual_baseline,011_python_can_virtual_bus,0.000173,python_can_virtual_bus_no_vehicle_no_adapter
17.200396,2026-06-04T12:19:26.371760+00:00,188,8,00 00 00 00 00 00 00 EC,python_can_virtual_baseline,011_python_can_virtual_bus,0.000026,python_can_virtual_bus_no_vehicle_no_adapter
17.220378,2026-06-04T12:19:26.391745+00:00,120,8,06 AE 00 00 00 00 00 ED,python_can_virtual_baseline,011_python_can_virtual_bus,0.000241,python_can_virtual_bus_no_vehicle_no_adapter
17.250233,2026-06-04T12:19:26.421589+00:00,100,8,40 00 00 00 00 00 00 EE,python_can_virtual_baseline,011_python_can_virtual_bus,0.000126,python_can_virtual_bus_no_vehicle_no_adapter
17.250324,2026-06-04T12:19:26.421671+00:00,188,8,00 00 00 00 00 00 00 EF,python_can_virtual_baseline,011_python_can_virtual_bus,0.000037,python_can_virtual_bus_no_vehicle_no_adapter
17.250388,2026-06-04T12:19:26.421731+00:00,300,8,C1 B4 26 E6 60 03 4B 84,python_can_virtual_baseline,011_python_can_virtual_bus,0.000038,python_can_virtual_bus_no_vehicle_no_adapter
17.290286,2026-06-04T12:19:26.461647+00:00,120,8,06 63 00 00 00 00 00 F1,python_can_virtual_baseline,011_python_can_virtual_bus,0.000168,python_can_virtual_bus_no_vehicle_no_adapter
17.300245,2026-06-04T12:19:26.471602+00:00,100,8,47 00 00 00 00 00 00 F2,python_can_virtual_baseline,011_python_can_virtual_bus,0.000139,python_can_virtual_bus_no_vehicle_no_adapter
17.300359,2026-06-04T12:19:26.471705+00:00,188,8,00 00 00 00 00 00 00 F3,python_can_virtual_baseline,011_python_can_virtual_bus,0.000034,python_can_virtual_bus_no_vehicle_no_adapter
17.350293,2026-06-04T12:19:26.521649+00:00,100,8,3C 00 00 00 00 00 00 F4,python_can_virtual_baseline,011_python_can_virtual_bus,0.000153,python_can_virtual_bus_no_vehicle_no_adapter
17.350374,2026-06-04T12:19:26.521716+00:00,188,8,00 00 00 00 00 00 00 F5,python_can_virtual_baseline,011_python_can_virtual_bus,0.000023,python_can_virtual_bus_no_vehicle_no_adapter
17.360296,2026-06-04T12:19:26.531652+00:00,120,8,05 EE 00 00 00 00 00 F6,python_can_virtual_baseline,011_python_can_virtual_bus,0.000113,python_can_virtual_bus_no_vehicle_no_adapter
17.400319,2026-06-04T12:19:26.571675+00:00,100,8,45 00 00 00 00 00 00 F7,python_can_virtual_baseline,011_python_can_virtual_bus,0.000120,python_can_virtual_bus_no_vehicle_no_adapter
17.400396,2026-06-04T12:19:26.571738+00:00,188,8,00 00 00 00 00 00 00 F8,python_can_virtual_baseline,011_python_can_virtual_bus,0.000022,python_can_virtual_bus_no_vehicle_no_adapter
17.433338,2026-06-04T12:19:26.604698+00:00,120,8,05 9C 00 00 00 00 00 F9,python_can_virtual_baseline,011_python_can_virtual_bus,0.000150,python_can_virtual_bus_no_vehicle_no_adapter
17.450244,2026-06-04T12:19:26.621604+00:00,100,8,3A 00 00 00 00 00 00 FA,python_can_virtual_baseline,011_python_can_virtual_bus,0.000149,python_can_virtual_bus_no_vehicle_no_adapter
17.450367,2026-06-04T12:19:26.621711+00:00,188,8,00 00 00 00 00 00 00 FB,python_can_virtual_baseline,011_python_can_virtual_bus,0.000027,python_can_virtual_bus_no_vehicle_no_adapter
17.500270,2026-06-04T12:19:26.671630+00:00,100,8,45 00 00 00 00 00 00 FC,python_can_virtual_baseline,011_python_can_virtual_bus,0.000156,python_can_virtual_bus_no_vehicle_no_adapter
17.500360,2026-06-04T12:19:26.671703+00:00,188,8,00 00 00 00 00 00 00 FD,python_can_virtual_baseline,011_python_can_virtual_bus,0.000024,python_can_virtual_bus_no_vehicle_no_adapter
17.500399,2026-06-04T12:19:26.671741+00:00,120,8,06 3B 00 00 00 00 00 FE,python_can_virtual_baseline,011_python_can_virtual_bus,0.000022,python_can_virtual_bus_no_vehicle_no_adapter
17.500461,2026-06-04T12:19:26.671804+00:00,300,8,B7 B7 BD BA 25 B1 CB 59,python_can_virtual_baseline,011_python_can_virtual_bus,0.000048,python_can_virtual_bus_no_vehicle_no_adapter
17.550268,2026-06-04T12:19:26.721625+00:00,100,8,3A 00 00 00 00 00 00 00,python_can_virtual_baseline,011_python_can_virtual_bus,0.000152,python_can_virtual_bus_no_vehicle_no_adapter
17.550372,2026-06-04T12:19:26.721714+00:00,188,8,00 00 00 00 00 00 00 01,python_can_virtual_baseline,011_python_can_virtual_bus,0.000026,python_can_virtual_bus_no_vehicle_no_adapter
17.570246,2026-06-04T12:19:26.741602+00:00,120,8,05 9A 00 00 00 00 00 02,python_can_virtual_baseline,011_python_can_virtual_bus,0.000133,python_can_virtual_bus_no_vehicle_no_adapter
17.600252,2026-06-04T12:19:26.771609+00:00,100,8,46 00 00 00 00 00 00 03,python_can_virtual_baseline,011_python_can_virtual_bus,0.000138,python_can_virtual_bus_no_vehicle_no_adapter
17.600338,2026-06-04T12:19:26.771680+00:00,188,8,00 00 00 00 00 00 00 04,python_can_virtual_baseline,011_python_can_virtual_bus,0.000028,python_can_virtual_bus_no_vehicle_no_adapter
17.640361,2026-06-04T12:19:26.811718+00:00,120,8,06 57 00 00 00 00 00 05,python_can_virtual_baseline,011_python_can_virtual_bus,0.000231,python_can_virtual_bus_no_vehicle_no_adapter
17.650318,2026-06-04T12:19:26.821678+00:00,100,8,3F 00 00 00 00 00 00 06,python_can_virtual_baseline,011_python_can_virtual_bus,0.000190,python_can_virtual_bus_no_vehicle_no_adapter
17.650427,2026-06-04T12:19:26.821770+00:00,188,8,00 00 00 00 00 00 00 07,python_can_virtual_baseline,011_python_can_virtual_bus,0.000037,python_can_virtual_bus_no_vehicle_no_adapter
17.700307,2026-06-04T12:19:26.871690+00:00,100,8,3D 00 00 00 00 00 00 08,python_can_virtual_baseline,011_python_can_virtual_bus,0.000172,python_can_virtual_bus_no_vehicle_no_adapter
17.700424,2026-06-04T12:19:26.871767+00:00,188,8,00 00 00 00 00 00 00 09,python_can_virtual_baseline,011_python_can_virtual_bus,0.000028,python_can_virtual_bus_no_vehicle_no_adapter
17.710316,2026-06-04T12:19:26.881676+00:00,120,8,07 68 00 00 00 00 00 0A,python_can_virtual_baseline,011_python_can_virtual_bus,0.000189,python_can_virtual_bus_no_vehicle_no_adapter
17.750302,2026-06-04T12:19:26.921659+00:00,100,8,41 00 00 00 00 00 00 0B,python_can_virtual_baseline,011_python_can_virtual_bus,0.000126,python_can_virtual_bus_no_vehicle_no_adapter
17.750382,2026-06-04T12:19:26.921724+00:00,188,8,00 00 00 00 00 00 00 0C,python_can_virtual_baseline,011_python_can_virtual_bus,0.000023,python_can_virtual_bus_no_vehicle_no_adapter
17.750442,2026-06-04T12:19:26.921784+00:00,300,8,27 0D E0 8D E6 A9 9A 50,python_can_virtual_baseline,011_python_can_virtual_bus,0.000045,python_can_virtual_bus_no_vehicle_no_adapter
17.780276,2026-06-04T12:19:26.951633+00:00,120,8,06 43 00 00 00 00 00 0E,python_can_virtual_baseline,011_python_can_virtual_bus,0.000156,python_can_virtual_bus_no_vehicle_no_adapter
17.800280,2026-06-04T12:19:26.971636+00:00,100,8,3B 00 00 00 00 00 00 0F,python_can_virtual_baseline,011_python_can_virtual_bus,0.000164,python_can_virtual_bus_no_vehicle_no_adapter
17.800361,2026-06-04T12:19:26.971703+00:00,188,8,00 00 00 00 00 00 00 10,python_can_virtual_baseline,011_python_can_virtual_bus,0.000023,python_can_virtual_bus_no_vehicle_no_adapter
17.850298,2026-06-04T12:19:27.021654+00:00,100,8,3E 00 00 00 00 00 00 11,python_can_virtual_baseline,011_python_can_virtual_bus,0.000158,python_can_virtual_bus_no_vehicle_no_adapter
17.850376,2026-06-04T12:19:27.021718+00:00,188,8,00 00 00 00 00 00 00 12,python_can_virtual_baseline,011_python_can_virtual_bus,0.000022,python_can_virtual_bus_no_vehicle_no_adapter
17.850410,2026-06-04T12:19:27.021751+00:00,120,8,07 01 00 00 00 00 00 13,python_can_virtual_baseline,011_python_can_virtual_bus,0.000019,python_can_virtual_bus_no_vehicle_no_adapter
17.900302,2026-06-04T12:19:27.071659+00:00,100,8,3D 00 00 00 00 00 00 14,python_can_virtual_baseline,011_python_can_virtual_bus,0.000162,python_can_virtual_bus_no_vehicle_no_adapter
17.900397,2026-06-04T12:19:27.071742+00:00,188,8,00 00 00 00 00 00 00 15,python_can_virtual_baseline,011_python_can_virtual_bus,0.000035,python_can_virtual_bus_no_vehicle_no_adapter
17.920297,2026-06-04T12:19:27.091655+00:00,120,8,05 DB 00 00 00 00 00 16,python_can_virtual_baseline,011_python_can_virtual_bus,0.000174,python_can_virtual_bus_no_vehicle_no_adapter
17.950401,2026-06-04T12:19:27.121756+00:00,100,8,41 00 00 00 00 00 00 17,python_can_virtual_baseline,011_python_can_virtual_bus,0.000207,python_can_virtual_bus_no_vehicle_no_adapter
17.950497,2026-06-04T12:19:27.121841+00:00,188,8,00 00 00 00 00 00 00 18,python_can_virtual_baseline,011_python_can_virtual_bus,0.000033,python_can_virtual_bus_no_vehicle_no_adapter
17.990297,2026-06-04T12:19:27.161653+00:00,120,8,06 F6 00 00 00 00 00 19,python_can_virtual_baseline,011_python_can_virtual_bus,0.000160,python_can_virtual_bus_no_vehicle_no_adapter
18.000295,2026-06-04T12:19:27.171655+00:00,100,8,4B 00 00 00 00 00 00 1A,python_can_virtual_baseline,011_python_can_virtual_bus,0.000161,python_can_virtual_bus_no_vehicle_no_adapter
18.000398,2026-06-04T12:19:27.171740+00:00,188,8,00 00 00 00 00 00 00 1B,python_can_virtual_baseline,011_python_can_virtual_bus,0.000034,python_can_virtual_bus_no_vehicle_no_adapter
18.000448,2026-06-04T12:19:27.171789+00:00,300,8,5E 9E EE F1 2A B4 D5 9A,python_can_virtual_baseline,011_python_can_virtual_bus,0.000034,python_can_virtual_bus_no_vehicle_no_adapter
18.050295,2026-06-04T12:19:27.221657+00:00,100,8,4A 00 00 00 00 00 00 1D,python_can_virtual_baseline,011_python_can_virtual_bus,0.000178,python_can_virtual_bus_no_vehicle_no_adapter
18.050392,2026-06-04T12:19:27.221735+00:00,188,8,00 00 00 00 00 00 00 1E,python_can_virtual_baseline,011_python_can_virtual_bus,0.000030,python_can_virtual_bus_no_vehicle_no_adapter
18.060299,2026-06-04T12:19:27.231653+00:00,120,8,05 9B 00 00 00 00 00 1F,python_can_virtual_baseline,011_python_can_virtual_bus,0.000176,python_can_virtual_bus_no_vehicle_no_adapter
18.100311,2026-06-04T12:19:27.271671+00:00,100,8,3D 00 00 00 00 00 00 20,python_can_virtual_baseline,011_python_can_virtual_bus,0.000177,python_can_virtual_bus_no_vehicle_no_adapter
18.100434,2026-06-04T12:19:27.271777+00:00,188,8,00 00 00 00 00 00 00 21,python_can_virtual_baseline,011_python_can_virtual_bus,0.000055,python_can_virtual_bus_no_vehicle_no_adapter
18.130347,2026-06-04T12:19:27.301704+00:00,120,8,06 7F 00 00 00 00 00 22,python_can_virtual_baseline,011_python_can_virtual_bus,0.000151,python_can_virtual_bus_no_vehicle_no_adapter
18.150275,2026-06-04T12:19:27.321636+00:00,100,8,47 00 00 00 00 00 00 23,python_can_virtual_baseline,011_python_can_virtual_bus,0.000162,python_can_virtual_bus_no_vehicle_no_adapter
18.150362,2026-06-04T12:19:27.321704+00:00,188,8,00 00 00 00 00 00 00 24,python_can_virtual_baseline,011_python_can_virtual_bus,0.000025,python_can_virtual_bus_no_vehicle_no_adapter
18.200269,2026-06-04T12:19:27.371624+00:00,100,8,46 00 00 00 00 00 00 25,python_can_virtual_baseline,011_python_can_virtual_bus,0.000144,python_can_virtual_bus_no_vehicle_no_adapter
18.200357,2026-06-04T12:19:27.371701+00:00,188,8,00 00 00 00 00 00 00 26,python_can_virtual_baseline,011_python_can_virtual_bus,0.000036,python_can_virtual_bus_no_vehicle_no_adapter
18.200415,2026-06-04T12:19:27.371761+00:00,120,8,06 27 00 00 00 00 00 27,python_can_virtual_baseline,011_python_can_virtual_bus,0.000035,python_can_virtual_bus_no_vehicle_no_adapter
18.250319,2026-06-04T12:19:27.421681+00:00,100,8,4B 00 00 00 00 00 00 28,python_can_virtual_baseline,011_python_can_virtual_bus,0.000187,python_can_virtual_bus_no_vehicle_no_adapter
18.250407,2026-06-04T12:19:27.421749+00:00,188,8,00 00 00 00 00 00 00 29,python_can_virtual_baseline,011_python_can_virtual_bus,0.000024,python_can_virtual_bus_no_vehicle_no_adapter
18.250447,2026-06-04T12:19:27.421789+00:00,300,8,5D DF B9 87 04 31 1E A0,python_can_virtual_baseline,011_python_can_virtual_bus,0.000025,python_can_virtual_bus_no_vehicle_no_adapter
18.270352,2026-06-04T12:19:27.441710+00:00,120,8,07 67 00 00 00 00 00 2B,python_can_virtual_baseline,011_python_can_virtual_bus,0.000155,python_can_virtual_bus_no_vehicle_no_adapter
18.300376,2026-06-04T12:19:27.471730+00:00,100,8,3A 00 00 00 00 00 00 2C,python_can_virtual_baseline,011_python_can_virtual_bus,0.000254,python_can_virtual_bus_no_vehicle_no_adapter
18.300449,2026-06-04T12:19:27.471791+00:00,188,8,00 00 00 00 00 00 00 2D,python_can_virtual_baseline,011_python_can_virtual_bus,0.000023,python_can_virtual_bus_no_vehicle_no_adapter
18.340288,2026-06-04T12:19:27.511644+00:00,120,8,07 30 00 00 00 00 00 2E,python_can_virtual_baseline,011_python_can_virtual_bus,0.000161,python_can_virtual_bus_no_vehicle_no_adapter
18.350264,2026-06-04T12:19:27.521619+00:00,100,8,3B 00 00 00 00 00 00 2F,python_can_virtual_baseline,011_python_can_virtual_bus,0.000144,python_can_virtual_bus_no_vehicle_no_adapter
18.350339,2026-06-04T12:19:27.521681+00:00,188,8,00 00 00 00 00 00 00 30,python_can_virtual_baseline,011_python_can_virtual_bus,0.000022,python_can_virtual_bus_no_vehicle_no_adapter
18.400333,2026-06-04T12:19:27.571694+00:00,100,8,48 00 00 00 00 00 00 31,python_can_virtual_baseline,011_python_can_virtual_bus,0.000191,python_can_virtual_bus_no_vehicle_no_adapter
18.400448,2026-06-04T12:19:27.571794+00:00,188,8,00 00 00 00 00 00 00 32,python_can_virtual_baseline,011_python_can_virtual_bus,0.000043,python_can_virtual_bus_no_vehicle_no_adapter
18.410226,2026-06-04T12:19:27.581578+00:00,120,8,05 B4 00 00 00 00 00 33,python_can_virtual_baseline,011_python_can_virtual_bus,0.000112,python_can_virtual_bus_no_vehicle_no_adapter
18.450397,2026-06-04T12:19:27.621757+00:00,100,8,41 00 00 00 00 00 00 34,python_can_virtual_baseline,011_python_can_virtual_bus,0.000161,python_can_virtual_bus_no_vehicle_no_adapter
18.450525,2026-06-04T12:19:27.621870+00:00,188,8,00 00 00 00 00 00 00 35,python_can_virtual_baseline,011_python_can_virtual_bus,0.000033,python_can_virtual_bus_no_vehicle_no_adapter
18.480345,2026-06-04T12:19:27.651706+00:00,120,8,05 EA 00 00 00 00 00 36,python_can_virtual_baseline,011_python_can_virtual_bus,0.000203,python_can_virtual_bus_no_vehicle_no_adapter
18.500301,2026-06-04T12:19:27.671659+00:00,100,8,3C 00 00 00 00 00 00 37,python_can_virtual_baseline,011_python_can_virtual_bus,0.000189,python_can_virtual_bus_no_vehicle_no_adapter
18.500383,2026-06-04T12:19:27.671725+00:00,188,8,00 00 00 00 00 00 00 38,python_can_virtual_baseline,011_python_can_virtual_bus,0.000024,python_can_virtual_bus_no_vehicle_no_adapter
18.500420,2026-06-04T12:19:27.671762+00:00,300,8,10 B7 AD 89 A2 04 F2 09,python_can_virtual_baseline,011_python_can_virtual_bus,0.000024,python_can_virtual_bus_no_vehicle_no_adapter
18.550347,2026-06-04T12:19:27.721709+00:00,100,8,44 00 00 00 00 00 00 3A,python_can_virtual_baseline,011_python_can_virtual_bus,0.000205,python_can_virtual_bus_no_vehicle_no_adapter
18.550455,2026-06-04T12:19:27.721799+00:00,188,8,00 00 00 00 00 00 00 3B,python_can_virtual_baseline,011_python_can_virtual_bus,0.000033,python_can_virtual_bus_no_vehicle_no_adapter
18.550505,2026-06-04T12:19:27.721849+00:00,120,8,07 60 00 00 00 00 00 3C,python_can_virtual_baseline,011_python_can_virtual_bus,0.000028,python_can_virtual_bus_no_vehicle_no_adapter
18.600318,2026-06-04T12:19:27.771676+00:00,100,8,3D 00 00 00 00 00 00 3D,python_can_virtual_baseline,011_python_can_virtual_bus,0.000196,python_can_virtual_bus_no_vehicle_no_adapter
18.600423,2026-06-04T12:19:27.771767+00:00,188,8,00 00 00 00 00 00 00 3E,python_can_virtual_baseline,011_python_can_virtual_bus,0.000036,python_can_virtual_bus_no_vehicle_no_adapter
18.620229,2026-06-04T12:19:27.791583+00:00,120,8,06 F5 00 00 00 00 00 3F,python_can_virtual_baseline,011_python_can_virtual_bus,0.000139,python_can_virtual_bus_no_vehicle_no_adapter
18.650303,2026-06-04T12:19:27.821660+00:00,100,8,48 00 00 00 00 00 00 40,python_can_virtual_baseline,011_python_can_virtual_bus,0.000175,python_can_virtual_bus_no_vehicle_no_adapter
18.650407,2026-06-04T12:19:27.821749+00:00,188,8,00 00 00 00 00 00 00 41,python_can_virtual_baseline,011_python_can_virtual_bus,0.000023,python_can_virtual_bus_no_vehicle_no_adapter
18.690308,2026-06-04T12:19:27.861669+00:00,120,8,05 94 00 00 00 00 00 42,python_can_virtual_baseline,011_python_can_virtual_bus,0.000145,python_can_virtual_bus_no_vehicle_no_adapter
18.700231,2026-06-04T12:19:27.871585+00:00,100,8,40 00 00 00 00 00 00 43,python_can_virtual_baseline,011_python_can_virtual_bus,0.000126,python_can_virtual_bus_no_vehicle_no_adapter
18.700351,2026-06-04T12:19:27.871694+00:00,188,8,00 00 00 00 00 00 00 44,python_can_virtual_baseline,011_python_can_virtual_bus,0.000069,python_can_virtual_bus_no_vehicle_no_adapter
18.750324,2026-06-04T12:19:27.921686+00:00,100,8,3B 00 00 00 00 00 00 45,python_can_virtual_baseline,011_python_can_virtual_bus,0.000155,python_can_virtual_bus_no_vehicle_no_adapter
18.750428,2026-06-04T12:19:27.921772+00:00,188,8,00 00 00 00 00 00 00 46,python_can_virtual_baseline,011_python_can_virtual_bus,0.000032,python_can_virtual_bus_no_vehicle_no_adapter
18.750487,2026-06-04T12:19:27.921832+00:00,300,8,15 41 D2 B2 EE FF C3 FF,python_can_virtual_baseline,011_python_can_virtual_bus,0.000037,python_can_virtual_bus_no_vehicle_no_adapter
18.760284,2026-06-04T12:19:27.931641+00:00,120,8,07 15 00 00 00 00 00 48,python_can_virtual_baseline,011_python_can_virtual_bus,0.000158,python_can_virtual_bus_no_vehicle_no_adapter
18.800246,2026-06-04T12:19:27.971604+00:00,100,8,3A 00 00 00 00 00 00 49,python_can_virtual_baseline,011_python_can_virtual_bus,0.000148,python_can_virtual_bus_no_vehicle_no_adapter
18.800336,2026-06-04T12:19:27.971680+00:00,188,8,00 00 00 00 00 00 00 4A,python_can_virtual_baseline,011_python_can_virtual_bus,0.000029,python_can_virtual_bus_no_vehicle_no_adapter
18.830332,2026-06-04T12:19:28.001689+00:00,120,8,06 5A 00 00 00 00 00 4B,python_can_virtual_baseline,011_python_can_virtual_bus,0.000152,python_can_virtual_bus_no_vehicle_no_adapter
18.850283,2026-06-04T12:19:28.021643+00:00,100,8,3C 00 00 00 00 00 00 4C,python_can_virtual_baseline,011_python_can_virtual_bus,0.000160,python_can_virtual_bus_no_vehicle_no_adapter
18.850392,2026-06-04T12:19:28.021736+00:00,188,8,00 00 00 00 00 00 00 4D,python_can_virtual_baseline,011_python_can_virtual_bus,0.000033,python_can_virtual_bus_no_vehicle_no_adapter
18.900522,2026-06-04T12:19:28.071886+00:00,100,8,46 00 00 00 00 00 00 4E,python_can_virtual_baseline,011_python_can_virtual_bus,0.000310,python_can_virtual_bus_no_vehicle_no_adapter
18.900668,2026-06-04T12:19:28.072017+00:00,188,8,00 00 00 00 00 00 00 4F,python_can_virtual_baseline,011_python_can_virtual_bus,0.000063,python_can_virtual_bus_no_vehicle_no_adapter
18.900731,2026-06-04T12:19:28.072075+00:00,120,8,06 BD 00 00 00 00 00 50,python_can_virtual_baseline,011_python_can_virtual_bus,0.000035,python_can_virtual_bus_no_vehicle_no_adapter
18.950420,2026-06-04T12:19:28.121782+00:00,100,8,49 00 00 00 00 00 00 51,python_can_virtual_baseline,011_python_can_virtual_bus,0.000166,python_can_virtual_bus_no_vehicle_no_adapter
18.950529,2026-06-04T12:19:28.121873+00:00,188,8,00 00 00 00 00 00 00 52,python_can_virtual_baseline,011_python_can_virtual_bus,0.000033,python_can_virtual_bus_no_vehicle_no_adapter
18.970383,2026-06-04T12:19:28.141745+00:00,120,8,07 1B 00 00 00 00 00 53,python_can_virtual_baseline,011_python_can_virtual_bus,0.000164,python_can_virtual_bus_no_vehicle_no_adapter
19.000298,2026-06-04T12:19:28.171653+00:00,100,8,44 00 00 00 00 00 00 54,python_can_virtual_baseline,011_python_can_virtual_bus,0.000164,python_can_virtual_bus_no_vehicle_no_adapter
19.000378,2026-06-04T12:19:28.171720+00:00,188,8,00 00 00 00 00 00 00 55,python_can_virtual_baseline,011_python_can_virtual_bus,0.000025,python_can_virtual_bus_no_vehicle_no_adapter
19.000418,2026-06-04T12:19:28.171760+00:00,300,8,E7 FB BE 5C 25 E7 65 A9,python_can_virtual_baseline,011_python_can_virtual_bus,0.000025,python_can_virtual_bus_no_vehicle_no_adapter
19.040294,2026-06-04T12:19:28.211654+00:00,120,8,06 E1 00 00 00 00 00 57,python_can_virtual_baseline,011_python_can_virtual_bus,0.000151,python_can_virtual_bus_no_vehicle_no_adapter
19.050239,2026-06-04T12:19:28.221594+00:00,100,8,47 00 00 00 00 00 00 58,python_can_virtual_baseline,011_python_can_virtual_bus,0.000126,python_can_virtual_bus_no_vehicle_no_adapter
19.050319,2026-06-04T12:19:28.221662+00:00,188,8,00 00 00 00 00 00 00 59,python_can_virtual_baseline,011_python_can_virtual_bus,0.000027,python_can_virtual_bus_no_vehicle_no_adapter
19.100267,2026-06-04T12:19:28.271621+00:00,100,8,42 00 00 00 00 00 00 5A,python_can_virtual_baseline,011_python_can_virtual_bus,0.000133,python_can_virtual_bus_no_vehicle_no_adapter
19.100347,2026-06-04T12:19:28.271689+00:00,188,8,00 00 00 00 00 00 00 5B,python_can_virtual_baseline,011_python_can_virtual_bus,0.000029,python_can_virtual_bus_no_vehicle_no_adapter
19.110238,2026-06-04T12:19:28.281591+00:00,120,8,07 5A 00 00 00 00 00 5C,python_can_virtual_baseline,011_python_can_virtual_bus,0.000133,python_can_virtual_bus_no_vehicle_no_adapter
19.150281,2026-06-04T12:19:28.321637+00:00,100,8,48 00 00 00 00 00 00 5D,python_can_virtual_baseline,011_python_can_virtual_bus,0.000146,python_can_virtual_bus_no_vehicle_no_adapter
19.150374,2026-06-04T12:19:28.321717+00:00,188,8,00 00 00 00 00 00 00 5E,python_can_virtual_baseline,011_python_can_virtual_bus,0.000029,python_can_virtual_bus_no_vehicle_no_adapter
19.180332,2026-06-04T12:19:28.351694+00:00,120,8,07 04 00 00 00 00 00 5F,python_can_virtual_baseline,011_python_can_virtual_bus,0.000187,python_can_virtual_bus_no_vehicle_no_adapter
19.200342,2026-06-04T12:19:28.371704+00:00,100,8,3E 00 00 00 00 00 00 60,python_can_virtual_baseline,011_python_can_virtual_bus,0.000141,python_can_virtual_bus_no_vehicle_no_adapter
19.200455,2026-06-04T12:19:28.371800+00:00,188,8,00 00 00 00 00 00 00 61,python_can_virtual_baseline,011_python_can_virtual_bus,0.000040,python_can_virtual_bus_no_vehicle_no_adapter
19.250333,2026-06-04T12:19:28.421690+00:00,100,8,44 00 00 00 00 00 00 62,python_can_virtual_baseline,011_python_can_virtual_bus,0.000195,python_can_virtual_bus_no_vehicle_no_adapter
19.250420,2026-06-04T12:19:28.421762+00:00,188,8,00 00 00 00 00 00 00 63,python_can_virtual_baseline,011_python_can_virtual_bus,0.000023,python_can_virtual_bus_no_vehicle_no_adapter
19.250454,2026-06-04T12:19:28.421796+00:00,120,8,06 BA 00 00 00 00 00 64,python_can_virtual_baseline,011_python_can_virtual_bus,0.000019,python_can_virtual_bus_no_vehicle_no_adapter
19.250536,2026-06-04T12:19:28.421880+00:00,300,8,37 0D 44 68 2C 8E 16 83,python_can_virtual_baseline,011_python_can_virtual_bus,0.000045,python_can_virtual_bus_no_vehicle_no_adapter
19.300365,2026-06-04T12:19:28.471727+00:00,100,8,47 00 00 00 00 00 00 66,python_can_virtual_baseline,011_python_can_virtual_bus,0.000220,python_can_virtual_bus_no_vehicle_no_adapter
19.300474,2026-06-04T12:19:28.471816+00:00,188,8,00 00 00 00 00 00 00 67,python_can_virtual_baseline,011_python_can_virtual_bus,0.000031,python_can_virtual_bus_no_vehicle_no_adapter
19.320264,2026-06-04T12:19:28.491618+00:00,120,8,06 C8 00 00 00 00 00 68,python_can_virtual_baseline,011_python_can_virtual_bus,0.000143,python_can_virtual_bus_no_vehicle_no_adapter
19.350326,2026-06-04T12:19:28.521683+00:00,100,8,3D 00 00 00 00 00 00 69,python_can_virtual_baseline,011_python_can_virtual_bus,0.000135,python_can_virtual_bus_no_vehicle_no_adapter
19.350409,2026-06-04T12:19:28.521751+00:00,188,8,00 00 00 00 00 00 00 6A,python_can_virtual_baseline,011_python_can_virtual_bus,0.000024,python_can_virtual_bus_no_vehicle_no_adapter
19.390286,2026-06-04T12:19:28.561650+00:00,120,8,05 F6 00 00 00 00 00 6B,python_can_virtual_baseline,011_python_can_virtual_bus,0.000172,python_can_virtual_bus_no_vehicle_no_adapter
19.400267,2026-06-04T12:19:28.571623+00:00,100,8,43 00 00 00 00 00 00 6C,python_can_virtual_baseline,011_python_can_virtual_bus,0.000135,python_can_virtual_bus_no_vehicle_no_adapter
19.400346,2026-06-04T12:19:28.571688+00:00,188,8,00 00 00 00 00 00 00 6D,python_can_virtual_baseline,011_python_can_virtual_bus,0.000026,python_can_virtual_bus_no_vehicle_no_adapter
19.450290,2026-06-04T12:19:28.621647+00:00,100,8,3C 00 00 00 00 00 00 6E,python_can_virtual_baseline,011_python_can_virtual_bus,0.000168,python_can_virtual_bus_no_vehicle_no_adapter
19.450373,2026-06-04T12:19:28.621714+00:00,188,8,00 00 00 00 00 00 00 6F,python_can_virtual_baseline,011_python_can_virtual_bus,0.000023,python_can_virtual_bus_no_vehicle_no_adapter
19.460264,2026-06-04T12:19:28.631624+00:00,120,8,05 9C 00 00 00 00 00 70,python_can_virtual_baseline,011_python_can_virtual_bus,0.000149,python_can_virtual_bus_no_vehicle_no_adapter
19.500372,2026-06-04T12:19:28.671733+00:00,100,8,49 00 00 00 00 00 00 71,python_can_virtual_baseline,011_python_can_virtual_bus,0.000186,python_can_virtual_bus_no_vehicle_no_adapter
19.500470,2026-06-04T12:19:28.671813+00:00,188,8,00 00 00 00 00 00 00 72,python_can_virtual_baseline,011_python_can_virtual_bus,0.000028,python_can_virtual_bus_no_vehicle_no_adapter
19.500515,2026-06-04T12:19:28.671858+00:00,300,8,BD F6 80 DC E6 E6 2E 30,python_can_virtual_baseline,011_python_can_virtual_bus,0.000028,python_can_virtual_bus_no_vehicle_no_adapter
19.530281,2026-06-04T12:19:28.701638+00:00,120,8,06 39 00 00 00 00 00 74,python_can_virtual_baseline,011_python_can_virtual_bus,0.000167,python_can_virtual_bus_no_vehicle_no_adapter
19.550412,2026-06-04T12:19:28.721774+00:00,100,8,42 00 00 00 00 00 00 75,python_can_virtual_baseline,011_python_can_virtual_bus,0.000195,python_can_virtual_bus_no_vehicle_no_adapter
19.550546,2026-06-04T12:19:28.721891+00:00,188,8,00 00 00 00 00 00 00 76,python_can_virtual_baseline,011_python_can_virtual_bus,0.000059,python_can_virtual_bus_no_vehicle_no_adapter
19.600319,2026-06-04T12:19:28.771680+00:00,100,8,3A 00 00 00 00 00 00 77,python_can_virtual_baseline,011_python_can_virtual_bus,0.000147,python_can_virtual_bus_no_vehicle_no_adapter
19.600427,2026-06-04T12:19:28.771771+00:00,188,8,00 00 00 00 00 00 00 78,python_can_virtual_baseline,011_python_can_virtual_bus,0.000033,python_can_virtual_bus_no_vehicle_no_adapter
19.600478,2026-06-04T12:19:28.771823+00:00,120,8,05 B4 00 00 00 00 00 79,python_can_virtual_baseline,011_python_can_virtual_bus,0.000028,python_can_virtual_bus_no_vehicle_no_adapter
19.650398,2026-06-04T12:19:28.821756+00:00,100,8,3E 00 00 00 00 00 00 7A,python_can_virtual_baseline,011_python_can_virtual_bus,0.000195,python_can_virtual_bus_no_vehicle_no_adapter
19.650541,2026-06-04T12:19:28.821885+00:00,188,8,00 00 00 00 00 00 00 7B,python_can_virtual_baseline,011_python_can_virtual_bus,0.000080,python_can_virtual_bus_no_vehicle_no_adapter
19.670364,2026-06-04T12:19:28.841728+00:00,120,8,05 7C 00 00 00 00 00 7C,python_can_virtual_baseline,011_python_can_virtual_bus,0.000244,python_can_virtual_bus_no_vehicle_no_adapter
19.700295,2026-06-04T12:19:28.871659+00:00,100,8,44 00 00 00 00 00 00 7D,python_can_virtual_baseline,011_python_can_virtual_bus,0.000182,python_can_virtual_bus_no_vehicle_no_adapter
19.700467,2026-06-04T12:19:28.871811+00:00,188,8,00 00 00 00 00 00 00 7E,python_can_virtual_baseline,011_python_can_virtual_bus,0.000053,python_can_virtual_bus_no_vehicle_no_adapter
19.740347,2026-06-04T12:19:28.911708+00:00,120,8,06 91 00 00 00 00 00 7F,python_can_virtual_baseline,011_python_can_virtual_bus,0.000216,python_can_virtual_bus_no_vehicle_no_adapter
19.750268,2026-06-04T12:19:28.921625+00:00,100,8,47 00 00 00 00 00 00 80,python_can_virtual_baseline,011_python_can_virtual_bus,0.000156,python_can_virtual_bus_no_vehicle_no_adapter
19.750351,2026-06-04T12:19:28.921693+00:00,188,8,00 00 00 00 00 00 00 81,python_can_virtual_baseline,011_python_can_virtual_bus,0.000026,python_can_virtual_bus_no_vehicle_no_adapter
19.750389,2026-06-04T12:19:28.921730+00:00,300,8,BF C7 86 F2 58 2B 48 53,python_can_virtual_baseline,011_python_can_virtual_bus,0.000025,python_can_virtual_bus_no_vehicle_no_adapter
19.800331,2026-06-04T12:19:28.971692+00:00,100,8,3E 00 00 00 00 00 00 83,python_can_virtual_baseline,011_python_can_virtual_bus,0.000190,python_can_virtual_bus_no_vehicle_no_adapter
19.800433,2026-06-04T12:19:28.971777+00:00,188,8,00 00 00 00 00 00 00 84,python_can_virtual_baseline,011_python_can_virtual_bus,0.000030,python_can_virtual_bus_no_vehicle_no_adapter
19.810365,2026-06-04T12:19:28.981722+00:00,120,8,06 E9 00 00 00 00 00 85,python_can_virtual_baseline,011_python_can_virtual_bus,0.000150,python_can_virtual_bus_no_vehicle_no_adapter
19.850400,2026-06-04T12:19:29.021761+00:00,100,8,49 00 00 00 00 00 00 86,python_can_virtual_baseline,011_python_can_virtual_bus,0.000184,python_can_virtual_bus_no_vehicle_no_adapter
19.850500,2026-06-04T12:19:29.021845+00:00,188,8,00 00 00 00 00 00 00 87,python_can_virtual_baseline,011_python_can_virtual_bus,0.000032,python_can_virtual_bus_no_vehicle_no_adapter
19.880366,2026-06-04T12:19:29.051724+00:00,120,8,05 9F 00 00 00 00 00 88,python_can_virtual_baseline,011_python_can_virtual_bus,0.000161,python_can_virtual_bus_no_vehicle_no_adapter
19.900319,2026-06-04T12:19:29.071685+00:00,100,8,3A 00 00 00 00 00 00 89,python_can_virtual_baseline,011_python_can_virtual_bus,0.000180,python_can_virtual_bus_no_vehicle_no_adapter
19.900443,2026-06-04T12:19:29.071786+00:00,188,8,00 00 00 00 00 00 00 8A,python_can_virtual_baseline,011_python_can_virtual_bus,0.000042,python_can_virtual_bus_no_vehicle_no_adapter
19.950351,2026-06-04T12:19:29.121713+00:00,100,8,41 00 00 00 00 00 00 8B,python_can_virtual_baseline,011_python_can_virtual_bus,0.000206,python_can_virtual_bus_no_vehicle_no_adapter
19.950453,2026-06-04T12:19:29.121797+00:00,188,8,00 00 00 00 00 00 00 8C,python_can_virtual_baseline,011_python_can_virtual_bus,0.000030,python_can_virtual_bus_no_vehicle_no_adapter
19.950500,2026-06-04T12:19:29.121843+00:00,120,8,05 87 00 00 00 00 00 8D,python_can_virtual_baseline,011_python_can_virtual_bus,0.000026,python_can_virtual_bus_no_vehicle_no_adapter
20.000289,2026-06-04T12:19:29.171646+00:00,100,8,3B 00 00 00 00 00 00 8E,python_can_virtual_baseline,011_python_can_virtual_bus,0.000151,python_can_virtual_bus_no_vehicle_no_adapter
20.000374,2026-06-04T12:19:29.171716+00:00,188,8,00 00 00 00 00 00 00 8F,python_can_virtual_baseline,011_python_can_virtual_bus,0.000025,python_can_virtual_bus_no_vehicle_no_adapter
20.000421,2026-06-04T12:19:29.171763+00:00,300,8,DC 6F 51 4E 24 3B 5C B7,python_can_virtual_baseline,011_python_can_virtual_bus,0.000033,python_can_virtual_bus_no_vehicle_no_adapter
20.020382,2026-06-04T12:19:29.191739+00:00,120,8,05 79 00 00 00 00 00 91,python_can_virtual_baseline,011_python_can_virtual_bus,0.000169,python_can_virtual_bus_no_vehicle_no_adapter
20.050322,2026-06-04T12:19:29.221679+00:00,100,8,40 00 00 00 00 00 00 92,python_can_virtual_baseline,011_python_can_virtual_bus,0.000177,python_can_virtual_bus_no_vehicle_no_adapter
20.050406,2026-06-04T12:19:29.221748+00:00,188,8,00 00 00 00 00 00 00 93,python_can_virtual_baseline,011_python_can_virtual_bus,0.000022,python_can_virtual_bus_no_vehicle_no_adapter
20.090417,2026-06-04T12:19:29.261775+00:00,120,8,06 23 00 00 00 00 00 94,python_can_virtual_baseline,011_python_can_virtual_bus,0.000178,python_can_virtual_bus_no_vehicle_no_adapter
20.100295,2026-06-04T12:19:29.271650+00:00,100,8,46 00 00 00 00 00 00 95,python_can_virtual_baseline,011_python_can_virtual_bus,0.000160,python_can_virtual_bus_no_vehicle_no_adapter
20.100379,2026-06-04T12:19:29.271742+00:00,188,8,00 00 00 00 00 00 00 96,python_can_virtual_baseline,011_python_can_virtual_bus,0.000029,python_can_virtual_bus_no_vehicle_no_adapter
20.150371,2026-06-04T12:19:29.321731+00:00,100,8,3D 00 00 00 00 00 00 97,python_can_virtual_baseline,011_python_can_virtual_bus,0.000165,python_can_virtual_bus_no_vehicle_no_adapter
20.150503,2026-06-04T12:19:29.321848+00:00,188,8,00 00 00 00 00 00 00 98,python_can_virtual_baseline,011_python_can_virtual_bus,0.000035,python_can_virtual_bus_no_vehicle_no_adapter
20.160503,2026-06-04T12:19:29.331860+00:00,120,8,07 08 00 00 00 00 00 99,python_can_virtual_baseline,011_python_can_virtual_bus,0.000275,python_can_virtual_bus_no_vehicle_no_adapter
20.200419,2026-06-04T12:19:29.371782+00:00,100,8,4A 00 00 00 00 00 00 9A,python_can_virtual_baseline,011_python_can_virtual_bus,0.000169,python_can_virtual_bus_no_vehicle_no_adapter
20.200527,2026-06-04T12:19:29.371871+00:00,188,8,00 00 00 00 00 00 00 9B,python_can_virtual_baseline,011_python_can_virtual_bus,0.000032,python_can_virtual_bus_no_vehicle_no_adapter
20.230400,2026-06-04T12:19:29.401762+00:00,120,8,06 92 00 00 00 00 00 9C,python_can_virtual_baseline,011_python_can_virtual_bus,0.000174,python_can_virtual_bus_no_vehicle_no_adapter
20.250365,2026-06-04T12:19:29.421725+00:00,100,8,41 00 00 00 00 00 00 9D,python_can_virtual_baseline,011_python_can_virtual_bus,0.000169,python_can_virtual_bus_no_vehicle_no_adapter
20.250473,2026-06-04T12:19:29.421816+00:00,188,8,00 00 00 00 00 00 00 9E,python_can_virtual_baseline,011_python_can_virtual_bus,0.000043,python_can_virtual_bus_no_vehicle_no_adapter
20.250525,2026-06-04T12:19:29.421867+00:00,300,8,D8 9B 34 3B 42 A1 16 6B,python_can_virtual_baseline,011_python_can_virtual_bus,0.000034,python_can_virtual_bus_no_vehicle_no_adapter
20.300380,2026-06-04T12:19:29.471745+00:00,100,8,3A 00 00 00 00 00 00 A0,python_can_virtual_baseline,011_python_can_virtual_bus,0.000178,python_can_virtual_bus_no_vehicle_no_adapter
20.300519,2026-06-04T12:19:29.471864+00:00,188,8,00 00 00 00 00 00 00 A1,python_can_virtual_baseline,011_python_can_virtual_bus,0.000053,python_can_virtual_bus_no_vehicle_no_adapter
20.300585,2026-06-04T12:19:29.471929+00:00,120,8,07 13 00 00 00 00 00 A2,python_can_virtual_baseline,011_python_can_virtual_bus,0.000037,python_can_virtual_bus_no_vehicle_no_adapter
20.350269,2026-06-04T12:19:29.521627+00:00,100,8,46 00 00 00 00 00 00 A3,python_can_virtual_baseline,011_python_can_virtual_bus,0.000160,python_can_virtual_bus_no_vehicle_no_adapter
20.350371,2026-06-04T12:19:29.521713+00:00,188,8,00 00 00 00 00 00 00 A4,python_can_virtual_baseline,011_python_can_virtual_bus,0.000043,python_can_virtual_bus_no_vehicle_no_adapter
20.370298,2026-06-04T12:19:29.541655+00:00,120,8,05 88 00 00 00 00 00 A5,python_can_virtual_baseline,011_python_can_virtual_bus,0.000160,python_can_virtual_bus_no_vehicle_no_adapter
20.400327,2026-06-04T12:19:29.571683+00:00,100,8,44 00 00 00 00 00 00 A6,python_can_virtual_baseline,011_python_can_virtual_bus,0.000133,python_can_virtual_bus_no_vehicle_no_adapter
20.400410,2026-06-04T12:19:29.571752+00:00,188,8,00 00 00 00 00 00 00 A7,python_can_virtual_baseline,011_python_can_virtual_bus,0.000024,python_can_virtual_bus_no_vehicle_no_adapter
20.440405,2026-06-04T12:19:29.611773+00:00,120,8,06 16 00 00 00 00 00 A8,python_can_virtual_baseline,011_python_can_virtual_bus,0.000216,python_can_virtual_bus_no_vehicle_no_adapter
20.450345,2026-06-04T12:19:29.621706+00:00,100,8,45 00 00 00 00 00 00 A9,python_can_virtual_baseline,011_python_can_virtual_bus,0.000152,python_can_virtual_bus_no_vehicle_no_adapter
20.450492,2026-06-04T12:19:29.621836+00:00,188,8,00 00 00 00 00 00 00 AA,python_can_virtual_baseline,011_python_can_virtual_bus,0.000035,python_can_virtual_bus_no_vehicle_no_adapter
20.500265,2026-06-04T12:19:29.671621+00:00,100,8,47 00 00 00 00 00 00 AB,python_can_virtual_baseline,011_python_can_virtual_bus,0.000151,python_can_virtual_bus_no_vehicle_no_adapter
20.500386,2026-06-04T12:19:29.671729+00:00,188,8,00 00 00 00 00 00 00 AC,python_can_virtual_baseline,011_python_can_virtual_bus,0.000026,python_can_virtual_bus_no_vehicle_no_adapter
20.500429,2026-06-04T12:19:29.671776+00:00,300,8,39 84 B0 16 D5 35 5A A6,python_can_virtual_baseline,011_python_can_virtual_bus,0.000025,python_can_virtual_bus_no_vehicle_no_adapter
20.510250,2026-06-04T12:19:29.681602+00:00,120,8,06 71 00 00 00 00 00 AE,python_can_virtual_baseline,011_python_can_virtual_bus,0.000146,python_can_virtual_bus_no_vehicle_no_adapter
20.550439,2026-06-04T12:19:29.721802+00:00,100,8,3C 00 00 00 00 00 00 AF,python_can_virtual_baseline,011_python_can_virtual_bus,0.000297,python_can_virtual_bus_no_vehicle_no_adapter
20.550544,2026-06-04T12:19:29.721889+00:00,188,8,00 00 00 00 00 00 00 B0,python_can_virtual_baseline,011_python_can_virtual_bus,0.000034,python_can_virtual_bus_no_vehicle_no_adapter
20.580339,2026-06-04T12:19:29.751696+00:00,120,8,07 0D 00 00 00 00 00 B1,python_can_virtual_baseline,011_python_can_virtual_bus,0.000153,python_can_virtual_bus_no_vehicle_no_adapter
20.600330,2026-06-04T12:19:29.771689+00:00,100,8,47 00 00 00 00 00 00 B2,python_can_virtual_baseline,011_python_can_virtual_bus,0.000140,python_can_virtual_bus_no_vehicle_no_adapter
20.600455,2026-06-04T12:19:29.771799+00:00,188,8,00 00 00 00 00 00 00 B3,python_can_virtual_baseline,011_python_can_virtual_bus,0.000032,python_can_virtual_bus_no_vehicle_no_adapter
20.650277,2026-06-04T12:19:29.821634+00:00,100,8,46 00 00 00 00 00 00 B4,python_can_virtual_baseline,011_python_can_virtual_bus,0.000146,python_can_virtual_bus_no_vehicle_no_adapter
20.650355,2026-06-04T12:19:29.821697+00:00,188,8,00 00 00 00 00 00 00 B5,python_can_virtual_baseline,011_python_can_virtual_bus,0.000023,python_can_virtual_bus_no_vehicle_no_adapter
20.650386,2026-06-04T12:19:29.821727+00:00,120,8,06 FE 00 00 00 00 00 B6,python_can_virtual_baseline,011_python_can_virtual_bus,0.000018,python_can_virtual_bus_no_vehicle_no_adapter
20.700271,2026-06-04T12:19:29.871628+00:00,100,8,40 00 00 00 00 00 00 B7,python_can_virtual_baseline,011_python_can_virtual_bus,0.000145,python_can_virtual_bus_no_vehicle_no_adapter
20.700349,2026-06-04T12:19:29.871691+00:00,188,8,00 00 00 00 00 00 00 B8,python_can_virtual_baseline,011_python_can_virtual_bus,0.000022,python_can_virtual_bus_no_vehicle_no_adapter
20.720483,2026-06-04T12:19:29.891846+00:00,120,8,05 DD 00 00 00 00 00 B9,python_can_virtual_baseline,011_python_can_virtual_bus,0.000217,python_can_virtual_bus_no_vehicle_no_adapter
20.750397,2026-06-04T12:19:29.921758+00:00,100,8,46 00 00 00 00 00 00 BA,python_can_virtual_baseline,011_python_can_virtual_bus,0.000150,python_can_virtual_bus_no_vehicle_no_adapter
20.750486,2026-06-04T12:19:29.921828+00:00,188,8,00 00 00 00 00 00 00 BB,python_can_virtual_baseline,011_python_can_virtual_bus,0.000027,python_can_virtual_bus_no_vehicle_no_adapter
20.750525,2026-06-04T12:19:29.921867+00:00,300,8,1E 5A 2C E1 89 1B C3 10,python_can_virtual_baseline,011_python_can_virtual_bus,0.000026,python_can_virtual_bus_no_vehicle_no_adapter
20.790345,2026-06-04T12:19:29.961704+00:00,120,8,06 70 00 00 00 00 00 BD,python_can_virtual_baseline,011_python_can_virtual_bus,0.000151,python_can_virtual_bus_no_vehicle_no_adapter
20.800299,2026-06-04T12:19:29.971654+00:00,100,8,3A 00 00 00 00 00 00 BE,python_can_virtual_baseline,011_python_can_virtual_bus,0.000174,python_can_virtual_bus_no_vehicle_no_adapter
20.800417,2026-06-04T12:19:29.971763+00:00,188,8,00 00 00 00 00 00 00 BF,python_can_virtual_baseline,011_python_can_virtual_bus,0.000033,python_can_virtual_bus_no_vehicle_no_adapter
20.850381,2026-06-04T12:19:30.021746+00:00,100,8,3C 00 00 00 00 00 00 C0,python_can_virtual_baseline,011_python_can_virtual_bus,0.000166,python_can_virtual_bus_no_vehicle_no_adapter
20.850505,2026-06-04T12:19:30.021851+00:00,188,8,00 00 00 00 00 00 00 C1,python_can_virtual_baseline,011_python_can_virtual_bus,0.000039,python_can_virtual_bus_no_vehicle_no_adapter
20.860373,2026-06-04T12:19:30.031734+00:00,120,8,06 5A 00 00 00 00 00 C2,python_can_virtual_baseline,011_python_can_virtual_bus,0.000165,python_can_virtual_bus_no_vehicle_no_adapter
20.900303,2026-06-04T12:19:30.071659+00:00,100,8,3B 00 00 00 00 00 00 C3,python_can_virtual_baseline,011_python_can_virtual_bus,0.000165,python_can_virtual_bus_no_vehicle_no_adapter
20.900383,2026-06-04T12:19:30.071725+00:00,188,8,00 00 00 00 00 00 00 C4,python_can_virtual_baseline,011_python_can_virtual_bus,0.000023,python_can_virtual_bus_no_vehicle_no_adapter
20.930352,2026-06-04T12:19:30.101710+00:00,120,8,06 BC 00 00 00 00 00 C5,python_can_virtual_baseline,011_python_can_virtual_bus,0.000156,python_can_virtual_bus_no_vehicle_no_adapter
20.950338,2026-06-04T12:19:30.121700+00:00,100,8,3E 00 00 00 00 00 00 C6,python_can_virtual_baseline,011_python_can_virtual_bus,0.000196,python_can_virtual_bus_no_vehicle_no_adapter
20.950448,2026-06-04T12:19:30.121794+00:00,188,8,00 00 00 00 00 00 00 C7,python_can_virtual_baseline,011_python_can_virtual_bus,0.000037,python_can_virtual_bus_no_vehicle_no_adapter
21.000263,2026-06-04T12:19:30.171619+00:00,100,8,40 00 00 00 00 00 00 C8,python_can_virtual_baseline,011_python_can_virtual_bus,0.000142,python_can_virtual_bus_no_vehicle_no_adapter
21.000361,2026-06-04T12:19:30.171703+00:00,188,8,00 00 00 00 00 00 00 C9,python_can_virtual_baseline,011_python_can_virtual_bus,0.000028,python_can_virtual_bus_no_vehicle_no_adapter
21.000400,2026-06-04T12:19:30.171741+00:00,120,8,06 A0 00 00 00 00 00 CA,python_can_virtual_baseline,011_python_can_virtual_bus,0.000023,python_can_virtual_bus_no_vehicle_no_adapter
21.000461,2026-06-04T12:19:30.171802+00:00,300,8,AC A3 7C C0 95 C3 22 55,python_can_virtual_baseline,011_python_can_virtual_bus,0.000028,python_can_virtual_bus_no_vehicle_no_adapter
21.050352,2026-06-04T12:19:30.221713+00:00,100,8,4A 00 00 00 00 00 00 CC,python_can_virtual_baseline,011_python_can_virtual_bus,0.000157,python_can_virtual_bus_no_vehicle_no_adapter
21.050457,2026-06-04T12:19:30.221802+00:00,188,8,00 00 00 00 00 00 00 CD,python_can_virtual_baseline,011_python_can_virtual_bus,0.000034,python_can_virtual_bus_no_vehicle_no_adapter
21.070255,2026-06-04T12:19:30.241611+00:00,120,8,07 17 00 00 00 00 00 CE,python_can_virtual_baseline,011_python_can_virtual_bus,0.000145,python_can_virtual_bus_no_vehicle_no_adapter
21.100320,2026-06-04T12:19:30.271704+00:00,100,8,3E 00 00 00 00 00 00 CF,python_can_virtual_baseline,011_python_can_virtual_bus,0.000181,python_can_virtual_bus_no_vehicle_no_adapter
21.100441,2026-06-04T12:19:30.271785+00:00,188,8,00 00 00 00 00 00 00 D0,python_can_virtual_baseline,011_python_can_virtual_bus,0.000030,python_can_virtual_bus_no_vehicle_no_adapter
21.140334,2026-06-04T12:19:30.311694+00:00,120,8,07 32 00 00 00 00 00 D1,python_can_virtual_baseline,011_python_can_virtual_bus,0.000191,python_can_virtual_bus_no_vehicle_no_adapter
21.150350,2026-06-04T12:19:30.321709+00:00,100,8,3E 00 00 00 00 00 00 D2,python_can_virtual_baseline,011_python_can_virtual_bus,0.000151,python_can_virtual_bus_no_vehicle_no_adapter
21.150448,2026-06-04T12:19:30.321792+00:00,188,8,00 00 00 00 00 00 00 D3,python_can_virtual_baseline,011_python_can_virtual_bus,0.000029,python_can_virtual_bus_no_vehicle_no_adapter
21.200320,2026-06-04T12:19:30.371680+00:00,100,8,46 00 00 00 00 00 00 D4,python_can_virtual_baseline,011_python_can_virtual_bus,0.000185,python_can_virtual_bus_no_vehicle_no_adapter
21.200421,2026-06-04T12:19:30.371765+00:00,188,8,00 00 00 00 00 00 00 D5,python_can_virtual_baseline,011_python_can_virtual_bus,0.000030,python_can_virtual_bus_no_vehicle_no_adapter
21.210299,2026-06-04T12:19:30.381654+00:00,120,8,06 EC 00 00 00 00 00 D6,python_can_virtual_baseline,011_python_can_virtual_bus,0.000126,python_can_virtual_bus_no_vehicle_no_adapter
21.250357,2026-06-04T12:19:30.421713+00:00,100,8,46 00 00 00 00 00 00 D7,python_can_virtual_baseline,011_python_can_virtual_bus,0.000148,python_can_virtual_bus_no_vehicle_no_adapter
21.250436,2026-06-04T12:19:30.421778+00:00,188,8,00 00 00 00 00 00 00 D8,python_can_virtual_baseline,011_python_can_virtual_bus,0.000023,python_can_virtual_bus_no_vehicle_no_adapter
21.250473,2026-06-04T12:19:30.421815+00:00,300,8,8E CA 38 7D 81 09 CE 78,python_can_virtual_baseline,011_python_can_virtual_bus,0.000023,python_can_virtual_bus_no_vehicle_no_adapter
21.280286,2026-06-04T12:19:30.451641+00:00,120,8,06 2D 00 00 00 00 00 DA,python_can_virtual_baseline,011_python_can_virtual_bus,0.000163,python_can_virtual_bus_no_vehicle_no_adapter
21.300250,2026-06-04T12:19:30.471617+00:00,100,8,47 00 00 00 00 00 00 DB,python_can_virtual_baseline,011_python_can_virtual_bus,0.000141,python_can_virtual_bus_no_vehicle_no_adapter
21.300391,2026-06-04T12:19:30.471733+00:00,188,8,00 00 00 00 00 00 00 DC,python_can_virtual_baseline,011_python_can_virtual_bus,0.000025,python_can_virtual_bus_no_vehicle_no_adapter
21.350305,2026-06-04T12:19:30.521664+00:00,100,8,40 00 00 00 00 00 00 DD,python_can_virtual_baseline,011_python_can_virtual_bus,0.000160,python_can_virtual_bus_no_vehicle_no_adapter
21.350401,2026-06-04T12:19:30.521743+00:00,188,8,00 00 00 00 00 00 00 DE,python_can_virtual_baseline,011_python_can_virtual_bus,0.000034,python_can_virtual_bus_no_vehicle_no_adapter
21.350436,2026-06-04T12:19:30.521778+00:00,120,8,06 61 00 00 00 00 00 DF,python_can_virtual_baseline,011_python_can_virtual_bus,0.000020,python_can_virtual_bus_no_vehicle_no_adapter
21.400288,2026-06-04T12:19:30.571644+00:00,100,8,46 00 00 00 00 00 00 E0,python_can_virtual_baseline,011_python_can_virtual_bus,0.000166,python_can_virtual_bus_no_vehicle_no_adapter
21.400368,2026-06-04T12:19:30.571710+00:00,188,8,00 00 00 00 00 00 00 E1,python_can_virtual_baseline,011_python_can_virtual_bus,0.000023,python_can_virtual_bus_no_vehicle_no_adapter
21.420323,2026-06-04T12:19:30.591679+00:00,120,8,06 B7 00 00 00 00 00 E2,python_can_virtual_baseline,011_python_can_virtual_bus,0.000130,python_can_virtual_bus_no_vehicle_no_adapter
21.450370,2026-06-04T12:19:30.621733+00:00,100,8,45 00 00 00 00 00 00 E3,python_can_virtual_baseline,011_python_can_virtual_bus,0.000162,python_can_virtual_bus_no_vehicle_no_adapter
21.450512,2026-06-04T12:19:30.621855+00:00,188,8,00 00 00 00 00 00 00 E4,python_can_virtual_baseline,011_python_can_virtual_bus,0.000061,python_can_virtual_bus_no_vehicle_no_adapter
21.490353,2026-06-04T12:19:30.661711+00:00,120,8,06 B6 00 00 00 00 00 E5,python_can_virtual_baseline,011_python_can_virtual_bus,0.000159,python_can_virtual_bus_no_vehicle_no_adapter
21.500188,2026-06-04T12:19:30.671540+00:00,100,8,4B 00 00 00 00 00 00 E6,python_can_virtual_baseline,011_python_can_virtual_bus,0.000092,python_can_virtual_bus_no_vehicle_no_adapter
21.500272,2026-06-04T12:19:30.671614+00:00,188,8,00 00 00 00 00 00 00 E7,python_can_virtual_baseline,011_python_can_virtual_bus,0.000043,python_can_virtual_bus_no_vehicle_no_adapter
21.500320,2026-06-04T12:19:30.671666+00:00,300,8,FD 9C 81 87 26 6E 33 F3,python_can_virtual_baseline,011_python_can_virtual_bus,0.000035,python_can_virtual_bus_no_vehicle_no_adapter
21.550309,2026-06-04T12:19:30.721672+00:00,100,8,3A 00 00 00 00 00 00 E9,python_can_virtual_baseline,011_python_can_virtual_bus,0.000194,python_can_virtual_bus_no_vehicle_no_adapter
21.550410,2026-06-04T12:19:30.721753+00:00,188,8,00 00 00 00 00 00 00 EA,python_can_virtual_baseline,011_python_can_virtual_bus,0.000027,python_can_virtual_bus_no_vehicle_no_adapter
21.560277,2026-06-04T12:19:30.731656+00:00,120,8,06 E8 00 00 00 00 00 EB,python_can_virtual_baseline,011_python_can_virtual_bus,0.000139,python_can_virtual_bus_no_vehicle_no_adapter
21.600250,2026-06-04T12:19:30.771613+00:00,100,8,4A 00 00 00 00 00 00 EC,python_can_virtual_baseline,011_python_can_virtual_bus,0.000140,python_can_virtual_bus_no_vehicle_no_adapter
21.600347,2026-06-04T12:19:30.771689+00:00,188,8,00 00 00 00 00 00 00 ED,python_can_virtual_baseline,011_python_can_virtual_bus,0.000028,python_can_virtual_bus_no_vehicle_no_adapter
21.630382,2026-06-04T12:19:30.801743+00:00,120,8,07 21 00 00 00 00 00 EE,python_can_virtual_baseline,011_python_can_virtual_bus,0.000160,python_can_virtual_bus_no_vehicle_no_adapter
21.650338,2026-06-04T12:19:30.821699+00:00,100,8,3E 00 00 00 00 00 00 EF,python_can_virtual_baseline,011_python_can_virtual_bus,0.000205,python_can_virtual_bus_no_vehicle_no_adapter
21.650440,2026-06-04T12:19:30.821784+00:00,188,8,00 00 00 00 00 00 00 F0,python_can_virtual_baseline,011_python_can_virtual_bus,0.000030,python_can_virtual_bus_no_vehicle_no_adapter
21.700310,2026-06-04T12:19:30.871671+00:00,100,8,49 00 00 00 00 00 00 F1,python_can_virtual_baseline,011_python_can_virtual_bus,0.000181,python_can_virtual_bus_no_vehicle_no_adapter
21.700408,2026-06-04T12:19:30.871752+00:00,188,8,00 00 00 00 00 00 00 F2,python_can_virtual_baseline,011_python_can_virtual_bus,0.000029,python_can_virtual_bus_no_vehicle_no_adapter
21.700456,2026-06-04T12:19:30.871800+00:00,120,8,06 71 00 00 00 00 00 F3,python_can_virtual_baseline,011_python_can_virtual_bus,0.000029,python_can_virtual_bus_no_vehicle_no_adapter
21.750257,2026-06-04T12:19:30.921615+00:00,100,8,3F 00 00 00 00 00 00 F4,python_can_virtual_baseline,011_python_can_virtual_bus,0.000138,python_can_virtual_bus_no_vehicle_no_adapter
21.750342,2026-06-04T12:19:30.921684+00:00,188,8,00 00 00 00 00 00 00 F5,python_can_virtual_baseline,011_python_can_virtual_bus,0.000024,python_can_virtual_bus_no_vehicle_no_adapter
21.750386,2026-06-04T12:19:30.921728+00:00,300,8,9C 3D AE 71 5B 09 C7 A6,python_can_virtual_baseline,011_python_can_virtual_bus,0.000029,python_can_virtual_bus_no_vehicle_no_adapter
21.770336,2026-06-04T12:19:30.941698+00:00,120,8,06 25 00 00 00 00 00 F7,python_can_virtual_baseline,011_python_can_virtual_bus,0.000158,python_can_virtual_bus_no_vehicle_no_adapter
21.800234,2026-06-04T12:19:30.971589+00:00,100,8,44 00 00 00 00 00 00 F8,python_can_virtual_baseline,011_python_can_virtual_bus,0.000135,python_can_virtual_bus_no_vehicle_no_adapter
21.800310,2026-06-04T12:19:30.971652+00:00,188,8,00 00 00 00 00 00 00 F9,python_can_virtual_baseline,011_python_can_virtual_bus,0.000023,python_can_virtual_bus_no_vehicle_no_adapter
21.840350,2026-06-04T12:19:31.011712+00:00,120,8,06 93 00 00 00 00 00 FA,python_can_virtual_baseline,011_python_can_virtual_bus,0.000158,python_can_virtual_bus_no_vehicle_no_adapter
21.850265,2026-06-04T12:19:31.021622+00:00,100,8,46 00 00 00 00 00 00 FB,python_can_virtual_baseline,011_python_can_virtual_bus,0.000148,python_can_virtual_bus_no_vehicle_no_adapter
21.850345,2026-06-04T12:19:31.021686+00:00,188,8,00 00 00 00 00 00 00 FC,python_can_virtual_baseline,011_python_can_virtual_bus,0.000022,python_can_virtual_bus_no_vehicle_no_adapter
21.900246,2026-06-04T12:19:31.071606+00:00,100,8,44 00 00 00 00 00 00 FD,python_can_virtual_baseline,011_python_can_virtual_bus,0.000148,python_can_virtual_bus_no_vehicle_no_adapter
21.900371,2026-06-04T12:19:31.071716+00:00,188,8,00 00 00 00 00 00 00 FE,python_can_virtual_baseline,011_python_can_virtual_bus,0.000033,python_can_virtual_bus_no_vehicle_no_adapter
21.910176,2026-06-04T12:19:31.081528+00:00,120,8,06 77 00 00 00 00 00 FF,python_can_virtual_baseline,011_python_can_virtual_bus,0.000098,python_can_virtual_bus_no_vehicle_no_adapter
21.951391,2026-06-04T12:19:31.122751+00:00,100,8,48 00 00 00 00 00 00 00,python_can_virtual_baseline,011_python_can_virtual_bus,0.000198,python_can_virtual_bus_no_vehicle_no_adapter
21.951490,2026-06-04T12:19:31.122834+00:00,188,8,00 00 00 00 00 00 00 01,python_can_virtual_baseline,011_python_can_virtual_bus,0.000031,python_can_virtual_bus_no_vehicle_no_adapter
21.980232,2026-06-04T12:19:31.151588+00:00,120,8,05 A7 00 00 00 00 00 02,python_can_virtual_baseline,011_python_can_virtual_bus,0.000144,python_can_virtual_bus_no_vehicle_no_adapter
22.000237,2026-06-04T12:19:31.171594+00:00,100,8,41 00 00 00 00 00 00 03,python_can_virtual_baseline,011_python_can_virtual_bus,0.000148,python_can_virtual_bus_no_vehicle_no_adapter
22.000329,2026-06-04T12:19:31.171673+00:00,188,8,00 00 00 00 00 00 00 04,python_can_virtual_baseline,011_python_can_virtual_bus,0.000031,python_can_virtual_bus_no_vehicle_no_adapter
22.000383,2026-06-04T12:19:31.171727+00:00,300,8,8B AB 11 7A 48 9E E9 DE,python_can_virtual_baseline,011_python_can_virtual_bus,0.000034,python_can_virtual_bus_no_vehicle_no_adapter
22.050256,2026-06-04T12:19:31.221612+00:00,100,8,41 00 00 00 00 00 00 06,python_can_virtual_baseline,011_python_can_virtual_bus,0.000142,python_can_virtual_bus_no_vehicle_no_adapter
22.050407,2026-06-04T12:19:31.221749+00:00,188,8,00 00 00 00 00 00 00 07,python_can_virtual_baseline,011_python_can_virtual_bus,0.000026,python_can_virtual_bus_no_vehicle_no_adapter
22.050455,2026-06-04T12:19:31.221797+00:00,120,8,07 43 00 00 00 00 00 08,python_can_virtual_baseline,011_python_can_virtual_bus,0.000021,python_can_virtual_bus_no_vehicle_no_adapter
22.100273,2026-06-04T12:19:31.271633+00:00,100,8,48 00 00 00 00 00 00 09,python_can_virtual_baseline,011_python_can_virtual_bus,0.000165,python_can_virtual_bus_no_vehicle_no_adapter
22.100401,2026-06-04T12:19:31.271748+00:00,188,8,00 00 00 00 00 00 00 0A,python_can_virtual_baseline,011_python_can_virtual_bus,0.000060,python_can_virtual_bus_no_vehicle_no_adapter
22.120399,2026-06-04T12:19:31.291761+00:00,120,8,06 FA 00 00 00 00 00 0B,python_can_virtual_baseline,011_python_can_virtual_bus,0.000164,python_can_virtual_bus_no_vehicle_no_adapter
22.150348,2026-06-04T12:19:31.321709+00:00,100,8,49 00 00 00 00 00 00 0C,python_can_virtual_baseline,011_python_can_virtual_bus,0.000216,python_can_virtual_bus_no_vehicle_no_adapter
22.150442,2026-06-04T12:19:31.321784+00:00,188,8,00 00 00 00 00 00 00 0D,python_can_virtual_baseline,011_python_can_virtual_bus,0.000029,python_can_virtual_bus_no_vehicle_no_adapter
22.190298,2026-06-04T12:19:31.361655+00:00,120,8,06 58 00 00 00 00 00 0E,python_can_virtual_baseline,011_python_can_virtual_bus,0.000183,python_can_virtual_bus_no_vehicle_no_adapter
22.200255,2026-06-04T12:19:31.371607+00:00,100,8,3F 00 00 00 00 00 00 0F,python_can_virtual_baseline,011_python_can_virtual_bus,0.000110,python_can_virtual_bus_no_vehicle_no_adapter
22.200324,2026-06-04T12:19:31.371666+00:00,188,8,00 00 00 00 00 00 00 10,python_can_virtual_baseline,011_python_can_virtual_bus,0.000023,python_can_virtual_bus_no_vehicle_no_adapter
22.250296,2026-06-04T12:19:31.421651+00:00,100,8,45 00 00 00 00 00 00 11,python_can_virtual_baseline,011_python_can_virtual_bus,0.000174,python_can_virtual_bus_no_vehicle_no_adapter
22.250377,2026-06-04T12:19:31.421719+00:00,188,8,00 00 00 00 00 00 00 12,python_can_virtual_baseline,011_python_can_virtual_bus,0.000024,python_can_virtual_bus_no_vehicle_no_adapter
22.250415,2026-06-04T12:19:31.421757+00:00,300,8,D8 34 ED 87 C2 7E 57 4C,python_can_virtual_baseline,011_python_can_virtual_bus,0.000024,python_can_virtual_bus_no_vehicle_no_adapter
22.260272,2026-06-04T12:19:31.431628+00:00,120,8,05 E2 00 00 00 00 00 14,python_can_virtual_baseline,011_python_can_virtual_bus,0.000144,python_can_virtual_bus_no_vehicle_no_adapter
22.300374,2026-06-04T12:19:31.471735+00:00,100,8,41 00 00 00 00 00 00 15,python_can_virtual_baseline,011_python_can_virtual_bus,0.000178,python_can_virtual_bus_no_vehicle_no_adapter
22.300468,2026-06-04T12:19:31.471810+00:00,188,8,00 00 00 00 00 00 00 16,python_can_virtual_baseline,011_python_can_virtual_bus,0.000026,python_can_virtual_bus_no_vehicle_no_adapter
22.330298,2026-06-04T12:19:31.501654+00:00,120,8,06 42 00 00 00 00 00 17,python_can_virtual_baseline,011_python_can_virtual_bus,0.000185,python_can_virtual_bus_no_vehicle_no_adapter
22.350351,2026-06-04T12:19:31.521710+00:00,100,8,46 00 00 00 00 00 00 18,python_can_virtual_baseline,011_python_can_virtual_bus,0.000152,python_can_virtual_bus_no_vehicle_no_adapter
22.350440,2026-06-04T12:19:31.521782+00:00,188,8,00 00 00 00 00 00 00 19,python_can_virtual_baseline,011_python_can_virtual_bus,0.000025,python_can_virtual_bus_no_vehicle_no_adapter
22.400322,2026-06-04T12:19:31.571679+00:00,100,8,4A 00 00 00 00 00 00 1A,python_can_virtual_baseline,011_python_can_virtual_bus,0.000139,python_can_virtual_bus_no_vehicle_no_adapter
22.400432,2026-06-04T12:19:31.571775+00:00,188,8,00 00 00 00 00 00 00 1B,python_can_virtual_baseline,011_python_can_virtual_bus,0.000038,python_can_virtual_bus_no_vehicle_no_adapter
22.400496,2026-06-04T12:19:31.571838+00:00,120,8,07 62 00 00 00 00 00 1C,python_can_virtual_baseline,011_python_can_virtual_bus,0.000046,python_can_virtual_bus_no_vehicle_no_adapter
22.450314,2026-06-04T12:19:31.621670+00:00,100,8,41 00 00 00 00 00 00 1D,python_can_virtual_baseline,011_python_can_virtual_bus,0.000181,python_can_virtual_bus_no_vehicle_no_adapter
22.450396,2026-06-04T12:19:31.621738+00:00,188,8,00 00 00 00 00 00 00 1E,python_can_virtual_baseline,011_python_can_virtual_bus,0.000025,python_can_virtual_bus_no_vehicle_no_adapter
22.470281,2026-06-04T12:19:31.641634+00:00,120,8,07 3D 00 00 00 00 00 1F,python_can_virtual_baseline,011_python_can_virtual_bus,0.000168,python_can_virtual_bus_no_vehicle_no_adapter
22.500252,2026-06-04T12:19:31.671607+00:00,100,8,3D 00 00 00 00 00 00 20,python_can_virtual_baseline,011_python_can_virtual_bus,0.000139,python_can_virtual_bus_no_vehicle_no_adapter
22.500328,2026-06-04T12:19:31.671670+00:00,188,8,00 00 00 00 00 00 00 21,python_can_virtual_baseline,011_python_can_virtual_bus,0.000026,python_can_virtual_bus_no_vehicle_no_adapter
22.500365,2026-06-04T12:19:31.671706+00:00,300,8,23 81 D4 3B 64 E9 6B B9,python_can_virtual_baseline,011_python_can_virtual_bus,0.000023,python_can_virtual_bus_no_vehicle_no_adapter
22.540296,2026-06-04T12:19:31.711654+00:00,120,8,07 5F 00 00 00 00 00 23,python_can_virtual_baseline,011_python_can_virtual_bus,0.000160,python_can_virtual_bus_no_vehicle_no_adapter
22.550280,2026-06-04T12:19:31.721635+00:00,100,8,40 00 00 00 00 00 00 24,python_can_virtual_baseline,011_python_can_virtual_bus,0.000150,python_can_virtual_bus_no_vehicle_no_adapter
22.550375,2026-06-04T12:19:31.721719+00:00,188,8,00 00 00 00 00 00 00 25,python_can_virtual_baseline,011_python_can_virtual_bus,0.000038,python_can_virtual_bus_no_vehicle_no_adapter
22.600371,2026-06-04T12:19:31.771732+00:00,100,8,3A 00 00 00 00 00 00 26,python_can_virtual_baseline,011_python_can_virtual_bus,0.000168,python_can_virtual_bus_no_vehicle_no_adapter
22.600487,2026-06-04T12:19:31.771832+00:00,188,8,00 00 00 00 00 00 00 27,python_can_virtual_baseline,011_python_can_virtual_bus,0.000038,python_can_virtual_bus_no_vehicle_no_adapter
22.610216,2026-06-04T12:19:31.781563+00:00,120,8,05 7B 00 00 00 00 00 28,python_can_virtual_baseline,011_python_can_virtual_bus,0.000101,python_can_virtual_bus_no_vehicle_no_adapter
22.650407,2026-06-04T12:19:31.821772+00:00,100,8,3C 00 00 00 00 00 00 29,python_can_virtual_baseline,011_python_can_virtual_bus,0.000195,python_can_virtual_bus_no_vehicle_no_adapter
22.650527,2026-06-04T12:19:31.821871+00:00,188,8,00 00 00 00 00 00 00 2A,python_can_virtual_baseline,011_python_can_virtual_bus,0.000035,python_can_virtual_bus_no_vehicle_no_adapter
22.680309,2026-06-04T12:19:31.851669+00:00,120,8,06 95 00 00 00 00 00 2B,python_can_virtual_baseline,011_python_can_virtual_bus,0.000177,python_can_virtual_bus_no_vehicle_no_adapter
22.700357,2026-06-04T12:19:31.871717+00:00,100,8,42 00 00 00 00 00 00 2C,python_can_virtual_baseline,011_python_can_virtual_bus,0.000158,python_can_virtual_bus_no_vehicle_no_adapter
22.700450,2026-06-04T12:19:31.871793+00:00,188,8,00 00 00 00 00 00 00 2D,python_can_virtual_baseline,011_python_can_virtual_bus,0.000025,python_can_virtual_bus_no_vehicle_no_adapter
22.750347,2026-06-04T12:19:31.921711+00:00,100,8,3D 00 00 00 00 00 00 2E,python_can_virtual_baseline,011_python_can_virtual_bus,0.000173,python_can_virtual_bus_no_vehicle_no_adapter
22.750463,2026-06-04T12:19:31.921808+00:00,188,8,00 00 00 00 00 00 00 2F,python_can_virtual_baseline,011_python_can_virtual_bus,0.000037,python_can_virtual_bus_no_vehicle_no_adapter
22.750518,2026-06-04T12:19:31.921862+00:00,120,8,05 92 00 00 00 00 00 30,python_can_virtual_baseline,011_python_can_virtual_bus,0.000030,python_can_virtual_bus_no_vehicle_no_adapter
22.750609,2026-06-04T12:19:31.921953+00:00,300,8,81 5F C2 1E BB 6E 44 46,python_can_virtual_baseline,011_python_can_virtual_bus,0.000042,python_can_virtual_bus_no_vehicle_no_adapter
22.800351,2026-06-04T12:19:31.971712+00:00,100,8,44 00 00 00 00 00 00 32,python_can_virtual_baseline,011_python_can_virtual_bus,0.000205,python_can_virtual_bus_no_vehicle_no_adapter
22.800482,2026-06-04T12:19:31.971827+00:00,188,8,00 00 00 00 00 00 00 33,python_can_virtual_baseline,011_python_can_virtual_bus,0.000033,python_can_virtual_bus_no_vehicle_no_adapter
22.820371,2026-06-04T12:19:31.991737+00:00,120,8,06 D1 00 00 00 00 00 34,python_can_virtual_baseline,011_python_can_virtual_bus,0.000182,python_can_virtual_bus_no_vehicle_no_adapter
22.850330,2026-06-04T12:19:32.021688+00:00,100,8,3B 00 00 00 00 00 00 35,python_can_virtual_baseline,011_python_can_virtual_bus,0.000140,python_can_virtual_bus_no_vehicle_no_adapter
22.850432,2026-06-04T12:19:32.021777+00:00,188,8,00 00 00 00 00 00 00 36,python_can_virtual_baseline,011_python_can_virtual_bus,0.000031,python_can_virtual_bus_no_vehicle_no_adapter
22.890342,2026-06-04T12:19:32.061708+00:00,120,8,05 95 00 00 00 00 00 37,python_can_virtual_baseline,011_python_can_virtual_bus,0.000209,python_can_virtual_bus_no_vehicle_no_adapter
22.900291,2026-06-04T12:19:32.071647+00:00,100,8,40 00 00 00 00 00 00 38,python_can_virtual_baseline,011_python_can_virtual_bus,0.000172,python_can_virtual_bus_no_vehicle_no_adapter
22.900397,2026-06-04T12:19:32.071740+00:00,188,8,00 00 00 00 00 00 00 39,python_can_virtual_baseline,011_python_can_virtual_bus,0.000036,python_can_virtual_bus_no_vehicle_no_adapter
22.950322,2026-06-04T12:19:32.121684+00:00,100,8,49 00 00 00 00 00 00 3A,python_can_virtual_baseline,011_python_can_virtual_bus,0.000194,python_can_virtual_bus_no_vehicle_no_adapter
22.950432,2026-06-04T12:19:32.121777+00:00,188,8,00 00 00 00 00 00 00 3B,python_can_virtual_baseline,011_python_can_virtual_bus,0.000034,python_can_virtual_bus_no_vehicle_no_adapter
22.960362,2026-06-04T12:19:32.131717+00:00,120,8,06 EC 00 00 00 00 00 3C,python_can_virtual_baseline,011_python_can_virtual_bus,0.000168,python_can_virtual_bus_no_vehicle_no_adapter
23.000330,2026-06-04T12:19:32.171688+00:00,100,8,3C 00 00 00 00 00 00 3D,python_can_virtual_baseline,011_python_can_virtual_bus,0.000188,python_can_virtual_bus_no_vehicle_no_adapter
23.000413,2026-06-04T12:19:32.171755+00:00,188,8,00 00 00 00 00 00 00 3E,python_can_virtual_baseline,011_python_can_virtual_bus,0.000023,python_can_virtual_bus_no_vehicle_no_adapter
23.000449,2026-06-04T12:19:32.171790+00:00,300,8,68 2C DF 6F 92 B1 BE 25,python_can_virtual_baseline,011_python_can_virtual_bus,0.000023,python_can_virtual_bus_no_vehicle_no_adapter
23.030359,2026-06-04T12:19:32.201720+00:00,120,8,05 EA 00 00 00 00 00 40,python_can_virtual_baseline,011_python_can_virtual_bus,0.000172,python_can_virtual_bus_no_vehicle_no_adapter
23.050381,2026-06-04T12:19:32.221740+00:00,100,8,45 00 00 00 00 00 00 41,python_can_virtual_baseline,011_python_can_virtual_bus,0.000158,python_can_virtual_bus_no_vehicle_no_adapter
23.050476,2026-06-04T12:19:32.221819+00:00,188,8,00 00 00 00 00 00 00 42,python_can_virtual_baseline,011_python_can_virtual_bus,0.000032,python_can_virtual_bus_no_vehicle_no_adapter
23.100301,2026-06-04T12:19:32.271662+00:00,100,8,47 00 00 00 00 00 00 43,python_can_virtual_baseline,011_python_can_virtual_bus,0.000174,python_can_virtual_bus_no_vehicle_no_adapter
23.100407,2026-06-04T12:19:32.271749+00:00,188,8,00 00 00 00 00 00 00 44,python_can_virtual_baseline,011_python_can_virtual_bus,0.000033,python_can_virtual_bus_no_vehicle_no_adapter
23.100448,2026-06-04T12:19:32.271789+00:00,120,8,06 56 00 00 00 00 00 45,python_can_virtual_baseline,011_python_can_virtual_bus,0.000025,python_can_virtual_bus_no_vehicle_no_adapter
23.150327,2026-06-04T12:19:32.321689+00:00,100,8,40 00 00 00 00 00 00 46,python_can_virtual_baseline,011_python_can_virtual_bus,0.000148,python_can_virtual_bus_no_vehicle_no_adapter
23.150423,2026-06-04T12:19:32.321766+00:00,188,8,00 00 00 00 00 00 00 47,python_can_virtual_baseline,011_python_can_virtual_bus,0.000027,python_can_virtual_bus_no_vehicle_no_adapter
23.170280,2026-06-04T12:19:32.341638+00:00,120,8,05 DB 00 00 00 00 00 48,python_can_virtual_baseline,011_python_can_virtual_bus,0.000155,python_can_virtual_bus_no_vehicle_no_adapter
23.200270,2026-06-04T12:19:32.371628+00:00,100,8,3A 00 00 00 00 00 00 49,python_can_virtual_baseline,011_python_can_virtual_bus,0.000153,python_can_virtual_bus_no_vehicle_no_adapter
23.200375,2026-06-04T12:19:32.371717+00:00,188,8,00 00 00 00 00 00 00 4A,python_can_virtual_baseline,011_python_can_virtual_bus,0.000045,python_can_virtual_bus_no_vehicle_no_adapter
23.240318,2026-06-04T12:19:32.411680+00:00,120,8,05 94 00 00 00 00 00 4B,python_can_virtual_baseline,011_python_can_virtual_bus,0.000187,python_can_virtual_bus_no_vehicle_no_adapter
23.250364,2026-06-04T12:19:32.421718+00:00,100,8,3D 00 00 00 00 00 00 4C,python_can_virtual_baseline,011_python_can_virtual_bus,0.000241,python_can_virtual_bus_no_vehicle_no_adapter
23.250451,2026-06-04T12:19:32.421794+00:00,188,8,00 00 00 00 00 00 00 4D,python_can_virtual_baseline,011_python_can_virtual_bus,0.000031,python_can_virtual_bus_no_vehicle_no_adapter
23.250499,2026-06-04T12:19:32.421842+00:00,300,8,0C 3E 88 74 BB 32 A5 D6,python_can_virtual_baseline,011_python_can_virtual_bus,0.000031,python_can_virtual_bus_no_vehicle_no_adapter
23.300235,2026-06-04T12:19:32.471592+00:00,100,8,45 00 00 00 00 00 00 4F,python_can_virtual_baseline,011_python_can_virtual_bus,0.000137,python_can_virtual_bus_no_vehicle_no_adapter
23.300319,2026-06-04T12:19:32.471661+00:00,188,8,00 00 00 00 00 00 00 50,python_can_virtual_baseline,011_python_can_virtual_bus,0.000023,python_can_virtual_bus_no_vehicle_no_adapter
23.310312,2026-06-04T12:19:32.481669+00:00,120,8,06 7E 00 00 00 00 00 51,python_can_virtual_baseline,011_python_can_virtual_bus,0.000186,python_can_virtual_bus_no_vehicle_no_adapter
23.350280,2026-06-04T12:19:32.521636+00:00,100,8,3C 00 00 00 00 00 00 52,python_can_virtual_baseline,011_python_can_virtual_bus,0.000149,python_can_virtual_bus_no_vehicle_no_adapter
23.350406,2026-06-04T12:19:32.521749+00:00,188,8,00 00 00 00 00 00 00 53,python_can_virtual_baseline,011_python_can_virtual_bus,0.000025,python_can_virtual_bus_no_vehicle_no_adapter
23.380330,2026-06-04T12:19:32.551690+00:00,120,8,07 4A 00 00 00 00 00 54,python_can_virtual_baseline,011_python_can_virtual_bus,0.000158,python_can_virtual_bus_no_vehicle_no_adapter
23.400362,2026-06-04T12:19:32.571722+00:00,100,8,4B 00 00 00 00 00 00 55,python_can_virtual_baseline,011_python_can_virtual_bus,0.000155,python_can_virtual_bus_no_vehicle_no_adapter
23.400451,2026-06-04T12:19:32.571795+00:00,188,8,00 00 00 00 00 00 00 56,python_can_virtual_baseline,011_python_can_virtual_bus,0.000028,python_can_virtual_bus_no_vehicle_no_adapter
23.450321,2026-06-04T12:19:32.621677+00:00,100,8,3D 00 00 00 00 00 00 57,python_can_virtual_baseline,011_python_can_virtual_bus,0.000123,python_can_virtual_bus_no_vehicle_no_adapter
23.450421,2026-06-04T12:19:32.621763+00:00,188,8,00 00 00 00 00 00 00 58,python_can_virtual_baseline,011_python_can_virtual_bus,0.000044,python_can_virtual_bus_no_vehicle_no_adapter
23.450453,2026-06-04T12:19:32.621795+00:00,120,8,07 31 00 00 00 00 00 59,python_can_virtual_baseline,011_python_can_virtual_bus,0.000018,python_can_virtual_bus_no_vehicle_no_adapter
23.500334,2026-06-04T12:19:32.671693+00:00,100,8,3A 00 00 00 00 00 00 5A,python_can_virtual_baseline,011_python_can_virtual_bus,0.000139,python_can_virtual_bus_no_vehicle_no_adapter
23.500419,2026-06-04T12:19:32.671761+00:00,188,8,00 00 00 00 00 00 00 5B,python_can_virtual_baseline,011_python_can_virtual_bus,0.000025,python_can_virtual_bus_no_vehicle_no_adapter
23.500458,2026-06-04T12:19:32.671800+00:00,300,8,61 41 4F 6E 76 BE 54 E8,python_can_virtual_baseline,011_python_can_virtual_bus,0.000025,python_can_virtual_bus_no_vehicle_no_adapter
23.520335,2026-06-04T12:19:32.691695+00:00,120,8,06 83 00 00 00 00 00 5D,python_can_virtual_baseline,011_python_can_virtual_bus,0.000158,python_can_virtual_bus_no_vehicle_no_adapter
23.550310,2026-06-04T12:19:32.721668+00:00,100,8,46 00 00 00 00 00 00 5E,python_can_virtual_baseline,011_python_can_virtual_bus,0.000182,python_can_virtual_bus_no_vehicle_no_adapter
23.550395,2026-06-04T12:19:32.721737+00:00,188,8,00 00 00 00 00 00 00 5F,python_can_virtual_baseline,011_python_can_virtual_bus,0.000024,python_can_virtual_bus_no_vehicle_no_adapter
23.590355,2026-06-04T12:19:32.761712+00:00,120,8,06 06 00 00 00 00 00 60,python_can_virtual_baseline,011_python_can_virtual_bus,0.000162,python_can_virtual_bus_no_vehicle_no_adapter
23.600267,2026-06-04T12:19:32.771632+00:00,100,8,3A 00 00 00 00 00 00 61,python_can_virtual_baseline,011_python_can_virtual_bus,0.000160,python_can_virtual_bus_no_vehicle_no_adapter
23.600388,2026-06-04T12:19:32.771733+00:00,188,8,00 00 00 00 00 00 00 62,python_can_virtual_baseline,011_python_can_virtual_bus,0.000036,python_can_virtual_bus_no_vehicle_no_adapter
23.650317,2026-06-04T12:19:32.821679+00:00,100,8,3E 00 00 00 00 00 00 63,python_can_virtual_baseline,011_python_can_virtual_bus,0.000186,python_can_virtual_bus_no_vehicle_no_adapter
23.650455,2026-06-04T12:19:32.821800+00:00,188,8,00 00 00 00 00 00 00 64,python_can_virtual_baseline,011_python_can_virtual_bus,0.000038,python_can_virtual_bus_no_vehicle_no_adapter
23.660302,2026-06-04T12:19:32.831658+00:00,120,8,06 9B 00 00 00 00 00 65,python_can_virtual_baseline,011_python_can_virtual_bus,0.000164,python_can_virtual_bus_no_vehicle_no_adapter
23.700320,2026-06-04T12:19:32.871682+00:00,100,8,3D 00 00 00 00 00 00 66,python_can_virtual_baseline,011_python_can_virtual_bus,0.000183,python_can_virtual_bus_no_vehicle_no_adapter
23.700425,2026-06-04T12:19:32.871769+00:00,188,8,00 00 00 00 00 00 00 67,python_can_virtual_baseline,011_python_can_virtual_bus,0.000032,python_can_virtual_bus_no_vehicle_no_adapter
23.730282,2026-06-04T12:19:32.901638+00:00,120,8,06 43 00 00 00 00 00 68,python_can_virtual_baseline,011_python_can_virtual_bus,0.000146,python_can_virtual_bus_no_vehicle_no_adapter
23.750330,2026-06-04T12:19:32.921694+00:00,100,8,4B 00 00 00 00 00 00 69,python_can_virtual_baseline,011_python_can_virtual_bus,0.000215,python_can_virtual_bus_no_vehicle_no_adapter
23.750464,2026-06-04T12:19:32.921808+00:00,188,8,00 00 00 00 00 00 00 6A,python_can_virtual_baseline,011_python_can_virtual_bus,0.000051,python_can_virtual_bus_no_vehicle_no_adapter
23.750516,2026-06-04T12:19:32.921859+00:00,300,8,22 5A 51 A5 BD D3 E3 45,python_can_virtual_baseline,011_python_can_virtual_bus,0.000032,python_can_virtual_bus_no_vehicle_no_adapter
23.800339,2026-06-04T12:19:32.971701+00:00,100,8,4B 00 00 00 00 00 00 6C,python_can_virtual_baseline,011_python_can_virtual_bus,0.000141,python_can_virtual_bus_no_vehicle_no_adapter
23.800475,2026-06-04T12:19:32.971821+00:00,188,8,00 00 00 00 00 00 00 6D,python_can_virtual_baseline,011_python_can_virtual_bus,0.000046,python_can_virtual_bus_no_vehicle_no_adapter
23.800539,2026-06-04T12:19:32.971885+00:00,120,8,07 6A 00 00 00 00 00 6E,python_can_virtual_baseline,011_python_can_virtual_bus,0.000036,python_can_virtual_bus_no_vehicle_no_adapter
23.850281,2026-06-04T12:19:33.021635+00:00,100,8,3A 00 00 00 00 00 00 6F,python_can_virtual_baseline,011_python_can_virtual_bus,0.000149,python_can_virtual_bus_no_vehicle_no_adapter
23.850366,2026-06-04T12:19:33.021708+00:00,188,8,00 00 00 00 00 00 00 70,python_can_virtual_baseline,011_python_can_virtual_bus,0.000036,python_can_virtual_bus_no_vehicle_no_adapter
23.870275,2026-06-04T12:19:33.041632+00:00,120,8,07 4F 00 00 00 00 00 71,python_can_virtual_baseline,011_python_can_virtual_bus,0.000157,python_can_virtual_bus_no_vehicle_no_adapter
23.900290,2026-06-04T12:19:33.071647+00:00,100,8,3C 00 00 00 00 00 00 72,python_can_virtual_baseline,011_python_can_virtual_bus,0.000169,python_can_virtual_bus_no_vehicle_no_adapter
23.900376,2026-06-04T12:19:33.071718+00:00,188,8,00 00 00 00 00 00 00 73,python_can_virtual_baseline,011_python_can_virtual_bus,0.000029,python_can_virtual_bus_no_vehicle_no_adapter
23.940358,2026-06-04T12:19:33.111716+00:00,120,8,05 E1 00 00 00 00 00 74,python_can_virtual_baseline,011_python_can_virtual_bus,0.000212,python_can_virtual_bus_no_vehicle_no_adapter
23.950291,2026-06-04T12:19:33.121647+00:00,100,8,49 00 00 00 00 00 00 75,python_can_virtual_baseline,011_python_can_virtual_bus,0.000157,python_can_virtual_bus_no_vehicle_no_adapter
23.950375,2026-06-04T12:19:33.121716+00:00,188,8,00 00 00 00 00 00 00 76,python_can_virtual_baseline,011_python_can_virtual_bus,0.000027,python_can_virtual_bus_no_vehicle_no_adapter
24.000290,2026-06-04T12:19:33.171647+00:00,100,8,43 00 00 00 00 00 00 77,python_can_virtual_baseline,011_python_can_virtual_bus,0.000158,python_can_virtual_bus_no_vehicle_no_adapter
24.000377,2026-06-04T12:19:33.171719+00:00,188,8,00 00 00 00 00 00 00 78,python_can_virtual_baseline,011_python_can_virtual_bus,0.000030,python_can_virtual_bus_no_vehicle_no_adapter
24.000439,2026-06-04T12:19:33.171782+00:00,300,8,04 B6 1D 89 7C 3A A2 FA,python_can_virtual_baseline,011_python_can_virtual_bus,0.000029,python_can_virtual_bus_no_vehicle_no_adapter
24.010246,2026-06-04T12:19:33.181604+00:00,120,8,07 50 00 00 00 00 00 7A,python_can_virtual_baseline,011_python_can_virtual_bus,0.000139,python_can_virtual_bus_no_vehicle_no_adapter
24.050270,2026-06-04T12:19:33.221627+00:00,100,8,45 00 00 00 00 00 00 7B,python_can_virtual_baseline,011_python_can_virtual_bus,0.000142,python_can_virtual_bus_no_vehicle_no_adapter
24.050349,2026-06-04T12:19:33.221691+00:00,188,8,00 00 00 00 00 00 00 7C,python_can_virtual_baseline,011_python_can_virtual_bus,0.000023,python_can_virtual_bus_no_vehicle_no_adapter
24.080308,2026-06-04T12:19:33.251667+00:00,120,8,07 33 00 00 00 00 00 7D,python_can_virtual_baseline,011_python_can_virtual_bus,0.000168,python_can_virtual_bus_no_vehicle_no_adapter
24.100263,2026-06-04T12:19:33.271617+00:00,100,8,3E 00 00 00 00 00 00 7E,python_can_virtual_baseline,011_python_can_virtual_bus,0.000136,python_can_virtual_bus_no_vehicle_no_adapter
24.100350,2026-06-04T12:19:33.271693+00:00,188,8,00 00 00 00 00 00 00 7F,python_can_virtual_baseline,011_python_can_virtual_bus,0.000036,python_can_virtual_bus_no_vehicle_no_adapter
24.150359,2026-06-04T12:19:33.321720+00:00,100,8,45 00 00 00 00 00 00 80,python_can_virtual_baseline,011_python_can_virtual_bus,0.000153,python_can_virtual_bus_no_vehicle_no_adapter
24.151945,2026-06-04T12:19:33.323294+00:00,188,8,00 00 00 00 00 00 00 81,python_can_virtual_baseline,011_python_can_virtual_bus,0.001515,python_can_virtual_bus_no_vehicle_no_adapter
24.152036,2026-06-04T12:19:33.323381+00:00,120,8,07 2F 00 00 00 00 00 82,python_can_virtual_baseline,011_python_can_virtual_bus,0.000056,python_can_virtual_bus_no_vehicle_no_adapter
24.200219,2026-06-04T12:19:33.371574+00:00,100,8,41 00 00 00 00 00 00 83,python_can_virtual_baseline,011_python_can_virtual_bus,0.000124,python_can_virtual_bus_no_vehicle_no_adapter
24.200295,2026-06-04T12:19:33.371637+00:00,188,8,00 00 00 00 00 00 00 84,python_can_virtual_baseline,011_python_can_virtual_bus,0.000025,python_can_virtual_bus_no_vehicle_no_adapter
24.221292,2026-06-04T12:19:33.392647+00:00,120,8,07 45 00 00 00 00 00 85,python_can_virtual_baseline,011_python_can_virtual_bus,0.000105,python_can_virtual_bus_no_vehicle_no_adapter
24.250241,2026-06-04T12:19:33.421600+00:00,100,8,42 00 00 00 00 00 00 86,python_can_virtual_baseline,011_python_can_virtual_bus,0.000146,python_can_virtual_bus_no_vehicle_no_adapter
24.250356,2026-06-04T12:19:33.421700+00:00,188,8,00 00 00 00 00 00 00 87,python_can_virtual_baseline,011_python_can_virtual_bus,0.000041,python_can_virtual_bus_no_vehicle_no_adapter
24.250423,2026-06-04T12:19:33.421769+00:00,300,8,38 99 0F 04 B7 83 13 11,python_can_virtual_baseline,011_python_can_virtual_bus,0.000045,python_can_virtual_bus_no_vehicle_no_adapter
24.290330,2026-06-04T12:19:33.461690+00:00,120,8,06 30 00 00 00 00 00 89,python_can_virtual_baseline,011_python_can_virtual_bus,0.000135,python_can_virtual_bus_no_vehicle_no_adapter
24.300256,2026-06-04T12:19:33.471611+00:00,100,8,49 00 00 00 00 00 00 8A,python_can_virtual_baseline,011_python_can_virtual_bus,0.000139,python_can_virtual_bus_no_vehicle_no_adapter
24.300352,2026-06-04T12:19:33.471695+00:00,188,8,00 00 00 00 00 00 00 8B,python_can_virtual_baseline,011_python_can_virtual_bus,0.000031,python_can_virtual_bus_no_vehicle_no_adapter
24.350323,2026-06-04T12:19:33.521683+00:00,100,8,3D 00 00 00 00 00 00 8C,python_can_virtual_baseline,011_python_can_virtual_bus,0.000177,python_can_virtual_bus_no_vehicle_no_adapter
24.350427,2026-06-04T12:19:33.521771+00:00,188,8,00 00 00 00 00 00 00 8D,python_can_virtual_baseline,011_python_can_virtual_bus,0.000037,python_can_virtual_bus_no_vehicle_no_adapter
24.360221,2026-06-04T12:19:33.531575+00:00,120,8,06 ED 00 00 00 00 00 8E,python_can_virtual_baseline,011_python_can_virtual_bus,0.000116,python_can_virtual_bus_no_vehicle_no_adapter
24.400313,2026-06-04T12:19:33.571668+00:00,100,8,3C 00 00 00 00 00 00 8F,python_can_virtual_baseline,011_python_can_virtual_bus,0.000167,python_can_virtual_bus_no_vehicle_no_adapter
24.400407,2026-06-04T12:19:33.571749+00:00,188,8,00 00 00 00 00 00 00 90,python_can_virtual_baseline,011_python_can_virtual_bus,0.000041,python_can_virtual_bus_no_vehicle_no_adapter
24.430288,2026-06-04T12:19:33.601648+00:00,120,8,05 FE 00 00 00 00 00 91,python_can_virtual_baseline,011_python_can_virtual_bus,0.000155,python_can_virtual_bus_no_vehicle_no_adapter
24.450299,2026-06-04T12:19:33.621658+00:00,100,8,49 00 00 00 00 00 00 92,python_can_virtual_baseline,011_python_can_virtual_bus,0.000168,python_can_virtual_bus_no_vehicle_no_adapter
24.450416,2026-06-04T12:19:33.621761+00:00,188,8,00 00 00 00 00 00 00 93,python_can_virtual_baseline,011_python_can_virtual_bus,0.000047,python_can_virtual_bus_no_vehicle_no_adapter
24.500313,2026-06-04T12:19:33.671674+00:00,100,8,45 00 00 00 00 00 00 94,python_can_virtual_baseline,011_python_can_virtual_bus,0.000170,python_can_virtual_bus_no_vehicle_no_adapter
24.500421,2026-06-04T12:19:33.671776+00:00,188,8,00 00 00 00 00 00 00 95,python_can_virtual_baseline,011_python_can_virtual_bus,0.000034,python_can_virtual_bus_no_vehicle_no_adapter
24.500492,2026-06-04T12:19:33.671837+00:00,120,8,06 FC 00 00 00 00 00 96,python_can_virtual_baseline,011_python_can_virtual_bus,0.000036,python_can_virtual_bus_no_vehicle_no_adapter
24.500562,2026-06-04T12:19:33.671907+00:00,300,8,C1 79 94 EA EF 93 72 55,python_can_virtual_baseline,011_python_can_virtual_bus,0.000039,python_can_virtual_bus_no_vehicle_no_adapter
24.550273,2026-06-04T12:19:33.721640+00:00,100,8,41 00 00 00 00 00 00 98,python_can_virtual_baseline,011_python_can_virtual_bus,0.000139,python_can_virtual_bus_no_vehicle_no_adapter
24.550394,2026-06-04T12:19:33.721739+00:00,188,8,00 00 00 00 00 00 00 99,python_can_virtual_baseline,011_python_can_virtual_bus,0.000041,python_can_virtual_bus_no_vehicle_no_adapter
24.570240,2026-06-04T12:19:33.741595+00:00,120,8,06 73 00 00 00 00 00 9A,python_can_virtual_baseline,011_python_can_virtual_bus,0.000133,python_can_virtual_bus_no_vehicle_no_adapter
24.600288,2026-06-04T12:19:33.771648+00:00,100,8,3C 00 00 00 00 00 00 9B,python_can_virtual_baseline,011_python_can_virtual_bus,0.000153,python_can_virtual_bus_no_vehicle_no_adapter
24.600387,2026-06-04T12:19:33.771731+00:00,188,8,00 00 00 00 00 00 00 9C,python_can_virtual_baseline,011_python_can_virtual_bus,0.000031,python_can_virtual_bus_no_vehicle_no_adapter
24.640226,2026-06-04T12:19:33.811580+00:00,120,8,05 78 00 00 00 00 00 9D,python_can_virtual_baseline,011_python_can_virtual_bus,0.000119,python_can_virtual_bus_no_vehicle_no_adapter
24.650273,2026-06-04T12:19:33.821631+00:00,100,8,48 00 00 00 00 00 00 9E,python_can_virtual_baseline,011_python_can_virtual_bus,0.000151,python_can_virtual_bus_no_vehicle_no_adapter
24.650370,2026-06-04T12:19:33.821715+00:00,188,8,00 00 00 00 00 00 00 9F,python_can_virtual_baseline,011_python_can_virtual_bus,0.000037,python_can_virtual_bus_no_vehicle_no_adapter
24.700325,2026-06-04T12:19:33.871683+00:00,100,8,40 00 00 00 00 00 00 A0,python_can_virtual_baseline,011_python_can_virtual_bus,0.000203,python_can_virtual_bus_no_vehicle_no_adapter
24.700419,2026-06-04T12:19:33.871761+00:00,188,8,00 00 00 00 00 00 00 A1,python_can_virtual_baseline,011_python_can_virtual_bus,0.000034,python_can_virtual_bus_no_vehicle_no_adapter
24.710238,2026-06-04T12:19:33.881594+00:00,120,8,06 6A 00 00 00 00 00 A2,python_can_virtual_baseline,011_python_can_virtual_bus,0.000124,python_can_virtual_bus_no_vehicle_no_adapter
24.750351,2026-06-04T12:19:33.921713+00:00,100,8,49 00 00 00 00 00 00 A3,python_can_virtual_baseline,011_python_can_virtual_bus,0.000215,python_can_virtual_bus_no_vehicle_no_adapter
24.750468,2026-06-04T12:19:33.921812+00:00,188,8,00 00 00 00 00 00 00 A4,python_can_virtual_baseline,011_python_can_virtual_bus,0.000044,python_can_virtual_bus_no_vehicle_no_adapter
24.750531,2026-06-04T12:19:33.921876+00:00,300,8,B7 93 D9 90 07 03 6D 0F,python_can_virtual_baseline,011_python_can_virtual_bus,0.000040,python_can_virtual_bus_no_vehicle_no_adapter
24.780232,2026-06-04T12:19:33.951587+00:00,120,8,05 FA 00 00 00 00 00 A6,python_can_virtual_baseline,011_python_can_virtual_bus,0.000127,python_can_virtual_bus_no_vehicle_no_adapter
24.800246,2026-06-04T12:19:33.971606+00:00,100,8,41 00 00 00 00 00 00 A7,python_can_virtual_baseline,011_python_can_virtual_bus,0.000132,python_can_virtual_bus_no_vehicle_no_adapter
24.800381,2026-06-04T12:19:33.971725+00:00,188,8,00 00 00 00 00 00 00 A8,python_can_virtual_baseline,011_python_can_virtual_bus,0.000045,python_can_virtual_bus_no_vehicle_no_adapter
24.850370,2026-06-04T12:19:34.021726+00:00,100,8,3F 00 00 00 00 00 00 A9,python_can_virtual_baseline,011_python_can_virtual_bus,0.000177,python_can_virtual_bus_no_vehicle_no_adapter
24.850450,2026-06-04T12:19:34.021792+00:00,188,8,00 00 00 00 00 00 00 AA,python_can_virtual_baseline,011_python_can_virtual_bus,0.000023,python_can_virtual_bus_no_vehicle_no_adapter
24.850482,2026-06-04T12:19:34.021823+00:00,120,8,06 B4 00 00 00 00 00 AB,python_can_virtual_baseline,011_python_can_virtual_bus,0.000018,python_can_virtual_bus_no_vehicle_no_adapter
24.900310,2026-06-04T12:19:34.071667+00:00,100,8,45 00 00 00 00 00 00 AC,python_can_virtual_baseline,011_python_can_virtual_bus,0.000136,python_can_virtual_bus_no_vehicle_no_adapter
24.900416,2026-06-04T12:19:34.071758+00:00,188,8,00 00 00 00 00 00 00 AD,python_can_virtual_baseline,011_python_can_virtual_bus,0.000049,python_can_virtual_bus_no_vehicle_no_adapter
24.920346,2026-06-04T12:19:34.091702+00:00,120,8,05 D3 00 00 00 00 00 AE,python_can_virtual_baseline,011_python_can_virtual_bus,0.000138,python_can_virtual_bus_no_vehicle_no_adapter
24.950439,2026-06-04T12:19:34.121805+00:00,100,8,40 00 00 00 00 00 00 AF,python_can_virtual_baseline,011_python_can_virtual_bus,0.000227,python_can_virtual_bus_no_vehicle_no_adapter
24.950608,2026-06-04T12:19:34.121953+00:00,188,8,00 00 00 00 00 00 00 B0,python_can_virtual_baseline,011_python_can_virtual_bus,0.000068,python_can_virtual_bus_no_vehicle_no_adapter
24.990340,2026-06-04T12:19:34.161698+00:00,120,8,06 19 00 00 00 00 00 B1,python_can_virtual_baseline,011_python_can_virtual_bus,0.000138,python_can_virtual_bus_no_vehicle_no_adapter
25.000324,2026-06-04T12:19:34.171680+00:00,100,8,3B 00 00 00 00 00 00 B2,python_can_virtual_baseline,011_python_can_virtual_bus,0.000184,python_can_virtual_bus_no_vehicle_no_adapter
25.000405,2026-06-04T12:19:34.171747+00:00,188,8,00 00 00 00 00 00 00 B3,python_can_virtual_baseline,011_python_can_virtual_bus,0.000024,python_can_virtual_bus_no_vehicle_no_adapter
25.000444,2026-06-04T12:19:34.171785+00:00,300,8,53 0B 0F 80 D4 50 6E C3,python_can_virtual_baseline,011_python_can_virtual_bus,0.000024,python_can_virtual_bus_no_vehicle_no_adapter
25.050347,2026-06-04T12:19:34.221706+00:00,100,8,3F 00 00 00 00 00 00 B5,python_can_virtual_baseline,011_python_can_virtual_bus,0.000156,python_can_virtual_bus_no_vehicle_no_adapter
25.050444,2026-06-04T12:19:34.221789+00:00,188,8,00 00 00 00 00 00 00 B6,python_can_virtual_baseline,011_python_can_virtual_bus,0.000031,python_can_virtual_bus_no_vehicle_no_adapter
25.060207,2026-06-04T12:19:34.231560+00:00,120,8,06 02 00 00 00 00 00 B7,python_can_virtual_baseline,011_python_can_virtual_bus,0.000114,python_can_virtual_bus_no_vehicle_no_adapter
25.100285,2026-06-04T12:19:34.271641+00:00,100,8,3F 00 00 00 00 00 00 B8,python_can_virtual_baseline,011_python_can_virtual_bus,0.000159,python_can_virtual_bus_no_vehicle_no_adapter
25.100364,2026-06-04T12:19:34.271706+00:00,188,8,00 00 00 00 00 00 00 B9,python_can_virtual_baseline,011_python_can_virtual_bus,0.000023,python_can_virtual_bus_no_vehicle_no_adapter
25.130357,2026-06-04T12:19:34.301718+00:00,120,8,06 9D 00 00 00 00 00 BA,python_can_virtual_baseline,011_python_can_virtual_bus,0.000154,python_can_virtual_bus_no_vehicle_no_adapter
25.150338,2026-06-04T12:19:34.321694+00:00,100,8,46 00 00 00 00 00 00 BB,python_can_virtual_baseline,011_python_can_virtual_bus,0.000138,python_can_virtual_bus_no_vehicle_no_adapter
25.150417,2026-06-04T12:19:34.321759+00:00,188,8,00 00 00 00 00 00 00 BC,python_can_virtual_baseline,011_python_can_virtual_bus,0.000023,python_can_virtual_bus_no_vehicle_no_adapter
25.200271,2026-06-04T12:19:34.371631+00:00,100,8,42 00 00 00 00 00 00 BD,python_can_virtual_baseline,011_python_can_virtual_bus,0.000146,python_can_virtual_bus_no_vehicle_no_adapter
25.200373,2026-06-04T12:19:34.371717+00:00,188,8,00 00 00 00 00 00 00 BE,python_can_virtual_baseline,011_python_can_virtual_bus,0.000031,python_can_virtual_bus_no_vehicle_no_adapter
25.200419,2026-06-04T12:19:34.371762+00:00,120,8,05 B6 00 00 00 00 00 BF,python_can_virtual_baseline,011_python_can_virtual_bus,0.000026,python_can_virtual_bus_no_vehicle_no_adapter
25.250391,2026-06-04T12:19:34.421751+00:00,100,8,4B 00 00 00 00 00 00 C0,python_can_virtual_baseline,011_python_can_virtual_bus,0.000165,python_can_virtual_bus_no_vehicle_no_adapter
25.250491,2026-06-04T12:19:34.421834+00:00,188,8,00 00 00 00 00 00 00 C1,python_can_virtual_baseline,011_python_can_virtual_bus,0.000028,python_can_virtual_bus_no_vehicle_no_adapter
25.250553,2026-06-04T12:19:34.421897+00:00,300,8,1C C5 DE 3B 79 72 8A 41,python_can_virtual_baseline,011_python_can_virtual_bus,0.000043,python_can_virtual_bus_no_vehicle_no_adapter
25.270389,2026-06-04T12:19:34.441751+00:00,120,8,05 E0 00 00 00 00 00 C3,python_can_virtual_baseline,011_python_can_virtual_bus,0.000262,python_can_virtual_bus_no_vehicle_no_adapter
25.300303,2026-06-04T12:19:34.471663+00:00,100,8,3C 00 00 00 00 00 00 C4,python_can_virtual_baseline,011_python_can_virtual_bus,0.000189,python_can_virtual_bus_no_vehicle_no_adapter
25.300403,2026-06-04T12:19:34.471747+00:00,188,8,00 00 00 00 00 00 00 C5,python_can_virtual_baseline,011_python_can_virtual_bus,0.000029,python_can_virtual_bus_no_vehicle_no_adapter
25.340260,2026-06-04T12:19:34.511615+00:00,120,8,06 C8 00 00 00 00 00 C6,python_can_virtual_baseline,011_python_can_virtual_bus,0.000142,python_can_virtual_bus_no_vehicle_no_adapter
25.350280,2026-06-04T12:19:34.521634+00:00,100,8,48 00 00 00 00 00 00 C7,python_can_virtual_baseline,011_python_can_virtual_bus,0.000146,python_can_virtual_bus_no_vehicle_no_adapter
25.350352,2026-06-04T12:19:34.521694+00:00,188,8,00 00 00 00 00 00 00 C8,python_can_virtual_baseline,011_python_can_virtual_bus,0.000023,python_can_virtual_bus_no_vehicle_no_adapter
25.400409,2026-06-04T12:19:34.571769+00:00,100,8,46 00 00 00 00 00 00 C9,python_can_virtual_baseline,011_python_can_virtual_bus,0.000180,python_can_virtual_bus_no_vehicle_no_adapter
25.400525,2026-06-04T12:19:34.571868+00:00,188,8,00 00 00 00 00 00 00 CA,python_can_virtual_baseline,011_python_can_virtual_bus,0.000035,python_can_virtual_bus_no_vehicle_no_adapter
25.410322,2026-06-04T12:19:34.581682+00:00,120,8,05 AE 00 00 00 00 00 CB,python_can_virtual_baseline,011_python_can_virtual_bus,0.000179,python_can_virtual_bus_no_vehicle_no_adapter
25.450330,2026-06-04T12:19:34.621691+00:00,100,8,4A 00 00 00 00 00 00 CC,python_can_virtual_baseline,011_python_can_virtual_bus,0.000190,python_can_virtual_bus_no_vehicle_no_adapter
25.450434,2026-06-04T12:19:34.621778+00:00,188,8,00 00 00 00 00 00 00 CD,python_can_virtual_baseline,011_python_can_virtual_bus,0.000031,python_can_virtual_bus_no_vehicle_no_adapter
25.480391,2026-06-04T12:19:34.651764+00:00,120,8,06 60 00 00 00 00 00 CE,python_can_virtual_baseline,011_python_can_virtual_bus,0.000192,python_can_virtual_bus_no_vehicle_no_adapter
25.500342,2026-06-04T12:19:34.671703+00:00,100,8,3B 00 00 00 00 00 00 CF,python_can_virtual_baseline,011_python_can_virtual_bus,0.000146,python_can_virtual_bus_no_vehicle_no_adapter
25.500447,2026-06-04T12:19:34.671790+00:00,188,8,00 00 00 00 00 00 00 D0,python_can_virtual_baseline,011_python_can_virtual_bus,0.000029,python_can_virtual_bus_no_vehicle_no_adapter
25.500515,2026-06-04T12:19:34.671860+00:00,300,8,9A B8 58 5C 90 30 10 A4,python_can_virtual_baseline,011_python_can_virtual_bus,0.000045,python_can_virtual_bus_no_vehicle_no_adapter
25.550303,2026-06-04T12:19:34.721660+00:00,100,8,47 00 00 00 00 00 00 D2,python_can_virtual_baseline,011_python_can_virtual_bus,0.000176,python_can_virtual_bus_no_vehicle_no_adapter
25.550421,2026-06-04T12:19:34.721766+00:00,188,8,00 00 00 00 00 00 00 D3,python_can_virtual_baseline,011_python_can_virtual_bus,0.000046,python_can_virtual_bus_no_vehicle_no_adapter
25.550477,2026-06-04T12:19:34.721820+00:00,120,8,06 8B 00 00 00 00 00 D4,python_can_virtual_baseline,011_python_can_virtual_bus,0.000029,python_can_virtual_bus_no_vehicle_no_adapter
25.600246,2026-06-04T12:19:34.771602+00:00,100,8,4B 00 00 00 00 00 00 D5,python_can_virtual_baseline,011_python_can_virtual_bus,0.000140,python_can_virtual_bus_no_vehicle_no_adapter
25.600342,2026-06-04T12:19:34.771684+00:00,188,8,00 00 00 00 00 00 00 D6,python_can_virtual_baseline,011_python_can_virtual_bus,0.000041,python_can_virtual_bus_no_vehicle_no_adapter
25.620301,2026-06-04T12:19:34.791663+00:00,120,8,05 FF 00 00 00 00 00 D7,python_can_virtual_baseline,011_python_can_virtual_bus,0.000169,python_can_virtual_bus_no_vehicle_no_adapter
25.650322,2026-06-04T12:19:34.821678+00:00,100,8,4B 00 00 00 00 00 00 D8,python_can_virtual_baseline,011_python_can_virtual_bus,0.000125,python_can_virtual_bus_no_vehicle_no_adapter
25.650401,2026-06-04T12:19:34.821742+00:00,188,8,00 00 00 00 00 00 00 D9,python_can_virtual_baseline,011_python_can_virtual_bus,0.000022,python_can_virtual_bus_no_vehicle_no_adapter
25.690327,2026-06-04T12:19:34.861688+00:00,120,8,06 80 00 00 00 00 00 DA,python_can_virtual_baseline,011_python_can_virtual_bus,0.000182,python_can_virtual_bus_no_vehicle_no_adapter
25.700302,2026-06-04T12:19:34.871656+00:00,100,8,45 00 00 00 00 00 00 DB,python_can_virtual_baseline,011_python_can_virtual_bus,0.000117,python_can_virtual_bus_no_vehicle_no_adapter
25.700378,2026-06-04T12:19:34.871720+00:00,188,8,00 00 00 00 00 00 00 DC,python_can_virtual_baseline,011_python_can_virtual_bus,0.000023,python_can_virtual_bus_no_vehicle_no_adapter
25.750336,2026-06-04T12:19:34.921698+00:00,100,8,3F 00 00 00 00 00 00 DD,python_can_virtual_baseline,011_python_can_virtual_bus,0.000148,python_can_virtual_bus_no_vehicle_no_adapter
25.750440,2026-06-04T12:19:34.921784+00:00,188,8,00 00 00 00 00 00 00 DE,python_can_virtual_baseline,011_python_can_virtual_bus,0.000032,python_can_virtual_bus_no_vehicle_no_adapter
25.750498,2026-06-04T12:19:34.921842+00:00,300,8,90 33 D0 EB 9B 8A 1A F8,python_can_virtual_baseline,011_python_can_virtual_bus,0.000037,python_can_virtual_bus_no_vehicle_no_adapter
25.760303,2026-06-04T12:19:34.931666+00:00,120,8,06 0C 00 00 00 00 00 E0,python_can_virtual_baseline,011_python_can_virtual_bus,0.000186,python_can_virtual_bus_no_vehicle_no_adapter
25.800249,2026-06-04T12:19:34.971603+00:00,100,8,41 00 00 00 00 00 00 E1,python_can_virtual_baseline,011_python_can_virtual_bus,0.000119,python_can_virtual_bus_no_vehicle_no_adapter
25.800336,2026-06-04T12:19:34.971678+00:00,188,8,00 00 00 00 00 00 00 E2,python_can_virtual_baseline,011_python_can_virtual_bus,0.000024,python_can_virtual_bus_no_vehicle_no_adapter
25.830317,2026-06-04T12:19:35.001670+00:00,120,8,06 69 00 00 00 00 00 E3,python_can_virtual_baseline,011_python_can_virtual_bus,0.000117,python_can_virtual_bus_no_vehicle_no_adapter
25.850287,2026-06-04T12:19:35.021651+00:00,100,8,4A 00 00 00 00 00 00 E4,python_can_virtual_baseline,011_python_can_virtual_bus,0.000176,python_can_virtual_bus_no_vehicle_no_adapter
25.850415,2026-06-04T12:19:35.021759+00:00,188,8,00 00 00 00 00 00 00 E5,python_can_virtual_baseline,011_python_can_virtual_bus,0.000051,python_can_virtual_bus_no_vehicle_no_adapter
25.900340,2026-06-04T12:19:35.071698+00:00,100,8,3D 00 00 00 00 00 00 E6,python_can_virtual_baseline,011_python_can_virtual_bus,0.000206,python_can_virtual_bus_no_vehicle_no_adapter
25.900436,2026-06-04T12:19:35.071779+00:00,188,8,00 00 00 00 00 00 00 E7,python_can_virtual_baseline,011_python_can_virtual_bus,0.000032,python_can_virtual_bus_no_vehicle_no_adapter
25.900474,2026-06-04T12:19:35.071816+00:00,120,8,07 14 00 00 00 00 00 E8,python_can_virtual_baseline,011_python_can_virtual_bus,0.000023,python_can_virtual_bus_no_vehicle_no_adapter
25.950363,2026-06-04T12:19:35.121717+00:00,100,8,3A 00 00 00 00 00 00 E9,python_can_virtual_baseline,011_python_can_virtual_bus,0.000141,python_can_virtual_bus_no_vehicle_no_adapter
25.950444,2026-06-04T12:19:35.121800+00:00,188,8,00 00 00 00 00 00 00 EA,python_can_virtual_baseline,011_python_can_virtual_bus,0.000028,python_can_virtual_bus_no_vehicle_no_adapter
25.970252,2026-06-04T12:19:35.141605+00:00,120,8,06 CB 00 00 00 00 00 EB,python_can_virtual_baseline,011_python_can_virtual_bus,0.000137,python_can_virtual_bus_no_vehicle_no_adapter
26.000291,2026-06-04T12:19:35.171646+00:00,100,8,3D 00 00 00 00 00 00 EC,python_can_virtual_baseline,011_python_can_virtual_bus,0.000153,python_can_virtual_bus_no_vehicle_no_adapter
26.000366,2026-06-04T12:19:35.171708+00:00,188,8,00 00 00 00 00 00 00 ED,python_can_virtual_baseline,011_python_can_virtual_bus,0.000023,python_can_virtual_bus_no_vehicle_no_adapter
26.000403,2026-06-04T12:19:35.171745+00:00,300,8,0E 7E 6D BF 13 B6 FA 01,python_can_virtual_baseline,011_python_can_virtual_bus,0.000024,python_can_virtual_bus_no_vehicle_no_adapter
26.040308,2026-06-04T12:19:35.211664+00:00,120,8,06 A5 00 00 00 00 00 EF,python_can_virtual_baseline,011_python_can_virtual_bus,0.000125,python_can_virtual_bus_no_vehicle_no_adapter
26.050273,2026-06-04T12:19:35.221631+00:00,100,8,44 00 00 00 00 00 00 F0,python_can_virtual_baseline,011_python_can_virtual_bus,0.000152,python_can_virtual_bus_no_vehicle_no_adapter
26.050363,2026-06-04T12:19:35.221706+00:00,188,8,00 00 00 00 00 00 00 F1,python_can_virtual_baseline,011_python_can_virtual_bus,0.000027,python_can_virtual_bus_no_vehicle_no_adapter
26.100416,2026-06-04T12:19:35.271769+00:00,100,8,47 00 00 00 00 00 00 F2,python_can_virtual_baseline,011_python_can_virtual_bus,0.000104,python_can_virtual_bus_no_vehicle_no_adapter
26.100490,2026-06-04T12:19:35.271834+00:00,188,8,00 00 00 00 00 00 00 F3,python_can_virtual_baseline,011_python_can_virtual_bus,0.000025,python_can_virtual_bus_no_vehicle_no_adapter
26.110211,2026-06-04T12:19:35.281561+00:00,120,8,06 1E 00 00 00 00 00 F4,python_can_virtual_baseline,011_python_can_virtual_bus,0.000107,python_can_virtual_bus_no_vehicle_no_adapter
26.150272,2026-06-04T12:19:35.321630+00:00,100,8,4B 00 00 00 00 00 00 F5,python_can_virtual_baseline,011_python_can_virtual_bus,0.000151,python_can_virtual_bus_no_vehicle_no_adapter
26.150368,2026-06-04T12:19:35.321711+00:00,188,8,00 00 00 00 00 00 00 F6,python_can_virtual_baseline,011_python_can_virtual_bus,0.000027,python_can_virtual_bus_no_vehicle_no_adapter
26.180283,2026-06-04T12:19:35.351641+00:00,120,8,06 8A 00 00 00 00 00 F7,python_can_virtual_baseline,011_python_can_virtual_bus,0.000155,python_can_virtual_bus_no_vehicle_no_adapter
26.200293,2026-06-04T12:19:35.371652+00:00,100,8,4B 00 00 00 00 00 00 F8,python_can_virtual_baseline,011_python_can_virtual_bus,0.000166,python_can_virtual_bus_no_vehicle_no_adapter
26.200385,2026-06-04T12:19:35.371728+00:00,188,8,00 00 00 00 00 00 00 F9,python_can_virtual_baseline,011_python_can_virtual_bus,0.000026,python_can_virtual_bus_no_vehicle_no_adapter
26.250277,2026-06-04T12:19:35.421632+00:00,100,8,46 00 00 00 00 00 00 FA,python_can_virtual_baseline,011_python_can_virtual_bus,0.000164,python_can_virtual_bus_no_vehicle_no_adapter
26.250355,2026-06-04T12:19:35.421697+00:00,188,8,00 00 00 00 00 00 00 FB,python_can_virtual_baseline,011_python_can_virtual_bus,0.000024,python_can_virtual_bus_no_vehicle_no_adapter
26.250388,2026-06-04T12:19:35.421730+00:00,120,8,06 FC 00 00 00 00 00 FC,python_can_virtual_baseline,011_python_can_virtual_bus,0.000020,python_can_virtual_bus_no_vehicle_no_adapter
26.250441,2026-06-04T12:19:35.421783+00:00,300,8,DD D6 51 42 3E DA 85 29,python_can_virtual_baseline,011_python_can_virtual_bus,0.000028,python_can_virtual_bus_no_vehicle_no_adapter
26.300287,2026-06-04T12:19:35.471640+00:00,100,8,4A 00 00 00 00 00 00 FE,python_can_virtual_baseline,011_python_can_virtual_bus,0.000185,python_can_virtual_bus_no_vehicle_no_adapter
26.300360,2026-06-04T12:19:35.471702+00:00,188,8,00 00 00 00 00 00 00 FF,python_can_virtual_baseline,011_python_can_virtual_bus,0.000024,python_can_virtual_bus_no_vehicle_no_adapter
26.320235,2026-06-04T12:19:35.491588+00:00,120,8,06 52 00 00 00 00 00 00,python_can_virtual_baseline,011_python_can_virtual_bus,0.000124,python_can_virtual_bus_no_vehicle_no_adapter
26.350289,2026-06-04T12:19:35.521646+00:00,100,8,40 00 00 00 00 00 00 01,python_can_virtual_baseline,011_python_can_virtual_bus,0.000167,python_can_virtual_bus_no_vehicle_no_adapter
26.350368,2026-06-04T12:19:35.521710+00:00,188,8,00 00 00 00 00 00 00 02,python_can_virtual_baseline,011_python_can_virtual_bus,0.000025,python_can_virtual_bus_no_vehicle_no_adapter
26.390277,2026-06-04T12:19:35.561634+00:00,120,8,06 65 00 00 00 00 00 03,python_can_virtual_baseline,011_python_can_virtual_bus,0.000150,python_can_virtual_bus_no_vehicle_no_adapter
26.400276,2026-06-04T12:19:35.571632+00:00,100,8,3F 00 00 00 00 00 00 04,python_can_virtual_baseline,011_python_can_virtual_bus,0.000143,python_can_virtual_bus_no_vehicle_no_adapter
26.400359,2026-06-04T12:19:35.571702+00:00,188,8,00 00 00 00 00 00 00 05,python_can_virtual_baseline,011_python_can_virtual_bus,0.000025,python_can_virtual_bus_no_vehicle_no_adapter
26.453290,2026-06-04T12:19:35.624647+00:00,100,8,3D 00 00 00 00 00 00 06,python_can_virtual_baseline,011_python_can_virtual_bus,0.000113,python_can_virtual_bus_no_vehicle_no_adapter
26.453391,2026-06-04T12:19:35.624734+00:00,188,8,00 00 00 00 00 00 00 07,python_can_virtual_baseline,011_python_can_virtual_bus,0.000026,python_can_virtual_bus_no_vehicle_no_adapter
26.460168,2026-06-04T12:19:35.631517+00:00,120,8,07 38 00 00 00 00 00 08,python_can_virtual_baseline,011_python_can_virtual_bus,0.000090,python_can_virtual_bus_no_vehicle_no_adapter
26.500219,2026-06-04T12:19:35.671575+00:00,100,8,4B 00 00 00 00 00 00 09,python_can_virtual_baseline,011_python_can_virtual_bus,0.000132,python_can_virtual_bus_no_vehicle_no_adapter
26.500299,2026-06-04T12:19:35.671642+00:00,188,8,00 00 00 00 00 00 00 0A,python_can_virtual_baseline,011_python_can_virtual_bus,0.000024,python_can_virtual_bus_no_vehicle_no_adapter
26.500341,2026-06-04T12:19:35.671684+00:00,300,8,79 92 C8 96 CE 92 16 00,python_can_virtual_baseline,011_python_can_virtual_bus,0.000026,python_can_virtual_bus_no_vehicle_no_adapter
26.530225,2026-06-04T12:19:35.701580+00:00,120,8,05 89 00 00 00 00 00 0C,python_can_virtual_baseline,011_python_can_virtual_bus,0.000131,python_can_virtual_bus_no_vehicle_no_adapter
26.550252,2026-06-04T12:19:35.721607+00:00,100,8,41 00 00 00 00 00 00 0D,python_can_virtual_baseline,011_python_can_virtual_bus,0.000133,python_can_virtual_bus_no_vehicle_no_adapter
26.550329,2026-06-04T12:19:35.721671+00:00,188,8,00 00 00 00 00 00 00 0E,python_can_virtual_baseline,011_python_can_virtual_bus,0.000022,python_can_virtual_bus_no_vehicle_no_adapter
26.600287,2026-06-04T12:19:35.771645+00:00,100,8,3B 00 00 00 00 00 00 0F,python_can_virtual_baseline,011_python_can_virtual_bus,0.000162,python_can_virtual_bus_no_vehicle_no_adapter
26.600386,2026-06-04T12:19:35.771730+00:00,188,8,00 00 00 00 00 00 00 10,python_can_virtual_baseline,011_python_can_virtual_bus,0.000033,python_can_virtual_bus_no_vehicle_no_adapter
26.600440,2026-06-04T12:19:35.771782+00:00,120,8,05 D5 00 00 00 00 00 11,python_can_virtual_baseline,011_python_can_virtual_bus,0.000032,python_can_virtual_bus_no_vehicle_no_adapter
26.650302,2026-06-04T12:19:35.821663+00:00,100,8,40 00 00 00 00 00 00 12,python_can_virtual_baseline,011_python_can_virtual_bus,0.000170,python_can_virtual_bus_no_vehicle_no_adapter
26.650424,2026-06-04T12:19:35.821768+00:00,188,8,00 00 00 00 00 00 00 13,python_can_virtual_baseline,011_python_can_virtual_bus,0.000043,python_can_virtual_bus_no_vehicle_no_adapter
26.670283,2026-06-04T12:19:35.841648+00:00,120,8,05 D9 00 00 00 00 00 14,python_can_virtual_baseline,011_python_can_virtual_bus,0.000155,python_can_virtual_bus_no_vehicle_no_adapter
26.700308,2026-06-04T12:19:35.871668+00:00,100,8,43 00 00 00 00 00 00 15,python_can_virtual_baseline,011_python_can_virtual_bus,0.000110,python_can_virtual_bus_no_vehicle_no_adapter
26.700497,2026-06-04T12:19:35.871840+00:00,188,8,00 00 00 00 00 00 00 16,python_can_virtual_baseline,011_python_can_virtual_bus,0.000058,python_can_virtual_bus_no_vehicle_no_adapter
26.740268,2026-06-04T12:19:35.911626+00:00,120,8,06 F2 00 00 00 00 00 17,python_can_virtual_baseline,011_python_can_virtual_bus,0.000145,python_can_virtual_bus_no_vehicle_no_adapter
26.750282,2026-06-04T12:19:35.921636+00:00,100,8,4B 00 00 00 00 00 00 18,python_can_virtual_baseline,011_python_can_virtual_bus,0.000149,python_can_virtual_bus_no_vehicle_no_adapter
26.750361,2026-06-04T12:19:35.921707+00:00,188,8,00 00 00 00 00 00 00 19,python_can_virtual_baseline,011_python_can_virtual_bus,0.000026,python_can_virtual_bus_no_vehicle_no_adapter
26.750424,2026-06-04T12:19:35.921768+00:00,300,8,6F EE 8A A2 33 E3 B7 DB,python_can_virtual_baseline,011_python_can_virtual_bus,0.000037,python_can_virtual_bus_no_vehicle_no_adapter
26.800246,2026-06-04T12:19:35.971603+00:00,100,8,48 00 00 00 00 00 00 1B,python_can_virtual_baseline,011_python_can_virtual_bus,0.000132,python_can_virtual_bus_no_vehicle_no_adapter
26.800360,2026-06-04T12:19:35.971705+00:00,188,8,00 00 00 00 00 00 00 1C,python_can_virtual_baseline,011_python_can_virtual_bus,0.000047,python_can_virtual_bus_no_vehicle_no_adapter
26.810247,2026-06-04T12:19:35.981603+00:00,120,8,05 A0 00 00 00 00 00 1D,python_can_virtual_baseline,011_python_can_virtual_bus,0.000133,python_can_virtual_bus_no_vehicle_no_adapter
26.850272,2026-06-04T12:19:36.021626+00:00,100,8,3E 00 00 00 00 00 00 1E,python_can_virtual_baseline,011_python_can_virtual_bus,0.000144,python_can_virtual_bus_no_vehicle_no_adapter
26.850345,2026-06-04T12:19:36.021687+00:00,188,8,00 00 00 00 00 00 00 1F,python_can_virtual_baseline,011_python_can_virtual_bus,0.000023,python_can_virtual_bus_no_vehicle_no_adapter
26.880266,2026-06-04T12:19:36.051622+00:00,120,8,06 F9 00 00 00 00 00 20,python_can_virtual_baseline,011_python_can_virtual_bus,0.000150,python_can_virtual_bus_no_vehicle_no_adapter
26.900282,2026-06-04T12:19:36.071639+00:00,100,8,44 00 00 00 00 00 00 21,python_can_virtual_baseline,011_python_can_virtual_bus,0.000155,python_can_virtual_bus_no_vehicle_no_adapter
26.900371,2026-06-04T12:19:36.071714+00:00,188,8,00 00 00 00 00 00 00 22,python_can_virtual_baseline,011_python_can_virtual_bus,0.000029,python_can_virtual_bus_no_vehicle_no_adapter
26.950378,2026-06-04T12:19:36.121762+00:00,100,8,3B 00 00 00 00 00 00 23,python_can_virtual_baseline,011_python_can_virtual_bus,0.000161,python_can_virtual_bus_no_vehicle_no_adapter
26.950517,2026-06-04T12:19:36.121861+00:00,188,8,00 00 00 00 00 00 00 24,python_can_virtual_baseline,011_python_can_virtual_bus,0.000037,python_can_virtual_bus_no_vehicle_no_adapter
26.950577,2026-06-04T12:19:36.121923+00:00,120,8,07 26 00 00 00 00 00 25,python_can_virtual_baseline,011_python_can_virtual_bus,0.000036,python_can_virtual_bus_no_vehicle_no_adapter
27.000291,2026-06-04T12:19:36.171646+00:00,100,8,43 00 00 00 00 00 00 26,python_can_virtual_baseline,011_python_can_virtual_bus,0.000153,python_can_virtual_bus_no_vehicle_no_adapter
27.000367,2026-06-04T12:19:36.171709+00:00,188,8,00 00 00 00 00 00 00 27,python_can_virtual_baseline,011_python_can_virtual_bus,0.000023,python_can_virtual_bus_no_vehicle_no_adapter
27.000406,2026-06-04T12:19:36.171748+00:00,300,8,FD 06 EA E9 A6 78 78 50,python_can_virtual_baseline,011_python_can_virtual_bus,0.000025,python_can_virtual_bus_no_vehicle_no_adapter
27.020249,2026-06-04T12:19:36.191607+00:00,120,8,06 49 00 00 00 00 00 29,python_can_virtual_baseline,011_python_can_virtual_bus,0.000145,python_can_virtual_bus_no_vehicle_no_adapter
27.050288,2026-06-04T12:19:36.221647+00:00,100,8,3C 00 00 00 00 00 00 2A,python_can_virtual_baseline,011_python_can_virtual_bus,0.000158,python_can_virtual_bus_no_vehicle_no_adapter
27.050370,2026-06-04T12:19:36.221712+00:00,188,8,00 00 00 00 00 00 00 2B,python_can_virtual_baseline,011_python_can_virtual_bus,0.000025,python_can_virtual_bus_no_vehicle_no_adapter
27.090272,2026-06-04T12:19:36.261636+00:00,120,8,07 07 00 00 00 00 00 2C,python_can_virtual_baseline,011_python_can_virtual_bus,0.000133,python_can_virtual_bus_no_vehicle_no_adapter
27.100275,2026-06-04T12:19:36.271631+00:00,100,8,47 00 00 00 00 00 00 2D,python_can_virtual_baseline,011_python_can_virtual_bus,0.000135,python_can_virtual_bus_no_vehicle_no_adapter
27.100385,2026-06-04T12:19:36.271733+00:00,188,8,00 00 00 00 00 00 00 2E,python_can_virtual_baseline,011_python_can_virtual_bus,0.000038,python_can_virtual_bus_no_vehicle_no_adapter
27.150246,2026-06-04T12:19:36.321601+00:00,100,8,49 00 00 00 00 00 00 2F,python_can_virtual_baseline,011_python_can_virtual_bus,0.000135,python_can_virtual_bus_no_vehicle_no_adapter
27.150342,2026-06-04T12:19:36.321684+00:00,188,8,00 00 00 00 00 00 00 30,python_can_virtual_baseline,011_python_can_virtual_bus,0.000024,python_can_virtual_bus_no_vehicle_no_adapter
27.160200,2026-06-04T12:19:36.331551+00:00,120,8,06 4E 00 00 00 00 00 31,python_can_virtual_baseline,011_python_can_virtual_bus,0.000094,python_can_virtual_bus_no_vehicle_no_adapter
27.200257,2026-06-04T12:19:36.371612+00:00,100,8,3F 00 00 00 00 00 00 32,python_can_virtual_baseline,011_python_can_virtual_bus,0.000148,python_can_virtual_bus_no_vehicle_no_adapter
27.200333,2026-06-04T12:19:36.371675+00:00,188,8,00 00 00 00 00 00 00 33,python_can_virtual_baseline,011_python_can_virtual_bus,0.000024,python_can_virtual_bus_no_vehicle_no_adapter
27.230230,2026-06-04T12:19:36.401585+00:00,120,8,05 F1 00 00 00 00 00 34,python_can_virtual_baseline,011_python_can_virtual_bus,0.000124,python_can_virtual_bus_no_vehicle_no_adapter
27.250372,2026-06-04T12:19:36.421727+00:00,100,8,41 00 00 00 00 00 00 35,python_can_virtual_baseline,011_python_can_virtual_bus,0.000110,python_can_virtual_bus_no_vehicle_no_adapter
27.250456,2026-06-04T12:19:36.421798+00:00,188,8,00 00 00 00 00 00 00 36,python_can_virtual_baseline,011_python_can_virtual_bus,0.000032,python_can_virtual_bus_no_vehicle_no_adapter
27.250575,2026-06-04T12:19:36.421918+00:00,300,8,45 27 CE D1 01 A0 4B 30,python_can_virtual_baseline,011_python_can_virtual_bus,0.000105,python_can_virtual_bus_no_vehicle_no_adapter
27.300274,2026-06-04T12:19:36.471629+00:00,100,8,3D 00 00 00 00 00 00 38,python_can_virtual_baseline,011_python_can_virtual_bus,0.000165,python_can_virtual_bus_no_vehicle_no_adapter
27.300352,2026-06-04T12:19:36.471694+00:00,188,8,00 00 00 00 00 00 00 39,python_can_virtual_baseline,011_python_can_virtual_bus,0.000024,python_can_virtual_bus_no_vehicle_no_adapter
27.300410,2026-06-04T12:19:36.471755+00:00,120,8,06 DC 00 00 00 00 00 3A,python_can_virtual_baseline,011_python_can_virtual_bus,0.000044,python_can_virtual_bus_no_vehicle_no_adapter
27.350281,2026-06-04T12:19:36.521638+00:00,100,8,40 00 00 00 00 00 00 3B,python_can_virtual_baseline,011_python_can_virtual_bus,0.000157,python_can_virtual_bus_no_vehicle_no_adapter
27.350381,2026-06-04T12:19:36.521723+00:00,188,8,00 00 00 00 00 00 00 3C,python_can_virtual_baseline,011_python_can_virtual_bus,0.000043,python_can_virtual_bus_no_vehicle_no_adapter
27.370324,2026-06-04T12:19:36.541686+00:00,120,8,06 84 00 00 00 00 00 3D,python_can_virtual_baseline,011_python_can_virtual_bus,0.000205,python_can_virtual_bus_no_vehicle_no_adapter
27.400356,2026-06-04T12:19:36.571719+00:00,100,8,47 00 00 00 00 00 00 3E,python_can_virtual_baseline,011_python_can_virtual_bus,0.000162,python_can_virtual_bus_no_vehicle_no_adapter
27.400482,2026-06-04T12:19:36.571854+00:00,188,8,00 00 00 00 00 00 00 3F,python_can_virtual_baseline,011_python_can_virtual_bus,0.000049,python_can_virtual_bus_no_vehicle_no_adapter
27.440362,2026-06-04T12:19:36.611724+00:00,120,8,07 3F 00 00 00 00 00 40,python_can_virtual_baseline,011_python_can_virtual_bus,0.000155,python_can_virtual_bus_no_vehicle_no_adapter
27.450335,2026-06-04T12:19:36.621695+00:00,100,8,3F 00 00 00 00 00 00 41,python_can_virtual_baseline,011_python_can_virtual_bus,0.000146,python_can_virtual_bus_no_vehicle_no_adapter
27.450432,2026-06-04T12:19:36.621776+00:00,188,8,00 00 00 00 00 00 00 42,python_can_virtual_baseline,011_python_can_virtual_bus,0.000028,python_can_virtual_bus_no_vehicle_no_adapter
27.500318,2026-06-04T12:19:36.671675+00:00,100,8,4A 00 00 00 00 00 00 43,python_can_virtual_baseline,011_python_can_virtual_bus,0.000134,python_can_virtual_bus_no_vehicle_no_adapter
27.500417,2026-06-04T12:19:36.671759+00:00,188,8,00 00 00 00 00 00 00 44,python_can_virtual_baseline,011_python_can_virtual_bus,0.000024,python_can_virtual_bus_no_vehicle_no_adapter
27.500457,2026-06-04T12:19:36.671798+00:00,300,8,AC DB 08 14 97 30 51 DF,python_can_virtual_baseline,011_python_can_virtual_bus,0.000025,python_can_virtual_bus_no_vehicle_no_adapter
27.510317,2026-06-04T12:19:36.681679+00:00,120,8,07 28 00 00 00 00 00 46,python_can_virtual_baseline,011_python_can_virtual_bus,0.000193,python_can_virtual_bus_no_vehicle_no_adapter
27.550280,2026-06-04T12:19:36.721642+00:00,100,8,3D 00 00 00 00 00 00 47,python_can_virtual_baseline,011_python_can_virtual_bus,0.000166,python_can_virtual_bus_no_vehicle_no_adapter
27.550389,2026-06-04T12:19:36.721732+00:00,188,8,00 00 00 00 00 00 00 48,python_can_virtual_baseline,011_python_can_virtual_bus,0.000033,python_can_virtual_bus_no_vehicle_no_adapter
27.580323,2026-06-04T12:19:36.751680+00:00,120,8,06 3D 00 00 00 00 00 49,python_can_virtual_baseline,011_python_can_virtual_bus,0.000177,python_can_virtual_bus_no_vehicle_no_adapter
27.600228,2026-06-04T12:19:36.771583+00:00,100,8,3A 00 00 00 00 00 00 4A,python_can_virtual_baseline,011_python_can_virtual_bus,0.000124,python_can_virtual_bus_no_vehicle_no_adapter
27.600319,2026-06-04T12:19:36.771665+00:00,188,8,00 00 00 00 00 00 00 4B,python_can_virtual_baseline,011_python_can_virtual_bus,0.000035,python_can_virtual_bus_no_vehicle_no_adapter
27.650265,2026-06-04T12:19:36.821622+00:00,100,8,46 00 00 00 00 00 00 4C,python_can_virtual_baseline,011_python_can_virtual_bus,0.000148,python_can_virtual_bus_no_vehicle_no_adapter
27.650346,2026-06-04T12:19:36.821688+00:00,188,8,00 00 00 00 00 00 00 4D,python_can_virtual_baseline,011_python_can_virtual_bus,0.000024,python_can_virtual_bus_no_vehicle_no_adapter
27.650378,2026-06-04T12:19:36.821720+00:00,120,8,05 93 00 00 00 00 00 4E,python_can_virtual_baseline,011_python_can_virtual_bus,0.000019,python_can_virtual_bus_no_vehicle_no_adapter
27.700374,2026-06-04T12:19:36.871730+00:00,100,8,49 00 00 00 00 00 00 4F,python_can_virtual_baseline,011_python_can_virtual_bus,0.000128,python_can_virtual_bus_no_vehicle_no_adapter
27.700456,2026-06-04T12:19:36.871798+00:00,188,8,00 00 00 00 00 00 00 50,python_can_virtual_baseline,011_python_can_virtual_bus,0.000025,python_can_virtual_bus_no_vehicle_no_adapter
27.720325,2026-06-04T12:19:36.891685+00:00,120,8,06 F3 00 00 00 00 00 51,python_can_virtual_baseline,011_python_can_virtual_bus,0.000194,python_can_virtual_bus_no_vehicle_no_adapter
27.750303,2026-06-04T12:19:36.921659+00:00,100,8,3B 00 00 00 00 00 00 52,python_can_virtual_baseline,011_python_can_virtual_bus,0.000160,python_can_virtual_bus_no_vehicle_no_adapter
27.750382,2026-06-04T12:19:36.921724+00:00,188,8,00 00 00 00 00 00 00 53,python_can_virtual_baseline,011_python_can_virtual_bus,0.000024,python_can_virtual_bus_no_vehicle_no_adapter
27.750420,2026-06-04T12:19:36.921761+00:00,300,8,DD 42 9E EB 1A D7 C5 45,python_can_virtual_baseline,011_python_can_virtual_bus,0.000024,python_can_virtual_bus_no_vehicle_no_adapter
27.790308,2026-06-04T12:19:36.961668+00:00,120,8,06 15 00 00 00 00 00 55,python_can_virtual_baseline,011_python_can_virtual_bus,0.000178,python_can_virtual_bus_no_vehicle_no_adapter
27.800264,2026-06-04T12:19:36.971622+00:00,100,8,3A 00 00 00 00 00 00 56,python_can_virtual_baseline,011_python_can_virtual_bus,0.000152,python_can_virtual_bus_no_vehicle_no_adapter
27.800365,2026-06-04T12:19:36.971708+00:00,188,8,00 00 00 00 00 00 00 57,python_can_virtual_baseline,011_python_can_virtual_bus,0.000029,python_can_virtual_bus_no_vehicle_no_adapter
27.850256,2026-06-04T12:19:37.021612+00:00,100,8,3F 00 00 00 00 00 00 58,python_can_virtual_baseline,011_python_can_virtual_bus,0.000144,python_can_virtual_bus_no_vehicle_no_adapter
27.850333,2026-06-04T12:19:37.021674+00:00,188,8,00 00 00 00 00 00 00 59,python_can_virtual_baseline,011_python_can_virtual_bus,0.000023,python_can_virtual_bus_no_vehicle_no_adapter
27.860282,2026-06-04T12:19:37.031641+00:00,120,8,06 EA 00 00 00 00 00 5A,python_can_virtual_baseline,011_python_can_virtual_bus,0.000179,python_can_virtual_bus_no_vehicle_no_adapter
27.900291,2026-06-04T12:19:37.071647+00:00,100,8,3D 00 00 00 00 00 00 5B,python_can_virtual_baseline,011_python_can_virtual_bus,0.000162,python_can_virtual_bus_no_vehicle_no_adapter
27.900392,2026-06-04T12:19:37.071734+00:00,188,8,00 00 00 00 00 00 00 5C,python_can_virtual_baseline,011_python_can_virtual_bus,0.000024,python_can_virtual_bus_no_vehicle_no_adapter
27.930270,2026-06-04T12:19:37.101629+00:00,120,8,06 E2 00 00 00 00 00 5D,python_can_virtual_baseline,011_python_can_virtual_bus,0.000165,python_can_virtual_bus_no_vehicle_no_adapter
27.950339,2026-06-04T12:19:37.121699+00:00,100,8,3A 00 00 00 00 00 00 5E,python_can_virtual_baseline,011_python_can_virtual_bus,0.000145,python_can_virtual_bus_no_vehicle_no_adapter
27.950437,2026-06-04T12:19:37.121781+00:00,188,8,00 00 00 00 00 00 00 5F,python_can_virtual_baseline,011_python_can_virtual_bus,0.000029,python_can_virtual_bus_no_vehicle_no_adapter
28.000279,2026-06-04T12:19:37.171635+00:00,100,8,45 00 00 00 00 00 00 60,python_can_virtual_baseline,011_python_can_virtual_bus,0.000153,python_can_virtual_bus_no_vehicle_no_adapter
28.000359,2026-06-04T12:19:37.171701+00:00,188,8,00 00 00 00 00 00 00 61,python_can_virtual_baseline,011_python_can_virtual_bus,0.000022,python_can_virtual_bus_no_vehicle_no_adapter
28.000392,2026-06-04T12:19:37.171733+00:00,120,8,06 64 00 00 00 00 00 62,python_can_virtual_baseline,011_python_can_virtual_bus,0.000019,python_can_virtual_bus_no_vehicle_no_adapter
28.000452,2026-06-04T12:19:37.171796+00:00,300,8,C4 FD 65 EC 1D B5 2B 08,python_can_virtual_baseline,011_python_can_virtual_bus,0.000028,python_can_virtual_bus_no_vehicle_no_adapter
28.050378,2026-06-04T12:19:37.221742+00:00,100,8,3D 00 00 00 00 00 00 64,python_can_virtual_baseline,011_python_can_virtual_bus,0.000240,python_can_virtual_bus_no_vehicle_no_adapter
28.050507,2026-06-04T12:19:37.221852+00:00,188,8,00 00 00 00 00 00 00 65,python_can_virtual_baseline,011_python_can_virtual_bus,0.000047,python_can_virtual_bus_no_vehicle_no_adapter
28.070309,2026-06-04T12:19:37.241667+00:00,120,8,06 B1 00 00 00 00 00 66,python_can_virtual_baseline,011_python_can_virtual_bus,0.000201,python_can_virtual_bus_no_vehicle_no_adapter
28.100394,2026-06-04T12:19:37.271760+00:00,100,8,46 00 00 00 00 00 00 67,python_can_virtual_baseline,011_python_can_virtual_bus,0.000189,python_can_virtual_bus_no_vehicle_no_adapter
28.100549,2026-06-04T12:19:37.271896+00:00,188,8,00 00 00 00 00 00 00 68,python_can_virtual_baseline,011_python_can_virtual_bus,0.000066,python_can_virtual_bus_no_vehicle_no_adapter
28.140433,2026-06-04T12:19:37.311802+00:00,120,8,06 3A 00 00 00 00 00 69,python_can_virtual_baseline,011_python_can_virtual_bus,0.000310,python_can_virtual_bus_no_vehicle_no_adapter
28.150226,2026-06-04T12:19:37.321579+00:00,100,8,45 00 00 00 00 00 00 6A,python_can_virtual_baseline,011_python_can_virtual_bus,0.000119,python_can_virtual_bus_no_vehicle_no_adapter
28.150327,2026-06-04T12:19:37.321669+00:00,188,8,00 00 00 00 00 00 00 6B,python_can_virtual_baseline,011_python_can_virtual_bus,0.000028,python_can_virtual_bus_no_vehicle_no_adapter
28.200321,2026-06-04T12:19:37.371678+00:00,100,8,40 00 00 00 00 00 00 6C,python_can_virtual_baseline,011_python_can_virtual_bus,0.000138,python_can_virtual_bus_no_vehicle_no_adapter
28.200408,2026-06-04T12:19:37.371750+00:00,188,8,00 00 00 00 00 00 00 6D,python_can_virtual_baseline,011_python_can_virtual_bus,0.000028,python_can_virtual_bus_no_vehicle_no_adapter
28.210300,2026-06-04T12:19:37.381656+00:00,120,8,05 8D 00 00 00 00 00 6E,python_can_virtual_baseline,011_python_can_virtual_bus,0.000164,python_can_virtual_bus_no_vehicle_no_adapter
28.250423,2026-06-04T12:19:37.421788+00:00,100,8,47 00 00 00 00 00 00 6F,python_can_virtual_baseline,011_python_can_virtual_bus,0.000218,python_can_virtual_bus_no_vehicle_no_adapter
28.250544,2026-06-04T12:19:37.421889+00:00,188,8,00 00 00 00 00 00 00 70,python_can_virtual_baseline,011_python_can_virtual_bus,0.000038,python_can_virtual_bus_no_vehicle_no_adapter
28.250607,2026-06-04T12:19:37.421952+00:00,300,8,FC EE D4 E5 CF 4E 63 E1,python_can_virtual_baseline,011_python_can_virtual_bus,0.000040,python_can_virtual_bus_no_vehicle_no_adapter
28.280359,2026-06-04T12:19:37.451716+00:00,120,8,06 DA 00 00 00 00 00 72,python_can_virtual_baseline,011_python_can_virtual_bus,0.000240,python_can_virtual_bus_no_vehicle_no_adapter
28.300324,2026-06-04T12:19:37.471681+00:00,100,8,40 00 00 00 00 00 00 73,python_can_virtual_baseline,011_python_can_virtual_bus,0.000191,python_can_virtual_bus_no_vehicle_no_adapter
28.300420,2026-06-04T12:19:37.471767+00:00,188,8,00 00 00 00 00 00 00 74,python_can_virtual_baseline,011_python_can_virtual_bus,0.000037,python_can_virtual_bus_no_vehicle_no_adapter
28.350388,2026-06-04T12:19:37.521751+00:00,100,8,41 00 00 00 00 00 00 75,python_can_virtual_baseline,011_python_can_virtual_bus,0.000187,python_can_virtual_bus_no_vehicle_no_adapter
28.350492,2026-06-04T12:19:37.521835+00:00,188,8,00 00 00 00 00 00 00 76,python_can_virtual_baseline,011_python_can_virtual_bus,0.000028,python_can_virtual_bus_no_vehicle_no_adapter
28.350536,2026-06-04T12:19:37.521880+00:00,120,8,07 02 00 00 00 00 00 77,python_can_virtual_baseline,011_python_can_virtual_bus,0.000025,python_can_virtual_bus_no_vehicle_no_adapter
28.400410,2026-06-04T12:19:37.571774+00:00,100,8,42 00 00 00 00 00 00 78,python_can_virtual_baseline,011_python_can_virtual_bus,0.000186,python_can_virtual_bus_no_vehicle_no_adapter
28.400508,2026-06-04T12:19:37.571850+00:00,188,8,00 00 00 00 00 00 00 79,python_can_virtual_baseline,011_python_can_virtual_bus,0.000028,python_can_virtual_bus_no_vehicle_no_adapter
28.420380,2026-06-04T12:19:37.591745+00:00,120,8,05 7C 00 00 00 00 00 7A,python_can_virtual_baseline,011_python_can_virtual_bus,0.000185,python_can_virtual_bus_no_vehicle_no_adapter
28.450311,2026-06-04T12:19:37.621668+00:00,100,8,43 00 00 00 00 00 00 7B,python_can_virtual_baseline,011_python_can_virtual_bus,0.000182,python_can_virtual_bus_no_vehicle_no_adapter
28.450411,2026-06-04T12:19:37.621753+00:00,188,8,00 00 00 00 00 00 00 7C,python_can_virtual_baseline,011_python_can_virtual_bus,0.000045,python_can_virtual_bus_no_vehicle_no_adapter
28.490384,2026-06-04T12:19:37.661745+00:00,120,8,07 3D 00 00 00 00 00 7D,python_can_virtual_baseline,011_python_can_virtual_bus,0.000174,python_can_virtual_bus_no_vehicle_no_adapter
28.500317,2026-06-04T12:19:37.671678+00:00,100,8,48 00 00 00 00 00 00 7E,python_can_virtual_baseline,011_python_can_virtual_bus,0.000184,python_can_virtual_bus_no_vehicle_no_adapter
28.500436,2026-06-04T12:19:37.671780+00:00,188,8,00 00 00 00 00 00 00 7F,python_can_virtual_baseline,011_python_can_virtual_bus,0.000029,python_can_virtual_bus_no_vehicle_no_adapter
28.500485,2026-06-04T12:19:37.671828+00:00,300,8,F9 0D 5E C4 13 F4 7A 99,python_can_virtual_baseline,011_python_can_virtual_bus,0.000030,python_can_virtual_bus_no_vehicle_no_adapter
28.550338,2026-06-04T12:19:37.721699+00:00,100,8,49 00 00 00 00 00 00 81,python_can_virtual_baseline,011_python_can_virtual_bus,0.000212,python_can_virtual_bus_no_vehicle_no_adapter
28.550441,2026-06-04T12:19:37.721784+00:00,188,8,00 00 00 00 00 00 00 82,python_can_virtual_baseline,011_python_can_virtual_bus,0.000030,python_can_virtual_bus_no_vehicle_no_adapter
28.560315,2026-06-04T12:19:37.731676+00:00,120,8,05 EB 00 00 00 00 00 83,python_can_virtual_baseline,011_python_can_virtual_bus,0.000184,python_can_virtual_bus_no_vehicle_no_adapter
28.600310,2026-06-04T12:19:37.771670+00:00,100,8,3C 00 00 00 00 00 00 84,python_can_virtual_baseline,011_python_can_virtual_bus,0.000183,python_can_virtual_bus_no_vehicle_no_adapter
28.600406,2026-06-04T12:19:37.771750+00:00,188,8,00 00 00 00 00 00 00 85,python_can_virtual_baseline,011_python_can_virtual_bus,0.000029,python_can_virtual_bus_no_vehicle_no_adapter
28.630299,2026-06-04T12:19:37.801660+00:00,120,8,06 42 00 00 00 00 00 86,python_can_virtual_baseline,011_python_can_virtual_bus,0.000167,python_can_virtual_bus_no_vehicle_no_adapter
28.650316,2026-06-04T12:19:37.821678+00:00,100,8,3A 00 00 00 00 00 00 87,python_can_virtual_baseline,011_python_can_virtual_bus,0.000178,python_can_virtual_bus_no_vehicle_no_adapter
28.650420,2026-06-04T12:19:37.821764+00:00,188,8,00 00 00 00 00 00 00 88,python_can_virtual_baseline,011_python_can_virtual_bus,0.000031,python_can_virtual_bus_no_vehicle_no_adapter
28.700234,2026-06-04T12:19:37.871591+00:00,100,8,41 00 00 00 00 00 00 89,python_can_virtual_baseline,011_python_can_virtual_bus,0.000143,python_can_virtual_bus_no_vehicle_no_adapter
28.700312,2026-06-04T12:19:37.871654+00:00,188,8,00 00 00 00 00 00 00 8A,python_can_virtual_baseline,011_python_can_virtual_bus,0.000023,python_can_virtual_bus_no_vehicle_no_adapter
28.700345,2026-06-04T12:19:37.871687+00:00,120,8,07 3E 00 00 00 00 00 8B,python_can_virtual_baseline,011_python_can_virtual_bus,0.000019,python_can_virtual_bus_no_vehicle_no_adapter
28.752315,2026-06-04T12:19:37.923675+00:00,100,8,3C 00 00 00 00 00 00 8C,python_can_virtual_baseline,011_python_can_virtual_bus,0.000133,python_can_virtual_bus_no_vehicle_no_adapter
28.752417,2026-06-04T12:19:37.923761+00:00,188,8,00 00 00 00 00 00 00 8D,python_can_virtual_baseline,011_python_can_virtual_bus,0.000033,python_can_virtual_bus_no_vehicle_no_adapter
28.752476,2026-06-04T12:19:37.923820+00:00,300,8,1E DB 20 29 69 65 55 4A,python_can_virtual_baseline,011_python_can_virtual_bus,0.000037,python_can_virtual_bus_no_vehicle_no_adapter
28.770198,2026-06-04T12:19:37.941551+00:00,120,8,07 5B 00 00 00 00 00 8F,python_can_virtual_baseline,011_python_can_virtual_bus,0.000113,python_can_virtual_bus_no_vehicle_no_adapter
28.800275,2026-06-04T12:19:37.971635+00:00,100,8,3A 00 00 00 00 00 00 90,python_can_virtual_baseline,011_python_can_virtual_bus,0.000160,python_can_virtual_bus_no_vehicle_no_adapter
28.800381,2026-06-04T12:19:37.971726+00:00,188,8,00 00 00 00 00 00 00 91,python_can_virtual_baseline,011_python_can_virtual_bus,0.000034,python_can_virtual_bus_no_vehicle_no_adapter
28.840293,2026-06-04T12:19:38.011651+00:00,120,8,06 C2 00 00 00 00 00 92,python_can_virtual_baseline,011_python_can_virtual_bus,0.000180,python_can_virtual_bus_no_vehicle_no_adapter
28.850249,2026-06-04T12:19:38.021605+00:00,100,8,44 00 00 00 00 00 00 93,python_can_virtual_baseline,011_python_can_virtual_bus,0.000131,python_can_virtual_bus_no_vehicle_no_adapter
28.850328,2026-06-04T12:19:38.021670+00:00,188,8,00 00 00 00 00 00 00 94,python_can_virtual_baseline,011_python_can_virtual_bus,0.000022,python_can_virtual_bus_no_vehicle_no_adapter
28.900253,2026-06-04T12:19:38.071612+00:00,100,8,3D 00 00 00 00 00 00 95,python_can_virtual_baseline,011_python_can_virtual_bus,0.000143,python_can_virtual_bus_no_vehicle_no_adapter
28.900357,2026-06-04T12:19:38.071699+00:00,188,8,00 00 00 00 00 00 00 96,python_can_virtual_baseline,011_python_can_virtual_bus,0.000024,python_can_virtual_bus_no_vehicle_no_adapter
28.910231,2026-06-04T12:19:38.081581+00:00,120,8,05 8D 00 00 00 00 00 97,python_can_virtual_baseline,011_python_can_virtual_bus,0.000094,python_can_virtual_bus_no_vehicle_no_adapter
28.950286,2026-06-04T12:19:38.121642+00:00,100,8,41 00 00 00 00 00 00 98,python_can_virtual_baseline,011_python_can_virtual_bus,0.000155,python_can_virtual_bus_no_vehicle_no_adapter
28.950366,2026-06-04T12:19:38.121708+00:00,188,8,00 00 00 00 00 00 00 99,python_can_virtual_baseline,011_python_can_virtual_bus,0.000023,python_can_virtual_bus_no_vehicle_no_adapter
28.980305,2026-06-04T12:19:38.151666+00:00,120,8,06 3B 00 00 00 00 00 9A,python_can_virtual_baseline,011_python_can_virtual_bus,0.000186,python_can_virtual_bus_no_vehicle_no_adapter
29.000219,2026-06-04T12:19:38.171571+00:00,100,8,3D 00 00 00 00 00 00 9B,python_can_virtual_baseline,011_python_can_virtual_bus,0.000118,python_can_virtual_bus_no_vehicle_no_adapter
29.000290,2026-06-04T12:19:38.171632+00:00,188,8,00 00 00 00 00 00 00 9C,python_can_virtual_baseline,011_python_can_virtual_bus,0.000023,python_can_virtual_bus_no_vehicle_no_adapter
29.000328,2026-06-04T12:19:38.171670+00:00,300,8,D6 5B 8C 83 7B C8 02 3B,python_can_virtual_baseline,011_python_can_virtual_bus,0.000024,python_can_virtual_bus_no_vehicle_no_adapter
29.050282,2026-06-04T12:19:38.221642+00:00,100,8,45 00 00 00 00 00 00 9E,python_can_virtual_baseline,011_python_can_virtual_bus,0.000169,python_can_virtual_bus_no_vehicle_no_adapter
29.050380,2026-06-04T12:19:38.221723+00:00,188,8,00 00 00 00 00 00 00 9F,python_can_virtual_baseline,011_python_can_virtual_bus,0.000028,python_can_virtual_bus_no_vehicle_no_adapter
29.050534,2026-06-04T12:19:38.221878+00:00,120,8,06 EF 00 00 00 00 00 A0,python_can_virtual_baseline,011_python_can_virtual_bus,0.000135,python_can_virtual_bus_no_vehicle_no_adapter
29.100273,2026-06-04T12:19:38.271631+00:00,100,8,47 00 00 00 00 00 00 A1,python_can_virtual_baseline,011_python_can_virtual_bus,0.000166,python_can_virtual_bus_no_vehicle_no_adapter
29.100375,2026-06-04T12:19:38.271717+00:00,188,8,00 00 00 00 00 00 00 A2,python_can_virtual_baseline,011_python_can_virtual_bus,0.000043,python_can_virtual_bus_no_vehicle_no_adapter
29.120254,2026-06-04T12:19:38.291610+00:00,120,8,06 89 00 00 00 00 00 A3,python_can_virtual_baseline,011_python_can_virtual_bus,0.000147,python_can_virtual_bus_no_vehicle_no_adapter
29.150257,2026-06-04T12:19:38.321614+00:00,100,8,3F 00 00 00 00 00 00 A4,python_can_virtual_baseline,011_python_can_virtual_bus,0.000145,python_can_virtual_bus_no_vehicle_no_adapter
29.150357,2026-06-04T12:19:38.321699+00:00,188,8,00 00 00 00 00 00 00 A5,python_can_virtual_baseline,011_python_can_virtual_bus,0.000023,python_can_virtual_bus_no_vehicle_no_adapter
29.190324,2026-06-04T12:19:38.361685+00:00,120,8,06 18 00 00 00 00 00 A6,python_can_virtual_baseline,011_python_can_virtual_bus,0.000186,python_can_virtual_bus_no_vehicle_no_adapter
29.200335,2026-06-04T12:19:38.371693+00:00,100,8,3B 00 00 00 00 00 00 A7,python_can_virtual_baseline,011_python_can_virtual_bus,0.000210,python_can_virtual_bus_no_vehicle_no_adapter
29.200433,2026-06-04T12:19:38.371778+00:00,188,8,00 00 00 00 00 00 00 A8,python_can_virtual_baseline,011_python_can_virtual_bus,0.000034,python_can_virtual_bus_no_vehicle_no_adapter
29.250907,2026-06-04T12:19:38.422268+00:00,100,8,40 00 00 00 00 00 00 A9,python_can_virtual_baseline,011_python_can_virtual_bus,0.000764,python_can_virtual_bus_no_vehicle_no_adapter
29.251065,2026-06-04T12:19:38.422410+00:00,188,8,00 00 00 00 00 00 00 AA,python_can_virtual_baseline,011_python_can_virtual_bus,0.000080,python_can_virtual_bus_no_vehicle_no_adapter
29.251147,2026-06-04T12:19:38.422509+00:00,300,8,B5 DA BF D6 2F 2E B3 B9,python_can_virtual_baseline,011_python_can_virtual_bus,0.000059,python_can_virtual_bus_no_vehicle_no_adapter
29.260294,2026-06-04T12:19:38.431653+00:00,120,8,06 EF 00 00 00 00 00 AC,python_can_virtual_baseline,011_python_can_virtual_bus,0.000172,python_can_virtual_bus_no_vehicle_no_adapter
29.300310,2026-06-04T12:19:38.471670+00:00,100,8,3C 00 00 00 00 00 00 AD,python_can_virtual_baseline,011_python_can_virtual_bus,0.000177,python_can_virtual_bus_no_vehicle_no_adapter
29.300411,2026-06-04T12:19:38.471754+00:00,188,8,00 00 00 00 00 00 00 AE,python_can_virtual_baseline,011_python_can_virtual_bus,0.000033,python_can_virtual_bus_no_vehicle_no_adapter
29.330254,2026-06-04T12:19:38.501608+00:00,120,8,06 47 00 00 00 00 00 AF,python_can_virtual_baseline,011_python_can_virtual_bus,0.000142,python_can_virtual_bus_no_vehicle_no_adapter
29.350348,2026-06-04T12:19:38.521705+00:00,100,8,40 00 00 00 00 00 00 B0,python_can_virtual_baseline,011_python_can_virtual_bus,0.000142,python_can_virtual_bus_no_vehicle_no_adapter
29.350454,2026-06-04T12:19:38.521796+00:00,188,8,00 00 00 00 00 00 00 B1,python_can_virtual_baseline,011_python_can_virtual_bus,0.000024,python_can_virtual_bus_no_vehicle_no_adapter
29.400374,2026-06-04T12:19:38.571734+00:00,100,8,41 00 00 00 00 00 00 B2,python_can_virtual_baseline,011_python_can_virtual_bus,0.000169,python_can_virtual_bus_no_vehicle_no_adapter
29.400481,2026-06-04T12:19:38.571825+00:00,188,8,00 00 00 00 00 00 00 B3,python_can_virtual_baseline,011_python_can_virtual_bus,0.000034,python_can_virtual_bus_no_vehicle_no_adapter
29.400521,2026-06-04T12:19:38.571863+00:00,120,8,06 A4 00 00 00 00 00 B4,python_can_virtual_baseline,011_python_can_virtual_bus,0.000021,python_can_virtual_bus_no_vehicle_no_adapter
29.450360,2026-06-04T12:19:38.621720+00:00,100,8,42 00 00 00 00 00 00 B5,python_can_virtual_baseline,011_python_can_virtual_bus,0.000164,python_can_virtual_bus_no_vehicle_no_adapter
29.450455,2026-06-04T12:19:38.621797+00:00,188,8,00 00 00 00 00 00 00 B6,python_can_virtual_baseline,011_python_can_virtual_bus,0.000026,python_can_virtual_bus_no_vehicle_no_adapter
29.470337,2026-06-04T12:19:38.641749+00:00,120,8,05 E8 00 00 00 00 00 B7,python_can_virtual_baseline,011_python_can_virtual_bus,0.000152,python_can_virtual_bus_no_vehicle_no_adapter
29.500396,2026-06-04T12:19:38.671759+00:00,100,8,4B 00 00 00 00 00 00 B8,python_can_virtual_baseline,011_python_can_virtual_bus,0.000167,python_can_virtual_bus_no_vehicle_no_adapter
29.500529,2026-06-04T12:19:38.671873+00:00,188,8,00 00 00 00 00 00 00 B9,python_can_virtual_baseline,011_python_can_virtual_bus,0.000028,python_can_virtual_bus_no_vehicle_no_adapter
29.500578,2026-06-04T12:19:38.671921+00:00,300,8,5E DB AC 08 AE 8B 9B C4,python_can_virtual_baseline,011_python_can_virtual_bus,0.000029,python_can_virtual_bus_no_vehicle_no_adapter
29.540311,2026-06-04T12:19:38.711669+00:00,120,8,05 BA 00 00 00 00 00 BB,python_can_virtual_baseline,011_python_can_virtual_bus,0.000127,python_can_virtual_bus_no_vehicle_no_adapter
29.550265,2026-06-04T12:19:38.721622+00:00,100,8,4A 00 00 00 00 00 00 BC,python_can_virtual_baseline,011_python_can_virtual_bus,0.000159,python_can_virtual_bus_no_vehicle_no_adapter
29.550357,2026-06-04T12:19:38.721699+00:00,188,8,00 00 00 00 00 00 00 BD,python_can_virtual_baseline,011_python_can_virtual_bus,0.000026,python_can_virtual_bus_no_vehicle_no_adapter
29.600243,2026-06-04T12:19:38.771599+00:00,100,8,4B 00 00 00 00 00 00 BE,python_can_virtual_baseline,011_python_can_virtual_bus,0.000143,python_can_virtual_bus_no_vehicle_no_adapter
29.600346,2026-06-04T12:19:38.771690+00:00,188,8,00 00 00 00 00 00 00 BF,python_can_virtual_baseline,011_python_can_virtual_bus,0.000034,python_can_virtual_bus_no_vehicle_no_adapter
29.610267,2026-06-04T12:19:38.781626+00:00,120,8,05 A5 00 00 00 00 00 C0,python_can_virtual_baseline,011_python_can_virtual_bus,0.000148,python_can_virtual_bus_no_vehicle_no_adapter
29.650304,2026-06-04T12:19:38.821661+00:00,100,8,41 00 00 00 00 00 00 C1,python_can_virtual_baseline,011_python_can_virtual_bus,0.000171,python_can_virtual_bus_no_vehicle_no_adapter
29.650386,2026-06-04T12:19:38.821728+00:00,188,8,00 00 00 00 00 00 00 C2,python_can_virtual_baseline,011_python_can_virtual_bus,0.000023,python_can_virtual_bus_no_vehicle_no_adapter
29.680322,2026-06-04T12:19:38.851681+00:00,120,8,06 A6 00 00 00 00 00 C3,python_can_virtual_baseline,011_python_can_virtual_bus,0.000146,python_can_virtual_bus_no_vehicle_no_adapter
29.700351,2026-06-04T12:19:38.871711+00:00,100,8,47 00 00 00 00 00 00 C4,python_can_virtual_baseline,011_python_can_virtual_bus,0.000152,python_can_virtual_bus_no_vehicle_no_adapter
29.700451,2026-06-04T12:19:38.871794+00:00,188,8,00 00 00 00 00 00 00 C5,python_can_virtual_baseline,011_python_can_virtual_bus,0.000028,python_can_virtual_bus_no_vehicle_no_adapter
29.750306,2026-06-04T12:19:38.921668+00:00,100,8,3B 00 00 00 00 00 00 C6,python_can_virtual_baseline,011_python_can_virtual_bus,0.000171,python_can_virtual_bus_no_vehicle_no_adapter
29.750454,2026-06-04T12:19:38.921800+00:00,188,8,00 00 00 00 00 00 00 C7,python_can_virtual_baseline,011_python_can_virtual_bus,0.000075,python_can_virtual_bus_no_vehicle_no_adapter
29.750510,2026-06-04T12:19:38.921854+00:00,120,8,06 46 00 00 00 00 00 C8,python_can_virtual_baseline,011_python_can_virtual_bus,0.000030,python_can_virtual_bus_no_vehicle_no_adapter
29.750572,2026-06-04T12:19:38.921916+00:00,300,8,02 4E 56 D3 79 EC 62 EF,python_can_virtual_baseline,011_python_can_virtual_bus,0.000035,python_can_virtual_bus_no_vehicle_no_adapter
29.800312,2026-06-04T12:19:38.971672+00:00,100,8,3F 00 00 00 00 00 00 CA,python_can_virtual_baseline,011_python_can_virtual_bus,0.000182,python_can_virtual_bus_no_vehicle_no_adapter
29.800421,2026-06-04T12:19:38.971766+00:00,188,8,00 00 00 00 00 00 00 CB,python_can_virtual_baseline,011_python_can_virtual_bus,0.000034,python_can_virtual_bus_no_vehicle_no_adapter
29.820256,2026-06-04T12:19:38.991614+00:00,120,8,06 6F 00 00 00 00 00 CC,python_can_virtual_baseline,011_python_can_virtual_bus,0.000137,python_can_virtual_bus_no_vehicle_no_adapter
29.850299,2026-06-04T12:19:39.021662+00:00,100,8,46 00 00 00 00 00 00 CD,python_can_virtual_baseline,011_python_can_virtual_bus,0.000173,python_can_virtual_bus_no_vehicle_no_adapter
29.850428,2026-06-04T12:19:39.021776+00:00,188,8,00 00 00 00 00 00 00 CE,python_can_virtual_baseline,011_python_can_virtual_bus,0.000046,python_can_virtual_bus_no_vehicle_no_adapter
29.890282,2026-06-04T12:19:39.061638+00:00,120,8,05 F2 00 00 00 00 00 CF,python_can_virtual_baseline,011_python_can_virtual_bus,0.000152,python_can_virtual_bus_no_vehicle_no_adapter
29.900311,2026-06-04T12:19:39.071671+00:00,100,8,47 00 00 00 00 00 00 D0,python_can_virtual_baseline,011_python_can_virtual_bus,0.000188,python_can_virtual_bus_no_vehicle_no_adapter
29.900420,2026-06-04T12:19:39.071817+00:00,188,8,00 00 00 00 00 00 00 D1,python_can_virtual_baseline,011_python_can_virtual_bus,0.000035,python_can_virtual_bus_no_vehicle_no_adapter
29.950364,2026-06-04T12:19:39.121725+00:00,100,8,4B 00 00 00 00 00 00 D2,python_can_virtual_baseline,011_python_can_virtual_bus,0.000166,python_can_virtual_bus_no_vehicle_no_adapter
29.950476,2026-06-04T12:19:39.121821+00:00,188,8,00 00 00 00 00 00 00 D3,python_can_virtual_baseline,011_python_can_virtual_bus,0.000036,python_can_virtual_bus_no_vehicle_no_adapter
29.960372,2026-06-04T12:19:39.131731+00:00,120,8,05 D6 00 00 00 00 00 D4,python_can_virtual_baseline,011_python_can_virtual_bus,0.000237,python_can_virtual_bus_no_vehicle_no_adapter
30.000354,2026-06-04T12:19:39.171717+00:00,100,8,46 00 00 00 00 00 00 D5,python_can_virtual_baseline,011_python_can_virtual_bus,0.000178,python_can_virtual_bus_no_vehicle_no_adapter
