experiment_id,window_index,window_start_s,window_end_s,true_label,expected_detection_label,predicted_label,rule_reason,frame_count,unique_arbitration_ids,unknown_id_ratio,max_decoded_speed_kmh,mean_decoded_speed_kmh,frame_rate_estimate_fps
005_short_attack,0,0.0,1.0,baseline,normal,normal,no_rule_triggered,64,4,0.0,77.0,69.15,66.731
005_short_attack,1,1.0,2.0,baseline,normal,normal,no_rule_triggered,64,4,0.0,79.0,78.35,66.808
005_short_attack,2,2.0,3.0,baseline,normal,normal,no_rule_triggered,64,4,0.0,75.0,66.85,66.81
005_short_attack,3,3.0,4.0,baseline,normal,normal,no_rule_triggered,64,4,0.0,56.0,47.2,66.809
005_short_attack,4,4.0,5.0,baseline,normal,normal,no_rule_triggered,64,4,0.0,45.0,41.25,66.833
005_short_attack,5,5.0,6.0,spoofing,spoofing,spoofing,decoded_speed_threshold_exceeded,96,2,0.0,200.0,200.0,100.421
005_short_attack,6,6.0,7.0,spoofing,spoofing,spoofing,decoded_speed_threshold_exceeded,98,2,0.0,200.0,200.0,100.311
005_short_attack,7,7.0,8.0,spoofing,spoofing,spoofing,decoded_speed_threshold_exceeded,98,2,0.0,200.0,200.0,100.512
005_short_attack,8,8.0,9.0,flooding,flooding,flooding,high_id_cardinality_or_unknown_id_ratio,444,405,0.990991,200.0,200.0,449.677
005_short_attack,9,9.0,10.0,flooding,flooding,flooding,high_id_cardinality_or_unknown_id_ratio,462,409,0.997835,33859.0,33859.0,463.382
005_short_attack,10,10.0,11.0,flooding,flooding,flooding,high_id_cardinality_or_unknown_id_ratio,466,413,1.0,,,466.223
005_short_attack,11,11.0,12.0,recovery,normal,flooding,high_id_cardinality_or_unknown_id_ratio,62,26,0.387097,49.0,46.211,64.629
005_short_attack,12,12.0,13.0,recovery,normal,normal,no_rule_triggered,40,2,0.0,58.0,53.65,41.81
005_short_attack,13,13.0,14.0,recovery,normal,normal,no_rule_triggered,2,2,0.0,59.0,59.0,39215.686
006_10min_attack,0,0.0,1.0,baseline,normal,normal,no_rule_triggered,63,4,0.0,64.0,61.75,65.716
006_10min_attack,1,1.0,2.0,baseline,normal,normal,no_rule_triggered,62,4,0.0,68.0,66.15,64.738
006_10min_attack,2,2.0,3.0,baseline,normal,normal,no_rule_triggered,63,4,0.0,72.0,70.2,65.808
006_10min_attack,3,3.0,4.0,baseline,normal,normal,no_rule_triggered,62,4,0.0,75.0,73.5,64.773
006_10min_attack,4,4.0,5.0,baseline,normal,normal,no_rule_triggered,63,4,0.0,77.0,76.0,65.779
006_10min_attack,5,5.0,6.0,baseline,normal,normal,no_rule_triggered,62,4,0.0,78.0,77.5,64.701
006_10min_attack,6,6.0,7.0,baseline,normal,normal,no_rule_triggered,60,4,0.0,78.0,78.0,66.091
006_10min_attack,7,7.0,8.0,baseline,normal,normal,no_rule_triggered,62,4,0.0,78.0,78.0,64.77
006_10min_attack,8,8.0,9.0,baseline,normal,normal,no_rule_triggered,63,4,0.0,78.0,77.1,65.677
006_10min_attack,9,9.0,10.0,baseline,normal,normal,no_rule_triggered,62,4,0.0,77.0,75.95,64.763
006_10min_attack,10,10.0,11.0,baseline,normal,normal,no_rule_triggered,63,4,0.0,75.0,74.7,65.79
006_10min_attack,11,11.0,12.0,baseline,normal,normal,no_rule_triggered,62,4,0.0,74.0,73.8,64.762
006_10min_attack,12,12.0,13.0,baseline,normal,normal,no_rule_triggered,60,4,0.0,73.0,73.0,66.103
006_10min_attack,13,13.0,14.0,baseline,normal,normal,no_rule_triggered,62,4,0.0,73.0,73.0,64.785
006_10min_attack,14,14.0,15.0,baseline,normal,normal,no_rule_triggered,63,4,0.0,75.0,74.1,65.834
006_10min_attack,15,15.0,16.0,baseline,normal,normal,no_rule_triggered,62,4,0.0,77.0,75.55,64.601
006_10min_attack,16,16.0,17.0,baseline,normal,normal,no_rule_triggered,63,4,0.0,79.0,77.8,65.764
006_10min_attack,17,17.0,18.0,baseline,normal,normal,no_rule_triggered,62,4,0.0,82.0,80.5,64.585
006_10min_attack,18,18.0,19.0,baseline,normal,normal,no_rule_triggered,60,4,0.0,85.0,83.263,66.132
006_10min_attack,19,19.0,20.0,baseline,normal,normal,no_rule_triggered,62,4,0.0,87.0,86.05,64.595
006_10min_attack,20,20.0,21.0,baseline,normal,normal,no_rule_triggered,63,4,0.0,90.0,88.65,65.822
006_10min_attack,21,21.0,22.0,baseline,normal,normal,no_rule_triggered,62,4,0.0,91.0,90.55,64.759
006_10min_attack,22,22.0,23.0,baseline,normal,normal,no_rule_triggered,63,4,0.0,92.0,91.75,65.778
006_10min_attack,23,23.0,24.0,baseline,normal,normal,no_rule_triggered,62,4,0.0,92.0,91.95,64.735
006_10min_attack,24,24.0,25.0,baseline,normal,normal,no_rule_triggered,59,4,0.0,91.0,90.737,64.908
006_10min_attack,25,25.0,26.0,baseline,normal,normal,no_rule_triggered,63,4,0.0,90.0,89.0,65.818
006_10min_attack,26,26.0,27.0,baseline,normal,normal,no_rule_triggered,62,4,0.0,88.0,86.3,64.681
006_10min_attack,27,27.0,28.0,baseline,normal,normal,no_rule_triggered,63,4,0.0,85.0,82.9,65.801
006_10min_attack,28,28.0,29.0,baseline,normal,normal,no_rule_triggered,62,4,0.0,81.0,79.2,64.732
006_10min_attack,29,29.0,30.0,baseline,normal,normal,no_rule_triggered,63,4,0.0,77.0,75.4,65.845
006_10min_attack,30,30.0,31.0,baseline,normal,normal,no_rule_triggered,59,4,0.0,73.0,71.895,64.969
006_10min_attack,31,31.0,32.0,baseline,normal,normal,no_rule_triggered,63,4,0.0,70.0,68.95,65.825
006_10min_attack,32,32.0,33.0,baseline,normal,normal,no_rule_triggered,62,4,0.0,68.0,66.65,64.815
006_10min_attack,33,33.0,34.0,baseline,normal,normal,no_rule_triggered,63,4,0.0,66.0,65.1,65.808
006_10min_attack,34,34.0,35.0,baseline,normal,normal,no_rule_triggered,62,4,0.0,64.0,64.0,64.8
006_10min_attack,35,35.0,36.0,baseline,normal,normal,no_rule_triggered,63,4,0.0,64.0,64.0,65.743
006_10min_attack,36,36.0,37.0,baseline,normal,normal,no_rule_triggered,62,4,0.0,65.0,64.65,64.806
006_10min_attack,37,37.0,38.0,baseline,normal,normal,no_rule_triggered,60,4,0.0,66.0,65.263,66.185
006_10min_attack,38,38.0,39.0,baseline,normal,normal,no_rule_triggered,62,4,0.0,66.0,66.0,64.731
006_10min_attack,39,39.0,40.0,baseline,normal,normal,no_rule_triggered,63,4,0.0,67.0,66.75,65.877
006_10min_attack,40,40.0,41.0,baseline,normal,normal,no_rule_triggered,62,4,0.0,67.0,66.7,64.788
006_10min_attack,41,41.0,42.0,baseline,normal,normal,no_rule_triggered,63,4,0.0,66.0,65.8,65.758
006_10min_attack,42,42.0,43.0,baseline,normal,normal,no_rule_triggered,62,4,0.0,65.0,64.25,64.758
006_10min_attack,43,43.0,44.0,baseline,normal,normal,no_rule_triggered,60,4,0.0,63.0,61.895,66.184
006_10min_attack,44,44.0,45.0,baseline,normal,normal,no_rule_triggered,62,4,0.0,60.0,58.7,64.736
006_10min_attack,45,45.0,46.0,baseline,normal,normal,no_rule_triggered,63,4,0.0,57.0,54.9,65.707
006_10min_attack,46,46.0,47.0,baseline,normal,normal,no_rule_triggered,62,4,0.0,53.0,50.65,64.739
006_10min_attack,47,47.0,48.0,baseline,normal,normal,no_rule_triggered,63,4,0.0,48.0,46.2,65.807
006_10min_attack,48,48.0,49.0,baseline,normal,normal,no_rule_triggered,62,4,0.0,44.0,42.1,64.662
006_10min_attack,49,49.0,50.0,baseline,normal,normal,no_rule_triggered,63,4,0.0,40.0,38.35,65.821
006_10min_attack,50,50.0,51.0,baseline,normal,normal,no_rule_triggered,59,4,0.0,37.0,35.368,65.057
006_10min_attack,51,51.0,52.0,baseline,normal,normal,no_rule_triggered,62,4,0.0,34.0,33.4,64.605
006_10min_attack,52,52.0,53.0,baseline,normal,normal,no_rule_triggered,63,4,0.0,33.0,32.1,65.822
006_10min_attack,53,53.0,54.0,baseline,normal,normal,no_rule_triggered,62,4,0.0,32.0,32.0,64.56
006_10min_attack,54,54.0,55.0,baseline,normal,normal,no_rule_triggered,63,4,0.0,33.0,32.75,65.784
006_10min_attack,55,55.0,56.0,baseline,normal,normal,no_rule_triggered,59,4,0.0,35.0,34.263,64.917
006_10min_attack,56,56.0,57.0,baseline,normal,normal,no_rule_triggered,63,4,0.0,37.0,36.0,65.8
006_10min_attack,57,57.0,58.0,baseline,normal,normal,no_rule_triggered,62,4,0.0,39.0,38.0,64.79
006_10min_attack,58,58.0,59.0,baseline,normal,normal,no_rule_triggered,63,4,0.0,41.0,39.85,65.825
006_10min_attack,59,59.0,60.0,baseline,normal,normal,no_rule_triggered,62,4,0.0,42.0,41.4,64.788
006_10min_attack,60,60.0,61.0,baseline,normal,normal,no_rule_triggered,63,4,0.0,42.0,42.0,65.569
006_10min_attack,61,61.0,62.0,baseline,normal,normal,no_rule_triggered,62,4,0.0,42.0,42.0,64.734
006_10min_attack,62,62.0,63.0,baseline,normal,normal,no_rule_triggered,60,4,0.0,42.0,41.947,66.115
006_10min_attack,63,63.0,64.0,baseline,normal,normal,no_rule_triggered,62,4,0.0,41.0,40.65,64.768
006_10min_attack,64,64.0,65.0,baseline,normal,normal,no_rule_triggered,63,4,0.0,40.0,39.05,65.711
006_10min_attack,65,65.0,66.0,baseline,normal,normal,no_rule_triggered,62,4,0.0,38.0,37.1,64.745
006_10min_attack,66,66.0,67.0,baseline,normal,normal,no_rule_triggered,63,4,0.0,36.0,35.1,65.787
006_10min_attack,67,67.0,68.0,baseline,normal,normal,no_rule_triggered,62,4,0.0,34.0,33.45,64.737
006_10min_attack,68,68.0,69.0,baseline,normal,normal,no_rule_triggered,60,4,0.0,33.0,32.263,66.155
006_10min_attack,69,69.0,70.0,baseline,normal,normal,no_rule_triggered,62,4,0.0,32.0,32.0,64.647
006_10min_attack,70,70.0,71.0,baseline,normal,normal,no_rule_triggered,63,4,0.0,33.0,32.55,65.729
006_10min_attack,71,71.0,72.0,baseline,normal,normal,no_rule_triggered,62,4,0.0,35.0,34.2,64.524
006_10min_attack,72,72.0,73.0,baseline,normal,normal,no_rule_triggered,63,4,0.0,38.0,36.8,65.803
006_10min_attack,73,73.0,74.0,baseline,normal,normal,no_rule_triggered,62,4,0.0,42.0,40.15,64.761
006_10min_attack,74,74.0,75.0,baseline,normal,normal,no_rule_triggered,59,4,0.0,46.0,44.053,65.082
006_10min_attack,75,75.0,76.0,baseline,normal,normal,no_rule_triggered,63,4,0.0,50.0,48.2,65.776
006_10min_attack,76,76.0,77.0,baseline,normal,normal,no_rule_triggered,62,4,0.0,55.0,52.65,64.791
006_10min_attack,77,77.0,78.0,baseline,normal,normal,no_rule_triggered,63,4,0.0,59.0,56.7,65.835
006_10min_attack,78,78.0,79.0,baseline,normal,normal,no_rule_triggered,62,4,0.0,62.0,60.35,64.792
006_10min_attack,79,79.0,80.0,baseline,normal,normal,no_rule_triggered,63,4,0.0,64.0,63.1,65.822
006_10min_attack,80,80.0,81.0,baseline,normal,normal,no_rule_triggered,59,4,0.0,66.0,65.158,65.005
006_10min_attack,81,81.0,82.0,baseline,normal,normal,no_rule_triggered,63,4,0.0,67.0,66.15,65.792
006_10min_attack,82,82.0,83.0,baseline,normal,normal,no_rule_triggered,62,4,0.0,67.0,67.0,64.576
006_10min_attack,83,83.0,84.0,baseline,normal,normal,no_rule_triggered,63,4,0.0,67.0,66.3,65.764
006_10min_attack,84,84.0,85.0,baseline,normal,normal,no_rule_triggered,62,4,0.0,66.0,65.8,64.732
006_10min_attack,85,85.0,86.0,baseline,normal,normal,no_rule_triggered,63,4,0.0,65.0,65.0,65.795
006_10min_attack,86,86.0,87.0,baseline,normal,normal,no_rule_triggered,59,4,0.0,65.0,64.158,65.075
006_10min_attack,87,87.0,88.0,baseline,normal,normal,no_rule_triggered,63,4,0.0,64.0,64.0,65.771
006_10min_attack,88,88.0,89.0,baseline,normal,normal,no_rule_triggered,62,4,0.0,65.0,64.5,64.74
006_10min_attack,89,89.0,90.0,baseline,normal,normal,no_rule_triggered,63,4,0.0,66.0,65.6,65.753
006_10min_attack,90,90.0,91.0,baseline,normal,normal,no_rule_triggered,62,4,0.0,69.0,67.7,64.787
006_10min_attack,91,91.0,92.0,baseline,normal,normal,no_rule_triggered,63,4,0.0,72.0,70.4,65.661
006_10min_attack,92,92.0,93.0,baseline,normal,normal,no_rule_triggered,59,4,0.0,75.0,73.579,64.993
006_10min_attack,93,93.0,94.0,baseline,normal,normal,no_rule_triggered,63,4,0.0,79.0,77.2,65.708
006_10min_attack,94,94.0,95.0,baseline,normal,normal,no_rule_triggered,62,4,0.0,83.0,81.0,64.747
006_10min_attack,95,95.0,96.0,baseline,normal,normal,no_rule_triggered,63,4,0.0,86.0,84.5,65.788
006_10min_attack,96,96.0,97.0,baseline,normal,normal,no_rule_triggered,62,4,0.0,89.0,87.65,64.655
006_10min_attack,97,97.0,98.0,baseline,normal,normal,no_rule_triggered,63,4,0.0,91.0,90.0,65.795
006_10min_attack,98,98.0,99.0,baseline,normal,normal,no_rule_triggered,59,4,0.0,92.0,91.421,64.843
006_10min_attack,99,99.0,100.0,baseline,normal,normal,no_rule_triggered,62,4,0.0,92.0,92.0,64.767
006_10min_attack,100,100.0,101.0,baseline,normal,normal,no_rule_triggered,63,4,0.0,92.0,91.3,65.759
006_10min_attack,101,101.0,102.0,baseline,normal,normal,no_rule_triggered,62,4,0.0,91.0,89.75,64.714
006_10min_attack,102,102.0,103.0,baseline,normal,normal,no_rule_triggered,63,4,0.0,89.0,87.5,65.597
006_10min_attack,103,103.0,104.0,baseline,normal,normal,no_rule_triggered,62,4,0.0,86.0,84.8,64.764
006_10min_attack,104,104.0,105.0,baseline,normal,normal,no_rule_triggered,60,4,0.0,83.0,81.895,66.197
006_10min_attack,105,105.0,106.0,baseline,normal,normal,no_rule_triggered,62,4,0.0,80.0,79.1,64.698
006_10min_attack,106,106.0,107.0,baseline,normal,normal,no_rule_triggered,63,4,0.0,78.0,76.7,65.82
006_10min_attack,107,107.0,108.0,baseline,normal,normal,no_rule_triggered,62,4,0.0,76.0,74.7,64.788
006_10min_attack,108,108.0,109.0,baseline,normal,normal,no_rule_triggered,63,4,0.0,74.0,73.55,65.799
006_10min_attack,109,109.0,110.0,baseline,normal,normal,no_rule_triggered,62,4,0.0,73.0,73.0,64.622
006_10min_attack,110,110.0,111.0,baseline,normal,normal,no_rule_triggered,60,4,0.0,74.0,73.263,66.178
006_10min_attack,111,111.0,112.0,baseline,normal,normal,no_rule_triggered,62,4,0.0,75.0,74.2,64.685
006_10min_attack,112,112.0,113.0,baseline,normal,normal,no_rule_triggered,63,4,0.0,76.0,75.35,65.843
006_10min_attack,113,113.0,114.0,baseline,normal,normal,no_rule_triggered,62,4,0.0,77.0,76.55,64.699
006_10min_attack,114,114.0,115.0,baseline,normal,normal,no_rule_triggered,63,4,0.0,78.0,77.6,65.257
006_10min_attack,115,115.0,116.0,baseline,normal,normal,no_rule_triggered,59,4,0.0,78.0,78.0,64.761
006_10min_attack,116,116.0,117.0,baseline,normal,normal,no_rule_triggered,63,4,0.0,78.0,78.0,65.501
006_10min_attack,117,117.0,118.0,baseline,normal,normal,no_rule_triggered,62,4,0.0,77.0,76.75,64.655
006_10min_attack,118,118.0,119.0,baseline,normal,normal,no_rule_triggered,63,4,0.0,76.0,74.9,65.51
006_10min_attack,119,119.0,120.0,baseline,normal,normal,no_rule_triggered,62,4,0.0,73.0,71.9,64.702
006_10min_attack,120,120.0,121.0,baseline,normal,normal,no_rule_triggered,59,4,0.0,70.0,68.421,64.96
006_10min_attack,121,121.0,122.0,baseline,normal,normal,no_rule_triggered,63,4,0.0,66.0,64.2,65.751
006_10min_attack,122,122.0,123.0,baseline,normal,normal,no_rule_triggered,62,4,0.0,62.0,59.65,64.729
006_10min_attack,123,123.0,124.0,baseline,normal,normal,no_rule_triggered,63,4,0.0,57.0,55.05,65.524
006_10min_attack,124,124.0,125.0,baseline,normal,normal,no_rule_triggered,62,4,0.0,53.0,50.75,64.706
006_10min_attack,125,125.0,126.0,baseline,normal,normal,no_rule_triggered,60,4,0.0,49.0,47.158,66.024
006_10min_attack,126,126.0,127.0,baseline,normal,normal,no_rule_triggered,62,4,0.0,46.0,44.25,64.803
006_10min_attack,127,127.0,128.0,baseline,normal,normal,no_rule_triggered,63,4,0.0,43.0,42.35,65.757
006_10min_attack,128,128.0,129.0,baseline,normal,normal,no_rule_triggered,62,4,0.0,42.0,41.05,64.779
006_10min_attack,129,129.0,130.0,baseline,normal,normal,no_rule_triggered,63,4,0.0,41.0,41.0,65.772
006_10min_attack,130,130.0,131.0,baseline,normal,normal,no_rule_triggered,62,4,0.0,42.0,41.4,64.781
006_10min_attack,131,131.0,132.0,baseline,normal,normal,no_rule_triggered,63,4,0.0,43.0,42.4,65.785
006_10min_attack,132,132.0,133.0,baseline,normal,normal,no_rule_triggered,59,4,0.0,44.0,43.579,64.952
006_10min_attack,133,133.0,134.0,baseline,normal,normal,no_rule_triggered,63,4,0.0,45.0,44.75,65.707
006_10min_attack,134,134.0,135.0,baseline,normal,normal,no_rule_triggered,62,4,0.0,46.0,45.65,64.602
006_10min_attack,135,135.0,136.0,baseline,normal,normal,no_rule_triggered,63,4,0.0,46.0,46.0,65.732
006_10min_attack,136,136.0,137.0,baseline,normal,normal,no_rule_triggered,62,4,0.0,46.0,45.5,64.609
006_10min_attack,137,137.0,138.0,baseline,normal,normal,no_rule_triggered,60,4,0.0,45.0,44.421,66.144
006_10min_attack,138,138.0,139.0,baseline,normal,normal,no_rule_triggered,62,4,0.0,43.0,42.45,64.703
006_10min_attack,139,139.0,140.0,baseline,normal,normal,no_rule_triggered,63,4,0.0,41.0,40.05,65.705
006_10min_attack,140,140.0,141.0,baseline,normal,normal,no_rule_triggered,62,4,0.0,39.0,37.2,64.707
006_10min_attack,141,141.0,142.0,baseline,normal,normal,no_rule_triggered,63,4,0.0,36.0,34.35,65.729
006_10min_attack,142,142.0,143.0,baseline,normal,normal,no_rule_triggered,62,4,0.0,33.0,31.55,64.72
006_10min_attack,143,143.0,144.0,baseline,normal,normal,no_rule_triggered,59,4,0.0,30.0,29.421,64.858
006_10min_attack,144,144.0,145.0,baseline,normal,normal,no_rule_triggered,63,4,0.0,28.0,27.8,65.702
006_10min_attack,145,145.0,146.0,baseline,normal,normal,no_rule_triggered,62,4,0.0,27.0,27.0,64.549
006_10min_attack,146,146.0,147.0,baseline,normal,normal,no_rule_triggered,63,4,0.0,28.0,27.5,65.695
006_10min_attack,147,147.0,148.0,baseline,normal,normal,no_rule_triggered,62,4,0.0,30.0,28.95,64.656
006_10min_attack,148,148.0,149.0,baseline,normal,normal,no_rule_triggered,60,4,0.0,33.0,31.211,66.062
006_10min_attack,149,149.0,150.0,baseline,normal,normal,no_rule_triggered,62,4,0.0,36.0,34.2,64.694
006_10min_attack,150,150.0,151.0,baseline,normal,normal,no_rule_triggered,63,4,0.0,40.0,37.8,65.554
006_10min_attack,151,151.0,152.0,baseline,normal,normal,no_rule_triggered,62,4,0.0,43.0,41.55,64.671
006_10min_attack,152,152.0,153.0,baseline,normal,normal,no_rule_triggered,63,4,0.0,47.0,45.3,65.67
006_10min_attack,153,153.0,154.0,baseline,normal,normal,no_rule_triggered,62,4,0.0,50.0,48.6,64.676
006_10min_attack,154,154.0,155.0,baseline,normal,normal,no_rule_triggered,60,4,0.0,52.0,51.263,66.033
006_10min_attack,155,155.0,156.0,baseline,normal,normal,no_rule_triggered,62,4,0.0,54.0,53.3,64.653
006_10min_attack,156,156.0,157.0,baseline,normal,normal,no_rule_triggered,63,4,0.0,55.0,54.45,65.639
006_10min_attack,157,157.0,158.0,baseline,normal,normal,no_rule_triggered,62,4,0.0,55.0,55.0,64.71
006_10min_attack,158,158.0,159.0,baseline,normal,normal,no_rule_triggered,63,4,0.0,55.0,54.85,65.727
006_10min_attack,159,159.0,160.0,baseline,normal,normal,no_rule_triggered,59,4,0.0,54.0,54.0,64.838
006_10min_attack,160,160.0,161.0,baseline,normal,normal,no_rule_triggered,63,4,0.0,54.0,53.25,65.729
006_10min_attack,161,161.0,162.0,baseline,normal,normal,no_rule_triggered,62,4,0.0,53.0,52.75,64.677
006_10min_attack,162,162.0,163.0,baseline,normal,normal,no_rule_triggered,63,4,0.0,52.0,52.0,65.779
006_10min_attack,163,163.0,164.0,baseline,normal,normal,no_rule_triggered,62,4,0.0,53.0,52.8,64.658
006_10min_attack,164,164.0,165.0,baseline,normal,normal,no_rule_triggered,63,4,0.0,55.0,53.8,65.8
006_10min_attack,165,165.0,166.0,baseline,normal,normal,no_rule_triggered,59,4,0.0,57.0,55.842,64.856
006_10min_attack,166,166.0,167.0,baseline,normal,normal,no_rule_triggered,62,4,0.0,60.0,58.5,64.737
006_10min_attack,167,167.0,168.0,baseline,normal,normal,no_rule_triggered,63,4,0.0,64.0,62.1,65.792
006_10min_attack,168,168.0,169.0,baseline,normal,normal,no_rule_triggered,62,4,0.0,68.0,66.15,64.701
006_10min_attack,169,169.0,170.0,baseline,normal,normal,no_rule_triggered,63,4,0.0,73.0,70.55,65.778
006_10min_attack,170,170.0,171.0,baseline,normal,normal,no_rule_triggered,62,4,0.0,77.0,74.85,64.628
006_10min_attack,171,171.0,172.0,baseline,normal,normal,no_rule_triggered,60,4,0.0,80.0,78.737,66.127
006_10min_attack,172,172.0,173.0,baseline,normal,normal,no_rule_triggered,62,4,0.0,83.0,82.1,64.746
006_10min_attack,173,173.0,174.0,baseline,normal,normal,no_rule_triggered,63,4,0.0,86.0,84.7,65.614
006_10min_attack,174,174.0,175.0,baseline,normal,normal,no_rule_triggered,62,4,0.0,87.0,86.4,64.641
006_10min_attack,175,175.0,176.0,baseline,normal,normal,no_rule_triggered,63,4,0.0,87.0,87.0,65.713
006_10min_attack,176,176.0,177.0,baseline,normal,normal,no_rule_triggered,59,4,0.0,87.0,86.789,65.028
006_10min_attack,177,177.0,178.0,baseline,normal,normal,no_rule_triggered,63,4,0.0,86.0,85.6,65.721
006_10min_attack,178,178.0,179.0,baseline,normal,normal,no_rule_triggered,62,4,0.0,85.0,83.95,64.755
006_10min_attack,179,179.0,180.0,baseline,normal,normal,no_rule_triggered,63,4,0.0,83.0,82.0,65.592
006_10min_attack,180,180.0,181.0,spoofing,spoofing,spoofing,decoded_speed_threshold_exceeded,53,3,0.0,200.0,194.4,54.702
006_10min_attack,181,181.0,182.0,spoofing,spoofing,spoofing,decoded_speed_threshold_exceeded,50,3,0.0,200.0,195.0,53.716
006_10min_attack,182,182.0,183.0,spoofing,spoofing,spoofing,decoded_speed_threshold_exceeded,53,3,0.0,200.0,195.2,54.692
006_10min_attack,183,183.0,184.0,spoofing,spoofing,spoofing,decoded_speed_threshold_exceeded,52,3,0.0,200.0,195.2,53.625
006_10min_attack,184,184.0,185.0,spoofing,spoofing,spoofing,decoded_speed_threshold_exceeded,53,3,0.0,200.0,195.2,54.68
006_10min_attack,185,185.0,186.0,spoofing,spoofing,spoofing,decoded_speed_threshold_exceeded,50,3,0.0,200.0,195.0,53.836
006_10min_attack,186,186.0,187.0,spoofing,spoofing,spoofing,decoded_speed_threshold_exceeded,53,3,0.0,200.0,194.4,54.567
006_10min_attack,187,187.0,188.0,spoofing,spoofing,spoofing,decoded_speed_threshold_exceeded,52,3,0.0,200.0,195.2,53.672
006_10min_attack,188,188.0,189.0,spoofing,spoofing,spoofing,decoded_speed_threshold_exceeded,53,3,0.0,200.0,195.2,54.719
006_10min_attack,189,189.0,190.0,spoofing,spoofing,spoofing,decoded_speed_threshold_exceeded,50,3,0.0,200.0,195.0,53.864
006_10min_attack,190,190.0,191.0,spoofing,spoofing,spoofing,decoded_speed_threshold_exceeded,53,3,0.0,200.0,195.2,54.634
006_10min_attack,191,191.0,192.0,spoofing,spoofing,spoofing,decoded_speed_threshold_exceeded,52,3,0.0,200.0,194.4,53.64
006_10min_attack,192,192.0,193.0,spoofing,spoofing,spoofing,decoded_speed_threshold_exceeded,53,3,0.0,200.0,195.2,54.734
006_10min_attack,193,193.0,194.0,spoofing,spoofing,spoofing,decoded_speed_threshold_exceeded,50,3,0.0,200.0,195.0,53.823
006_10min_attack,194,194.0,195.0,spoofing,spoofing,spoofing,decoded_speed_threshold_exceeded,53,3,0.0,200.0,195.2,54.682
006_10min_attack,195,195.0,196.0,spoofing,spoofing,spoofing,decoded_speed_threshold_exceeded,52,3,0.0,200.0,195.2,53.649
006_10min_attack,196,196.0,197.0,spoofing,spoofing,spoofing,decoded_speed_threshold_exceeded,53,3,0.0,200.0,194.4,54.674
006_10min_attack,197,197.0,198.0,spoofing,spoofing,spoofing,decoded_speed_threshold_exceeded,50,3,0.0,200.0,195.0,53.852
006_10min_attack,198,198.0,199.0,spoofing,spoofing,spoofing,decoded_speed_threshold_exceeded,52,3,0.0,200.0,195.2,53.665
006_10min_attack,199,199.0,200.0,spoofing,spoofing,spoofing,decoded_speed_threshold_exceeded,53,3,0.0,200.0,195.2,54.708
006_10min_attack,200,200.0,201.0,spoofing,spoofing,spoofing,decoded_speed_threshold_exceeded,52,3,0.0,200.0,195.2,53.724
006_10min_attack,201,201.0,202.0,spoofing,spoofing,spoofing,decoded_speed_threshold_exceeded,53,3,0.0,200.0,194.4,54.555
006_10min_attack,202,202.0,203.0,spoofing,spoofing,spoofing,decoded_speed_threshold_exceeded,50,3,0.0,200.0,195.0,53.911
006_10min_attack,203,203.0,204.0,spoofing,spoofing,spoofing,decoded_speed_threshold_exceeded,53,3,0.0,200.0,195.2,54.745
006_10min_attack,204,204.0,205.0,spoofing,spoofing,spoofing,decoded_speed_threshold_exceeded,52,3,0.0,200.0,195.2,53.676
006_10min_attack,205,205.0,206.0,spoofing,spoofing,spoofing,decoded_speed_threshold_exceeded,53,3,0.0,200.0,195.2,54.707
006_10min_attack,206,206.0,207.0,spoofing,spoofing,spoofing,decoded_speed_threshold_exceeded,50,3,0.0,200.0,195.0,53.733
006_10min_attack,207,207.0,208.0,spoofing,spoofing,spoofing,decoded_speed_threshold_exceeded,53,3,0.0,200.0,194.4,54.724
006_10min_attack,208,208.0,209.0,spoofing,spoofing,spoofing,decoded_speed_threshold_exceeded,52,3,0.0,200.0,195.2,53.605
006_10min_attack,209,209.0,210.0,spoofing,spoofing,spoofing,decoded_speed_threshold_exceeded,53,3,0.0,200.0,195.2,54.711
006_10min_attack,210,210.0,211.0,spoofing,spoofing,spoofing,decoded_speed_threshold_exceeded,50,3,0.0,200.0,195.0,53.702
006_10min_attack,211,211.0,212.0,spoofing,spoofing,spoofing,decoded_speed_threshold_exceeded,53,3,0.0,200.0,195.2,54.708
006_10min_attack,212,212.0,213.0,spoofing,spoofing,spoofing,decoded_speed_threshold_exceeded,52,3,0.0,200.0,194.4,53.681
006_10min_attack,213,213.0,214.0,spoofing,spoofing,spoofing,decoded_speed_threshold_exceeded,53,3,0.0,200.0,195.2,54.741
006_10min_attack,214,214.0,215.0,spoofing,spoofing,spoofing,decoded_speed_threshold_exceeded,52,3,0.0,200.0,195.2,53.698
006_10min_attack,215,215.0,216.0,spoofing,spoofing,spoofing,decoded_speed_threshold_exceeded,51,3,0.0,200.0,195.0,54.963
006_10min_attack,216,216.0,217.0,spoofing,spoofing,spoofing,decoded_speed_threshold_exceeded,52,3,0.0,200.0,195.2,53.66
006_10min_attack,217,217.0,218.0,spoofing,spoofing,spoofing,decoded_speed_threshold_exceeded,53,3,0.0,200.0,194.4,54.668
006_10min_attack,218,218.0,219.0,spoofing,spoofing,spoofing,decoded_speed_threshold_exceeded,52,3,0.0,200.0,195.2,53.66
006_10min_attack,219,219.0,220.0,spoofing,spoofing,spoofing,decoded_speed_threshold_exceeded,50,3,0.0,200.0,195.0,53.89
006_10min_attack,220,220.0,221.0,spoofing,spoofing,spoofing,decoded_speed_threshold_exceeded,53,3,0.0,200.0,195.2,54.733
006_10min_attack,221,221.0,222.0,spoofing,spoofing,spoofing,decoded_speed_threshold_exceeded,52,3,0.0,200.0,195.2,53.628
006_10min_attack,222,222.0,223.0,spoofing,spoofing,spoofing,decoded_speed_threshold_exceeded,53,3,0.0,200.0,194.4,54.629
006_10min_attack,223,223.0,224.0,spoofing,spoofing,spoofing,decoded_speed_threshold_exceeded,50,3,0.0,200.0,195.0,53.806
006_10min_attack,224,224.0,225.0,spoofing,spoofing,spoofing,decoded_speed_threshold_exceeded,53,3,0.0,200.0,195.2,54.681
006_10min_attack,225,225.0,226.0,spoofing,spoofing,spoofing,decoded_speed_threshold_exceeded,52,3,0.0,200.0,195.2,53.651
006_10min_attack,226,226.0,227.0,spoofing,spoofing,spoofing,decoded_speed_threshold_exceeded,53,3,0.0,200.0,195.2,54.682
006_10min_attack,227,227.0,228.0,spoofing,spoofing,spoofing,decoded_speed_threshold_exceeded,50,3,0.0,200.0,195.0,53.848
006_10min_attack,228,228.0,229.0,spoofing,spoofing,spoofing,decoded_speed_threshold_exceeded,53,3,0.0,200.0,194.4,54.677
006_10min_attack,229,229.0,230.0,spoofing,spoofing,spoofing,decoded_speed_threshold_exceeded,52,3,0.0,200.0,195.2,53.682
006_10min_attack,230,230.0,231.0,spoofing,spoofing,spoofing,decoded_speed_threshold_exceeded,53,3,0.0,200.0,195.2,54.651
006_10min_attack,231,231.0,232.0,spoofing,spoofing,spoofing,decoded_speed_threshold_exceeded,52,3,0.0,200.0,195.2,53.695
006_10min_attack,232,232.0,233.0,spoofing,spoofing,spoofing,decoded_speed_threshold_exceeded,51,3,0.0,200.0,195.0,54.862
006_10min_attack,233,233.0,234.0,spoofing,spoofing,spoofing,decoded_speed_threshold_exceeded,52,3,0.0,200.0,194.4,53.612
006_10min_attack,234,234.0,235.0,spoofing,spoofing,spoofing,decoded_speed_threshold_exceeded,53,3,0.0,200.0,195.2,54.657
006_10min_attack,235,235.0,236.0,spoofing,spoofing,spoofing,decoded_speed_threshold_exceeded,52,3,0.0,200.0,195.2,53.679
006_10min_attack,236,236.0,237.0,spoofing,spoofing,spoofing,decoded_speed_threshold_exceeded,51,3,0.0,200.0,195.0,54.909
006_10min_attack,237,237.0,238.0,spoofing,spoofing,spoofing,decoded_speed_threshold_exceeded,52,3,0.0,200.0,195.2,53.643
006_10min_attack,238,238.0,239.0,spoofing,spoofing,spoofing,decoded_speed_threshold_exceeded,53,3,0.0,200.0,194.4,54.678
006_10min_attack,239,239.0,240.0,spoofing,spoofing,spoofing,decoded_speed_threshold_exceeded,52,3,0.0,200.0,195.2,53.713
006_10min_attack,240,240.0,241.0,spoofing,spoofing,spoofing,decoded_speed_threshold_exceeded,50,3,0.0,200.0,195.0,53.693
006_10min_attack,241,241.0,242.0,spoofing,spoofing,spoofing,decoded_speed_threshold_exceeded,53,3,0.0,200.0,195.2,54.68
006_10min_attack,242,242.0,243.0,spoofing,spoofing,spoofing,decoded_speed_threshold_exceeded,52,3,0.0,200.0,195.2,53.591
006_10min_attack,243,243.0,244.0,spoofing,spoofing,spoofing,decoded_speed_threshold_exceeded,53,3,0.0,200.0,194.4,54.685
006_10min_attack,244,244.0,245.0,spoofing,spoofing,spoofing,decoded_speed_threshold_exceeded,50,3,0.0,200.0,195.0,53.867
006_10min_attack,245,245.0,246.0,spoofing,spoofing,spoofing,decoded_speed_threshold_exceeded,53,3,0.0,200.0,195.2,54.673
006_10min_attack,246,246.0,247.0,spoofing,spoofing,spoofing,decoded_speed_threshold_exceeded,52,3,0.0,200.0,195.2,53.599
006_10min_attack,247,247.0,248.0,spoofing,spoofing,spoofing,decoded_speed_threshold_exceeded,53,3,0.0,200.0,195.2,54.7
006_10min_attack,248,248.0,249.0,spoofing,spoofing,spoofing,decoded_speed_threshold_exceeded,50,3,0.0,200.0,195.0,53.86
006_10min_attack,249,249.0,250.0,spoofing,spoofing,spoofing,decoded_speed_threshold_exceeded,53,3,0.0,200.0,194.4,54.678
006_10min_attack,250,250.0,251.0,spoofing,spoofing,spoofing,decoded_speed_threshold_exceeded,52,3,0.0,200.0,195.2,53.652
006_10min_attack,251,251.0,252.0,spoofing,spoofing,spoofing,decoded_speed_threshold_exceeded,53,3,0.0,200.0,195.2,54.726
006_10min_attack,252,252.0,253.0,spoofing,spoofing,spoofing,decoded_speed_threshold_exceeded,52,3,0.0,200.0,195.2,53.662
006_10min_attack,253,253.0,254.0,spoofing,spoofing,spoofing,decoded_speed_threshold_exceeded,51,3,0.0,200.0,195.0,54.904
006_10min_attack,254,254.0,255.0,spoofing,spoofing,spoofing,decoded_speed_threshold_exceeded,52,3,0.0,200.0,194.4,53.713
006_10min_attack,255,255.0,256.0,spoofing,spoofing,spoofing,decoded_speed_threshold_exceeded,53,3,0.0,200.0,195.2,54.65
006_10min_attack,256,256.0,257.0,spoofing,spoofing,spoofing,decoded_speed_threshold_exceeded,52,3,0.0,200.0,195.2,53.671
006_10min_attack,257,257.0,258.0,spoofing,spoofing,spoofing,decoded_speed_threshold_exceeded,51,3,0.0,200.0,195.0,54.902
006_10min_attack,258,258.0,259.0,spoofing,spoofing,spoofing,decoded_speed_threshold_exceeded,52,3,0.0,200.0,195.2,53.618
006_10min_attack,259,259.0,260.0,spoofing,spoofing,spoofing,decoded_speed_threshold_exceeded,53,3,0.0,200.0,194.4,54.703
006_10min_attack,260,260.0,261.0,spoofing,spoofing,spoofing,decoded_speed_threshold_exceeded,52,3,0.0,200.0,195.2,53.491
006_10min_attack,261,261.0,262.0,spoofing,spoofing,spoofing,decoded_speed_threshold_exceeded,50,3,0.0,200.0,195.0,53.788
006_10min_attack,262,262.0,263.0,spoofing,spoofing,spoofing,decoded_speed_threshold_exceeded,53,3,0.0,200.0,195.2,54.739
006_10min_attack,263,263.0,264.0,spoofing,spoofing,spoofing,decoded_speed_threshold_exceeded,52,3,0.0,200.0,195.2,53.677
006_10min_attack,264,264.0,265.0,spoofing,spoofing,spoofing,decoded_speed_threshold_exceeded,53,3,0.0,200.0,194.4,54.657
006_10min_attack,265,265.0,266.0,spoofing,spoofing,spoofing,decoded_speed_threshold_exceeded,50,3,0.0,200.0,195.0,53.776
006_10min_attack,266,266.0,267.0,spoofing,spoofing,spoofing,decoded_speed_threshold_exceeded,53,3,0.0,200.0,195.2,54.697
006_10min_attack,267,267.0,268.0,spoofing,spoofing,spoofing,decoded_speed_threshold_exceeded,52,3,0.0,200.0,195.2,53.69
006_10min_attack,268,268.0,269.0,spoofing,spoofing,spoofing,decoded_speed_threshold_exceeded,53,3,0.0,200.0,195.2,54.734
006_10min_attack,269,269.0,270.0,spoofing,spoofing,spoofing,decoded_speed_threshold_exceeded,50,3,0.0,200.0,195.0,53.743
006_10min_attack,270,270.0,271.0,spoofing,spoofing,spoofing,decoded_speed_threshold_exceeded,53,3,0.0,200.0,194.4,54.708
006_10min_attack,271,271.0,272.0,spoofing,spoofing,spoofing,decoded_speed_threshold_exceeded,52,3,0.0,200.0,195.2,53.586
006_10min_attack,272,272.0,273.0,spoofing,spoofing,spoofing,decoded_speed_threshold_exceeded,51,3,0.0,200.0,195.0,53.513
006_10min_attack,273,273.0,274.0,spoofing,spoofing,spoofing,decoded_speed_threshold_exceeded,52,3,0.0,200.0,195.2,53.532
006_10min_attack,274,274.0,275.0,spoofing,spoofing,spoofing,decoded_speed_threshold_exceeded,53,3,0.0,200.0,195.2,54.702
006_10min_attack,275,275.0,276.0,spoofing,spoofing,spoofing,decoded_speed_threshold_exceeded,50,3,0.0,200.0,195.0,53.849
006_10min_attack,276,276.0,277.0,spoofing,spoofing,spoofing,decoded_speed_threshold_exceeded,53,3,0.0,200.0,194.4,54.584
006_10min_attack,277,277.0,278.0,spoofing,spoofing,spoofing,decoded_speed_threshold_exceeded,52,3,0.0,200.0,195.2,53.671
006_10min_attack,278,278.0,279.0,spoofing,spoofing,spoofing,decoded_speed_threshold_exceeded,53,3,0.0,200.0,195.2,54.619
006_10min_attack,279,279.0,280.0,spoofing,spoofing,spoofing,decoded_speed_threshold_exceeded,50,3,0.0,200.0,195.0,53.821
006_10min_attack,280,280.0,281.0,spoofing,spoofing,spoofing,decoded_speed_threshold_exceeded,52,3,0.0,200.0,195.2,52.924
006_10min_attack,281,281.0,282.0,spoofing,spoofing,spoofing,decoded_speed_threshold_exceeded,53,3,0.0,200.0,194.4,54.663
006_10min_attack,282,282.0,283.0,spoofing,spoofing,spoofing,decoded_speed_threshold_exceeded,50,3,0.0,200.0,195.0,53.846
006_10min_attack,283,283.0,284.0,spoofing,spoofing,spoofing,decoded_speed_threshold_exceeded,53,3,0.0,200.0,195.2,54.648
006_10min_attack,284,284.0,285.0,spoofing,spoofing,spoofing,decoded_speed_threshold_exceeded,52,3,0.0,200.0,195.2,53.613
006_10min_attack,285,285.0,286.0,spoofing,spoofing,spoofing,decoded_speed_threshold_exceeded,53,3,0.0,200.0,195.2,54.505
006_10min_attack,286,286.0,287.0,spoofing,spoofing,spoofing,decoded_speed_threshold_exceeded,50,3,0.0,200.0,195.0,53.858
006_10min_attack,287,287.0,288.0,spoofing,spoofing,spoofing,decoded_speed_threshold_exceeded,53,3,0.0,200.0,194.4,54.54
006_10min_attack,288,288.0,289.0,spoofing,spoofing,spoofing,decoded_speed_threshold_exceeded,52,3,0.0,200.0,195.2,53.63
006_10min_attack,289,289.0,290.0,spoofing,spoofing,spoofing,decoded_speed_threshold_exceeded,53,3,0.0,200.0,195.2,54.71
006_10min_attack,290,290.0,291.0,spoofing,spoofing,spoofing,decoded_speed_threshold_exceeded,50,3,0.0,200.0,195.0,53.829
006_10min_attack,291,291.0,292.0,spoofing,spoofing,spoofing,decoded_speed_threshold_exceeded,53,3,0.0,200.0,195.2,54.673
006_10min_attack,292,292.0,293.0,spoofing,spoofing,spoofing,decoded_speed_threshold_exceeded,52,3,0.0,200.0,194.4,53.627
006_10min_attack,293,293.0,294.0,spoofing,spoofing,spoofing,decoded_speed_threshold_exceeded,53,3,0.0,200.0,195.2,54.656
006_10min_attack,294,294.0,295.0,spoofing,spoofing,spoofing,decoded_speed_threshold_exceeded,50,3,0.0,200.0,195.0,53.655
006_10min_attack,295,295.0,296.0,spoofing,spoofing,spoofing,decoded_speed_threshold_exceeded,53,3,0.0,200.0,195.2,54.637
006_10min_attack,296,296.0,297.0,spoofing,spoofing,spoofing,decoded_speed_threshold_exceeded,52,3,0.0,200.0,195.2,53.604
006_10min_attack,297,297.0,298.0,spoofing,spoofing,spoofing,decoded_speed_threshold_exceeded,53,3,0.0,200.0,194.4,54.712
006_10min_attack,298,298.0,299.0,spoofing,spoofing,spoofing,decoded_speed_threshold_exceeded,50,3,0.0,200.0,195.0,53.743
006_10min_attack,299,299.0,300.0,spoofing,spoofing,spoofing,decoded_speed_threshold_exceeded,52,3,0.0,200.0,195.2,53.66
006_10min_attack,300,300.0,301.0,flooding,flooding,flooding,high_id_cardinality_or_unknown_id_ratio,95,93,0.957895,52636.0,26418.0,97.156
006_10min_attack,301,301.0,302.0,flooding,flooding,flooding,high_id_cardinality_or_unknown_id_ratio,97,95,1.0,,,97.834
006_10min_attack,302,302.0,303.0,flooding,flooding,flooding,high_id_cardinality_or_unknown_id_ratio,96,94,1.0,,,97.774
006_10min_attack,303,303.0,304.0,flooding,flooding,flooding,high_id_cardinality_or_unknown_id_ratio,97,96,0.989691,17023.0,17023.0,97.759
006_10min_attack,304,304.0,305.0,flooding,flooding,flooding,high_id_cardinality_or_unknown_id_ratio,97,95,1.0,,,98.207
006_10min_attack,305,305.0,306.0,flooding,flooding,flooding,high_id_cardinality_or_unknown_id_ratio,97,95,1.0,,,97.586
006_10min_attack,306,306.0,307.0,flooding,flooding,flooding,high_id_cardinality_or_unknown_id_ratio,96,93,1.0,,,97.572
006_10min_attack,307,307.0,308.0,flooding,flooding,flooding,high_id_cardinality_or_unknown_id_ratio,97,94,1.0,,,97.618
006_10min_attack,308,308.0,309.0,flooding,flooding,flooding,high_id_cardinality_or_unknown_id_ratio,97,96,0.989691,,,97.733
006_10min_attack,309,309.0,310.0,flooding,flooding,flooding,high_id_cardinality_or_unknown_id_ratio,97,94,0.989691,,,97.902
006_10min_attack,310,310.0,311.0,flooding,flooding,flooding,high_id_cardinality_or_unknown_id_ratio,97,96,0.989691,,,98.4
006_10min_attack,311,311.0,312.0,flooding,flooding,flooding,high_id_cardinality_or_unknown_id_ratio,97,94,1.0,,,97.871
006_10min_attack,312,312.0,313.0,flooding,flooding,flooding,high_id_cardinality_or_unknown_id_ratio,97,95,1.0,,,97.749
006_10min_attack,313,313.0,314.0,flooding,flooding,flooding,high_id_cardinality_or_unknown_id_ratio,96,94,1.0,,,97.664
006_10min_attack,314,314.0,315.0,flooding,flooding,flooding,high_id_cardinality_or_unknown_id_ratio,97,96,1.0,,,97.963
006_10min_attack,315,315.0,316.0,flooding,flooding,flooding,high_id_cardinality_or_unknown_id_ratio,97,93,0.989691,,,97.975
006_10min_attack,316,316.0,317.0,flooding,flooding,flooding,high_id_cardinality_or_unknown_id_ratio,97,93,0.989691,,,97.729
006_10min_attack,317,317.0,318.0,flooding,flooding,flooding,high_id_cardinality_or_unknown_id_ratio,97,94,1.0,,,98.083
006_10min_attack,318,318.0,319.0,flooding,flooding,flooding,high_id_cardinality_or_unknown_id_ratio,97,93,1.0,,,97.629
006_10min_attack,319,319.0,320.0,flooding,flooding,flooding,high_id_cardinality_or_unknown_id_ratio,97,95,1.0,,,98.066
006_10min_attack,320,320.0,321.0,flooding,flooding,flooding,high_id_cardinality_or_unknown_id_ratio,97,93,0.989691,,,97.944
006_10min_attack,321,321.0,322.0,flooding,flooding,flooding,high_id_cardinality_or_unknown_id_ratio,96,94,1.0,,,97.704
006_10min_attack,322,322.0,323.0,flooding,flooding,flooding,high_id_cardinality_or_unknown_id_ratio,97,94,1.0,,,98.094
006_10min_attack,323,323.0,324.0,flooding,flooding,flooding,high_id_cardinality_or_unknown_id_ratio,97,95,0.979381,18248.0,18248.0,97.978
006_10min_attack,324,324.0,325.0,flooding,flooding,flooding,high_id_cardinality_or_unknown_id_ratio,97,95,1.0,,,97.988
006_10min_attack,325,325.0,326.0,flooding,flooding,flooding,high_id_cardinality_or_unknown_id_ratio,97,96,1.0,,,97.913
006_10min_attack,326,326.0,327.0,flooding,flooding,flooding,high_id_cardinality_or_unknown_id_ratio,97,95,1.0,,,98.059
006_10min_attack,327,327.0,328.0,flooding,flooding,flooding,high_id_cardinality_or_unknown_id_ratio,97,97,1.0,,,98.095
006_10min_attack,328,328.0,329.0,flooding,flooding,flooding,high_id_cardinality_or_unknown_id_ratio,98,98,1.0,,,98.514
006_10min_attack,329,329.0,330.0,flooding,flooding,flooding,high_id_cardinality_or_unknown_id_ratio,97,95,0.989691,13044.0,13044.0,98.453
006_10min_attack,330,330.0,331.0,flooding,flooding,flooding,high_id_cardinality_or_unknown_id_ratio,97,94,1.0,,,98.301
006_10min_attack,331,331.0,332.0,flooding,flooding,flooding,high_id_cardinality_or_unknown_id_ratio,98,97,1.0,,,98.361
006_10min_attack,332,332.0,333.0,flooding,flooding,flooding,high_id_cardinality_or_unknown_id_ratio,97,94,1.0,,,98.153
006_10min_attack,333,333.0,334.0,flooding,flooding,flooding,high_id_cardinality_or_unknown_id_ratio,97,93,1.0,,,97.961
006_10min_attack,334,334.0,335.0,flooding,flooding,flooding,high_id_cardinality_or_unknown_id_ratio,97,93,1.0,,,98.077
006_10min_attack,335,335.0,336.0,flooding,flooding,flooding,high_id_cardinality_or_unknown_id_ratio,97,95,0.989691,28165.0,28165.0,98.017
006_10min_attack,336,336.0,337.0,flooding,flooding,flooding,high_id_cardinality_or_unknown_id_ratio,97,95,0.989691,,,98.351
006_10min_attack,337,337.0,338.0,flooding,flooding,flooding,high_id_cardinality_or_unknown_id_ratio,98,96,1.0,,,98.309
006_10min_attack,338,338.0,339.0,flooding,flooding,flooding,high_id_cardinality_or_unknown_id_ratio,97,94,1.0,,,98.039
006_10min_attack,339,339.0,340.0,flooding,flooding,flooding,high_id_cardinality_or_unknown_id_ratio,97,95,1.0,,,97.885
006_10min_attack,340,340.0,341.0,flooding,flooding,flooding,high_id_cardinality_or_unknown_id_ratio,97,96,1.0,,,98.207
006_10min_attack,341,341.0,342.0,flooding,flooding,flooding,high_id_cardinality_or_unknown_id_ratio,97,97,1.0,,,97.773
006_10min_attack,342,342.0,343.0,flooding,flooding,flooding,high_id_cardinality_or_unknown_id_ratio,97,93,1.0,,,98.099
006_10min_attack,343,343.0,344.0,flooding,flooding,flooding,high_id_cardinality_or_unknown_id_ratio,97,96,0.989691,1192.0,1192.0,97.919
006_10min_attack,344,344.0,345.0,flooding,flooding,flooding,high_id_cardinality_or_unknown_id_ratio,97,94,1.0,,,98.631
006_10min_attack,345,345.0,346.0,flooding,flooding,flooding,high_id_cardinality_or_unknown_id_ratio,97,97,0.989691,26266.0,26266.0,98.07
006_10min_attack,346,346.0,347.0,flooding,flooding,flooding,high_id_cardinality_or_unknown_id_ratio,98,96,1.0,,,98.373
006_10min_attack,347,347.0,348.0,flooding,flooding,flooding,high_id_cardinality_or_unknown_id_ratio,97,94,1.0,,,98.63
006_10min_attack,348,348.0,349.0,flooding,flooding,flooding,high_id_cardinality_or_unknown_id_ratio,97,95,1.0,,,98.146
006_10min_attack,349,349.0,350.0,flooding,flooding,flooding,high_id_cardinality_or_unknown_id_ratio,97,94,1.0,,,98.099
006_10min_attack,350,350.0,351.0,flooding,flooding,flooding,high_id_cardinality_or_unknown_id_ratio,98,97,1.0,,,98.425
006_10min_attack,351,351.0,352.0,flooding,flooding,flooding,high_id_cardinality_or_unknown_id_ratio,97,94,1.0,,,98.522
006_10min_attack,352,352.0,353.0,flooding,flooding,flooding,high_id_cardinality_or_unknown_id_ratio,98,98,1.0,,,98.39
006_10min_attack,353,353.0,354.0,flooding,flooding,flooding,high_id_cardinality_or_unknown_id_ratio,96,93,1.0,,,97.757
006_10min_attack,354,354.0,355.0,flooding,flooding,flooding,high_id_cardinality_or_unknown_id_ratio,98,98,1.0,,,98.074
006_10min_attack,355,355.0,356.0,flooding,flooding,flooding,high_id_cardinality_or_unknown_id_ratio,97,94,1.0,,,98.346
006_10min_attack,356,356.0,357.0,flooding,flooding,flooding,high_id_cardinality_or_unknown_id_ratio,97,92,1.0,,,98.222
006_10min_attack,357,357.0,358.0,flooding,flooding,flooding,high_id_cardinality_or_unknown_id_ratio,98,94,0.989796,61453.0,61453.0,98.426
006_10min_attack,358,358.0,359.0,flooding,flooding,flooding,high_id_cardinality_or_unknown_id_ratio,97,95,1.0,,,98.22
006_10min_attack,359,359.0,360.0,flooding,flooding,flooding,high_id_cardinality_or_unknown_id_ratio,97,95,1.0,,,98.071
006_10min_attack,360,360.0,361.0,flooding,flooding,flooding,high_id_cardinality_or_unknown_id_ratio,97,94,1.0,,,98.055
006_10min_attack,361,361.0,362.0,flooding,flooding,flooding,high_id_cardinality_or_unknown_id_ratio,97,95,1.0,,,98.336
006_10min_attack,362,362.0,363.0,flooding,flooding,flooding,high_id_cardinality_or_unknown_id_ratio,97,96,1.0,,,98.269
006_10min_attack,363,363.0,364.0,flooding,flooding,flooding,high_id_cardinality_or_unknown_id_ratio,97,94,1.0,,,97.877
006_10min_attack,364,364.0,365.0,flooding,flooding,flooding,high_id_cardinality_or_unknown_id_ratio,97,95,1.0,,,98.161
006_10min_attack,365,365.0,366.0,flooding,flooding,flooding,high_id_cardinality_or_unknown_id_ratio,98,94,1.0,,,98.185
006_10min_attack,366,366.0,367.0,flooding,flooding,flooding,high_id_cardinality_or_unknown_id_ratio,97,97,1.0,,,98.413
006_10min_attack,367,367.0,368.0,flooding,flooding,flooding,high_id_cardinality_or_unknown_id_ratio,98,94,1.0,,,98.514
006_10min_attack,368,368.0,369.0,flooding,flooding,flooding,high_id_cardinality_or_unknown_id_ratio,97,94,1.0,,,97.993
006_10min_attack,369,369.0,370.0,flooding,flooding,flooding,high_id_cardinality_or_unknown_id_ratio,97,94,1.0,,,97.998
006_10min_attack,370,370.0,371.0,flooding,flooding,flooding,high_id_cardinality_or_unknown_id_ratio,97,96,0.989691,,,98.037
006_10min_attack,371,371.0,372.0,flooding,flooding,flooding,high_id_cardinality_or_unknown_id_ratio,97,96,1.0,,,98.121
006_10min_attack,372,372.0,373.0,flooding,flooding,flooding,high_id_cardinality_or_unknown_id_ratio,96,93,1.0,,,97.697
006_10min_attack,373,373.0,374.0,flooding,flooding,flooding,high_id_cardinality_or_unknown_id_ratio,97,94,1.0,,,98.088
006_10min_attack,374,374.0,375.0,flooding,flooding,flooding,high_id_cardinality_or_unknown_id_ratio,98,96,1.0,,,98.171
006_10min_attack,375,375.0,376.0,flooding,flooding,flooding,high_id_cardinality_or_unknown_id_ratio,96,94,1.0,,,97.845
006_10min_attack,376,376.0,377.0,flooding,flooding,flooding,high_id_cardinality_or_unknown_id_ratio,97,96,1.0,,,97.947
006_10min_attack,377,377.0,378.0,flooding,flooding,flooding,high_id_cardinality_or_unknown_id_ratio,97,96,1.0,,,98.172
006_10min_attack,378,378.0,379.0,flooding,flooding,flooding,high_id_cardinality_or_unknown_id_ratio,97,97,0.989691,,,97.968
006_10min_attack,379,379.0,380.0,flooding,flooding,flooding,high_id_cardinality_or_unknown_id_ratio,97,92,1.0,,,97.966
006_10min_attack,380,380.0,381.0,flooding,flooding,flooding,high_id_cardinality_or_unknown_id_ratio,98,97,0.989796,,,98.395
006_10min_attack,381,381.0,382.0,flooding,flooding,flooding,high_id_cardinality_or_unknown_id_ratio,97,96,1.0,,,98.073
006_10min_attack,382,382.0,383.0,flooding,flooding,flooding,high_id_cardinality_or_unknown_id_ratio,97,94,0.989691,,,98.02
006_10min_attack,383,383.0,384.0,flooding,flooding,flooding,high_id_cardinality_or_unknown_id_ratio,97,97,1.0,,,98.135
006_10min_attack,384,384.0,385.0,flooding,flooding,flooding,high_id_cardinality_or_unknown_id_ratio,97,94,1.0,,,97.996
006_10min_attack,385,385.0,386.0,flooding,flooding,flooding,high_id_cardinality_or_unknown_id_ratio,97,97,1.0,,,98.038
006_10min_attack,386,386.0,387.0,flooding,flooding,flooding,high_id_cardinality_or_unknown_id_ratio,97,96,1.0,,,97.861
006_10min_attack,387,387.0,388.0,flooding,flooding,flooding,high_id_cardinality_or_unknown_id_ratio,97,96,1.0,,,98.248
006_10min_attack,388,388.0,389.0,flooding,flooding,flooding,high_id_cardinality_or_unknown_id_ratio,97,94,1.0,,,97.721
006_10min_attack,389,389.0,390.0,flooding,flooding,flooding,high_id_cardinality_or_unknown_id_ratio,97,96,1.0,,,98.034
006_10min_attack,390,390.0,391.0,flooding,flooding,flooding,high_id_cardinality_or_unknown_id_ratio,97,94,0.989691,,,98.187
006_10min_attack,391,391.0,392.0,flooding,flooding,flooding,high_id_cardinality_or_unknown_id_ratio,97,92,0.989691,,,98.21
006_10min_attack,392,392.0,393.0,flooding,flooding,flooding,high_id_cardinality_or_unknown_id_ratio,97,94,1.0,,,98.215
006_10min_attack,393,393.0,394.0,flooding,flooding,flooding,high_id_cardinality_or_unknown_id_ratio,97,96,1.0,,,97.984
006_10min_attack,394,394.0,395.0,flooding,flooding,flooding,high_id_cardinality_or_unknown_id_ratio,98,93,1.0,,,98.283
006_10min_attack,395,395.0,396.0,flooding,flooding,flooding,high_id_cardinality_or_unknown_id_ratio,97,96,0.989691,,,98.133
006_10min_attack,396,396.0,397.0,flooding,flooding,flooding,high_id_cardinality_or_unknown_id_ratio,97,96,0.979381,,,98.318
006_10min_attack,397,397.0,398.0,flooding,flooding,flooding,high_id_cardinality_or_unknown_id_ratio,97,94,1.0,,,97.832
006_10min_attack,398,398.0,399.0,flooding,flooding,flooding,high_id_cardinality_or_unknown_id_ratio,97,96,1.0,,,98.01
006_10min_attack,399,399.0,400.0,flooding,flooding,flooding,high_id_cardinality_or_unknown_id_ratio,97,95,1.0,,,98.253
006_10min_attack,400,400.0,401.0,flooding,flooding,flooding,high_id_cardinality_or_unknown_id_ratio,97,96,1.0,,,98.339
006_10min_attack,401,401.0,402.0,flooding,flooding,flooding,high_id_cardinality_or_unknown_id_ratio,98,95,1.0,,,98.087
006_10min_attack,402,402.0,403.0,flooding,flooding,flooding,high_id_cardinality_or_unknown_id_ratio,97,93,1.0,,,98.1
006_10min_attack,403,403.0,404.0,flooding,flooding,flooding,high_id_cardinality_or_unknown_id_ratio,97,97,1.0,,,98.291
006_10min_attack,404,404.0,405.0,flooding,flooding,flooding,high_id_cardinality_or_unknown_id_ratio,97,93,1.0,,,97.948
006_10min_attack,405,405.0,406.0,flooding,flooding,flooding,high_id_cardinality_or_unknown_id_ratio,97,93,1.0,,,98.309
006_10min_attack,406,406.0,407.0,flooding,flooding,flooding,high_id_cardinality_or_unknown_id_ratio,97,94,1.0,,,98.161
006_10min_attack,407,407.0,408.0,flooding,flooding,flooding,high_id_cardinality_or_unknown_id_ratio,97,96,1.0,,,98.153
006_10min_attack,408,408.0,409.0,flooding,flooding,flooding,high_id_cardinality_or_unknown_id_ratio,98,96,1.0,,,98.402
006_10min_attack,409,409.0,410.0,flooding,flooding,flooding,high_id_cardinality_or_unknown_id_ratio,97,96,1.0,,,98.397
006_10min_attack,410,410.0,411.0,flooding,flooding,flooding,high_id_cardinality_or_unknown_id_ratio,98,96,1.0,,,98.46
006_10min_attack,411,411.0,412.0,flooding,flooding,flooding,high_id_cardinality_or_unknown_id_ratio,97,95,1.0,,,97.936
006_10min_attack,412,412.0,413.0,flooding,flooding,flooding,high_id_cardinality_or_unknown_id_ratio,97,95,1.0,,,98.05
006_10min_attack,413,413.0,414.0,flooding,flooding,flooding,high_id_cardinality_or_unknown_id_ratio,96,96,0.989583,,,97.699
006_10min_attack,414,414.0,415.0,flooding,flooding,flooding,high_id_cardinality_or_unknown_id_ratio,97,97,1.0,,,97.233
006_10min_attack,415,415.0,416.0,flooding,flooding,flooding,high_id_cardinality_or_unknown_id_ratio,95,95,1.0,,,96.021
006_10min_attack,416,416.0,417.0,flooding,flooding,flooding,high_id_cardinality_or_unknown_id_ratio,96,95,1.0,,,97.666
006_10min_attack,417,417.0,418.0,flooding,flooding,flooding,high_id_cardinality_or_unknown_id_ratio,97,93,1.0,,,97.78
006_10min_attack,418,418.0,419.0,flooding,flooding,flooding,high_id_cardinality_or_unknown_id_ratio,97,95,1.0,,,97.875
006_10min_attack,419,419.0,420.0,flooding,flooding,flooding,high_id_cardinality_or_unknown_id_ratio,97,94,1.0,,,98.538
006_10min_attack,420,420.0,421.0,recovery,normal,normal,no_rule_triggered,66,10,0.090909,87.0,87.0,68.113
006_10min_attack,421,421.0,422.0,recovery,normal,normal,no_rule_triggered,62,4,0.0,87.0,86.8,64.704
006_10min_attack,422,422.0,423.0,recovery,normal,normal,no_rule_triggered,63,4,0.0,86.0,85.65,65.672
006_10min_attack,423,423.0,424.0,recovery,normal,normal,no_rule_triggered,62,4,0.0,85.0,84.05,64.721
006_10min_attack,424,424.0,425.0,recovery,normal,normal,no_rule_triggered,60,4,0.0,83.0,82.105,66.035
006_10min_attack,425,425.0,426.0,recovery,normal,normal,no_rule_triggered,62,4,0.0,81.0,80.15,64.768
006_10min_attack,426,426.0,427.0,recovery,normal,normal,no_rule_triggered,63,4,0.0,79.0,78.45,65.672
006_10min_attack,427,427.0,428.0,recovery,normal,normal,no_rule_triggered,62,4,0.0,78.0,77.15,64.665
006_10min_attack,428,428.0,429.0,recovery,normal,normal,no_rule_triggered,63,4,0.0,77.0,77.0,65.788
006_10min_attack,429,429.0,430.0,recovery,normal,normal,no_rule_triggered,62,4,0.0,77.0,77.0,64.566
006_10min_attack,430,430.0,431.0,recovery,normal,normal,no_rule_triggered,60,4,0.0,78.0,77.526,66.193
006_10min_attack,431,431.0,432.0,recovery,normal,normal,no_rule_triggered,62,4,0.0,80.0,78.9,64.666
006_10min_attack,432,432.0,433.0,recovery,normal,normal,no_rule_triggered,63,4,0.0,82.0,80.8,65.79
006_10min_attack,433,433.0,434.0,recovery,normal,normal,no_rule_triggered,62,4,0.0,84.0,82.8,64.694
006_10min_attack,434,434.0,435.0,recovery,normal,normal,no_rule_triggered,63,4,0.0,85.0,84.6,65.729
006_10min_attack,435,435.0,436.0,recovery,normal,normal,no_rule_triggered,62,4,0.0,87.0,86.2,64.807
006_10min_attack,436,436.0,437.0,recovery,normal,normal,no_rule_triggered,59,4,0.0,87.0,87.0,64.956
006_10min_attack,437,437.0,438.0,recovery,normal,normal,no_rule_triggered,63,4,0.0,87.0,87.0,65.773
006_10min_attack,438,438.0,439.0,recovery,normal,normal,no_rule_triggered,62,4,0.0,86.0,85.75,64.669
006_10min_attack,439,439.0,440.0,recovery,normal,normal,no_rule_triggered,63,4,0.0,85.0,83.9,65.773
006_10min_attack,440,440.0,441.0,recovery,normal,normal,no_rule_triggered,62,4,0.0,82.0,80.8,64.742
006_10min_attack,441,441.0,442.0,recovery,normal,normal,no_rule_triggered,63,4,0.0,79.0,77.2,65.739
006_10min_attack,442,442.0,443.0,recovery,normal,normal,no_rule_triggered,59,4,0.0,75.0,73.105,64.856
006_10min_attack,443,443.0,444.0,recovery,normal,normal,no_rule_triggered,63,4,0.0,71.0,68.85,65.801
006_10min_attack,444,444.0,445.0,recovery,normal,normal,no_rule_triggered,62,4,0.0,67.0,64.55,64.631
006_10min_attack,445,445.0,446.0,recovery,normal,normal,no_rule_triggered,63,4,0.0,62.0,60.6,65.861
006_10min_attack,446,446.0,447.0,recovery,normal,normal,no_rule_triggered,62,4,0.0,59.0,57.35,64.757
006_10min_attack,447,447.0,448.0,recovery,normal,normal,no_rule_triggered,63,4,0.0,56.0,54.85,65.701
006_10min_attack,448,448.0,449.0,recovery,normal,normal,no_rule_triggered,59,4,0.0,54.0,53.263,64.907
006_10min_attack,449,449.0,450.0,recovery,normal,normal,no_rule_triggered,63,4,0.0,53.0,52.4,65.695
006_10min_attack,450,450.0,451.0,recovery,normal,normal,no_rule_triggered,62,4,0.0,53.0,52.15,64.757
006_10min_attack,451,451.0,452.0,recovery,normal,normal,no_rule_triggered,63,4,0.0,53.0,53.0,65.568
006_10min_attack,452,452.0,453.0,recovery,normal,normal,no_rule_triggered,62,4,0.0,54.0,53.65,64.701
006_10min_attack,453,453.0,454.0,recovery,normal,normal,no_rule_triggered,60,4,0.0,55.0,54.263,66.081
006_10min_attack,454,454.0,455.0,recovery,normal,normal,no_rule_triggered,62,4,0.0,55.0,55.0,64.733
006_10min_attack,455,455.0,456.0,recovery,normal,normal,no_rule_triggered,63,4,0.0,55.0,55.0,65.774
006_10min_attack,456,456.0,457.0,recovery,normal,normal,no_rule_triggered,62,4,0.0,55.0,54.05,64.477
006_10min_attack,457,457.0,458.0,recovery,normal,normal,no_rule_triggered,63,4,0.0,53.0,52.55,65.774
006_10min_attack,458,458.0,459.0,recovery,normal,normal,no_rule_triggered,62,4,0.0,51.0,50.2,64.687
006_10min_attack,459,459.0,460.0,recovery,normal,normal,no_rule_triggered,59,4,0.0,49.0,47.316,65.043
006_10min_attack,460,460.0,461.0,recovery,normal,normal,no_rule_triggered,63,4,0.0,46.0,43.9,65.696
006_10min_attack,461,461.0,462.0,recovery,normal,normal,no_rule_triggered,62,4,0.0,42.0,40.15,64.755
006_10min_attack,462,462.0,463.0,recovery,normal,normal,no_rule_triggered,63,4,0.0,38.0,36.4,65.566
006_10min_attack,463,463.0,464.0,recovery,normal,normal,no_rule_triggered,62,4,0.0,35.0,33.05,64.67
006_10min_attack,464,464.0,465.0,recovery,normal,normal,no_rule_triggered,60,4,0.0,31.0,30.211,66.106
006_10min_attack,465,465.0,466.0,recovery,normal,normal,no_rule_triggered,62,4,0.0,29.0,28.35,64.456
006_10min_attack,466,466.0,467.0,recovery,normal,normal,no_rule_triggered,63,4,0.0,28.0,27.15,65.756
006_10min_attack,467,467.0,468.0,recovery,normal,normal,no_rule_triggered,62,4,0.0,28.0,27.15,64.664
006_10min_attack,468,468.0,469.0,recovery,normal,normal,no_rule_triggered,63,4,0.0,29.0,28.35,65.8
006_10min_attack,469,469.0,470.0,recovery,normal,normal,no_rule_triggered,62,4,0.0,31.0,30.15,64.686
006_10min_attack,470,470.0,471.0,recovery,normal,normal,no_rule_triggered,60,4,0.0,34.0,32.632,66.11
006_10min_attack,471,471.0,472.0,recovery,normal,normal,no_rule_triggered,62,4,0.0,37.0,35.4,64.65
006_10min_attack,472,472.0,473.0,recovery,normal,normal,no_rule_triggered,63,4,0.0,40.0,38.35,65.769
006_10min_attack,473,473.0,474.0,recovery,normal,normal,no_rule_triggered,62,4,0.0,42.0,41.0,64.71
006_10min_attack,474,474.0,475.0,recovery,normal,normal,no_rule_triggered,63,4,0.0,44.0,43.3,65.544
006_10min_attack,475,475.0,476.0,recovery,normal,normal,no_rule_triggered,59,4,0.0,45.0,44.789,65.017
006_10min_attack,476,476.0,477.0,recovery,normal,normal,no_rule_triggered,63,4,0.0,46.0,45.85,65.705
006_10min_attack,477,477.0,478.0,recovery,normal,normal,no_rule_triggered,62,4,0.0,46.0,46.0,64.698
006_10min_attack,478,478.0,479.0,recovery,normal,normal,no_rule_triggered,63,4,0.0,46.0,45.3,65.75
006_10min_attack,479,479.0,480.0,recovery,normal,normal,no_rule_triggered,62,4,0.0,45.0,44.35,64.774
006_10min_attack,480,480.0,481.0,recovery,normal,normal,no_rule_triggered,63,4,0.0,44.0,43.2,65.611
006_10min_attack,481,481.0,482.0,recovery,normal,normal,no_rule_triggered,59,4,0.0,42.0,42.0,65.061
006_10min_attack,482,482.0,483.0,recovery,normal,normal,no_rule_triggered,62,4,0.0,41.0,41.0,64.786
006_10min_attack,483,483.0,484.0,recovery,normal,normal,no_rule_triggered,63,4,0.0,41.0,41.0,65.655
006_10min_attack,484,484.0,485.0,recovery,normal,normal,no_rule_triggered,62,4,0.0,42.0,41.4,64.783
006_10min_attack,485,485.0,486.0,recovery,normal,normal,no_rule_triggered,63,4,0.0,44.0,42.9,65.755
006_10min_attack,486,486.0,487.0,recovery,normal,normal,no_rule_triggered,62,4,0.0,47.0,45.3,64.765
006_10min_attack,487,487.0,488.0,recovery,normal,normal,no_rule_triggered,63,4,0.0,50.0,48.55,65.861
006_10min_attack,488,488.0,489.0,recovery,normal,normal,no_rule_triggered,59,4,0.0,54.0,52.421,65.067
006_10min_attack,489,489.0,490.0,recovery,normal,normal,no_rule_triggered,63,4,0.0,59.0,56.75,65.686
006_10min_attack,490,490.0,491.0,recovery,normal,normal,no_rule_triggered,62,4,0.0,64.0,61.35,64.7
006_10min_attack,491,491.0,492.0,recovery,normal,normal,no_rule_triggered,63,4,0.0,68.0,65.85,65.813
006_10min_attack,492,492.0,493.0,recovery,normal,normal,no_rule_triggered,62,4,0.0,72.0,69.85,64.574
006_10min_attack,493,493.0,494.0,recovery,normal,normal,no_rule_triggered,63,4,0.0,75.0,73.25,65.82
006_10min_attack,494,494.0,495.0,recovery,normal,normal,no_rule_triggered,59,4,0.0,77.0,75.737,64.983
006_10min_attack,495,495.0,496.0,recovery,normal,normal,no_rule_triggered,63,4,0.0,78.0,77.4,65.784
006_10min_attack,496,496.0,497.0,recovery,normal,normal,no_rule_triggered,62,4,0.0,78.0,78.0,64.661
006_10min_attack,497,497.0,498.0,recovery,normal,normal,no_rule_triggered,63,4,0.0,78.0,78.0,65.829
006_10min_attack,498,498.0,499.0,recovery,normal,normal,no_rule_triggered,62,4,0.0,78.0,77.2,64.566
006_10min_attack,499,499.0,500.0,recovery,normal,normal,no_rule_triggered,60,4,0.0,77.0,76.158,66.113
006_10min_attack,500,500.0,501.0,recovery,normal,normal,no_rule_triggered,62,4,0.0,75.0,74.85,64.8
006_10min_attack,501,501.0,502.0,recovery,normal,normal,no_rule_triggered,63,4,0.0,74.0,73.9,65.796
006_10min_attack,502,502.0,503.0,recovery,normal,normal,no_rule_triggered,62,4,0.0,73.0,73.0,64.761
006_10min_attack,503,503.0,504.0,recovery,normal,normal,no_rule_triggered,63,4,0.0,73.0,73.0,65.72
006_10min_attack,504,504.0,505.0,recovery,normal,normal,no_rule_triggered,62,4,0.0,75.0,74.0,64.709
006_10min_attack,505,505.0,506.0,recovery,normal,normal,no_rule_triggered,59,4,0.0,76.0,75.421,64.839
006_10min_attack,506,506.0,507.0,recovery,normal,normal,no_rule_triggered,63,4,0.0,79.0,77.5,65.792
006_10min_attack,507,507.0,508.0,recovery,normal,normal,no_rule_triggered,62,4,0.0,81.0,80.05,64.55
006_10min_attack,508,508.0,509.0,recovery,normal,normal,no_rule_triggered,63,4,0.0,84.0,83.05,65.786
006_10min_attack,509,509.0,510.0,recovery,normal,normal,no_rule_triggered,62,4,0.0,87.0,85.95,64.7
006_10min_attack,510,510.0,511.0,recovery,normal,normal,no_rule_triggered,63,4,0.0,90.0,88.45,65.741
006_10min_attack,511,511.0,512.0,recovery,normal,normal,no_rule_triggered,59,4,0.0,91.0,90.474,64.957
006_10min_attack,512,512.0,513.0,recovery,normal,normal,no_rule_triggered,63,4,0.0,92.0,91.65,65.597
006_10min_attack,513,513.0,514.0,recovery,normal,normal,no_rule_triggered,62,4,0.0,92.0,92.0,64.704
006_10min_attack,514,514.0,515.0,recovery,normal,normal,no_rule_triggered,63,4,0.0,92.0,90.9,65.729
006_10min_attack,515,515.0,516.0,recovery,normal,normal,no_rule_triggered,62,4,0.0,90.0,89.15,64.766
006_10min_attack,516,516.0,517.0,recovery,normal,normal,no_rule_triggered,63,4,0.0,88.0,86.45,65.769
006_10min_attack,517,517.0,518.0,recovery,normal,normal,no_rule_triggered,59,4,0.0,85.0,83.263,65.012
006_10min_attack,518,518.0,519.0,recovery,normal,normal,no_rule_triggered,63,4,0.0,81.0,79.6,65.758
006_10min_attack,519,519.0,520.0,recovery,normal,normal,no_rule_triggered,62,4,0.0,78.0,75.8,64.725
006_10min_attack,520,520.0,521.0,recovery,normal,normal,no_rule_triggered,63,4,0.0,74.0,72.25,65.741
006_10min_attack,521,521.0,522.0,recovery,normal,normal,no_rule_triggered,62,4,0.0,71.0,69.15,64.694
006_10min_attack,522,522.0,523.0,recovery,normal,normal,no_rule_triggered,63,4,0.0,68.0,66.75,65.778
006_10min_attack,523,523.0,524.0,recovery,normal,normal,no_rule_triggered,59,4,0.0,66.0,65.211,64.902
006_10min_attack,524,524.0,525.0,recovery,normal,normal,no_rule_triggered,63,4,0.0,65.0,64.1,65.772
006_10min_attack,525,525.0,526.0,recovery,normal,normal,no_rule_triggered,62,4,0.0,64.0,64.0,64.588
006_10min_attack,526,526.0,527.0,recovery,normal,normal,no_rule_triggered,63,4,0.0,65.0,64.55,65.827
006_10min_attack,527,527.0,528.0,recovery,normal,normal,no_rule_triggered,62,4,0.0,66.0,65.2,64.805
006_10min_attack,528,528.0,529.0,recovery,normal,normal,no_rule_triggered,63,4,0.0,66.0,66.0,65.727
006_10min_attack,529,529.0,530.0,recovery,normal,normal,no_rule_triggered,59,4,0.0,67.0,66.684,64.973
006_10min_attack,530,530.0,531.0,recovery,normal,normal,no_rule_triggered,62,4,0.0,67.0,66.8,64.622
006_10min_attack,531,531.0,532.0,recovery,normal,normal,no_rule_triggered,63,4,0.0,66.0,65.9,65.783
006_10min_attack,532,532.0,533.0,recovery,normal,normal,no_rule_triggered,62,4,0.0,65.0,64.45,64.591
006_10min_attack,533,533.0,534.0,recovery,normal,normal,no_rule_triggered,63,4,0.0,63.0,62.05,65.707
006_10min_attack,534,534.0,535.0,recovery,normal,normal,no_rule_triggered,59,4,0.0,61.0,59.0,64.83
006_10min_attack,535,535.0,536.0,recovery,normal,normal,no_rule_triggered,63,4,0.0,57.0,55.3,65.745
006_10min_attack,536,536.0,537.0,recovery,normal,normal,no_rule_triggered,62,4,0.0,53.0,51.0,64.741
006_10min_attack,537,537.0,538.0,recovery,normal,normal,no_rule_triggered,63,4,0.0,49.0,46.65,65.751
006_10min_attack,538,538.0,539.0,recovery,normal,normal,no_rule_triggered,62,4,0.0,44.0,42.4,64.754
006_10min_attack,539,539.0,540.0,recovery,normal,normal,no_rule_triggered,63,4,0.0,40.0,38.65,65.827
006_10min_attack,540,540.0,541.0,recovery,normal,normal,no_rule_triggered,59,4,0.0,37.0,35.632,65.055
006_10min_attack,541,541.0,542.0,recovery,normal,normal,no_rule_triggered,63,4,0.0,34.0,33.45,65.668
006_10min_attack,542,542.0,543.0,recovery,normal,normal,no_rule_triggered,62,4,0.0,33.0,32.2,64.8
006_10min_attack,543,543.0,544.0,recovery,normal,normal,no_rule_triggered,63,4,0.0,32.0,32.0,65.571
006_10min_attack,544,544.0,545.0,recovery,normal,normal,no_rule_triggered,62,4,0.0,33.0,32.65,64.731
006_10min_attack,545,545.0,546.0,recovery,normal,normal,no_rule_triggered,63,4,0.0,35.0,34.1,65.743
006_10min_attack,546,546.0,547.0,recovery,normal,normal,no_rule_triggered,59,4,0.0,37.0,35.842,64.987
006_10min_attack,547,547.0,548.0,recovery,normal,normal,no_rule_triggered,63,4,0.0,39.0,37.8,65.775
006_10min_attack,548,548.0,549.0,recovery,normal,normal,no_rule_triggered,62,4,0.0,41.0,39.7,64.698
006_10min_attack,549,549.0,550.0,recovery,normal,normal,no_rule_triggered,63,4,0.0,42.0,41.3,65.78
006_10min_attack,550,550.0,551.0,recovery,normal,normal,no_rule_triggered,62,4,0.0,42.0,42.0,64.717
006_10min_attack,551,551.0,552.0,recovery,normal,normal,no_rule_triggered,63,4,0.0,42.0,42.0,65.719
006_10min_attack,552,552.0,553.0,recovery,normal,normal,no_rule_triggered,59,4,0.0,42.0,42.0,64.971
006_10min_attack,553,553.0,554.0,recovery,normal,normal,no_rule_triggered,62,4,0.0,42.0,40.8,64.717
006_10min_attack,554,554.0,555.0,recovery,normal,normal,no_rule_triggered,63,4,0.0,40.0,39.25,65.789
006_10min_attack,555,555.0,556.0,recovery,normal,normal,no_rule_triggered,62,4,0.0,38.0,37.25,64.663
006_10min_attack,556,556.0,557.0,recovery,normal,normal,no_rule_triggered,63,4,0.0,36.0,35.25,65.774
006_10min_attack,557,557.0,558.0,recovery,normal,normal,no_rule_triggered,62,4,0.0,34.0,33.5,64.514
006_10min_attack,558,558.0,559.0,recovery,normal,normal,no_rule_triggered,60,4,0.0,33.0,32.368,66.165
006_10min_attack,559,559.0,560.0,recovery,normal,normal,no_rule_triggered,62,4,0.0,32.0,32.0,64.698
006_10min_attack,560,560.0,561.0,recovery,normal,normal,no_rule_triggered,63,4,0.0,33.0,32.45,65.779
006_10min_attack,561,561.0,562.0,recovery,normal,normal,no_rule_triggered,62,4,0.0,35.0,34.0,64.508
006_10min_attack,562,562.0,563.0,recovery,normal,normal,no_rule_triggered,63,4,0.0,38.0,36.5,65.832
006_10min_attack,563,563.0,564.0,recovery,normal,normal,no_rule_triggered,62,4,0.0,42.0,39.8,64.804
006_10min_attack,564,564.0,565.0,recovery,normal,normal,no_rule_triggered,60,4,0.0,46.0,43.684,65.957
006_10min_attack,565,565.0,566.0,recovery,normal,normal,no_rule_triggered,62,4,0.0,50.0,47.9,64.735
006_10min_attack,566,566.0,567.0,recovery,normal,normal,no_rule_triggered,63,4,0.0,54.0,52.25,65.815
006_10min_attack,567,567.0,568.0,recovery,normal,normal,no_rule_triggered,62,4,0.0,58.0,56.4,64.761
006_10min_attack,568,568.0,569.0,recovery,normal,normal,no_rule_triggered,63,4,0.0,62.0,60.0,65.543
006_10min_attack,569,569.0,570.0,recovery,normal,normal,no_rule_triggered,59,4,0.0,64.0,62.947,65.04
006_10min_attack,570,570.0,571.0,recovery,normal,normal,no_rule_triggered,63,4,0.0,66.0,64.9,65.617
006_10min_attack,571,571.0,572.0,recovery,normal,normal,no_rule_triggered,62,4,0.0,67.0,66.1,64.705
006_10min_attack,572,572.0,573.0,recovery,normal,normal,no_rule_triggered,63,4,0.0,67.0,67.0,65.776
006_10min_attack,573,573.0,574.0,recovery,normal,normal,no_rule_triggered,62,4,0.0,67.0,66.35,64.652
006_10min_attack,574,574.0,575.0,recovery,normal,normal,no_rule_triggered,63,4,0.0,66.0,65.85,65.783
006_10min_attack,575,575.0,576.0,recovery,normal,normal,no_rule_triggered,59,4,0.0,65.0,65.0,64.979
006_10min_attack,576,576.0,577.0,recovery,normal,normal,no_rule_triggered,62,4,0.0,65.0,64.25,64.678
006_10min_attack,577,577.0,578.0,recovery,normal,normal,no_rule_triggered,63,4,0.0,64.0,64.0,65.768
006_10min_attack,578,578.0,579.0,recovery,normal,normal,no_rule_triggered,62,4,0.0,65.0,64.4,64.699
006_10min_attack,579,579.0,580.0,recovery,normal,normal,no_rule_triggered,63,4,0.0,66.0,65.5,65.623
006_10min_attack,580,580.0,581.0,recovery,normal,normal,no_rule_triggered,62,4,0.0,69.0,67.45,64.701
006_10min_attack,581,581.0,582.0,recovery,normal,normal,no_rule_triggered,60,4,0.0,71.0,70.0,66.121
006_10min_attack,582,582.0,583.0,recovery,normal,normal,no_rule_triggered,62,4,0.0,75.0,73.25,64.64
006_10min_attack,583,583.0,584.0,recovery,normal,normal,no_rule_triggered,63,4,0.0,79.0,76.9,65.822
006_10min_attack,584,584.0,585.0,recovery,normal,normal,no_rule_triggered,62,4,0.0,82.0,80.65,64.691
006_10min_attack,585,585.0,586.0,recovery,normal,normal,no_rule_triggered,63,4,0.0,86.0,84.35,65.764
006_10min_attack,586,586.0,587.0,recovery,normal,normal,no_rule_triggered,62,4,0.0,89.0,87.45,64.725
006_10min_attack,587,587.0,588.0,recovery,normal,normal,no_rule_triggered,60,4,0.0,91.0,89.789,66.096
006_10min_attack,588,588.0,589.0,recovery,normal,normal,no_rule_triggered,62,4,0.0,92.0,91.35,64.568
006_10min_attack,589,589.0,590.0,recovery,normal,normal,no_rule_triggered,63,4,0.0,92.0,92.0,65.802
006_10min_attack,590,590.0,591.0,recovery,normal,normal,no_rule_triggered,62,4,0.0,92.0,91.35,64.803
006_10min_attack,591,591.0,592.0,recovery,normal,normal,no_rule_triggered,63,4,0.0,91.0,89.85,65.748
006_10min_attack,592,592.0,593.0,recovery,normal,normal,no_rule_triggered,62,4,0.0,89.0,87.75,64.723
006_10min_attack,593,593.0,594.0,recovery,normal,normal,no_rule_triggered,60,4,0.0,86.0,85.0,65.885
006_10min_attack,594,594.0,595.0,recovery,normal,normal,no_rule_triggered,62,4,0.0,84.0,82.2,64.781
006_10min_attack,595,595.0,596.0,recovery,normal,normal,no_rule_triggered,63,4,0.0,81.0,79.35,65.743
006_10min_attack,596,596.0,597.0,recovery,normal,normal,no_rule_triggered,62,4,0.0,78.0,76.85,64.698
006_10min_attack,597,597.0,598.0,recovery,normal,normal,no_rule_triggered,63,4,0.0,76.0,74.8,65.762
006_10min_attack,598,598.0,599.0,recovery,normal,normal,no_rule_triggered,62,4,0.0,74.0,73.6,64.731
006_10min_attack,599,599.0,600.0,recovery,normal,normal,no_rule_triggered,59,4,0.0,73.0,73.0,65.016
006_10min_attack,600,600.0,601.0,recovery,normal,normal,no_rule_triggered,7,4,0.0,73.0,73.0,138.064
007_matrix_run_01_low_spoof_low_flood,0,0.0,1.0,baseline,normal,normal,no_rule_triggered,63,4,0.0,64.0,61.7,66.316
007_matrix_run_01_low_spoof_low_flood,1,1.0,2.0,baseline,normal,normal,no_rule_triggered,62,4,0.0,68.0,66.05,65.263
007_matrix_run_01_low_spoof_low_flood,2,2.0,3.0,baseline,normal,normal,no_rule_triggered,63,4,0.0,72.0,70.05,66.316
007_matrix_run_01_low_spoof_low_flood,3,3.0,4.0,baseline,normal,normal,no_rule_triggered,62,4,0.0,75.0,73.4,65.263
007_matrix_run_01_low_spoof_low_flood,4,4.0,5.0,baseline,normal,normal,no_rule_triggered,63,4,0.0,77.0,75.9,66.316
007_matrix_run_01_low_spoof_low_flood,5,5.0,6.0,baseline,normal,normal,no_rule_triggered,62,4,0.0,78.0,77.45,65.263
007_matrix_run_01_low_spoof_low_flood,6,6.0,7.0,baseline,normal,normal,no_rule_triggered,63,4,0.0,78.0,78.0,66.316
007_matrix_run_01_low_spoof_low_flood,7,7.0,8.0,baseline,normal,normal,no_rule_triggered,62,4,0.0,78.0,78.0,65.263
007_matrix_run_01_low_spoof_low_flood,8,8.0,9.0,baseline,normal,normal,no_rule_triggered,63,4,0.0,78.0,77.15,66.316
007_matrix_run_01_low_spoof_low_flood,9,9.0,10.0,baseline,normal,normal,no_rule_triggered,62,4,0.0,77.0,76.0,65.263
007_matrix_run_01_low_spoof_low_flood,10,10.0,11.0,baseline,normal,normal,no_rule_triggered,63,4,0.0,75.0,74.75,66.316
007_matrix_run_01_low_spoof_low_flood,11,11.0,12.0,baseline,normal,normal,no_rule_triggered,62,4,0.0,74.0,73.85,65.263
007_matrix_run_01_low_spoof_low_flood,12,12.0,13.0,baseline,normal,normal,no_rule_triggered,63,4,0.0,73.0,73.0,66.316
007_matrix_run_01_low_spoof_low_flood,13,13.0,14.0,baseline,normal,normal,no_rule_triggered,62,4,0.0,73.0,73.0,65.263
007_matrix_run_01_low_spoof_low_flood,14,14.0,15.0,baseline,normal,normal,no_rule_triggered,63,4,0.0,75.0,74.1,66.316
007_matrix_run_01_low_spoof_low_flood,15,15.0,16.0,baseline,normal,normal,no_rule_triggered,62,4,0.0,76.0,75.5,65.263
007_matrix_run_01_low_spoof_low_flood,16,16.0,17.0,baseline,normal,normal,no_rule_triggered,63,4,0.0,79.0,77.7,66.316
007_matrix_run_01_low_spoof_low_flood,17,17.0,18.0,baseline,normal,normal,no_rule_triggered,62,4,0.0,82.0,80.35,65.263
007_matrix_run_01_low_spoof_low_flood,18,18.0,19.0,baseline,normal,normal,no_rule_triggered,63,4,0.0,85.0,83.2,66.316
007_matrix_run_01_low_spoof_low_flood,19,19.0,20.0,baseline,normal,normal,no_rule_triggered,62,4,0.0,87.0,86.05,65.263
007_matrix_run_01_low_spoof_low_flood,20,20.0,21.0,baseline,normal,normal,no_rule_triggered,63,4,0.0,90.0,88.6,66.316
007_matrix_run_01_low_spoof_low_flood,21,21.0,22.0,baseline,normal,normal,no_rule_triggered,62,4,0.0,91.0,90.55,65.263
007_matrix_run_01_low_spoof_low_flood,22,22.0,23.0,baseline,normal,normal,no_rule_triggered,63,4,0.0,92.0,91.7,66.316
007_matrix_run_01_low_spoof_low_flood,23,23.0,24.0,baseline,normal,normal,no_rule_triggered,62,4,0.0,92.0,92.0,65.263
007_matrix_run_01_low_spoof_low_flood,24,24.0,25.0,baseline,normal,normal,no_rule_triggered,63,4,0.0,91.0,90.8,66.316
007_matrix_run_01_low_spoof_low_flood,25,25.0,26.0,baseline,normal,normal,no_rule_triggered,62,4,0.0,90.0,89.05,65.263
007_matrix_run_01_low_spoof_low_flood,26,26.0,27.0,baseline,normal,normal,no_rule_triggered,63,4,0.0,88.0,86.3,66.316
007_matrix_run_01_low_spoof_low_flood,27,27.0,28.0,baseline,normal,normal,no_rule_triggered,62,4,0.0,85.0,82.95,65.263
007_matrix_run_01_low_spoof_low_flood,28,28.0,29.0,baseline,normal,normal,no_rule_triggered,63,4,0.0,81.0,79.35,66.316
007_matrix_run_01_low_spoof_low_flood,29,29.0,30.0,baseline,normal,normal,no_rule_triggered,62,4,0.0,77.0,75.55,65.263
007_matrix_run_01_low_spoof_low_flood,30,30.0,31.0,baseline,normal,normal,no_rule_triggered,63,4,0.0,74.0,72.05,66.316
007_matrix_run_01_low_spoof_low_flood,31,31.0,32.0,baseline,normal,normal,no_rule_triggered,62,4,0.0,70.0,69.0,65.263
007_matrix_run_01_low_spoof_low_flood,32,32.0,33.0,baseline,normal,normal,no_rule_triggered,63,4,0.0,68.0,66.65,66.316
007_matrix_run_01_low_spoof_low_flood,33,33.0,34.0,baseline,normal,normal,no_rule_triggered,62,4,0.0,66.0,65.15,65.263
007_matrix_run_01_low_spoof_low_flood,34,34.0,35.0,baseline,normal,normal,no_rule_triggered,63,4,0.0,65.0,64.05,66.316
007_matrix_run_01_low_spoof_low_flood,35,35.0,36.0,baseline,normal,normal,no_rule_triggered,62,4,0.0,64.0,64.0,65.263
007_matrix_run_01_low_spoof_low_flood,36,36.0,37.0,baseline,normal,normal,no_rule_triggered,63,4,0.0,65.0,64.6,66.316
007_matrix_run_01_low_spoof_low_flood,37,37.0,38.0,baseline,normal,normal,no_rule_triggered,62,4,0.0,66.0,65.25,65.263
007_matrix_run_01_low_spoof_low_flood,38,38.0,39.0,baseline,normal,normal,no_rule_triggered,63,4,0.0,66.0,66.0,66.316
007_matrix_run_01_low_spoof_low_flood,39,39.0,40.0,baseline,normal,normal,no_rule_triggered,62,4,0.0,67.0,66.75,65.263
007_matrix_run_01_low_spoof_low_flood,40,40.0,41.0,baseline,normal,normal,no_rule_triggered,63,4,0.0,67.0,66.75,66.316
007_matrix_run_01_low_spoof_low_flood,41,41.0,42.0,baseline,normal,normal,no_rule_triggered,62,4,0.0,66.0,65.8,65.263
007_matrix_run_01_low_spoof_low_flood,42,42.0,43.0,baseline,normal,normal,no_rule_triggered,63,4,0.0,65.0,64.35,66.316
007_matrix_run_01_low_spoof_low_flood,43,43.0,44.0,baseline,normal,normal,no_rule_triggered,62,4,0.0,63.0,61.95,65.263
007_matrix_run_01_low_spoof_low_flood,44,44.0,45.0,baseline,normal,normal,no_rule_triggered,63,4,0.0,60.0,58.75,66.316
007_matrix_run_01_low_spoof_low_flood,45,45.0,46.0,baseline,normal,normal,no_rule_triggered,62,4,0.0,57.0,54.9,65.263
007_matrix_run_01_low_spoof_low_flood,46,46.0,47.0,baseline,normal,normal,no_rule_triggered,63,4,0.0,53.0,50.75,66.316
007_matrix_run_01_low_spoof_low_flood,47,47.0,48.0,baseline,normal,normal,no_rule_triggered,62,4,0.0,48.0,46.35,65.263
007_matrix_run_01_low_spoof_low_flood,48,48.0,49.0,baseline,normal,normal,no_rule_triggered,63,4,0.0,44.0,42.15,66.316
007_matrix_run_01_low_spoof_low_flood,49,49.0,50.0,baseline,normal,normal,no_rule_triggered,62,4,0.0,40.0,38.5,65.263
007_matrix_run_01_low_spoof_low_flood,50,50.0,51.0,baseline,normal,normal,no_rule_triggered,63,4,0.0,37.0,35.45,66.316
007_matrix_run_01_low_spoof_low_flood,51,51.0,52.0,baseline,normal,normal,no_rule_triggered,62,4,0.0,34.0,33.4,65.263
007_matrix_run_01_low_spoof_low_flood,52,52.0,53.0,baseline,normal,normal,no_rule_triggered,63,4,0.0,33.0,32.1,66.316
007_matrix_run_01_low_spoof_low_flood,53,53.0,54.0,baseline,normal,normal,no_rule_triggered,62,4,0.0,32.0,32.0,65.263
007_matrix_run_01_low_spoof_low_flood,54,54.0,55.0,baseline,normal,normal,no_rule_triggered,63,4,0.0,33.0,32.75,66.316
007_matrix_run_01_low_spoof_low_flood,55,55.0,56.0,baseline,normal,normal,no_rule_triggered,62,4,0.0,35.0,34.2,65.263
007_matrix_run_01_low_spoof_low_flood,56,56.0,57.0,baseline,normal,normal,no_rule_triggered,63,4,0.0,37.0,36.0,66.316
007_matrix_run_01_low_spoof_low_flood,57,57.0,58.0,baseline,normal,normal,no_rule_triggered,62,4,0.0,39.0,38.0,65.263
007_matrix_run_01_low_spoof_low_flood,58,58.0,59.0,baseline,normal,normal,no_rule_triggered,63,4,0.0,41.0,39.8,66.316
007_matrix_run_01_low_spoof_low_flood,59,59.0,60.0,baseline,normal,normal,no_rule_triggered,62,4,0.0,42.0,41.4,65.263
007_matrix_run_01_low_spoof_low_flood,60,60.0,61.0,baseline,normal,normal,no_rule_triggered,63,4,0.0,42.0,42.0,66.316
007_matrix_run_01_low_spoof_low_flood,61,61.0,62.0,baseline,normal,normal,no_rule_triggered,62,4,0.0,42.0,42.0,65.263
007_matrix_run_01_low_spoof_low_flood,62,62.0,63.0,baseline,normal,normal,no_rule_triggered,63,4,0.0,42.0,41.95,66.316
007_matrix_run_01_low_spoof_low_flood,63,63.0,64.0,baseline,normal,normal,no_rule_triggered,62,4,0.0,41.0,40.7,65.263
007_matrix_run_01_low_spoof_low_flood,64,64.0,65.0,baseline,normal,normal,no_rule_triggered,63,4,0.0,40.0,39.1,66.316
007_matrix_run_01_low_spoof_low_flood,65,65.0,66.0,baseline,normal,normal,no_rule_triggered,62,4,0.0,38.0,37.1,65.263
007_matrix_run_01_low_spoof_low_flood,66,66.0,67.0,baseline,normal,normal,no_rule_triggered,63,4,0.0,36.0,35.15,66.316
007_matrix_run_01_low_spoof_low_flood,67,67.0,68.0,baseline,normal,normal,no_rule_triggered,62,4,0.0,34.0,33.45,65.263
007_matrix_run_01_low_spoof_low_flood,68,68.0,69.0,baseline,normal,normal,no_rule_triggered,63,4,0.0,33.0,32.3,66.316
007_matrix_run_01_low_spoof_low_flood,69,69.0,70.0,baseline,normal,normal,no_rule_triggered,62,4,0.0,32.0,32.0,65.263
007_matrix_run_01_low_spoof_low_flood,70,70.0,71.0,baseline,normal,normal,no_rule_triggered,63,4,0.0,33.0,32.55,66.316
007_matrix_run_01_low_spoof_low_flood,71,71.0,72.0,baseline,normal,normal,no_rule_triggered,62,4,0.0,35.0,34.1,65.263
007_matrix_run_01_low_spoof_low_flood,72,72.0,73.0,baseline,normal,normal,no_rule_triggered,63,4,0.0,38.0,36.65,66.316
007_matrix_run_01_low_spoof_low_flood,73,73.0,74.0,baseline,normal,normal,no_rule_triggered,62,4,0.0,42.0,40.0,65.263
007_matrix_run_01_low_spoof_low_flood,74,74.0,75.0,baseline,normal,normal,no_rule_triggered,63,4,0.0,46.0,43.95,66.316
007_matrix_run_01_low_spoof_low_flood,75,75.0,76.0,baseline,normal,normal,no_rule_triggered,62,4,0.0,50.0,48.2,65.263
007_matrix_run_01_low_spoof_low_flood,76,76.0,77.0,baseline,normal,normal,no_rule_triggered,63,4,0.0,55.0,52.6,66.316
007_matrix_run_01_low_spoof_low_flood,77,77.0,78.0,baseline,normal,normal,no_rule_triggered,62,4,0.0,58.0,56.65,65.263
007_matrix_run_01_low_spoof_low_flood,78,78.0,79.0,baseline,normal,normal,no_rule_triggered,63,4,0.0,62.0,60.2,66.316
007_matrix_run_01_low_spoof_low_flood,79,79.0,80.0,baseline,normal,normal,no_rule_triggered,62,4,0.0,64.0,63.1,65.263
007_matrix_run_01_low_spoof_low_flood,80,80.0,81.0,baseline,normal,normal,no_rule_triggered,63,4,0.0,66.0,65.1,66.316
007_matrix_run_01_low_spoof_low_flood,81,81.0,82.0,baseline,normal,normal,no_rule_triggered,62,4,0.0,67.0,66.15,65.263
007_matrix_run_01_low_spoof_low_flood,82,82.0,83.0,baseline,normal,normal,no_rule_triggered,63,4,0.0,67.0,67.0,66.316
007_matrix_run_01_low_spoof_low_flood,83,83.0,84.0,baseline,normal,normal,no_rule_triggered,62,4,0.0,67.0,66.3,65.263
007_matrix_run_01_low_spoof_low_flood,84,84.0,85.0,baseline,normal,normal,no_rule_triggered,63,4,0.0,66.0,65.85,66.316
007_matrix_run_01_low_spoof_low_flood,85,85.0,86.0,baseline,normal,normal,no_rule_triggered,62,4,0.0,65.0,65.0,65.263
007_matrix_run_01_low_spoof_low_flood,86,86.0,87.0,baseline,normal,normal,no_rule_triggered,63,4,0.0,65.0,64.2,66.316
007_matrix_run_01_low_spoof_low_flood,87,87.0,88.0,baseline,normal,normal,no_rule_triggered,62,4,0.0,64.0,64.0,65.263
007_matrix_run_01_low_spoof_low_flood,88,88.0,89.0,baseline,normal,normal,no_rule_triggered,63,4,0.0,65.0,64.45,66.316
007_matrix_run_01_low_spoof_low_flood,89,89.0,90.0,baseline,normal,normal,no_rule_triggered,62,4,0.0,66.0,65.55,65.263
007_matrix_run_01_low_spoof_low_flood,90,90.0,91.0,baseline,normal,normal,no_rule_triggered,63,4,0.0,69.0,67.6,66.316
007_matrix_run_01_low_spoof_low_flood,91,91.0,92.0,baseline,normal,normal,no_rule_triggered,62,4,0.0,72.0,70.25,65.263
007_matrix_run_01_low_spoof_low_flood,92,92.0,93.0,baseline,normal,normal,no_rule_triggered,63,4,0.0,75.0,73.5,66.316
007_matrix_run_01_low_spoof_low_flood,93,93.0,94.0,baseline,normal,normal,no_rule_triggered,62,4,0.0,79.0,77.15,65.263
007_matrix_run_01_low_spoof_low_flood,94,94.0,95.0,baseline,normal,normal,no_rule_triggered,63,4,0.0,83.0,80.9,66.316
007_matrix_run_01_low_spoof_low_flood,95,95.0,96.0,baseline,normal,normal,no_rule_triggered,62,4,0.0,86.0,84.5,65.263
007_matrix_run_01_low_spoof_low_flood,96,96.0,97.0,baseline,normal,normal,no_rule_triggered,63,4,0.0,89.0,87.6,66.316
007_matrix_run_01_low_spoof_low_flood,97,97.0,98.0,baseline,normal,normal,no_rule_triggered,62,4,0.0,91.0,89.95,65.263
007_matrix_run_01_low_spoof_low_flood,98,98.0,99.0,baseline,normal,normal,no_rule_triggered,63,4,0.0,92.0,91.4,66.316
007_matrix_run_01_low_spoof_low_flood,99,99.0,100.0,baseline,normal,normal,no_rule_triggered,62,4,0.0,92.0,92.0,65.263
007_matrix_run_01_low_spoof_low_flood,100,100.0,101.0,baseline,normal,normal,no_rule_triggered,63,4,0.0,92.0,91.3,66.316
007_matrix_run_01_low_spoof_low_flood,101,101.0,102.0,baseline,normal,normal,no_rule_triggered,62,4,0.0,91.0,89.75,65.263
007_matrix_run_01_low_spoof_low_flood,102,102.0,103.0,baseline,normal,normal,no_rule_triggered,63,4,0.0,89.0,87.6,66.316
007_matrix_run_01_low_spoof_low_flood,103,103.0,104.0,baseline,normal,normal,no_rule_triggered,62,4,0.0,86.0,84.95,65.263
007_matrix_run_01_low_spoof_low_flood,104,104.0,105.0,baseline,normal,normal,no_rule_triggered,63,4,0.0,83.0,81.95,66.316
007_matrix_run_01_low_spoof_low_flood,105,105.0,106.0,baseline,normal,normal,no_rule_triggered,62,4,0.0,80.0,79.1,65.263
007_matrix_run_01_low_spoof_low_flood,106,106.0,107.0,baseline,normal,normal,no_rule_triggered,63,4,0.0,78.0,76.75,66.316
007_matrix_run_01_low_spoof_low_flood,107,107.0,108.0,baseline,normal,normal,no_rule_triggered,62,4,0.0,76.0,74.7,65.263
007_matrix_run_01_low_spoof_low_flood,108,108.0,109.0,baseline,normal,normal,no_rule_triggered,63,4,0.0,74.0,73.55,66.316
007_matrix_run_01_low_spoof_low_flood,109,109.0,110.0,baseline,normal,normal,no_rule_triggered,62,4,0.0,73.0,73.0,65.263
007_matrix_run_01_low_spoof_low_flood,110,110.0,111.0,baseline,normal,normal,no_rule_triggered,63,4,0.0,74.0,73.25,66.316
007_matrix_run_01_low_spoof_low_flood,111,111.0,112.0,baseline,normal,normal,no_rule_triggered,62,4,0.0,75.0,74.2,65.263
007_matrix_run_01_low_spoof_low_flood,112,112.0,113.0,baseline,normal,normal,no_rule_triggered,63,4,0.0,76.0,75.35,66.316
007_matrix_run_01_low_spoof_low_flood,113,113.0,114.0,baseline,normal,normal,no_rule_triggered,62,4,0.0,77.0,76.55,65.263
007_matrix_run_01_low_spoof_low_flood,114,114.0,115.0,baseline,normal,normal,no_rule_triggered,63,4,0.0,78.0,77.55,66.316
007_matrix_run_01_low_spoof_low_flood,115,115.0,116.0,baseline,normal,normal,no_rule_triggered,62,4,0.0,78.0,78.0,65.263
007_matrix_run_01_low_spoof_low_flood,116,116.0,117.0,baseline,normal,normal,no_rule_triggered,63,4,0.0,78.0,78.0,66.316
007_matrix_run_01_low_spoof_low_flood,117,117.0,118.0,baseline,normal,normal,no_rule_triggered,62,4,0.0,78.0,76.8,65.263
007_matrix_run_01_low_spoof_low_flood,118,118.0,119.0,baseline,normal,normal,no_rule_triggered,63,4,0.0,76.0,74.95,66.316
007_matrix_run_01_low_spoof_low_flood,119,119.0,120.0,baseline,normal,normal,no_rule_triggered,62,4,0.0,74.0,72.1,65.263
007_matrix_run_01_low_spoof_low_flood,120,120.0,121.0,baseline,normal,normal,no_rule_triggered,63,4,0.0,70.0,68.5,66.316
007_matrix_run_01_low_spoof_low_flood,121,121.0,122.0,baseline,normal,normal,no_rule_triggered,62,4,0.0,66.0,64.2,65.263
007_matrix_run_01_low_spoof_low_flood,122,122.0,123.0,baseline,normal,normal,no_rule_triggered,63,4,0.0,62.0,59.75,66.316
007_matrix_run_01_low_spoof_low_flood,123,123.0,124.0,baseline,normal,normal,no_rule_triggered,62,4,0.0,57.0,55.2,65.263
007_matrix_run_01_low_spoof_low_flood,124,124.0,125.0,baseline,normal,normal,no_rule_triggered,63,4,0.0,53.0,50.9,66.316
007_matrix_run_01_low_spoof_low_flood,125,125.0,126.0,baseline,normal,normal,no_rule_triggered,62,4,0.0,49.0,47.25,65.263
007_matrix_run_01_low_spoof_low_flood,126,126.0,127.0,baseline,normal,normal,no_rule_triggered,63,4,0.0,46.0,44.3,66.316
007_matrix_run_01_low_spoof_low_flood,127,127.0,128.0,baseline,normal,normal,no_rule_triggered,62,4,0.0,43.0,42.35,65.263
007_matrix_run_01_low_spoof_low_flood,128,128.0,129.0,baseline,normal,normal,no_rule_triggered,63,4,0.0,42.0,41.05,66.316
007_matrix_run_01_low_spoof_low_flood,129,129.0,130.0,baseline,normal,normal,no_rule_triggered,62,4,0.0,41.0,41.0,65.263
007_matrix_run_01_low_spoof_low_flood,130,130.0,131.0,baseline,normal,normal,no_rule_triggered,63,4,0.0,42.0,41.35,66.316
007_matrix_run_01_low_spoof_low_flood,131,131.0,132.0,baseline,normal,normal,no_rule_triggered,62,4,0.0,43.0,42.4,65.263
007_matrix_run_01_low_spoof_low_flood,132,132.0,133.0,baseline,normal,normal,no_rule_triggered,63,4,0.0,44.0,43.55,66.316
007_matrix_run_01_low_spoof_low_flood,133,133.0,134.0,baseline,normal,normal,no_rule_triggered,62,4,0.0,45.0,44.7,65.263
007_matrix_run_01_low_spoof_low_flood,134,134.0,135.0,baseline,normal,normal,no_rule_triggered,63,4,0.0,46.0,45.65,66.316
007_matrix_run_01_low_spoof_low_flood,135,135.0,136.0,baseline,normal,normal,no_rule_triggered,62,4,0.0,46.0,46.0,65.263
007_matrix_run_01_low_spoof_low_flood,136,136.0,137.0,baseline,normal,normal,no_rule_triggered,63,4,0.0,46.0,45.5,66.316
007_matrix_run_01_low_spoof_low_flood,137,137.0,138.0,baseline,normal,normal,no_rule_triggered,62,4,0.0,45.0,44.4,65.263
007_matrix_run_01_low_spoof_low_flood,138,138.0,139.0,baseline,normal,normal,no_rule_triggered,63,4,0.0,43.0,42.45,66.316
007_matrix_run_01_low_spoof_low_flood,139,139.0,140.0,baseline,normal,normal,no_rule_triggered,62,4,0.0,41.0,40.1,65.263
007_matrix_run_01_low_spoof_low_flood,140,140.0,141.0,baseline,normal,normal,no_rule_triggered,63,4,0.0,39.0,37.35,66.316
007_matrix_run_01_low_spoof_low_flood,141,141.0,142.0,baseline,normal,normal,no_rule_triggered,62,4,0.0,36.0,34.35,65.263
007_matrix_run_01_low_spoof_low_flood,142,142.0,143.0,baseline,normal,normal,no_rule_triggered,63,4,0.0,33.0,31.65,66.316
007_matrix_run_01_low_spoof_low_flood,143,143.0,144.0,baseline,normal,normal,no_rule_triggered,62,4,0.0,30.0,29.45,65.263
007_matrix_run_01_low_spoof_low_flood,144,144.0,145.0,baseline,normal,normal,no_rule_triggered,63,4,0.0,28.0,27.8,66.316
007_matrix_run_01_low_spoof_low_flood,145,145.0,146.0,baseline,normal,normal,no_rule_triggered,62,4,0.0,27.0,27.0,65.263
007_matrix_run_01_low_spoof_low_flood,146,146.0,147.0,baseline,normal,normal,no_rule_triggered,63,4,0.0,28.0,27.5,66.316
007_matrix_run_01_low_spoof_low_flood,147,147.0,148.0,baseline,normal,normal,no_rule_triggered,62,4,0.0,30.0,28.85,65.263
007_matrix_run_01_low_spoof_low_flood,148,148.0,149.0,baseline,normal,normal,no_rule_triggered,63,4,0.0,33.0,31.15,66.316
007_matrix_run_01_low_spoof_low_flood,149,149.0,150.0,baseline,normal,normal,no_rule_triggered,62,4,0.0,36.0,34.2,65.263
007_matrix_run_01_low_spoof_low_flood,150,150.0,151.0,baseline,normal,normal,no_rule_triggered,63,4,0.0,40.0,37.75,66.316
007_matrix_run_01_low_spoof_low_flood,151,151.0,152.0,baseline,normal,normal,no_rule_triggered,62,4,0.0,43.0,41.5,65.263
007_matrix_run_01_low_spoof_low_flood,152,152.0,153.0,baseline,normal,normal,no_rule_triggered,63,4,0.0,47.0,45.15,66.316
007_matrix_run_01_low_spoof_low_flood,153,153.0,154.0,baseline,normal,normal,no_rule_triggered,62,4,0.0,50.0,48.45,65.263
007_matrix_run_01_low_spoof_low_flood,154,154.0,155.0,baseline,normal,normal,no_rule_triggered,63,4,0.0,52.0,51.2,66.316
007_matrix_run_01_low_spoof_low_flood,155,155.0,156.0,baseline,normal,normal,no_rule_triggered,62,4,0.0,54.0,53.25,65.263
007_matrix_run_01_low_spoof_low_flood,156,156.0,157.0,baseline,normal,normal,no_rule_triggered,63,4,0.0,55.0,54.45,66.316
007_matrix_run_01_low_spoof_low_flood,157,157.0,158.0,baseline,normal,normal,no_rule_triggered,62,4,0.0,55.0,55.0,65.263
007_matrix_run_01_low_spoof_low_flood,158,158.0,159.0,baseline,normal,normal,no_rule_triggered,63,4,0.0,55.0,54.9,66.316
007_matrix_run_01_low_spoof_low_flood,159,159.0,160.0,baseline,normal,normal,no_rule_triggered,62,4,0.0,54.0,54.0,65.263
007_matrix_run_01_low_spoof_low_flood,160,160.0,161.0,baseline,normal,normal,no_rule_triggered,63,4,0.0,54.0,53.25,66.316
007_matrix_run_01_low_spoof_low_flood,161,161.0,162.0,baseline,normal,normal,no_rule_triggered,62,4,0.0,53.0,52.8,65.263
007_matrix_run_01_low_spoof_low_flood,162,162.0,163.0,baseline,normal,normal,no_rule_triggered,63,4,0.0,52.0,52.0,66.316
007_matrix_run_01_low_spoof_low_flood,163,163.0,164.0,baseline,normal,normal,no_rule_triggered,62,4,0.0,53.0,52.75,65.263
007_matrix_run_01_low_spoof_low_flood,164,164.0,165.0,baseline,normal,normal,no_rule_triggered,63,4,0.0,55.0,53.7,66.316
007_matrix_run_01_low_spoof_low_flood,165,165.0,166.0,baseline,normal,normal,no_rule_triggered,62,4,0.0,57.0,55.7,65.263
007_matrix_run_01_low_spoof_low_flood,166,166.0,167.0,baseline,normal,normal,no_rule_triggered,63,4,0.0,60.0,58.5,66.316
007_matrix_run_01_low_spoof_low_flood,167,167.0,168.0,baseline,normal,normal,no_rule_triggered,62,4,0.0,64.0,62.0,65.263
007_matrix_run_01_low_spoof_low_flood,168,168.0,169.0,baseline,normal,normal,no_rule_triggered,63,4,0.0,68.0,66.05,66.316
007_matrix_run_01_low_spoof_low_flood,169,169.0,170.0,baseline,normal,normal,no_rule_triggered,62,4,0.0,72.0,70.35,65.263
007_matrix_run_01_low_spoof_low_flood,170,170.0,171.0,baseline,normal,normal,no_rule_triggered,63,4,0.0,77.0,74.7,66.316
007_matrix_run_01_low_spoof_low_flood,171,171.0,172.0,baseline,normal,normal,no_rule_triggered,62,4,0.0,80.0,78.65,65.263
007_matrix_run_01_low_spoof_low_flood,172,172.0,173.0,baseline,normal,normal,no_rule_triggered,63,4,0.0,83.0,82.05,66.316
007_matrix_run_01_low_spoof_low_flood,173,173.0,174.0,baseline,normal,normal,no_rule_triggered,62,4,0.0,86.0,84.7,65.263
007_matrix_run_01_low_spoof_low_flood,174,174.0,175.0,baseline,normal,normal,no_rule_triggered,63,4,0.0,87.0,86.35,66.316
007_matrix_run_01_low_spoof_low_flood,175,175.0,176.0,baseline,normal,normal,no_rule_triggered,62,4,0.0,87.0,87.0,65.263
007_matrix_run_01_low_spoof_low_flood,176,176.0,177.0,baseline,normal,normal,no_rule_triggered,63,4,0.0,87.0,86.8,66.316
007_matrix_run_01_low_spoof_low_flood,177,177.0,178.0,baseline,normal,normal,no_rule_triggered,62,4,0.0,86.0,85.6,65.263
007_matrix_run_01_low_spoof_low_flood,178,178.0,179.0,baseline,normal,normal,no_rule_triggered,63,4,0.0,85.0,84.05,66.316
007_matrix_run_01_low_spoof_low_flood,179,179.0,180.0,baseline,normal,normal,no_rule_triggered,62,4,0.0,83.0,82.1,65.263
007_matrix_run_01_low_spoof_low_flood,180,180.0,181.0,spoofing,spoofing,spoofing,decoded_speed_threshold_exceeded,28,3,0.0,165.0,159.308,29.167
007_matrix_run_01_low_spoof_low_flood,181,181.0,182.0,spoofing,spoofing,spoofing,decoded_speed_threshold_exceeded,25,3,0.0,165.0,156.583,28.409
007_matrix_run_01_low_spoof_low_flood,182,182.0,183.0,spoofing,spoofing,spoofing,decoded_speed_threshold_exceeded,27,3,0.0,162.0,154.308,28.125
007_matrix_run_01_low_spoof_low_flood,183,183.0,184.0,spoofing,spoofing,spoofing,decoded_speed_threshold_exceeded,25,3,0.0,165.0,155.667,28.409
007_matrix_run_01_low_spoof_low_flood,184,184.0,185.0,spoofing,spoofing,spoofing,decoded_speed_threshold_exceeded,28,3,0.0,165.0,152.538,29.167
007_matrix_run_01_low_spoof_low_flood,185,185.0,186.0,spoofing,spoofing,spoofing,decoded_speed_threshold_exceeded,25,3,0.0,164.0,153.417,28.409
007_matrix_run_01_low_spoof_low_flood,186,186.0,187.0,spoofing,spoofing,spoofing,decoded_speed_threshold_exceeded,27,3,0.0,164.0,154.154,28.125
007_matrix_run_01_low_spoof_low_flood,187,187.0,188.0,spoofing,spoofing,spoofing,decoded_speed_threshold_exceeded,25,3,0.0,165.0,158.333,28.409
007_matrix_run_01_low_spoof_low_flood,188,188.0,189.0,spoofing,spoofing,spoofing,decoded_speed_threshold_exceeded,28,3,0.0,163.0,154.308,29.167
007_matrix_run_01_low_spoof_low_flood,189,189.0,190.0,spoofing,spoofing,spoofing,decoded_speed_threshold_exceeded,25,3,0.0,165.0,156.083,28.409
007_matrix_run_01_low_spoof_low_flood,190,190.0,191.0,spoofing,spoofing,spoofing,decoded_speed_threshold_exceeded,27,3,0.0,165.0,158.154,28.125
007_matrix_run_01_low_spoof_low_flood,191,191.0,192.0,spoofing,spoofing,spoofing,decoded_speed_threshold_exceeded,25,3,0.0,163.0,155.25,28.409
007_matrix_run_01_low_spoof_low_flood,192,192.0,193.0,spoofing,spoofing,spoofing,decoded_speed_threshold_exceeded,28,3,0.0,165.0,154.769,29.167
007_matrix_run_01_low_spoof_low_flood,193,193.0,194.0,spoofing,spoofing,spoofing,decoded_speed_threshold_exceeded,25,3,0.0,161.0,151.583,28.409
007_matrix_run_01_low_spoof_low_flood,194,194.0,195.0,spoofing,spoofing,spoofing,decoded_speed_threshold_exceeded,27,3,0.0,165.0,155.462,28.125
007_matrix_run_01_low_spoof_low_flood,195,195.0,196.0,spoofing,spoofing,spoofing,decoded_speed_threshold_exceeded,25,3,0.0,163.0,154.667,28.409
007_matrix_run_01_low_spoof_low_flood,196,196.0,197.0,spoofing,spoofing,spoofing,decoded_speed_threshold_exceeded,28,3,0.0,165.0,154.769,29.167
007_matrix_run_01_low_spoof_low_flood,197,197.0,198.0,spoofing,spoofing,spoofing,decoded_speed_threshold_exceeded,25,3,0.0,165.0,154.417,28.409
007_matrix_run_01_low_spoof_low_flood,198,198.0,199.0,spoofing,spoofing,spoofing,decoded_speed_threshold_exceeded,27,3,0.0,162.0,155.231,28.125
007_matrix_run_01_low_spoof_low_flood,199,199.0,200.0,spoofing,spoofing,spoofing,decoded_speed_threshold_exceeded,25,3,0.0,163.0,156.25,28.409
007_matrix_run_01_low_spoof_low_flood,200,200.0,201.0,spoofing,spoofing,spoofing,decoded_speed_threshold_exceeded,28,3,0.0,163.0,155.231,29.167
007_matrix_run_01_low_spoof_low_flood,201,201.0,202.0,spoofing,spoofing,spoofing,decoded_speed_threshold_exceeded,25,3,0.0,164.0,157.0,28.409
007_matrix_run_01_low_spoof_low_flood,202,202.0,203.0,spoofing,spoofing,spoofing,decoded_speed_threshold_exceeded,27,3,0.0,165.0,155.231,28.125
007_matrix_run_01_low_spoof_low_flood,203,203.0,204.0,spoofing,spoofing,spoofing,decoded_speed_threshold_exceeded,25,3,0.0,165.0,153.75,28.409
007_matrix_run_01_low_spoof_low_flood,204,204.0,205.0,spoofing,spoofing,spoofing,decoded_speed_threshold_exceeded,28,3,0.0,165.0,157.154,29.167
007_matrix_run_01_low_spoof_low_flood,205,205.0,206.0,spoofing,spoofing,spoofing,decoded_speed_threshold_exceeded,25,3,0.0,160.0,151.833,28.409
007_matrix_run_01_low_spoof_low_flood,206,206.0,207.0,spoofing,spoofing,spoofing,decoded_speed_threshold_exceeded,27,3,0.0,163.0,157.231,28.125
007_matrix_run_01_low_spoof_low_flood,207,207.0,208.0,spoofing,spoofing,spoofing,decoded_speed_threshold_exceeded,25,3,0.0,165.0,152.917,28.409
007_matrix_run_01_low_spoof_low_flood,208,208.0,209.0,spoofing,spoofing,spoofing,decoded_speed_threshold_exceeded,28,3,0.0,163.0,153.692,29.167
007_matrix_run_01_low_spoof_low_flood,209,209.0,210.0,spoofing,spoofing,spoofing,decoded_speed_threshold_exceeded,25,3,0.0,163.0,154.25,28.409
007_matrix_run_01_low_spoof_low_flood,210,210.0,211.0,spoofing,spoofing,spoofing,decoded_speed_threshold_exceeded,27,3,0.0,164.0,153.923,28.125
007_matrix_run_01_low_spoof_low_flood,211,211.0,212.0,spoofing,spoofing,spoofing,decoded_speed_threshold_exceeded,25,3,0.0,163.0,154.917,28.409
007_matrix_run_01_low_spoof_low_flood,212,212.0,213.0,spoofing,spoofing,spoofing,decoded_speed_threshold_exceeded,28,3,0.0,165.0,156.615,29.167
007_matrix_run_01_low_spoof_low_flood,213,213.0,214.0,spoofing,spoofing,spoofing,decoded_speed_threshold_exceeded,25,3,0.0,164.0,154.417,28.409
007_matrix_run_01_low_spoof_low_flood,214,214.0,215.0,spoofing,spoofing,spoofing,decoded_speed_threshold_exceeded,27,3,0.0,165.0,153.308,28.125
007_matrix_run_01_low_spoof_low_flood,215,215.0,216.0,spoofing,spoofing,spoofing,decoded_speed_threshold_exceeded,25,3,0.0,163.0,154.917,28.409
007_matrix_run_01_low_spoof_low_flood,216,216.0,217.0,spoofing,spoofing,spoofing,decoded_speed_threshold_exceeded,28,3,0.0,165.0,155.615,29.167
007_matrix_run_01_low_spoof_low_flood,217,217.0,218.0,spoofing,spoofing,spoofing,decoded_speed_threshold_exceeded,25,3,0.0,165.0,156.167,28.409
007_matrix_run_01_low_spoof_low_flood,218,218.0,219.0,spoofing,spoofing,spoofing,decoded_speed_threshold_exceeded,27,3,0.0,161.0,154.231,28.125
007_matrix_run_01_low_spoof_low_flood,219,219.0,220.0,spoofing,spoofing,spoofing,decoded_speed_threshold_exceeded,25,3,0.0,164.0,156.0,28.409
007_matrix_run_01_low_spoof_low_flood,220,220.0,221.0,spoofing,spoofing,spoofing,decoded_speed_threshold_exceeded,28,3,0.0,164.0,154.231,29.167
007_matrix_run_01_low_spoof_low_flood,221,221.0,222.0,spoofing,spoofing,spoofing,decoded_speed_threshold_exceeded,25,3,0.0,164.0,157.083,28.409
007_matrix_run_01_low_spoof_low_flood,222,222.0,223.0,spoofing,spoofing,spoofing,decoded_speed_threshold_exceeded,27,3,0.0,165.0,156.077,28.125
007_matrix_run_01_low_spoof_low_flood,223,223.0,224.0,spoofing,spoofing,spoofing,decoded_speed_threshold_exceeded,25,3,0.0,160.0,153.5,28.409
007_matrix_run_01_low_spoof_low_flood,224,224.0,225.0,spoofing,spoofing,spoofing,decoded_speed_threshold_exceeded,28,3,0.0,165.0,157.154,29.167
007_matrix_run_01_low_spoof_low_flood,225,225.0,226.0,spoofing,spoofing,spoofing,decoded_speed_threshold_exceeded,25,3,0.0,165.0,154.083,28.409
007_matrix_run_01_low_spoof_low_flood,226,226.0,227.0,spoofing,spoofing,spoofing,decoded_speed_threshold_exceeded,27,3,0.0,165.0,156.615,28.125
007_matrix_run_01_low_spoof_low_flood,227,227.0,228.0,spoofing,spoofing,spoofing,decoded_speed_threshold_exceeded,25,3,0.0,165.0,157.667,28.409
007_matrix_run_01_low_spoof_low_flood,228,228.0,229.0,spoofing,spoofing,spoofing,decoded_speed_threshold_exceeded,28,3,0.0,165.0,152.769,29.167
007_matrix_run_01_low_spoof_low_flood,229,229.0,230.0,spoofing,spoofing,spoofing,decoded_speed_threshold_exceeded,25,3,0.0,165.0,156.25,28.409
007_matrix_run_01_low_spoof_low_flood,230,230.0,231.0,spoofing,spoofing,spoofing,decoded_speed_threshold_exceeded,27,3,0.0,164.0,156.0,28.125
007_matrix_run_01_low_spoof_low_flood,231,231.0,232.0,spoofing,spoofing,spoofing,decoded_speed_threshold_exceeded,25,3,0.0,165.0,154.667,28.409
007_matrix_run_01_low_spoof_low_flood,232,232.0,233.0,spoofing,spoofing,spoofing,decoded_speed_threshold_exceeded,28,3,0.0,165.0,156.692,29.167
007_matrix_run_01_low_spoof_low_flood,233,233.0,234.0,spoofing,spoofing,spoofing,decoded_speed_threshold_exceeded,25,3,0.0,163.0,153.5,28.409
007_matrix_run_01_low_spoof_low_flood,234,234.0,235.0,spoofing,spoofing,spoofing,decoded_speed_threshold_exceeded,27,3,0.0,164.0,156.077,28.125
007_matrix_run_01_low_spoof_low_flood,235,235.0,236.0,spoofing,spoofing,spoofing,decoded_speed_threshold_exceeded,25,3,0.0,165.0,156.917,28.409
007_matrix_run_01_low_spoof_low_flood,236,236.0,237.0,spoofing,spoofing,spoofing,decoded_speed_threshold_exceeded,28,3,0.0,164.0,158.385,29.167
007_matrix_run_01_low_spoof_low_flood,237,237.0,238.0,spoofing,spoofing,spoofing,decoded_speed_threshold_exceeded,25,3,0.0,165.0,154.583,28.409
007_matrix_run_01_low_spoof_low_flood,238,238.0,239.0,spoofing,spoofing,spoofing,decoded_speed_threshold_exceeded,27,3,0.0,161.0,153.0,28.125
007_matrix_run_01_low_spoof_low_flood,239,239.0,240.0,spoofing,spoofing,spoofing,decoded_speed_threshold_exceeded,25,3,0.0,165.0,157.083,28.409
007_matrix_run_01_low_spoof_low_flood,240,240.0,241.0,spoofing,spoofing,spoofing,decoded_speed_threshold_exceeded,28,3,0.0,164.0,158.154,29.167
007_matrix_run_01_low_spoof_low_flood,241,241.0,242.0,spoofing,spoofing,spoofing,decoded_speed_threshold_exceeded,25,3,0.0,165.0,154.75,28.409
007_matrix_run_01_low_spoof_low_flood,242,242.0,243.0,spoofing,spoofing,spoofing,decoded_speed_threshold_exceeded,27,3,0.0,164.0,153.846,28.125
007_matrix_run_01_low_spoof_low_flood,243,243.0,244.0,spoofing,spoofing,spoofing,decoded_speed_threshold_exceeded,25,3,0.0,162.0,154.667,28.409
007_matrix_run_01_low_spoof_low_flood,244,244.0,245.0,spoofing,spoofing,spoofing,decoded_speed_threshold_exceeded,28,3,0.0,165.0,155.538,29.167
007_matrix_run_01_low_spoof_low_flood,245,245.0,246.0,spoofing,spoofing,spoofing,decoded_speed_threshold_exceeded,25,3,0.0,165.0,156.167,28.409
007_matrix_run_01_low_spoof_low_flood,246,246.0,247.0,spoofing,spoofing,spoofing,decoded_speed_threshold_exceeded,27,3,0.0,163.0,154.462,28.125
007_matrix_run_01_low_spoof_low_flood,247,247.0,248.0,spoofing,spoofing,spoofing,decoded_speed_threshold_exceeded,25,3,0.0,160.0,152.583,28.409
007_matrix_run_01_low_spoof_low_flood,248,248.0,249.0,spoofing,spoofing,spoofing,decoded_speed_threshold_exceeded,28,3,0.0,164.0,155.692,29.167
007_matrix_run_01_low_spoof_low_flood,249,249.0,250.0,spoofing,spoofing,spoofing,decoded_speed_threshold_exceeded,25,3,0.0,165.0,155.083,28.409
007_matrix_run_01_low_spoof_low_flood,250,250.0,251.0,spoofing,spoofing,spoofing,decoded_speed_threshold_exceeded,27,3,0.0,165.0,156.0,28.125
007_matrix_run_01_low_spoof_low_flood,251,251.0,252.0,spoofing,spoofing,spoofing,decoded_speed_threshold_exceeded,25,3,0.0,164.0,153.333,28.409
007_matrix_run_01_low_spoof_low_flood,252,252.0,253.0,spoofing,spoofing,spoofing,decoded_speed_threshold_exceeded,28,3,0.0,161.0,149.615,29.167
007_matrix_run_01_low_spoof_low_flood,253,253.0,254.0,spoofing,spoofing,spoofing,decoded_speed_threshold_exceeded,25,3,0.0,163.0,154.833,28.409
007_matrix_run_01_low_spoof_low_flood,254,254.0,255.0,spoofing,spoofing,spoofing,decoded_speed_threshold_exceeded,27,3,0.0,165.0,158.692,28.125
007_matrix_run_01_low_spoof_low_flood,255,255.0,256.0,spoofing,spoofing,spoofing,decoded_speed_threshold_exceeded,25,3,0.0,165.0,158.583,28.409
007_matrix_run_01_low_spoof_low_flood,256,256.0,257.0,spoofing,spoofing,spoofing,decoded_speed_threshold_exceeded,28,3,0.0,160.0,149.308,29.167
007_matrix_run_01_low_spoof_low_flood,257,257.0,258.0,spoofing,spoofing,spoofing,decoded_speed_threshold_exceeded,25,3,0.0,163.0,155.5,28.409
007_matrix_run_01_low_spoof_low_flood,258,258.0,259.0,spoofing,spoofing,spoofing,decoded_speed_threshold_exceeded,27,3,0.0,165.0,152.769,28.125
007_matrix_run_01_low_spoof_low_flood,259,259.0,260.0,spoofing,spoofing,spoofing,decoded_speed_threshold_exceeded,25,3,0.0,164.0,155.083,28.409
007_matrix_run_01_low_spoof_low_flood,260,260.0,261.0,spoofing,spoofing,spoofing,decoded_speed_threshold_exceeded,28,3,0.0,164.0,157.385,29.167
007_matrix_run_01_low_spoof_low_flood,261,261.0,262.0,spoofing,spoofing,spoofing,decoded_speed_threshold_exceeded,25,3,0.0,165.0,155.333,28.409
007_matrix_run_01_low_spoof_low_flood,262,262.0,263.0,spoofing,spoofing,spoofing,decoded_speed_threshold_exceeded,27,3,0.0,165.0,159.846,28.125
007_matrix_run_01_low_spoof_low_flood,263,263.0,264.0,spoofing,spoofing,spoofing,decoded_speed_threshold_exceeded,25,3,0.0,164.0,153.833,28.409
007_matrix_run_01_low_spoof_low_flood,264,264.0,265.0,spoofing,spoofing,spoofing,decoded_speed_threshold_exceeded,28,3,0.0,164.0,158.769,29.167
007_matrix_run_01_low_spoof_low_flood,265,265.0,266.0,spoofing,spoofing,spoofing,decoded_speed_threshold_exceeded,25,3,0.0,162.0,152.833,28.409
007_matrix_run_01_low_spoof_low_flood,266,266.0,267.0,spoofing,spoofing,spoofing,decoded_speed_threshold_exceeded,27,3,0.0,163.0,154.308,28.125
007_matrix_run_01_low_spoof_low_flood,267,267.0,268.0,spoofing,spoofing,spoofing,decoded_speed_threshold_exceeded,25,3,0.0,165.0,156.083,28.409
007_matrix_run_01_low_spoof_low_flood,268,268.0,269.0,spoofing,spoofing,spoofing,decoded_speed_threshold_exceeded,28,3,0.0,165.0,159.692,29.167
007_matrix_run_01_low_spoof_low_flood,269,269.0,270.0,spoofing,spoofing,spoofing,decoded_speed_threshold_exceeded,25,3,0.0,162.0,157.417,28.409
007_matrix_run_01_low_spoof_low_flood,270,270.0,271.0,spoofing,spoofing,spoofing,decoded_speed_threshold_exceeded,27,3,0.0,161.0,154.077,28.125
007_matrix_run_01_low_spoof_low_flood,271,271.0,272.0,spoofing,spoofing,spoofing,decoded_speed_threshold_exceeded,25,3,0.0,164.0,155.417,28.409
007_matrix_run_01_low_spoof_low_flood,272,272.0,273.0,spoofing,spoofing,spoofing,decoded_speed_threshold_exceeded,28,3,0.0,164.0,154.0,29.167
007_matrix_run_01_low_spoof_low_flood,273,273.0,274.0,spoofing,spoofing,spoofing,decoded_speed_threshold_exceeded,25,3,0.0,163.0,155.167,28.409
007_matrix_run_01_low_spoof_low_flood,274,274.0,275.0,spoofing,spoofing,spoofing,decoded_speed_threshold_exceeded,27,3,0.0,165.0,157.769,28.125
007_matrix_run_01_low_spoof_low_flood,275,275.0,276.0,spoofing,spoofing,spoofing,decoded_speed_threshold_exceeded,25,3,0.0,163.0,153.75,28.409
007_matrix_run_01_low_spoof_low_flood,276,276.0,277.0,spoofing,spoofing,spoofing,decoded_speed_threshold_exceeded,28,3,0.0,165.0,157.846,29.167
007_matrix_run_01_low_spoof_low_flood,277,277.0,278.0,spoofing,spoofing,spoofing,decoded_speed_threshold_exceeded,25,3,0.0,164.0,154.083,28.409
007_matrix_run_01_low_spoof_low_flood,278,278.0,279.0,spoofing,spoofing,spoofing,decoded_speed_threshold_exceeded,27,3,0.0,164.0,156.923,28.125
007_matrix_run_01_low_spoof_low_flood,279,279.0,280.0,spoofing,spoofing,spoofing,decoded_speed_threshold_exceeded,25,3,0.0,165.0,156.5,28.409
007_matrix_run_01_low_spoof_low_flood,280,280.0,281.0,spoofing,spoofing,spoofing,decoded_speed_threshold_exceeded,28,3,0.0,165.0,157.385,29.167
007_matrix_run_01_low_spoof_low_flood,281,281.0,282.0,spoofing,spoofing,spoofing,decoded_speed_threshold_exceeded,25,3,0.0,164.0,155.167,28.409
007_matrix_run_01_low_spoof_low_flood,282,282.0,283.0,spoofing,spoofing,spoofing,decoded_speed_threshold_exceeded,27,3,0.0,165.0,155.385,28.125
007_matrix_run_01_low_spoof_low_flood,283,283.0,284.0,spoofing,spoofing,spoofing,decoded_speed_threshold_exceeded,25,3,0.0,161.0,154.417,28.409
007_matrix_run_01_low_spoof_low_flood,284,284.0,285.0,spoofing,spoofing,spoofing,decoded_speed_threshold_exceeded,28,3,0.0,164.0,156.769,29.167
007_matrix_run_01_low_spoof_low_flood,285,285.0,286.0,spoofing,spoofing,spoofing,decoded_speed_threshold_exceeded,25,3,0.0,165.0,155.667,28.409
007_matrix_run_01_low_spoof_low_flood,286,286.0,287.0,spoofing,spoofing,spoofing,decoded_speed_threshold_exceeded,27,3,0.0,164.0,155.231,28.125
007_matrix_run_01_low_spoof_low_flood,287,287.0,288.0,spoofing,spoofing,spoofing,decoded_speed_threshold_exceeded,25,3,0.0,165.0,154.583,28.409
007_matrix_run_01_low_spoof_low_flood,288,288.0,289.0,spoofing,spoofing,spoofing,decoded_speed_threshold_exceeded,28,3,0.0,165.0,152.308,29.167
007_matrix_run_01_low_spoof_low_flood,289,289.0,290.0,spoofing,spoofing,spoofing,decoded_speed_threshold_exceeded,25,3,0.0,164.0,153.75,28.409
007_matrix_run_01_low_spoof_low_flood,290,290.0,291.0,spoofing,spoofing,spoofing,decoded_speed_threshold_exceeded,27,3,0.0,165.0,155.231,28.125
007_matrix_run_01_low_spoof_low_flood,291,291.0,292.0,spoofing,spoofing,spoofing,decoded_speed_threshold_exceeded,25,3,0.0,163.0,155.25,28.409
007_matrix_run_01_low_spoof_low_flood,292,292.0,293.0,spoofing,spoofing,spoofing,decoded_speed_threshold_exceeded,28,3,0.0,165.0,156.0,29.167
007_matrix_run_01_low_spoof_low_flood,293,293.0,294.0,spoofing,spoofing,spoofing,decoded_speed_threshold_exceeded,25,3,0.0,165.0,157.75,28.409
007_matrix_run_01_low_spoof_low_flood,294,294.0,295.0,spoofing,spoofing,spoofing,decoded_speed_threshold_exceeded,27,3,0.0,163.0,154.769,28.125
007_matrix_run_01_low_spoof_low_flood,295,295.0,296.0,spoofing,spoofing,spoofing,decoded_speed_threshold_exceeded,25,3,0.0,165.0,157.083,28.409
007_matrix_run_01_low_spoof_low_flood,296,296.0,297.0,spoofing,spoofing,spoofing,decoded_speed_threshold_exceeded,28,3,0.0,162.0,155.846,29.167
007_matrix_run_01_low_spoof_low_flood,297,297.0,298.0,spoofing,spoofing,spoofing,decoded_speed_threshold_exceeded,25,3,0.0,165.0,154.333,28.409
007_matrix_run_01_low_spoof_low_flood,298,298.0,299.0,spoofing,spoofing,spoofing,decoded_speed_threshold_exceeded,27,3,0.0,164.0,155.846,28.125
007_matrix_run_01_low_spoof_low_flood,299,299.0,300.0,spoofing,spoofing,spoofing,decoded_speed_threshold_exceeded,25,3,0.0,165.0,156.333,28.409
007_matrix_run_01_low_spoof_low_flood,300,300.0,301.0,flooding,flooding,flooding,high_id_cardinality_or_unknown_id_ratio,50,50,1.0,,,51.02
007_matrix_run_01_low_spoof_low_flood,301,301.0,302.0,flooding,flooding,flooding,high_id_cardinality_or_unknown_id_ratio,50,49,1.0,,,51.02
007_matrix_run_01_low_spoof_low_flood,302,302.0,303.0,flooding,flooding,flooding,high_id_cardinality_or_unknown_id_ratio,50,50,1.0,,,51.02
007_matrix_run_01_low_spoof_low_flood,303,303.0,304.0,flooding,flooding,flooding,high_id_cardinality_or_unknown_id_ratio,50,50,1.0,,,51.02
007_matrix_run_01_low_spoof_low_flood,304,304.0,305.0,flooding,flooding,flooding,high_id_cardinality_or_unknown_id_ratio,50,50,1.0,,,51.02
007_matrix_run_01_low_spoof_low_flood,305,305.0,306.0,flooding,flooding,flooding,high_id_cardinality_or_unknown_id_ratio,50,48,1.0,,,51.02
007_matrix_run_01_low_spoof_low_flood,306,306.0,307.0,flooding,flooding,flooding,high_id_cardinality_or_unknown_id_ratio,50,49,1.0,,,51.02
007_matrix_run_01_low_spoof_low_flood,307,307.0,308.0,flooding,flooding,flooding,high_id_cardinality_or_unknown_id_ratio,50,49,1.0,,,51.02
007_matrix_run_01_low_spoof_low_flood,308,308.0,309.0,flooding,flooding,flooding,high_id_cardinality_or_unknown_id_ratio,50,50,1.0,,,51.02
007_matrix_run_01_low_spoof_low_flood,309,309.0,310.0,flooding,flooding,flooding,high_id_cardinality_or_unknown_id_ratio,50,50,1.0,,,51.02
007_matrix_run_01_low_spoof_low_flood,310,310.0,311.0,flooding,flooding,flooding,high_id_cardinality_or_unknown_id_ratio,50,50,1.0,,,51.02
007_matrix_run_01_low_spoof_low_flood,311,311.0,312.0,flooding,flooding,flooding,high_id_cardinality_or_unknown_id_ratio,50,50,1.0,,,51.02
007_matrix_run_01_low_spoof_low_flood,312,312.0,313.0,flooding,flooding,flooding,high_id_cardinality_or_unknown_id_ratio,50,50,1.0,,,51.02
007_matrix_run_01_low_spoof_low_flood,313,313.0,314.0,flooding,flooding,flooding,high_id_cardinality_or_unknown_id_ratio,50,49,1.0,,,51.02
007_matrix_run_01_low_spoof_low_flood,314,314.0,315.0,flooding,flooding,flooding,high_id_cardinality_or_unknown_id_ratio,50,50,1.0,,,51.02
007_matrix_run_01_low_spoof_low_flood,315,315.0,316.0,flooding,flooding,flooding,high_id_cardinality_or_unknown_id_ratio,50,50,1.0,,,51.02
007_matrix_run_01_low_spoof_low_flood,316,316.0,317.0,flooding,flooding,flooding,high_id_cardinality_or_unknown_id_ratio,50,48,1.0,,,51.02
007_matrix_run_01_low_spoof_low_flood,317,317.0,318.0,flooding,flooding,flooding,high_id_cardinality_or_unknown_id_ratio,50,49,1.0,,,51.02
007_matrix_run_01_low_spoof_low_flood,318,318.0,319.0,flooding,flooding,flooding,high_id_cardinality_or_unknown_id_ratio,50,49,0.98,,,51.02
007_matrix_run_01_low_spoof_low_flood,319,319.0,320.0,flooding,flooding,flooding,high_id_cardinality_or_unknown_id_ratio,50,50,1.0,,,51.02
007_matrix_run_01_low_spoof_low_flood,320,320.0,321.0,flooding,flooding,flooding,high_id_cardinality_or_unknown_id_ratio,50,50,0.98,,,51.02
007_matrix_run_01_low_spoof_low_flood,321,321.0,322.0,flooding,flooding,flooding,high_id_cardinality_or_unknown_id_ratio,50,50,1.0,,,51.02
007_matrix_run_01_low_spoof_low_flood,322,322.0,323.0,flooding,flooding,flooding,high_id_cardinality_or_unknown_id_ratio,50,50,1.0,,,51.02
007_matrix_run_01_low_spoof_low_flood,323,323.0,324.0,flooding,flooding,flooding,high_id_cardinality_or_unknown_id_ratio,50,50,1.0,,,51.02
007_matrix_run_01_low_spoof_low_flood,324,324.0,325.0,flooding,flooding,flooding,high_id_cardinality_or_unknown_id_ratio,50,50,1.0,,,51.02
007_matrix_run_01_low_spoof_low_flood,325,325.0,326.0,flooding,flooding,flooding,high_id_cardinality_or_unknown_id_ratio,50,50,1.0,,,51.02
007_matrix_run_01_low_spoof_low_flood,326,326.0,327.0,flooding,flooding,flooding,high_id_cardinality_or_unknown_id_ratio,50,50,1.0,,,51.02
007_matrix_run_01_low_spoof_low_flood,327,327.0,328.0,flooding,flooding,flooding,high_id_cardinality_or_unknown_id_ratio,50,50,1.0,,,51.02
007_matrix_run_01_low_spoof_low_flood,328,328.0,329.0,flooding,flooding,flooding,high_id_cardinality_or_unknown_id_ratio,50,50,1.0,,,51.02
007_matrix_run_01_low_spoof_low_flood,329,329.0,330.0,flooding,flooding,flooding,high_id_cardinality_or_unknown_id_ratio,50,48,1.0,,,51.02
007_matrix_run_01_low_spoof_low_flood,330,330.0,331.0,flooding,flooding,flooding,high_id_cardinality_or_unknown_id_ratio,50,47,1.0,,,51.02
007_matrix_run_01_low_spoof_low_flood,331,331.0,332.0,flooding,flooding,flooding,high_id_cardinality_or_unknown_id_ratio,50,50,1.0,,,51.02
007_matrix_run_01_low_spoof_low_flood,332,332.0,333.0,flooding,flooding,flooding,high_id_cardinality_or_unknown_id_ratio,50,50,0.98,,,51.02
007_matrix_run_01_low_spoof_low_flood,333,333.0,334.0,flooding,flooding,flooding,high_id_cardinality_or_unknown_id_ratio,50,50,1.0,,,51.02
007_matrix_run_01_low_spoof_low_flood,334,334.0,335.0,flooding,flooding,flooding,high_id_cardinality_or_unknown_id_ratio,50,49,1.0,,,51.02
007_matrix_run_01_low_spoof_low_flood,335,335.0,336.0,flooding,flooding,flooding,high_id_cardinality_or_unknown_id_ratio,50,50,1.0,,,51.02
007_matrix_run_01_low_spoof_low_flood,336,336.0,337.0,flooding,flooding,flooding,high_id_cardinality_or_unknown_id_ratio,50,50,1.0,,,51.02
007_matrix_run_01_low_spoof_low_flood,337,337.0,338.0,flooding,flooding,flooding,high_id_cardinality_or_unknown_id_ratio,50,50,1.0,,,51.02
007_matrix_run_01_low_spoof_low_flood,338,338.0,339.0,flooding,flooding,flooding,high_id_cardinality_or_unknown_id_ratio,50,49,1.0,,,51.02
007_matrix_run_01_low_spoof_low_flood,339,339.0,340.0,flooding,flooding,flooding,high_id_cardinality_or_unknown_id_ratio,50,50,1.0,,,51.02
007_matrix_run_01_low_spoof_low_flood,340,340.0,341.0,flooding,flooding,flooding,high_id_cardinality_or_unknown_id_ratio,50,50,1.0,,,51.02
007_matrix_run_01_low_spoof_low_flood,341,341.0,342.0,flooding,flooding,flooding,high_id_cardinality_or_unknown_id_ratio,50,50,1.0,,,51.02
007_matrix_run_01_low_spoof_low_flood,342,342.0,343.0,flooding,flooding,flooding,high_id_cardinality_or_unknown_id_ratio,50,49,1.0,,,51.02
007_matrix_run_01_low_spoof_low_flood,343,343.0,344.0,flooding,flooding,flooding,high_id_cardinality_or_unknown_id_ratio,50,50,1.0,,,51.02
007_matrix_run_01_low_spoof_low_flood,344,344.0,345.0,flooding,flooding,flooding,high_id_cardinality_or_unknown_id_ratio,50,50,1.0,,,51.02
007_matrix_run_01_low_spoof_low_flood,345,345.0,346.0,flooding,flooding,flooding,high_id_cardinality_or_unknown_id_ratio,50,49,1.0,,,51.02
007_matrix_run_01_low_spoof_low_flood,346,346.0,347.0,flooding,flooding,flooding,high_id_cardinality_or_unknown_id_ratio,50,50,1.0,,,51.02
007_matrix_run_01_low_spoof_low_flood,347,347.0,348.0,flooding,flooding,flooding,high_id_cardinality_or_unknown_id_ratio,50,49,1.0,,,51.02
007_matrix_run_01_low_spoof_low_flood,348,348.0,349.0,flooding,flooding,flooding,high_id_cardinality_or_unknown_id_ratio,50,50,1.0,,,51.02
007_matrix_run_01_low_spoof_low_flood,349,349.0,350.0,flooding,flooding,flooding,high_id_cardinality_or_unknown_id_ratio,50,49,1.0,,,51.02
007_matrix_run_01_low_spoof_low_flood,350,350.0,351.0,flooding,flooding,flooding,high_id_cardinality_or_unknown_id_ratio,50,49,0.98,,,51.02
007_matrix_run_01_low_spoof_low_flood,351,351.0,352.0,flooding,flooding,flooding,high_id_cardinality_or_unknown_id_ratio,50,49,1.0,,,51.02
007_matrix_run_01_low_spoof_low_flood,352,352.0,353.0,flooding,flooding,flooding,high_id_cardinality_or_unknown_id_ratio,50,49,1.0,,,51.02
007_matrix_run_01_low_spoof_low_flood,353,353.0,354.0,flooding,flooding,flooding,high_id_cardinality_or_unknown_id_ratio,50,50,1.0,,,51.02
007_matrix_run_01_low_spoof_low_flood,354,354.0,355.0,flooding,flooding,flooding,high_id_cardinality_or_unknown_id_ratio,50,50,0.96,,,51.02
007_matrix_run_01_low_spoof_low_flood,355,355.0,356.0,flooding,flooding,flooding,high_id_cardinality_or_unknown_id_ratio,50,47,1.0,,,51.02
007_matrix_run_01_low_spoof_low_flood,356,356.0,357.0,flooding,flooding,flooding,high_id_cardinality_or_unknown_id_ratio,50,49,1.0,,,51.02
007_matrix_run_01_low_spoof_low_flood,357,357.0,358.0,flooding,flooding,flooding,high_id_cardinality_or_unknown_id_ratio,50,50,1.0,,,51.02
007_matrix_run_01_low_spoof_low_flood,358,358.0,359.0,flooding,flooding,flooding,high_id_cardinality_or_unknown_id_ratio,50,50,1.0,,,51.02
007_matrix_run_01_low_spoof_low_flood,359,359.0,360.0,flooding,flooding,flooding,high_id_cardinality_or_unknown_id_ratio,50,49,1.0,,,51.02
007_matrix_run_01_low_spoof_low_flood,360,360.0,361.0,flooding,flooding,flooding,high_id_cardinality_or_unknown_id_ratio,50,50,1.0,,,51.02
007_matrix_run_01_low_spoof_low_flood,361,361.0,362.0,flooding,flooding,flooding,high_id_cardinality_or_unknown_id_ratio,50,50,1.0,,,51.02
007_matrix_run_01_low_spoof_low_flood,362,362.0,363.0,flooding,flooding,flooding,high_id_cardinality_or_unknown_id_ratio,50,50,0.98,,,51.02
007_matrix_run_01_low_spoof_low_flood,363,363.0,364.0,flooding,flooding,flooding,high_id_cardinality_or_unknown_id_ratio,50,50,1.0,,,51.02
007_matrix_run_01_low_spoof_low_flood,364,364.0,365.0,flooding,flooding,flooding,high_id_cardinality_or_unknown_id_ratio,50,48,1.0,,,51.02
007_matrix_run_01_low_spoof_low_flood,365,365.0,366.0,flooding,flooding,flooding,high_id_cardinality_or_unknown_id_ratio,50,50,1.0,,,51.02
007_matrix_run_01_low_spoof_low_flood,366,366.0,367.0,flooding,flooding,flooding,high_id_cardinality_or_unknown_id_ratio,50,48,1.0,,,51.02
007_matrix_run_01_low_spoof_low_flood,367,367.0,368.0,flooding,flooding,flooding,high_id_cardinality_or_unknown_id_ratio,50,49,1.0,,,51.02
007_matrix_run_01_low_spoof_low_flood,368,368.0,369.0,flooding,flooding,flooding,high_id_cardinality_or_unknown_id_ratio,50,50,1.0,,,51.02
007_matrix_run_01_low_spoof_low_flood,369,369.0,370.0,flooding,flooding,flooding,high_id_cardinality_or_unknown_id_ratio,50,50,1.0,,,51.02
007_matrix_run_01_low_spoof_low_flood,370,370.0,371.0,flooding,flooding,flooding,high_id_cardinality_or_unknown_id_ratio,50,49,0.98,,,51.02
007_matrix_run_01_low_spoof_low_flood,371,371.0,372.0,flooding,flooding,flooding,high_id_cardinality_or_unknown_id_ratio,50,50,1.0,,,51.02
007_matrix_run_01_low_spoof_low_flood,372,372.0,373.0,flooding,flooding,flooding,high_id_cardinality_or_unknown_id_ratio,50,49,1.0,,,51.02
007_matrix_run_01_low_spoof_low_flood,373,373.0,374.0,flooding,flooding,flooding,high_id_cardinality_or_unknown_id_ratio,50,50,1.0,,,51.02
007_matrix_run_01_low_spoof_low_flood,374,374.0,375.0,flooding,flooding,flooding,high_id_cardinality_or_unknown_id_ratio,50,49,1.0,,,51.02
007_matrix_run_01_low_spoof_low_flood,375,375.0,376.0,flooding,flooding,flooding,high_id_cardinality_or_unknown_id_ratio,50,49,1.0,,,51.02
007_matrix_run_01_low_spoof_low_flood,376,376.0,377.0,flooding,flooding,flooding,high_id_cardinality_or_unknown_id_ratio,50,50,1.0,,,51.02
007_matrix_run_01_low_spoof_low_flood,377,377.0,378.0,flooding,flooding,flooding,high_id_cardinality_or_unknown_id_ratio,50,50,1.0,,,51.02
007_matrix_run_01_low_spoof_low_flood,378,378.0,379.0,flooding,flooding,flooding,high_id_cardinality_or_unknown_id_ratio,50,50,1.0,,,51.02
007_matrix_run_01_low_spoof_low_flood,379,379.0,380.0,flooding,flooding,flooding,high_id_cardinality_or_unknown_id_ratio,50,49,1.0,,,51.02
007_matrix_run_01_low_spoof_low_flood,380,380.0,381.0,flooding,flooding,flooding,high_id_cardinality_or_unknown_id_ratio,50,49,1.0,,,51.02
007_matrix_run_01_low_spoof_low_flood,381,381.0,382.0,flooding,flooding,flooding,high_id_cardinality_or_unknown_id_ratio,50,50,1.0,,,51.02
007_matrix_run_01_low_spoof_low_flood,382,382.0,383.0,flooding,flooding,flooding,high_id_cardinality_or_unknown_id_ratio,50,50,0.98,,,51.02
007_matrix_run_01_low_spoof_low_flood,383,383.0,384.0,flooding,flooding,flooding,high_id_cardinality_or_unknown_id_ratio,50,50,1.0,,,51.02
007_matrix_run_01_low_spoof_low_flood,384,384.0,385.0,flooding,flooding,flooding,high_id_cardinality_or_unknown_id_ratio,50,48,1.0,,,51.02
007_matrix_run_01_low_spoof_low_flood,385,385.0,386.0,flooding,flooding,flooding,high_id_cardinality_or_unknown_id_ratio,50,50,1.0,,,51.02
007_matrix_run_01_low_spoof_low_flood,386,386.0,387.0,flooding,flooding,flooding,high_id_cardinality_or_unknown_id_ratio,50,50,1.0,,,51.02
007_matrix_run_01_low_spoof_low_flood,387,387.0,388.0,flooding,flooding,flooding,high_id_cardinality_or_unknown_id_ratio,50,50,1.0,,,51.02
007_matrix_run_01_low_spoof_low_flood,388,388.0,389.0,flooding,flooding,flooding,high_id_cardinality_or_unknown_id_ratio,50,49,1.0,,,51.02
007_matrix_run_01_low_spoof_low_flood,389,389.0,390.0,flooding,flooding,flooding,high_id_cardinality_or_unknown_id_ratio,50,50,1.0,,,51.02
007_matrix_run_01_low_spoof_low_flood,390,390.0,391.0,flooding,flooding,flooding,high_id_cardinality_or_unknown_id_ratio,50,49,1.0,,,51.02
007_matrix_run_01_low_spoof_low_flood,391,391.0,392.0,flooding,flooding,flooding,high_id_cardinality_or_unknown_id_ratio,50,50,1.0,,,51.02
007_matrix_run_01_low_spoof_low_flood,392,392.0,393.0,flooding,flooding,flooding,high_id_cardinality_or_unknown_id_ratio,50,49,1.0,,,51.02
007_matrix_run_01_low_spoof_low_flood,393,393.0,394.0,flooding,flooding,flooding,high_id_cardinality_or_unknown_id_ratio,50,50,1.0,,,51.02
007_matrix_run_01_low_spoof_low_flood,394,394.0,395.0,flooding,flooding,flooding,high_id_cardinality_or_unknown_id_ratio,50,50,1.0,,,51.02
007_matrix_run_01_low_spoof_low_flood,395,395.0,396.0,flooding,flooding,flooding,high_id_cardinality_or_unknown_id_ratio,50,49,1.0,,,51.02
007_matrix_run_01_low_spoof_low_flood,396,396.0,397.0,flooding,flooding,flooding,high_id_cardinality_or_unknown_id_ratio,50,50,1.0,,,51.02
007_matrix_run_01_low_spoof_low_flood,397,397.0,398.0,flooding,flooding,flooding,high_id_cardinality_or_unknown_id_ratio,50,49,1.0,,,51.02
007_matrix_run_01_low_spoof_low_flood,398,398.0,399.0,flooding,flooding,flooding,high_id_cardinality_or_unknown_id_ratio,50,50,1.0,,,51.02
007_matrix_run_01_low_spoof_low_flood,399,399.0,400.0,flooding,flooding,flooding,high_id_cardinality_or_unknown_id_ratio,50,48,1.0,,,51.02
007_matrix_run_01_low_spoof_low_flood,400,400.0,401.0,flooding,flooding,flooding,high_id_cardinality_or_unknown_id_ratio,50,49,1.0,,,51.02
007_matrix_run_01_low_spoof_low_flood,401,401.0,402.0,flooding,flooding,flooding,high_id_cardinality_or_unknown_id_ratio,50,50,1.0,,,51.02
007_matrix_run_01_low_spoof_low_flood,402,402.0,403.0,flooding,flooding,flooding,high_id_cardinality_or_unknown_id_ratio,50,50,1.0,,,51.02
007_matrix_run_01_low_spoof_low_flood,403,403.0,404.0,flooding,flooding,flooding,high_id_cardinality_or_unknown_id_ratio,50,50,1.0,,,51.02
007_matrix_run_01_low_spoof_low_flood,404,404.0,405.0,flooding,flooding,flooding,high_id_cardinality_or_unknown_id_ratio,50,50,0.98,,,51.02
007_matrix_run_01_low_spoof_low_flood,405,405.0,406.0,flooding,flooding,flooding,high_id_cardinality_or_unknown_id_ratio,50,50,1.0,,,51.02
007_matrix_run_01_low_spoof_low_flood,406,406.0,407.0,flooding,flooding,flooding,high_id_cardinality_or_unknown_id_ratio,50,50,1.0,,,51.02
007_matrix_run_01_low_spoof_low_flood,407,407.0,408.0,flooding,flooding,flooding,high_id_cardinality_or_unknown_id_ratio,50,49,1.0,,,51.02
007_matrix_run_01_low_spoof_low_flood,408,408.0,409.0,flooding,flooding,flooding,high_id_cardinality_or_unknown_id_ratio,50,50,1.0,,,51.02
007_matrix_run_01_low_spoof_low_flood,409,409.0,410.0,flooding,flooding,flooding,high_id_cardinality_or_unknown_id_ratio,50,50,1.0,,,51.02
007_matrix_run_01_low_spoof_low_flood,410,410.0,411.0,flooding,flooding,flooding,high_id_cardinality_or_unknown_id_ratio,50,49,1.0,,,51.02
007_matrix_run_01_low_spoof_low_flood,411,411.0,412.0,flooding,flooding,flooding,high_id_cardinality_or_unknown_id_ratio,50,49,1.0,,,51.02
007_matrix_run_01_low_spoof_low_flood,412,412.0,413.0,flooding,flooding,flooding,high_id_cardinality_or_unknown_id_ratio,50,49,1.0,,,51.02
007_matrix_run_01_low_spoof_low_flood,413,413.0,414.0,flooding,flooding,flooding,high_id_cardinality_or_unknown_id_ratio,50,50,1.0,,,51.02
007_matrix_run_01_low_spoof_low_flood,414,414.0,415.0,flooding,flooding,flooding,high_id_cardinality_or_unknown_id_ratio,50,50,1.0,,,51.02
007_matrix_run_01_low_spoof_low_flood,415,415.0,416.0,flooding,flooding,flooding,high_id_cardinality_or_unknown_id_ratio,50,48,1.0,,,51.02
007_matrix_run_01_low_spoof_low_flood,416,416.0,417.0,flooding,flooding,flooding,high_id_cardinality_or_unknown_id_ratio,50,50,0.96,,,51.02
007_matrix_run_01_low_spoof_low_flood,417,417.0,418.0,flooding,flooding,flooding,high_id_cardinality_or_unknown_id_ratio,50,50,1.0,,,51.02
007_matrix_run_01_low_spoof_low_flood,418,418.0,419.0,flooding,flooding,flooding,high_id_cardinality_or_unknown_id_ratio,50,49,1.0,,,51.02
007_matrix_run_01_low_spoof_low_flood,419,419.0,420.0,flooding,flooding,flooding,high_id_cardinality_or_unknown_id_ratio,50,50,1.0,,,51.02
007_matrix_run_01_low_spoof_low_flood,420,420.0,421.0,recovery,normal,normal,no_rule_triggered,63,4,0.0,87.0,87.0,66.316
007_matrix_run_01_low_spoof_low_flood,421,421.0,422.0,recovery,normal,normal,no_rule_triggered,62,4,0.0,87.0,86.85,65.263
007_matrix_run_01_low_spoof_low_flood,422,422.0,423.0,recovery,normal,normal,no_rule_triggered,63,4,0.0,86.0,85.65,66.316
007_matrix_run_01_low_spoof_low_flood,423,423.0,424.0,recovery,normal,normal,no_rule_triggered,62,4,0.0,85.0,84.1,65.263
007_matrix_run_01_low_spoof_low_flood,424,424.0,425.0,recovery,normal,normal,no_rule_triggered,63,4,0.0,83.0,82.15,66.316
007_matrix_run_01_low_spoof_low_flood,425,425.0,426.0,recovery,normal,normal,no_rule_triggered,62,4,0.0,81.0,80.2,65.263
007_matrix_run_01_low_spoof_low_flood,426,426.0,427.0,recovery,normal,normal,no_rule_triggered,63,4,0.0,79.0,78.45,66.316
007_matrix_run_01_low_spoof_low_flood,427,427.0,428.0,recovery,normal,normal,no_rule_triggered,62,4,0.0,78.0,77.2,65.263
007_matrix_run_01_low_spoof_low_flood,428,428.0,429.0,recovery,normal,normal,no_rule_triggered,63,4,0.0,77.0,77.0,66.316
007_matrix_run_01_low_spoof_low_flood,429,429.0,430.0,recovery,normal,normal,no_rule_triggered,62,4,0.0,77.0,77.0,65.263
007_matrix_run_01_low_spoof_low_flood,430,430.0,431.0,recovery,normal,normal,no_rule_triggered,63,4,0.0,78.0,77.5,66.316
007_matrix_run_01_low_spoof_low_flood,431,431.0,432.0,recovery,normal,normal,no_rule_triggered,62,4,0.0,80.0,78.9,65.263
007_matrix_run_01_low_spoof_low_flood,432,432.0,433.0,recovery,normal,normal,no_rule_triggered,63,4,0.0,82.0,80.7,66.316
007_matrix_run_01_low_spoof_low_flood,433,433.0,434.0,recovery,normal,normal,no_rule_triggered,62,4,0.0,84.0,82.7,65.263
007_matrix_run_01_low_spoof_low_flood,434,434.0,435.0,recovery,normal,normal,no_rule_triggered,63,4,0.0,85.0,84.6,66.316
007_matrix_run_01_low_spoof_low_flood,435,435.0,436.0,recovery,normal,normal,no_rule_triggered,62,4,0.0,87.0,86.1,65.263
007_matrix_run_01_low_spoof_low_flood,436,436.0,437.0,recovery,normal,normal,no_rule_triggered,63,4,0.0,87.0,87.0,66.316
007_matrix_run_01_low_spoof_low_flood,437,437.0,438.0,recovery,normal,normal,no_rule_triggered,62,4,0.0,87.0,87.0,65.263
007_matrix_run_01_low_spoof_low_flood,438,438.0,439.0,recovery,normal,normal,no_rule_triggered,63,4,0.0,87.0,85.8,66.316
007_matrix_run_01_low_spoof_low_flood,439,439.0,440.0,recovery,normal,normal,no_rule_triggered,62,4,0.0,85.0,83.9,65.263
007_matrix_run_01_low_spoof_low_flood,440,440.0,441.0,recovery,normal,normal,no_rule_triggered,63,4,0.0,83.0,81.0,66.316
007_matrix_run_01_low_spoof_low_flood,441,441.0,442.0,recovery,normal,normal,no_rule_triggered,62,4,0.0,79.0,77.3,65.263
007_matrix_run_01_low_spoof_low_flood,442,442.0,443.0,recovery,normal,normal,no_rule_triggered,63,4,0.0,75.0,73.2,66.316
007_matrix_run_01_low_spoof_low_flood,443,443.0,444.0,recovery,normal,normal,no_rule_triggered,62,4,0.0,71.0,68.9,65.263
007_matrix_run_01_low_spoof_low_flood,444,444.0,445.0,recovery,normal,normal,no_rule_triggered,63,4,0.0,67.0,64.65,66.316
007_matrix_run_01_low_spoof_low_flood,445,445.0,446.0,recovery,normal,normal,no_rule_triggered,62,4,0.0,63.0,60.75,65.263
007_matrix_run_01_low_spoof_low_flood,446,446.0,447.0,recovery,normal,normal,no_rule_triggered,63,4,0.0,59.0,57.45,66.316
007_matrix_run_01_low_spoof_low_flood,447,447.0,448.0,recovery,normal,normal,no_rule_triggered,62,4,0.0,56.0,54.95,65.263
007_matrix_run_01_low_spoof_low_flood,448,448.0,449.0,recovery,normal,normal,no_rule_triggered,63,4,0.0,54.0,53.3,66.316
007_matrix_run_01_low_spoof_low_flood,449,449.0,450.0,recovery,normal,normal,no_rule_triggered,62,4,0.0,53.0,52.4,65.263
007_matrix_run_01_low_spoof_low_flood,450,450.0,451.0,recovery,normal,normal,no_rule_triggered,63,4,0.0,53.0,52.1,66.316
007_matrix_run_01_low_spoof_low_flood,451,451.0,452.0,recovery,normal,normal,no_rule_triggered,62,4,0.0,53.0,53.0,65.263
007_matrix_run_01_low_spoof_low_flood,452,452.0,453.0,recovery,normal,normal,no_rule_triggered,63,4,0.0,54.0,53.6,66.316
007_matrix_run_01_low_spoof_low_flood,453,453.0,454.0,recovery,normal,normal,no_rule_triggered,62,4,0.0,55.0,54.25,65.263
007_matrix_run_01_low_spoof_low_flood,454,454.0,455.0,recovery,normal,normal,no_rule_triggered,63,4,0.0,55.0,55.0,66.316
007_matrix_run_01_low_spoof_low_flood,455,455.0,456.0,recovery,normal,normal,no_rule_triggered,62,4,0.0,55.0,55.0,65.263
007_matrix_run_01_low_spoof_low_flood,456,456.0,457.0,recovery,normal,normal,no_rule_triggered,63,4,0.0,55.0,54.1,66.316
007_matrix_run_01_low_spoof_low_flood,457,457.0,458.0,recovery,normal,normal,no_rule_triggered,62,4,0.0,53.0,52.6,65.263
007_matrix_run_01_low_spoof_low_flood,458,458.0,459.0,recovery,normal,normal,no_rule_triggered,63,4,0.0,52.0,50.3,66.316
007_matrix_run_01_low_spoof_low_flood,459,459.0,460.0,recovery,normal,normal,no_rule_triggered,62,4,0.0,49.0,47.45,65.263
007_matrix_run_01_low_spoof_low_flood,460,460.0,461.0,recovery,normal,normal,no_rule_triggered,63,4,0.0,46.0,43.9,66.316
007_matrix_run_01_low_spoof_low_flood,461,461.0,462.0,recovery,normal,normal,no_rule_triggered,62,4,0.0,42.0,40.2,65.263
007_matrix_run_01_low_spoof_low_flood,462,462.0,463.0,recovery,normal,normal,no_rule_triggered,63,4,0.0,38.0,36.5,66.316
007_matrix_run_01_low_spoof_low_flood,463,463.0,464.0,recovery,normal,normal,no_rule_triggered,62,4,0.0,35.0,33.1,65.263
007_matrix_run_01_low_spoof_low_flood,464,464.0,465.0,recovery,normal,normal,no_rule_triggered,63,4,0.0,32.0,30.3,66.316
007_matrix_run_01_low_spoof_low_flood,465,465.0,466.0,recovery,normal,normal,no_rule_triggered,62,4,0.0,29.0,28.35,65.263
007_matrix_run_01_low_spoof_low_flood,466,466.0,467.0,recovery,normal,normal,no_rule_triggered,63,4,0.0,28.0,27.15,66.316
007_matrix_run_01_low_spoof_low_flood,467,467.0,468.0,recovery,normal,normal,no_rule_triggered,62,4,0.0,28.0,27.15,65.263
007_matrix_run_01_low_spoof_low_flood,468,468.0,469.0,recovery,normal,normal,no_rule_triggered,63,4,0.0,29.0,28.3,66.316
007_matrix_run_01_low_spoof_low_flood,469,469.0,470.0,recovery,normal,normal,no_rule_triggered,62,4,0.0,31.0,30.05,65.263
007_matrix_run_01_low_spoof_low_flood,470,470.0,471.0,recovery,normal,normal,no_rule_triggered,63,4,0.0,34.0,32.55,66.316
007_matrix_run_01_low_spoof_low_flood,471,471.0,472.0,recovery,normal,normal,no_rule_triggered,62,4,0.0,37.0,35.35,65.263
007_matrix_run_01_low_spoof_low_flood,472,472.0,473.0,recovery,normal,normal,no_rule_triggered,63,4,0.0,40.0,38.2,66.316
007_matrix_run_01_low_spoof_low_flood,473,473.0,474.0,recovery,normal,normal,no_rule_triggered,62,4,0.0,42.0,41.0,65.263
007_matrix_run_01_low_spoof_low_flood,474,474.0,475.0,recovery,normal,normal,no_rule_triggered,63,4,0.0,44.0,43.2,66.316
007_matrix_run_01_low_spoof_low_flood,475,475.0,476.0,recovery,normal,normal,no_rule_triggered,62,4,0.0,45.0,44.75,65.263
007_matrix_run_01_low_spoof_low_flood,476,476.0,477.0,recovery,normal,normal,no_rule_triggered,63,4,0.0,46.0,45.85,66.316
007_matrix_run_01_low_spoof_low_flood,477,477.0,478.0,recovery,normal,normal,no_rule_triggered,62,4,0.0,46.0,46.0,65.263
007_matrix_run_01_low_spoof_low_flood,478,478.0,479.0,recovery,normal,normal,no_rule_triggered,63,4,0.0,46.0,45.3,66.316
007_matrix_run_01_low_spoof_low_flood,479,479.0,480.0,recovery,normal,normal,no_rule_triggered,62,4,0.0,45.0,44.4,65.263
007_matrix_run_01_low_spoof_low_flood,480,480.0,481.0,recovery,normal,normal,no_rule_triggered,63,4,0.0,44.0,43.2,66.316
007_matrix_run_01_low_spoof_low_flood,481,481.0,482.0,recovery,normal,normal,no_rule_triggered,62,4,0.0,43.0,42.05,65.263
007_matrix_run_01_low_spoof_low_flood,482,482.0,483.0,recovery,normal,normal,no_rule_triggered,63,4,0.0,41.0,41.0,66.316
007_matrix_run_01_low_spoof_low_flood,483,483.0,484.0,recovery,normal,normal,no_rule_triggered,62,4,0.0,41.0,41.0,65.263
007_matrix_run_01_low_spoof_low_flood,484,484.0,485.0,recovery,normal,normal,no_rule_triggered,63,4,0.0,42.0,41.4,66.316
007_matrix_run_01_low_spoof_low_flood,485,485.0,486.0,recovery,normal,normal,no_rule_triggered,62,4,0.0,44.0,42.85,65.263
007_matrix_run_01_low_spoof_low_flood,486,486.0,487.0,recovery,normal,normal,no_rule_triggered,63,4,0.0,47.0,45.2,66.316
007_matrix_run_01_low_spoof_low_flood,487,487.0,488.0,recovery,normal,normal,no_rule_triggered,62,4,0.0,50.0,48.4,65.263
007_matrix_run_01_low_spoof_low_flood,488,488.0,489.0,recovery,normal,normal,no_rule_triggered,63,4,0.0,54.0,52.3,66.316
007_matrix_run_01_low_spoof_low_flood,489,489.0,490.0,recovery,normal,normal,no_rule_triggered,62,4,0.0,59.0,56.7,65.263
007_matrix_run_01_low_spoof_low_flood,490,490.0,491.0,recovery,normal,normal,no_rule_triggered,63,4,0.0,63.0,61.25,66.316
007_matrix_run_01_low_spoof_low_flood,491,491.0,492.0,recovery,normal,normal,no_rule_triggered,62,4,0.0,68.0,65.75,65.263
007_matrix_run_01_low_spoof_low_flood,492,492.0,493.0,recovery,normal,normal,no_rule_triggered,63,4,0.0,71.0,69.7,66.316
007_matrix_run_01_low_spoof_low_flood,493,493.0,494.0,recovery,normal,normal,no_rule_triggered,62,4,0.0,74.0,73.1,65.263
007_matrix_run_01_low_spoof_low_flood,494,494.0,495.0,recovery,normal,normal,no_rule_triggered,63,4,0.0,77.0,75.7,66.316
007_matrix_run_01_low_spoof_low_flood,495,495.0,496.0,recovery,normal,normal,no_rule_triggered,62,4,0.0,78.0,77.4,65.263
007_matrix_run_01_low_spoof_low_flood,496,496.0,497.0,recovery,normal,normal,no_rule_triggered,63,4,0.0,78.0,78.0,66.316
007_matrix_run_01_low_spoof_low_flood,497,497.0,498.0,recovery,normal,normal,no_rule_triggered,62,4,0.0,78.0,78.0,65.263
007_matrix_run_01_low_spoof_low_flood,498,498.0,499.0,recovery,normal,normal,no_rule_triggered,63,4,0.0,78.0,77.2,66.316
007_matrix_run_01_low_spoof_low_flood,499,499.0,500.0,recovery,normal,normal,no_rule_triggered,62,4,0.0,77.0,76.2,65.263
007_matrix_run_01_low_spoof_low_flood,500,500.0,501.0,recovery,normal,normal,no_rule_triggered,63,4,0.0,75.0,74.85,66.316
007_matrix_run_01_low_spoof_low_flood,501,501.0,502.0,recovery,normal,normal,no_rule_triggered,62,4,0.0,74.0,73.95,65.263
007_matrix_run_01_low_spoof_low_flood,502,502.0,503.0,recovery,normal,normal,no_rule_triggered,63,4,0.0,73.0,73.0,66.316
007_matrix_run_01_low_spoof_low_flood,503,503.0,504.0,recovery,normal,normal,no_rule_triggered,62,4,0.0,73.0,73.0,65.263
007_matrix_run_01_low_spoof_low_flood,504,504.0,505.0,recovery,normal,normal,no_rule_triggered,63,4,0.0,74.0,73.9,66.316
007_matrix_run_01_low_spoof_low_flood,505,505.0,506.0,recovery,normal,normal,no_rule_triggered,62,4,0.0,76.0,75.4,65.263
007_matrix_run_01_low_spoof_low_flood,506,506.0,507.0,recovery,normal,normal,no_rule_triggered,63,4,0.0,79.0,77.5,66.316
007_matrix_run_01_low_spoof_low_flood,507,507.0,508.0,recovery,normal,normal,no_rule_triggered,62,4,0.0,81.0,80.05,65.263
007_matrix_run_01_low_spoof_low_flood,508,508.0,509.0,recovery,normal,normal,no_rule_triggered,63,4,0.0,84.0,82.95,66.316
007_matrix_run_01_low_spoof_low_flood,509,509.0,510.0,recovery,normal,normal,no_rule_triggered,62,4,0.0,87.0,85.8,65.263
007_matrix_run_01_low_spoof_low_flood,510,510.0,511.0,recovery,normal,normal,no_rule_triggered,63,4,0.0,89.0,88.35,66.316
007_matrix_run_01_low_spoof_low_flood,511,511.0,512.0,recovery,normal,normal,no_rule_triggered,62,4,0.0,91.0,90.45,65.263
007_matrix_run_01_low_spoof_low_flood,512,512.0,513.0,recovery,normal,normal,no_rule_triggered,63,4,0.0,92.0,91.65,66.316
007_matrix_run_01_low_spoof_low_flood,513,513.0,514.0,recovery,normal,normal,no_rule_triggered,62,4,0.0,92.0,92.0,65.263
007_matrix_run_01_low_spoof_low_flood,514,514.0,515.0,recovery,normal,normal,no_rule_triggered,63,4,0.0,92.0,90.95,66.316
007_matrix_run_01_low_spoof_low_flood,515,515.0,516.0,recovery,normal,normal,no_rule_triggered,62,4,0.0,90.0,89.2,65.263
007_matrix_run_01_low_spoof_low_flood,516,516.0,517.0,recovery,normal,normal,no_rule_triggered,63,4,0.0,88.0,86.6,66.316
007_matrix_run_01_low_spoof_low_flood,517,517.0,518.0,recovery,normal,normal,no_rule_triggered,62,4,0.0,85.0,83.35,65.263
007_matrix_run_01_low_spoof_low_flood,518,518.0,519.0,recovery,normal,normal,no_rule_triggered,63,4,0.0,81.0,79.6,66.316
007_matrix_run_01_low_spoof_low_flood,519,519.0,520.0,recovery,normal,normal,no_rule_triggered,62,4,0.0,78.0,75.9,65.263
007_matrix_run_01_low_spoof_low_flood,520,520.0,521.0,recovery,normal,normal,no_rule_triggered,63,4,0.0,74.0,72.35,66.316
007_matrix_run_01_low_spoof_low_flood,521,521.0,522.0,recovery,normal,normal,no_rule_triggered,62,4,0.0,71.0,69.2,65.263
007_matrix_run_01_low_spoof_low_flood,522,522.0,523.0,recovery,normal,normal,no_rule_triggered,63,4,0.0,68.0,66.85,66.316
007_matrix_run_01_low_spoof_low_flood,523,523.0,524.0,recovery,normal,normal,no_rule_triggered,62,4,0.0,66.0,65.25,65.263
007_matrix_run_01_low_spoof_low_flood,524,524.0,525.0,recovery,normal,normal,no_rule_triggered,63,4,0.0,65.0,64.1,66.316
007_matrix_run_01_low_spoof_low_flood,525,525.0,526.0,recovery,normal,normal,no_rule_triggered,62,4,0.0,64.0,64.0,65.263
007_matrix_run_01_low_spoof_low_flood,526,526.0,527.0,recovery,normal,normal,no_rule_triggered,63,4,0.0,65.0,64.5,66.316
007_matrix_run_01_low_spoof_low_flood,527,527.0,528.0,recovery,normal,normal,no_rule_triggered,62,4,0.0,66.0,65.15,65.263
007_matrix_run_01_low_spoof_low_flood,528,528.0,529.0,recovery,normal,normal,no_rule_triggered,63,4,0.0,66.0,66.0,66.316
007_matrix_run_01_low_spoof_low_flood,529,529.0,530.0,recovery,normal,normal,no_rule_triggered,62,4,0.0,67.0,66.65,65.263
007_matrix_run_01_low_spoof_low_flood,530,530.0,531.0,recovery,normal,normal,no_rule_triggered,63,4,0.0,67.0,66.8,66.316
007_matrix_run_01_low_spoof_low_flood,531,531.0,532.0,recovery,normal,normal,no_rule_triggered,62,4,0.0,66.0,65.9,65.263
007_matrix_run_01_low_spoof_low_flood,532,532.0,533.0,recovery,normal,normal,no_rule_triggered,63,4,0.0,65.0,64.5,66.316
007_matrix_run_01_low_spoof_low_flood,533,533.0,534.0,recovery,normal,normal,no_rule_triggered,62,4,0.0,63.0,62.15,65.263
007_matrix_run_01_low_spoof_low_flood,534,534.0,535.0,recovery,normal,normal,no_rule_triggered,63,4,0.0,61.0,59.1,66.316
007_matrix_run_01_low_spoof_low_flood,535,535.0,536.0,recovery,normal,normal,no_rule_triggered,62,4,0.0,57.0,55.3,65.263
007_matrix_run_01_low_spoof_low_flood,536,536.0,537.0,recovery,normal,normal,no_rule_triggered,63,4,0.0,53.0,51.1,66.316
007_matrix_run_01_low_spoof_low_flood,537,537.0,538.0,recovery,normal,normal,no_rule_triggered,62,4,0.0,49.0,46.75,65.263
007_matrix_run_01_low_spoof_low_flood,538,538.0,539.0,recovery,normal,normal,no_rule_triggered,63,4,0.0,44.0,42.5,66.316
007_matrix_run_01_low_spoof_low_flood,539,539.0,540.0,recovery,normal,normal,no_rule_triggered,62,4,0.0,40.0,38.7,65.263
007_matrix_run_01_low_spoof_low_flood,540,540.0,541.0,recovery,normal,normal,no_rule_triggered,63,4,0.0,37.0,35.75,66.316
007_matrix_run_01_low_spoof_low_flood,541,541.0,542.0,recovery,normal,normal,no_rule_triggered,62,4,0.0,34.0,33.5,65.263
007_matrix_run_01_low_spoof_low_flood,542,542.0,543.0,recovery,normal,normal,no_rule_triggered,63,4,0.0,33.0,32.2,66.316
007_matrix_run_01_low_spoof_low_flood,543,543.0,544.0,recovery,normal,normal,no_rule_triggered,62,4,0.0,32.0,32.0,65.263
007_matrix_run_01_low_spoof_low_flood,544,544.0,545.0,recovery,normal,normal,no_rule_triggered,63,4,0.0,33.0,32.65,66.316
007_matrix_run_01_low_spoof_low_flood,545,545.0,546.0,recovery,normal,normal,no_rule_triggered,62,4,0.0,35.0,34.0,65.263
007_matrix_run_01_low_spoof_low_flood,546,546.0,547.0,recovery,normal,normal,no_rule_triggered,63,4,0.0,37.0,35.8,66.316
007_matrix_run_01_low_spoof_low_flood,547,547.0,548.0,recovery,normal,normal,no_rule_triggered,62,4,0.0,39.0,37.8,65.263
007_matrix_run_01_low_spoof_low_flood,548,548.0,549.0,recovery,normal,normal,no_rule_triggered,63,4,0.0,40.0,39.6,66.316
007_matrix_run_01_low_spoof_low_flood,549,549.0,550.0,recovery,normal,normal,no_rule_triggered,62,4,0.0,42.0,41.3,65.263
007_matrix_run_01_low_spoof_low_flood,550,550.0,551.0,recovery,normal,normal,no_rule_triggered,63,4,0.0,42.0,42.0,66.316
007_matrix_run_01_low_spoof_low_flood,551,551.0,552.0,recovery,normal,normal,no_rule_triggered,62,4,0.0,42.0,42.0,65.263
007_matrix_run_01_low_spoof_low_flood,552,552.0,553.0,recovery,normal,normal,no_rule_triggered,63,4,0.0,42.0,42.0,66.316
007_matrix_run_01_low_spoof_low_flood,553,553.0,554.0,recovery,normal,normal,no_rule_triggered,62,4,0.0,42.0,40.8,65.263
007_matrix_run_01_low_spoof_low_flood,554,554.0,555.0,recovery,normal,normal,no_rule_triggered,63,4,0.0,40.0,39.25,66.316
007_matrix_run_01_low_spoof_low_flood,555,555.0,556.0,recovery,normal,normal,no_rule_triggered,62,4,0.0,38.0,37.3,65.263
007_matrix_run_01_low_spoof_low_flood,556,556.0,557.0,recovery,normal,normal,no_rule_triggered,63,4,0.0,36.0,35.35,66.316
007_matrix_run_01_low_spoof_low_flood,557,557.0,558.0,recovery,normal,normal,no_rule_triggered,62,4,0.0,34.0,33.55,65.263
007_matrix_run_01_low_spoof_low_flood,558,558.0,559.0,recovery,normal,normal,no_rule_triggered,63,4,0.0,33.0,32.4,66.316
007_matrix_run_01_low_spoof_low_flood,559,559.0,560.0,recovery,normal,normal,no_rule_triggered,62,4,0.0,32.0,32.0,65.263
007_matrix_run_01_low_spoof_low_flood,560,560.0,561.0,recovery,normal,normal,no_rule_triggered,63,4,0.0,33.0,32.45,66.316
007_matrix_run_01_low_spoof_low_flood,561,561.0,562.0,recovery,normal,normal,no_rule_triggered,62,4,0.0,35.0,34.0,65.263
007_matrix_run_01_low_spoof_low_flood,562,562.0,563.0,recovery,normal,normal,no_rule_triggered,63,4,0.0,38.0,36.4,66.316
007_matrix_run_01_low_spoof_low_flood,563,563.0,564.0,recovery,normal,normal,no_rule_triggered,62,4,0.0,41.0,39.6,65.263
007_matrix_run_01_low_spoof_low_flood,564,564.0,565.0,recovery,normal,normal,no_rule_triggered,63,4,0.0,46.0,43.55,66.316
007_matrix_run_01_low_spoof_low_flood,565,565.0,566.0,recovery,normal,normal,no_rule_triggered,62,4,0.0,50.0,47.85,65.263
007_matrix_run_01_low_spoof_low_flood,566,566.0,567.0,recovery,normal,normal,no_rule_triggered,63,4,0.0,54.0,52.2,66.316
007_matrix_run_01_low_spoof_low_flood,567,567.0,568.0,recovery,normal,normal,no_rule_triggered,62,4,0.0,58.0,56.3,65.263
007_matrix_run_01_low_spoof_low_flood,568,568.0,569.0,recovery,normal,normal,no_rule_triggered,63,4,0.0,61.0,59.9,66.316
007_matrix_run_01_low_spoof_low_flood,569,569.0,570.0,recovery,normal,normal,no_rule_triggered,62,4,0.0,64.0,62.9,65.263
007_matrix_run_01_low_spoof_low_flood,570,570.0,571.0,recovery,normal,normal,no_rule_triggered,63,4,0.0,66.0,64.9,66.316
007_matrix_run_01_low_spoof_low_flood,571,571.0,572.0,recovery,normal,normal,no_rule_triggered,62,4,0.0,67.0,66.05,65.263
007_matrix_run_01_low_spoof_low_flood,572,572.0,573.0,recovery,normal,normal,no_rule_triggered,63,4,0.0,67.0,67.0,66.316
007_matrix_run_01_low_spoof_low_flood,573,573.0,574.0,recovery,normal,normal,no_rule_triggered,62,4,0.0,67.0,66.4,65.263
007_matrix_run_01_low_spoof_low_flood,574,574.0,575.0,recovery,normal,normal,no_rule_triggered,63,4,0.0,66.0,65.9,66.316
007_matrix_run_01_low_spoof_low_flood,575,575.0,576.0,recovery,normal,normal,no_rule_triggered,62,4,0.0,65.0,65.0,65.263
007_matrix_run_01_low_spoof_low_flood,576,576.0,577.0,recovery,normal,normal,no_rule_triggered,63,4,0.0,65.0,64.25,66.316
007_matrix_run_01_low_spoof_low_flood,577,577.0,578.0,recovery,normal,normal,no_rule_triggered,62,4,0.0,64.0,64.0,65.263
007_matrix_run_01_low_spoof_low_flood,578,578.0,579.0,recovery,normal,normal,no_rule_triggered,63,4,0.0,65.0,64.4,66.316
007_matrix_run_01_low_spoof_low_flood,579,579.0,580.0,recovery,normal,normal,no_rule_triggered,62,4,0.0,66.0,65.5,65.263
007_matrix_run_01_low_spoof_low_flood,580,580.0,581.0,recovery,normal,normal,no_rule_triggered,63,4,0.0,68.0,67.35,66.316
007_matrix_run_01_low_spoof_low_flood,581,581.0,582.0,recovery,normal,normal,no_rule_triggered,62,4,0.0,71.0,69.95,65.263
007_matrix_run_01_low_spoof_low_flood,582,582.0,583.0,recovery,normal,normal,no_rule_triggered,63,4,0.0,75.0,73.25,66.316
007_matrix_run_01_low_spoof_low_flood,583,583.0,584.0,recovery,normal,normal,no_rule_triggered,62,4,0.0,79.0,76.8,65.263
007_matrix_run_01_low_spoof_low_flood,584,584.0,585.0,recovery,normal,normal,no_rule_triggered,63,4,0.0,82.0,80.6,66.316
007_matrix_run_01_low_spoof_low_flood,585,585.0,586.0,recovery,normal,normal,no_rule_triggered,62,4,0.0,86.0,84.2,65.263
007_matrix_run_01_low_spoof_low_flood,586,586.0,587.0,recovery,normal,normal,no_rule_triggered,63,4,0.0,89.0,87.3,66.316
007_matrix_run_01_low_spoof_low_flood,587,587.0,588.0,recovery,normal,normal,no_rule_triggered,62,4,0.0,91.0,89.75,65.263
007_matrix_run_01_low_spoof_low_flood,588,588.0,589.0,recovery,normal,normal,no_rule_triggered,63,4,0.0,92.0,91.35,66.316
007_matrix_run_01_low_spoof_low_flood,589,589.0,590.0,recovery,normal,normal,no_rule_triggered,62,4,0.0,92.0,92.0,65.263
007_matrix_run_01_low_spoof_low_flood,590,590.0,591.0,recovery,normal,normal,no_rule_triggered,63,4,0.0,92.0,91.4,66.316
007_matrix_run_01_low_spoof_low_flood,591,591.0,592.0,recovery,normal,normal,no_rule_triggered,62,4,0.0,91.0,89.95,65.263
007_matrix_run_01_low_spoof_low_flood,592,592.0,593.0,recovery,normal,normal,no_rule_triggered,63,4,0.0,89.0,87.85,66.316
007_matrix_run_01_low_spoof_low_flood,593,593.0,594.0,recovery,normal,normal,no_rule_triggered,62,4,0.0,86.0,85.05,65.263
007_matrix_run_01_low_spoof_low_flood,594,594.0,595.0,recovery,normal,normal,no_rule_triggered,63,4,0.0,84.0,82.2,66.316
007_matrix_run_01_low_spoof_low_flood,595,595.0,596.0,recovery,normal,normal,no_rule_triggered,62,4,0.0,81.0,79.4,65.263
007_matrix_run_01_low_spoof_low_flood,596,596.0,597.0,recovery,normal,normal,no_rule_triggered,63,4,0.0,78.0,76.9,66.316
007_matrix_run_01_low_spoof_low_flood,597,597.0,598.0,recovery,normal,normal,no_rule_triggered,62,4,0.0,76.0,74.9,65.263
007_matrix_run_01_low_spoof_low_flood,598,598.0,599.0,recovery,normal,normal,no_rule_triggered,63,4,0.0,74.0,73.65,66.316
007_matrix_run_01_low_spoof_low_flood,599,599.0,600.0,recovery,normal,normal,no_rule_triggered,62,4,0.0,73.0,73.0,65.263
007_matrix_run_02_low_spoof_medium_flood,0,0.0,1.0,baseline,normal,normal,no_rule_triggered,63,4,0.0,64.0,61.7,66.316
007_matrix_run_02_low_spoof_medium_flood,1,1.0,2.0,baseline,normal,normal,no_rule_triggered,62,4,0.0,68.0,66.05,65.263
007_matrix_run_02_low_spoof_medium_flood,2,2.0,3.0,baseline,normal,normal,no_rule_triggered,63,4,0.0,72.0,70.05,66.316
007_matrix_run_02_low_spoof_medium_flood,3,3.0,4.0,baseline,normal,normal,no_rule_triggered,62,4,0.0,75.0,73.4,65.263
007_matrix_run_02_low_spoof_medium_flood,4,4.0,5.0,baseline,normal,normal,no_rule_triggered,63,4,0.0,77.0,75.9,66.316
007_matrix_run_02_low_spoof_medium_flood,5,5.0,6.0,baseline,normal,normal,no_rule_triggered,62,4,0.0,78.0,77.45,65.263
007_matrix_run_02_low_spoof_medium_flood,6,6.0,7.0,baseline,normal,normal,no_rule_triggered,63,4,0.0,78.0,78.0,66.316
007_matrix_run_02_low_spoof_medium_flood,7,7.0,8.0,baseline,normal,normal,no_rule_triggered,62,4,0.0,78.0,78.0,65.263
007_matrix_run_02_low_spoof_medium_flood,8,8.0,9.0,baseline,normal,normal,no_rule_triggered,63,4,0.0,78.0,77.15,66.316
007_matrix_run_02_low_spoof_medium_flood,9,9.0,10.0,baseline,normal,normal,no_rule_triggered,62,4,0.0,77.0,76.0,65.263
007_matrix_run_02_low_spoof_medium_flood,10,10.0,11.0,baseline,normal,normal,no_rule_triggered,63,4,0.0,75.0,74.75,66.316
007_matrix_run_02_low_spoof_medium_flood,11,11.0,12.0,baseline,normal,normal,no_rule_triggered,62,4,0.0,74.0,73.85,65.263
007_matrix_run_02_low_spoof_medium_flood,12,12.0,13.0,baseline,normal,normal,no_rule_triggered,63,4,0.0,73.0,73.0,66.316
007_matrix_run_02_low_spoof_medium_flood,13,13.0,14.0,baseline,normal,normal,no_rule_triggered,62,4,0.0,73.0,73.0,65.263
007_matrix_run_02_low_spoof_medium_flood,14,14.0,15.0,baseline,normal,normal,no_rule_triggered,63,4,0.0,75.0,74.1,66.316
007_matrix_run_02_low_spoof_medium_flood,15,15.0,16.0,baseline,normal,normal,no_rule_triggered,62,4,0.0,76.0,75.5,65.263
007_matrix_run_02_low_spoof_medium_flood,16,16.0,17.0,baseline,normal,normal,no_rule_triggered,63,4,0.0,79.0,77.7,66.316
007_matrix_run_02_low_spoof_medium_flood,17,17.0,18.0,baseline,normal,normal,no_rule_triggered,62,4,0.0,82.0,80.35,65.263
007_matrix_run_02_low_spoof_medium_flood,18,18.0,19.0,baseline,normal,normal,no_rule_triggered,63,4,0.0,85.0,83.2,66.316
007_matrix_run_02_low_spoof_medium_flood,19,19.0,20.0,baseline,normal,normal,no_rule_triggered,62,4,0.0,87.0,86.05,65.263
007_matrix_run_02_low_spoof_medium_flood,20,20.0,21.0,baseline,normal,normal,no_rule_triggered,63,4,0.0,90.0,88.6,66.316
007_matrix_run_02_low_spoof_medium_flood,21,21.0,22.0,baseline,normal,normal,no_rule_triggered,62,4,0.0,91.0,90.55,65.263
007_matrix_run_02_low_spoof_medium_flood,22,22.0,23.0,baseline,normal,normal,no_rule_triggered,63,4,0.0,92.0,91.7,66.316
007_matrix_run_02_low_spoof_medium_flood,23,23.0,24.0,baseline,normal,normal,no_rule_triggered,62,4,0.0,92.0,92.0,65.263
007_matrix_run_02_low_spoof_medium_flood,24,24.0,25.0,baseline,normal,normal,no_rule_triggered,63,4,0.0,91.0,90.8,66.316
007_matrix_run_02_low_spoof_medium_flood,25,25.0,26.0,baseline,normal,normal,no_rule_triggered,62,4,0.0,90.0,89.05,65.263
007_matrix_run_02_low_spoof_medium_flood,26,26.0,27.0,baseline,normal,normal,no_rule_triggered,63,4,0.0,88.0,86.3,66.316
007_matrix_run_02_low_spoof_medium_flood,27,27.0,28.0,baseline,normal,normal,no_rule_triggered,62,4,0.0,85.0,82.95,65.263
007_matrix_run_02_low_spoof_medium_flood,28,28.0,29.0,baseline,normal,normal,no_rule_triggered,63,4,0.0,81.0,79.35,66.316
007_matrix_run_02_low_spoof_medium_flood,29,29.0,30.0,baseline,normal,normal,no_rule_triggered,62,4,0.0,77.0,75.55,65.263
007_matrix_run_02_low_spoof_medium_flood,30,30.0,31.0,baseline,normal,normal,no_rule_triggered,63,4,0.0,74.0,72.05,66.316
007_matrix_run_02_low_spoof_medium_flood,31,31.0,32.0,baseline,normal,normal,no_rule_triggered,62,4,0.0,70.0,69.0,65.263
007_matrix_run_02_low_spoof_medium_flood,32,32.0,33.0,baseline,normal,normal,no_rule_triggered,63,4,0.0,68.0,66.65,66.316
007_matrix_run_02_low_spoof_medium_flood,33,33.0,34.0,baseline,normal,normal,no_rule_triggered,62,4,0.0,66.0,65.15,65.263
007_matrix_run_02_low_spoof_medium_flood,34,34.0,35.0,baseline,normal,normal,no_rule_triggered,63,4,0.0,65.0,64.05,66.316
007_matrix_run_02_low_spoof_medium_flood,35,35.0,36.0,baseline,normal,normal,no_rule_triggered,62,4,0.0,64.0,64.0,65.263
007_matrix_run_02_low_spoof_medium_flood,36,36.0,37.0,baseline,normal,normal,no_rule_triggered,63,4,0.0,65.0,64.6,66.316
007_matrix_run_02_low_spoof_medium_flood,37,37.0,38.0,baseline,normal,normal,no_rule_triggered,62,4,0.0,66.0,65.25,65.263
007_matrix_run_02_low_spoof_medium_flood,38,38.0,39.0,baseline,normal,normal,no_rule_triggered,63,4,0.0,66.0,66.0,66.316
007_matrix_run_02_low_spoof_medium_flood,39,39.0,40.0,baseline,normal,normal,no_rule_triggered,62,4,0.0,67.0,66.75,65.263
007_matrix_run_02_low_spoof_medium_flood,40,40.0,41.0,baseline,normal,normal,no_rule_triggered,63,4,0.0,67.0,66.75,66.316
007_matrix_run_02_low_spoof_medium_flood,41,41.0,42.0,baseline,normal,normal,no_rule_triggered,62,4,0.0,66.0,65.8,65.263
007_matrix_run_02_low_spoof_medium_flood,42,42.0,43.0,baseline,normal,normal,no_rule_triggered,63,4,0.0,65.0,64.35,66.316
007_matrix_run_02_low_spoof_medium_flood,43,43.0,44.0,baseline,normal,normal,no_rule_triggered,62,4,0.0,63.0,61.95,65.263
007_matrix_run_02_low_spoof_medium_flood,44,44.0,45.0,baseline,normal,normal,no_rule_triggered,63,4,0.0,60.0,58.75,66.316
007_matrix_run_02_low_spoof_medium_flood,45,45.0,46.0,baseline,normal,normal,no_rule_triggered,62,4,0.0,57.0,54.9,65.263
007_matrix_run_02_low_spoof_medium_flood,46,46.0,47.0,baseline,normal,normal,no_rule_triggered,63,4,0.0,53.0,50.75,66.316
007_matrix_run_02_low_spoof_medium_flood,47,47.0,48.0,baseline,normal,normal,no_rule_triggered,62,4,0.0,48.0,46.35,65.263
007_matrix_run_02_low_spoof_medium_flood,48,48.0,49.0,baseline,normal,normal,no_rule_triggered,63,4,0.0,44.0,42.15,66.316
007_matrix_run_02_low_spoof_medium_flood,49,49.0,50.0,baseline,normal,normal,no_rule_triggered,62,4,0.0,40.0,38.5,65.263
007_matrix_run_02_low_spoof_medium_flood,50,50.0,51.0,baseline,normal,normal,no_rule_triggered,63,4,0.0,37.0,35.45,66.316
007_matrix_run_02_low_spoof_medium_flood,51,51.0,52.0,baseline,normal,normal,no_rule_triggered,62,4,0.0,34.0,33.4,65.263
007_matrix_run_02_low_spoof_medium_flood,52,52.0,53.0,baseline,normal,normal,no_rule_triggered,63,4,0.0,33.0,32.1,66.316
007_matrix_run_02_low_spoof_medium_flood,53,53.0,54.0,baseline,normal,normal,no_rule_triggered,62,4,0.0,32.0,32.0,65.263
007_matrix_run_02_low_spoof_medium_flood,54,54.0,55.0,baseline,normal,normal,no_rule_triggered,63,4,0.0,33.0,32.75,66.316
007_matrix_run_02_low_spoof_medium_flood,55,55.0,56.0,baseline,normal,normal,no_rule_triggered,62,4,0.0,35.0,34.2,65.263
007_matrix_run_02_low_spoof_medium_flood,56,56.0,57.0,baseline,normal,normal,no_rule_triggered,63,4,0.0,37.0,36.0,66.316
007_matrix_run_02_low_spoof_medium_flood,57,57.0,58.0,baseline,normal,normal,no_rule_triggered,62,4,0.0,39.0,38.0,65.263
007_matrix_run_02_low_spoof_medium_flood,58,58.0,59.0,baseline,normal,normal,no_rule_triggered,63,4,0.0,41.0,39.8,66.316
007_matrix_run_02_low_spoof_medium_flood,59,59.0,60.0,baseline,normal,normal,no_rule_triggered,62,4,0.0,42.0,41.4,65.263
007_matrix_run_02_low_spoof_medium_flood,60,60.0,61.0,baseline,normal,normal,no_rule_triggered,63,4,0.0,42.0,42.0,66.316
007_matrix_run_02_low_spoof_medium_flood,61,61.0,62.0,baseline,normal,normal,no_rule_triggered,62,4,0.0,42.0,42.0,65.263
007_matrix_run_02_low_spoof_medium_flood,62,62.0,63.0,baseline,normal,normal,no_rule_triggered,63,4,0.0,42.0,41.95,66.316
007_matrix_run_02_low_spoof_medium_flood,63,63.0,64.0,baseline,normal,normal,no_rule_triggered,62,4,0.0,41.0,40.7,65.263
007_matrix_run_02_low_spoof_medium_flood,64,64.0,65.0,baseline,normal,normal,no_rule_triggered,63,4,0.0,40.0,39.1,66.316
007_matrix_run_02_low_spoof_medium_flood,65,65.0,66.0,baseline,normal,normal,no_rule_triggered,62,4,0.0,38.0,37.1,65.263
007_matrix_run_02_low_spoof_medium_flood,66,66.0,67.0,baseline,normal,normal,no_rule_triggered,63,4,0.0,36.0,35.15,66.316
007_matrix_run_02_low_spoof_medium_flood,67,67.0,68.0,baseline,normal,normal,no_rule_triggered,62,4,0.0,34.0,33.45,65.263
007_matrix_run_02_low_spoof_medium_flood,68,68.0,69.0,baseline,normal,normal,no_rule_triggered,63,4,0.0,33.0,32.3,66.316
007_matrix_run_02_low_spoof_medium_flood,69,69.0,70.0,baseline,normal,normal,no_rule_triggered,62,4,0.0,32.0,32.0,65.263
007_matrix_run_02_low_spoof_medium_flood,70,70.0,71.0,baseline,normal,normal,no_rule_triggered,63,4,0.0,33.0,32.55,66.316
007_matrix_run_02_low_spoof_medium_flood,71,71.0,72.0,baseline,normal,normal,no_rule_triggered,62,4,0.0,35.0,34.1,65.263
007_matrix_run_02_low_spoof_medium_flood,72,72.0,73.0,baseline,normal,normal,no_rule_triggered,63,4,0.0,38.0,36.65,66.316
007_matrix_run_02_low_spoof_medium_flood,73,73.0,74.0,baseline,normal,normal,no_rule_triggered,62,4,0.0,42.0,40.0,65.263
007_matrix_run_02_low_spoof_medium_flood,74,74.0,75.0,baseline,normal,normal,no_rule_triggered,63,4,0.0,46.0,43.95,66.316
007_matrix_run_02_low_spoof_medium_flood,75,75.0,76.0,baseline,normal,normal,no_rule_triggered,62,4,0.0,50.0,48.2,65.263
007_matrix_run_02_low_spoof_medium_flood,76,76.0,77.0,baseline,normal,normal,no_rule_triggered,63,4,0.0,55.0,52.6,66.316
007_matrix_run_02_low_spoof_medium_flood,77,77.0,78.0,baseline,normal,normal,no_rule_triggered,62,4,0.0,58.0,56.65,65.263
007_matrix_run_02_low_spoof_medium_flood,78,78.0,79.0,baseline,normal,normal,no_rule_triggered,63,4,0.0,62.0,60.2,66.316
007_matrix_run_02_low_spoof_medium_flood,79,79.0,80.0,baseline,normal,normal,no_rule_triggered,62,4,0.0,64.0,63.1,65.263
007_matrix_run_02_low_spoof_medium_flood,80,80.0,81.0,baseline,normal,normal,no_rule_triggered,63,4,0.0,66.0,65.1,66.316
007_matrix_run_02_low_spoof_medium_flood,81,81.0,82.0,baseline,normal,normal,no_rule_triggered,62,4,0.0,67.0,66.15,65.263
007_matrix_run_02_low_spoof_medium_flood,82,82.0,83.0,baseline,normal,normal,no_rule_triggered,63,4,0.0,67.0,67.0,66.316
007_matrix_run_02_low_spoof_medium_flood,83,83.0,84.0,baseline,normal,normal,no_rule_triggered,62,4,0.0,67.0,66.3,65.263
007_matrix_run_02_low_spoof_medium_flood,84,84.0,85.0,baseline,normal,normal,no_rule_triggered,63,4,0.0,66.0,65.85,66.316
007_matrix_run_02_low_spoof_medium_flood,85,85.0,86.0,baseline,normal,normal,no_rule_triggered,62,4,0.0,65.0,65.0,65.263
007_matrix_run_02_low_spoof_medium_flood,86,86.0,87.0,baseline,normal,normal,no_rule_triggered,63,4,0.0,65.0,64.2,66.316
007_matrix_run_02_low_spoof_medium_flood,87,87.0,88.0,baseline,normal,normal,no_rule_triggered,62,4,0.0,64.0,64.0,65.263
007_matrix_run_02_low_spoof_medium_flood,88,88.0,89.0,baseline,normal,normal,no_rule_triggered,63,4,0.0,65.0,64.45,66.316
007_matrix_run_02_low_spoof_medium_flood,89,89.0,90.0,baseline,normal,normal,no_rule_triggered,62,4,0.0,66.0,65.55,65.263
007_matrix_run_02_low_spoof_medium_flood,90,90.0,91.0,baseline,normal,normal,no_rule_triggered,63,4,0.0,69.0,67.6,66.316
007_matrix_run_02_low_spoof_medium_flood,91,91.0,92.0,baseline,normal,normal,no_rule_triggered,62,4,0.0,72.0,70.25,65.263
007_matrix_run_02_low_spoof_medium_flood,92,92.0,93.0,baseline,normal,normal,no_rule_triggered,63,4,0.0,75.0,73.5,66.316
007_matrix_run_02_low_spoof_medium_flood,93,93.0,94.0,baseline,normal,normal,no_rule_triggered,62,4,0.0,79.0,77.15,65.263
007_matrix_run_02_low_spoof_medium_flood,94,94.0,95.0,baseline,normal,normal,no_rule_triggered,63,4,0.0,83.0,80.9,66.316
007_matrix_run_02_low_spoof_medium_flood,95,95.0,96.0,baseline,normal,normal,no_rule_triggered,62,4,0.0,86.0,84.5,65.263
007_matrix_run_02_low_spoof_medium_flood,96,96.0,97.0,baseline,normal,normal,no_rule_triggered,63,4,0.0,89.0,87.6,66.316
007_matrix_run_02_low_spoof_medium_flood,97,97.0,98.0,baseline,normal,normal,no_rule_triggered,62,4,0.0,91.0,89.95,65.263
007_matrix_run_02_low_spoof_medium_flood,98,98.0,99.0,baseline,normal,normal,no_rule_triggered,63,4,0.0,92.0,91.4,66.316
007_matrix_run_02_low_spoof_medium_flood,99,99.0,100.0,baseline,normal,normal,no_rule_triggered,62,4,0.0,92.0,92.0,65.263
007_matrix_run_02_low_spoof_medium_flood,100,100.0,101.0,baseline,normal,normal,no_rule_triggered,63,4,0.0,92.0,91.3,66.316
007_matrix_run_02_low_spoof_medium_flood,101,101.0,102.0,baseline,normal,normal,no_rule_triggered,62,4,0.0,91.0,89.75,65.263
007_matrix_run_02_low_spoof_medium_flood,102,102.0,103.0,baseline,normal,normal,no_rule_triggered,63,4,0.0,89.0,87.6,66.316
007_matrix_run_02_low_spoof_medium_flood,103,103.0,104.0,baseline,normal,normal,no_rule_triggered,62,4,0.0,86.0,84.95,65.263
007_matrix_run_02_low_spoof_medium_flood,104,104.0,105.0,baseline,normal,normal,no_rule_triggered,63,4,0.0,83.0,81.95,66.316
007_matrix_run_02_low_spoof_medium_flood,105,105.0,106.0,baseline,normal,normal,no_rule_triggered,62,4,0.0,80.0,79.1,65.263
007_matrix_run_02_low_spoof_medium_flood,106,106.0,107.0,baseline,normal,normal,no_rule_triggered,63,4,0.0,78.0,76.75,66.316
007_matrix_run_02_low_spoof_medium_flood,107,107.0,108.0,baseline,normal,normal,no_rule_triggered,62,4,0.0,76.0,74.7,65.263
007_matrix_run_02_low_spoof_medium_flood,108,108.0,109.0,baseline,normal,normal,no_rule_triggered,63,4,0.0,74.0,73.55,66.316
007_matrix_run_02_low_spoof_medium_flood,109,109.0,110.0,baseline,normal,normal,no_rule_triggered,62,4,0.0,73.0,73.0,65.263
007_matrix_run_02_low_spoof_medium_flood,110,110.0,111.0,baseline,normal,normal,no_rule_triggered,63,4,0.0,74.0,73.25,66.316
007_matrix_run_02_low_spoof_medium_flood,111,111.0,112.0,baseline,normal,normal,no_rule_triggered,62,4,0.0,75.0,74.2,65.263
007_matrix_run_02_low_spoof_medium_flood,112,112.0,113.0,baseline,normal,normal,no_rule_triggered,63,4,0.0,76.0,75.35,66.316
007_matrix_run_02_low_spoof_medium_flood,113,113.0,114.0,baseline,normal,normal,no_rule_triggered,62,4,0.0,77.0,76.55,65.263
007_matrix_run_02_low_spoof_medium_flood,114,114.0,115.0,baseline,normal,normal,no_rule_triggered,63,4,0.0,78.0,77.55,66.316
007_matrix_run_02_low_spoof_medium_flood,115,115.0,116.0,baseline,normal,normal,no_rule_triggered,62,4,0.0,78.0,78.0,65.263
007_matrix_run_02_low_spoof_medium_flood,116,116.0,117.0,baseline,normal,normal,no_rule_triggered,63,4,0.0,78.0,78.0,66.316
007_matrix_run_02_low_spoof_medium_flood,117,117.0,118.0,baseline,normal,normal,no_rule_triggered,62,4,0.0,78.0,76.8,65.263
007_matrix_run_02_low_spoof_medium_flood,118,118.0,119.0,baseline,normal,normal,no_rule_triggered,63,4,0.0,76.0,74.95,66.316
007_matrix_run_02_low_spoof_medium_flood,119,119.0,120.0,baseline,normal,normal,no_rule_triggered,62,4,0.0,74.0,72.1,65.263
007_matrix_run_02_low_spoof_medium_flood,120,120.0,121.0,baseline,normal,normal,no_rule_triggered,63,4,0.0,70.0,68.5,66.316
007_matrix_run_02_low_spoof_medium_flood,121,121.0,122.0,baseline,normal,normal,no_rule_triggered,62,4,0.0,66.0,64.2,65.263
007_matrix_run_02_low_spoof_medium_flood,122,122.0,123.0,baseline,normal,normal,no_rule_triggered,63,4,0.0,62.0,59.75,66.316
007_matrix_run_02_low_spoof_medium_flood,123,123.0,124.0,baseline,normal,normal,no_rule_triggered,62,4,0.0,57.0,55.2,65.263
007_matrix_run_02_low_spoof_medium_flood,124,124.0,125.0,baseline,normal,normal,no_rule_triggered,63,4,0.0,53.0,50.9,66.316
007_matrix_run_02_low_spoof_medium_flood,125,125.0,126.0,baseline,normal,normal,no_rule_triggered,62,4,0.0,49.0,47.25,65.263
007_matrix_run_02_low_spoof_medium_flood,126,126.0,127.0,baseline,normal,normal,no_rule_triggered,63,4,0.0,46.0,44.3,66.316
007_matrix_run_02_low_spoof_medium_flood,127,127.0,128.0,baseline,normal,normal,no_rule_triggered,62,4,0.0,43.0,42.35,65.263
007_matrix_run_02_low_spoof_medium_flood,128,128.0,129.0,baseline,normal,normal,no_rule_triggered,63,4,0.0,42.0,41.05,66.316
007_matrix_run_02_low_spoof_medium_flood,129,129.0,130.0,baseline,normal,normal,no_rule_triggered,62,4,0.0,41.0,41.0,65.263
007_matrix_run_02_low_spoof_medium_flood,130,130.0,131.0,baseline,normal,normal,no_rule_triggered,63,4,0.0,42.0,41.35,66.316
007_matrix_run_02_low_spoof_medium_flood,131,131.0,132.0,baseline,normal,normal,no_rule_triggered,62,4,0.0,43.0,42.4,65.263
007_matrix_run_02_low_spoof_medium_flood,132,132.0,133.0,baseline,normal,normal,no_rule_triggered,63,4,0.0,44.0,43.55,66.316
007_matrix_run_02_low_spoof_medium_flood,133,133.0,134.0,baseline,normal,normal,no_rule_triggered,62,4,0.0,45.0,44.7,65.263
007_matrix_run_02_low_spoof_medium_flood,134,134.0,135.0,baseline,normal,normal,no_rule_triggered,63,4,0.0,46.0,45.65,66.316
007_matrix_run_02_low_spoof_medium_flood,135,135.0,136.0,baseline,normal,normal,no_rule_triggered,62,4,0.0,46.0,46.0,65.263
007_matrix_run_02_low_spoof_medium_flood,136,136.0,137.0,baseline,normal,normal,no_rule_triggered,63,4,0.0,46.0,45.5,66.316
007_matrix_run_02_low_spoof_medium_flood,137,137.0,138.0,baseline,normal,normal,no_rule_triggered,62,4,0.0,45.0,44.4,65.263
007_matrix_run_02_low_spoof_medium_flood,138,138.0,139.0,baseline,normal,normal,no_rule_triggered,63,4,0.0,43.0,42.45,66.316
007_matrix_run_02_low_spoof_medium_flood,139,139.0,140.0,baseline,normal,normal,no_rule_triggered,62,4,0.0,41.0,40.1,65.263
007_matrix_run_02_low_spoof_medium_flood,140,140.0,141.0,baseline,normal,normal,no_rule_triggered,63,4,0.0,39.0,37.35,66.316
007_matrix_run_02_low_spoof_medium_flood,141,141.0,142.0,baseline,normal,normal,no_rule_triggered,62,4,0.0,36.0,34.35,65.263
007_matrix_run_02_low_spoof_medium_flood,142,142.0,143.0,baseline,normal,normal,no_rule_triggered,63,4,0.0,33.0,31.65,66.316
007_matrix_run_02_low_spoof_medium_flood,143,143.0,144.0,baseline,normal,normal,no_rule_triggered,62,4,0.0,30.0,29.45,65.263
007_matrix_run_02_low_spoof_medium_flood,144,144.0,145.0,baseline,normal,normal,no_rule_triggered,63,4,0.0,28.0,27.8,66.316
007_matrix_run_02_low_spoof_medium_flood,145,145.0,146.0,baseline,normal,normal,no_rule_triggered,62,4,0.0,27.0,27.0,65.263
007_matrix_run_02_low_spoof_medium_flood,146,146.0,147.0,baseline,normal,normal,no_rule_triggered,63,4,0.0,28.0,27.5,66.316
007_matrix_run_02_low_spoof_medium_flood,147,147.0,148.0,baseline,normal,normal,no_rule_triggered,62,4,0.0,30.0,28.85,65.263
007_matrix_run_02_low_spoof_medium_flood,148,148.0,149.0,baseline,normal,normal,no_rule_triggered,63,4,0.0,33.0,31.15,66.316
007_matrix_run_02_low_spoof_medium_flood,149,149.0,150.0,baseline,normal,normal,no_rule_triggered,62,4,0.0,36.0,34.2,65.263
007_matrix_run_02_low_spoof_medium_flood,150,150.0,151.0,baseline,normal,normal,no_rule_triggered,63,4,0.0,40.0,37.75,66.316
007_matrix_run_02_low_spoof_medium_flood,151,151.0,152.0,baseline,normal,normal,no_rule_triggered,62,4,0.0,43.0,41.5,65.263
007_matrix_run_02_low_spoof_medium_flood,152,152.0,153.0,baseline,normal,normal,no_rule_triggered,63,4,0.0,47.0,45.15,66.316
007_matrix_run_02_low_spoof_medium_flood,153,153.0,154.0,baseline,normal,normal,no_rule_triggered,62,4,0.0,50.0,48.45,65.263
007_matrix_run_02_low_spoof_medium_flood,154,154.0,155.0,baseline,normal,normal,no_rule_triggered,63,4,0.0,52.0,51.2,66.316
007_matrix_run_02_low_spoof_medium_flood,155,155.0,156.0,baseline,normal,normal,no_rule_triggered,62,4,0.0,54.0,53.25,65.263
007_matrix_run_02_low_spoof_medium_flood,156,156.0,157.0,baseline,normal,normal,no_rule_triggered,63,4,0.0,55.0,54.45,66.316
007_matrix_run_02_low_spoof_medium_flood,157,157.0,158.0,baseline,normal,normal,no_rule_triggered,62,4,0.0,55.0,55.0,65.263
007_matrix_run_02_low_spoof_medium_flood,158,158.0,159.0,baseline,normal,normal,no_rule_triggered,63,4,0.0,55.0,54.9,66.316
007_matrix_run_02_low_spoof_medium_flood,159,159.0,160.0,baseline,normal,normal,no_rule_triggered,62,4,0.0,54.0,54.0,65.263
007_matrix_run_02_low_spoof_medium_flood,160,160.0,161.0,baseline,normal,normal,no_rule_triggered,63,4,0.0,54.0,53.25,66.316
007_matrix_run_02_low_spoof_medium_flood,161,161.0,162.0,baseline,normal,normal,no_rule_triggered,62,4,0.0,53.0,52.8,65.263
007_matrix_run_02_low_spoof_medium_flood,162,162.0,163.0,baseline,normal,normal,no_rule_triggered,63,4,0.0,52.0,52.0,66.316
007_matrix_run_02_low_spoof_medium_flood,163,163.0,164.0,baseline,normal,normal,no_rule_triggered,62,4,0.0,53.0,52.75,65.263
007_matrix_run_02_low_spoof_medium_flood,164,164.0,165.0,baseline,normal,normal,no_rule_triggered,63,4,0.0,55.0,53.7,66.316
007_matrix_run_02_low_spoof_medium_flood,165,165.0,166.0,baseline,normal,normal,no_rule_triggered,62,4,0.0,57.0,55.7,65.263
007_matrix_run_02_low_spoof_medium_flood,166,166.0,167.0,baseline,normal,normal,no_rule_triggered,63,4,0.0,60.0,58.5,66.316
007_matrix_run_02_low_spoof_medium_flood,167,167.0,168.0,baseline,normal,normal,no_rule_triggered,62,4,0.0,64.0,62.0,65.263
007_matrix_run_02_low_spoof_medium_flood,168,168.0,169.0,baseline,normal,normal,no_rule_triggered,63,4,0.0,68.0,66.05,66.316
007_matrix_run_02_low_spoof_medium_flood,169,169.0,170.0,baseline,normal,normal,no_rule_triggered,62,4,0.0,72.0,70.35,65.263
007_matrix_run_02_low_spoof_medium_flood,170,170.0,171.0,baseline,normal,normal,no_rule_triggered,63,4,0.0,77.0,74.7,66.316
007_matrix_run_02_low_spoof_medium_flood,171,171.0,172.0,baseline,normal,normal,no_rule_triggered,62,4,0.0,80.0,78.65,65.263
007_matrix_run_02_low_spoof_medium_flood,172,172.0,173.0,baseline,normal,normal,no_rule_triggered,63,4,0.0,83.0,82.05,66.316
007_matrix_run_02_low_spoof_medium_flood,173,173.0,174.0,baseline,normal,normal,no_rule_triggered,62,4,0.0,86.0,84.7,65.263
007_matrix_run_02_low_spoof_medium_flood,174,174.0,175.0,baseline,normal,normal,no_rule_triggered,63,4,0.0,87.0,86.35,66.316
007_matrix_run_02_low_spoof_medium_flood,175,175.0,176.0,baseline,normal,normal,no_rule_triggered,62,4,0.0,87.0,87.0,65.263
007_matrix_run_02_low_spoof_medium_flood,176,176.0,177.0,baseline,normal,normal,no_rule_triggered,63,4,0.0,87.0,86.8,66.316
007_matrix_run_02_low_spoof_medium_flood,177,177.0,178.0,baseline,normal,normal,no_rule_triggered,62,4,0.0,86.0,85.6,65.263
007_matrix_run_02_low_spoof_medium_flood,178,178.0,179.0,baseline,normal,normal,no_rule_triggered,63,4,0.0,85.0,84.05,66.316
007_matrix_run_02_low_spoof_medium_flood,179,179.0,180.0,baseline,normal,normal,no_rule_triggered,62,4,0.0,83.0,82.1,65.263
007_matrix_run_02_low_spoof_medium_flood,180,180.0,181.0,spoofing,spoofing,spoofing,decoded_speed_threshold_exceeded,28,3,0.0,164.0,154.538,29.167
007_matrix_run_02_low_spoof_medium_flood,181,181.0,182.0,spoofing,spoofing,spoofing,decoded_speed_threshold_exceeded,25,3,0.0,165.0,156.583,28.409
007_matrix_run_02_low_spoof_medium_flood,182,182.0,183.0,spoofing,spoofing,spoofing,decoded_speed_threshold_exceeded,27,3,0.0,164.0,155.154,28.125
007_matrix_run_02_low_spoof_medium_flood,183,183.0,184.0,spoofing,spoofing,spoofing,decoded_speed_threshold_exceeded,25,3,0.0,165.0,156.0,28.409
007_matrix_run_02_low_spoof_medium_flood,184,184.0,185.0,spoofing,spoofing,spoofing,decoded_speed_threshold_exceeded,28,3,0.0,165.0,154.846,29.167
007_matrix_run_02_low_spoof_medium_flood,185,185.0,186.0,spoofing,spoofing,spoofing,decoded_speed_threshold_exceeded,25,3,0.0,165.0,155.75,28.409
007_matrix_run_02_low_spoof_medium_flood,186,186.0,187.0,spoofing,spoofing,spoofing,decoded_speed_threshold_exceeded,27,3,0.0,165.0,152.615,28.125
007_matrix_run_02_low_spoof_medium_flood,187,187.0,188.0,spoofing,spoofing,spoofing,decoded_speed_threshold_exceeded,25,3,0.0,165.0,158.0,28.409
007_matrix_run_02_low_spoof_medium_flood,188,188.0,189.0,spoofing,spoofing,spoofing,decoded_speed_threshold_exceeded,28,3,0.0,162.0,154.385,29.167
007_matrix_run_02_low_spoof_medium_flood,189,189.0,190.0,spoofing,spoofing,spoofing,decoded_speed_threshold_exceeded,25,3,0.0,163.0,156.333,28.409
007_matrix_run_02_low_spoof_medium_flood,190,190.0,191.0,spoofing,spoofing,spoofing,decoded_speed_threshold_exceeded,27,3,0.0,164.0,154.846,28.125
007_matrix_run_02_low_spoof_medium_flood,191,191.0,192.0,spoofing,spoofing,spoofing,decoded_speed_threshold_exceeded,25,3,0.0,164.0,157.0,28.409
007_matrix_run_02_low_spoof_medium_flood,192,192.0,193.0,spoofing,spoofing,spoofing,decoded_speed_threshold_exceeded,28,3,0.0,163.0,152.615,29.167
007_matrix_run_02_low_spoof_medium_flood,193,193.0,194.0,spoofing,spoofing,spoofing,decoded_speed_threshold_exceeded,25,3,0.0,164.0,154.833,28.409
007_matrix_run_02_low_spoof_medium_flood,194,194.0,195.0,spoofing,spoofing,spoofing,decoded_speed_threshold_exceeded,27,3,0.0,165.0,155.692,28.125
007_matrix_run_02_low_spoof_medium_flood,195,195.0,196.0,spoofing,spoofing,spoofing,decoded_speed_threshold_exceeded,25,3,0.0,164.0,156.167,28.409
007_matrix_run_02_low_spoof_medium_flood,196,196.0,197.0,spoofing,spoofing,spoofing,decoded_speed_threshold_exceeded,28,3,0.0,162.0,154.0,29.167
007_matrix_run_02_low_spoof_medium_flood,197,197.0,198.0,spoofing,spoofing,spoofing,decoded_speed_threshold_exceeded,25,3,0.0,161.0,154.833,28.409
007_matrix_run_02_low_spoof_medium_flood,198,198.0,199.0,spoofing,spoofing,spoofing,decoded_speed_threshold_exceeded,27,3,0.0,165.0,156.462,28.125
007_matrix_run_02_low_spoof_medium_flood,199,199.0,200.0,spoofing,spoofing,spoofing,decoded_speed_threshold_exceeded,25,3,0.0,165.0,155.417,28.409
007_matrix_run_02_low_spoof_medium_flood,200,200.0,201.0,spoofing,spoofing,spoofing,decoded_speed_threshold_exceeded,28,3,0.0,165.0,154.538,29.167
007_matrix_run_02_low_spoof_medium_flood,201,201.0,202.0,spoofing,spoofing,spoofing,decoded_speed_threshold_exceeded,25,3,0.0,165.0,155.667,28.409
007_matrix_run_02_low_spoof_medium_flood,202,202.0,203.0,spoofing,spoofing,spoofing,decoded_speed_threshold_exceeded,27,3,0.0,164.0,155.615,28.125
007_matrix_run_02_low_spoof_medium_flood,203,203.0,204.0,spoofing,spoofing,spoofing,decoded_speed_threshold_exceeded,25,3,0.0,164.0,155.25,28.409
007_matrix_run_02_low_spoof_medium_flood,204,204.0,205.0,spoofing,spoofing,spoofing,decoded_speed_threshold_exceeded,28,3,0.0,164.0,155.308,29.167
007_matrix_run_02_low_spoof_medium_flood,205,205.0,206.0,spoofing,spoofing,spoofing,decoded_speed_threshold_exceeded,25,3,0.0,164.0,155.75,28.409
007_matrix_run_02_low_spoof_medium_flood,206,206.0,207.0,spoofing,spoofing,spoofing,decoded_speed_threshold_exceeded,27,3,0.0,162.0,153.538,28.125
007_matrix_run_02_low_spoof_medium_flood,207,207.0,208.0,spoofing,spoofing,spoofing,decoded_speed_threshold_exceeded,25,3,0.0,163.0,153.917,28.409
007_matrix_run_02_low_spoof_medium_flood,208,208.0,209.0,spoofing,spoofing,spoofing,decoded_speed_threshold_exceeded,28,3,0.0,163.0,156.692,29.167
007_matrix_run_02_low_spoof_medium_flood,209,209.0,210.0,spoofing,spoofing,spoofing,decoded_speed_threshold_exceeded,25,3,0.0,163.0,154.917,28.409
007_matrix_run_02_low_spoof_medium_flood,210,210.0,211.0,spoofing,spoofing,spoofing,decoded_speed_threshold_exceeded,27,3,0.0,161.0,152.692,28.125
007_matrix_run_02_low_spoof_medium_flood,211,211.0,212.0,spoofing,spoofing,spoofing,decoded_speed_threshold_exceeded,25,3,0.0,164.0,154.333,28.409
007_matrix_run_02_low_spoof_medium_flood,212,212.0,213.0,spoofing,spoofing,spoofing,decoded_speed_threshold_exceeded,28,3,0.0,165.0,156.462,29.167
007_matrix_run_02_low_spoof_medium_flood,213,213.0,214.0,spoofing,spoofing,spoofing,decoded_speed_threshold_exceeded,25,3,0.0,165.0,156.917,28.409
007_matrix_run_02_low_spoof_medium_flood,214,214.0,215.0,spoofing,spoofing,spoofing,decoded_speed_threshold_exceeded,27,3,0.0,165.0,156.077,28.125
007_matrix_run_02_low_spoof_medium_flood,215,215.0,216.0,spoofing,spoofing,spoofing,decoded_speed_threshold_exceeded,25,3,0.0,164.0,154.667,28.409
007_matrix_run_02_low_spoof_medium_flood,216,216.0,217.0,spoofing,spoofing,spoofing,decoded_speed_threshold_exceeded,28,3,0.0,163.0,155.692,29.167
007_matrix_run_02_low_spoof_medium_flood,217,217.0,218.0,spoofing,spoofing,spoofing,decoded_speed_threshold_exceeded,25,3,0.0,165.0,155.5,28.409
007_matrix_run_02_low_spoof_medium_flood,218,218.0,219.0,spoofing,spoofing,spoofing,decoded_speed_threshold_exceeded,27,3,0.0,163.0,153.692,28.125
007_matrix_run_02_low_spoof_medium_flood,219,219.0,220.0,spoofing,spoofing,spoofing,decoded_speed_threshold_exceeded,25,3,0.0,161.0,155.083,28.409
007_matrix_run_02_low_spoof_medium_flood,220,220.0,221.0,spoofing,spoofing,spoofing,decoded_speed_threshold_exceeded,28,3,0.0,165.0,157.231,29.167
007_matrix_run_02_low_spoof_medium_flood,221,221.0,222.0,spoofing,spoofing,spoofing,decoded_speed_threshold_exceeded,25,3,0.0,163.0,154.333,28.409
007_matrix_run_02_low_spoof_medium_flood,222,222.0,223.0,spoofing,spoofing,spoofing,decoded_speed_threshold_exceeded,27,3,0.0,165.0,155.0,28.125
007_matrix_run_02_low_spoof_medium_flood,223,223.0,224.0,spoofing,spoofing,spoofing,decoded_speed_threshold_exceeded,25,3,0.0,165.0,155.333,28.409
007_matrix_run_02_low_spoof_medium_flood,224,224.0,225.0,spoofing,spoofing,spoofing,decoded_speed_threshold_exceeded,28,3,0.0,158.0,152.692,29.167
007_matrix_run_02_low_spoof_medium_flood,225,225.0,226.0,spoofing,spoofing,spoofing,decoded_speed_threshold_exceeded,25,3,0.0,165.0,155.75,28.409
007_matrix_run_02_low_spoof_medium_flood,226,226.0,227.0,spoofing,spoofing,spoofing,decoded_speed_threshold_exceeded,27,3,0.0,165.0,152.538,28.125
007_matrix_run_02_low_spoof_medium_flood,227,227.0,228.0,spoofing,spoofing,spoofing,decoded_speed_threshold_exceeded,25,3,0.0,164.0,151.583,28.409
007_matrix_run_02_low_spoof_medium_flood,228,228.0,229.0,spoofing,spoofing,spoofing,decoded_speed_threshold_exceeded,28,3,0.0,165.0,155.923,29.167
007_matrix_run_02_low_spoof_medium_flood,229,229.0,230.0,spoofing,spoofing,spoofing,decoded_speed_threshold_exceeded,25,3,0.0,165.0,155.333,28.409
007_matrix_run_02_low_spoof_medium_flood,230,230.0,231.0,spoofing,spoofing,spoofing,decoded_speed_threshold_exceeded,27,3,0.0,164.0,156.077,28.125
007_matrix_run_02_low_spoof_medium_flood,231,231.0,232.0,spoofing,spoofing,spoofing,decoded_speed_threshold_exceeded,25,3,0.0,165.0,158.5,28.409
007_matrix_run_02_low_spoof_medium_flood,232,232.0,233.0,spoofing,spoofing,spoofing,decoded_speed_threshold_exceeded,28,3,0.0,165.0,155.615,29.167
007_matrix_run_02_low_spoof_medium_flood,233,233.0,234.0,spoofing,spoofing,spoofing,decoded_speed_threshold_exceeded,25,3,0.0,164.0,152.75,28.409
007_matrix_run_02_low_spoof_medium_flood,234,234.0,235.0,spoofing,spoofing,spoofing,decoded_speed_threshold_exceeded,27,3,0.0,164.0,155.538,28.125
007_matrix_run_02_low_spoof_medium_flood,235,235.0,236.0,spoofing,spoofing,spoofing,decoded_speed_threshold_exceeded,25,3,0.0,165.0,156.25,28.409
007_matrix_run_02_low_spoof_medium_flood,236,236.0,237.0,spoofing,spoofing,spoofing,decoded_speed_threshold_exceeded,28,3,0.0,163.0,156.077,29.167
007_matrix_run_02_low_spoof_medium_flood,237,237.0,238.0,spoofing,spoofing,spoofing,decoded_speed_threshold_exceeded,25,3,0.0,165.0,155.333,28.409
007_matrix_run_02_low_spoof_medium_flood,238,238.0,239.0,spoofing,spoofing,spoofing,decoded_speed_threshold_exceeded,27,3,0.0,162.0,153.308,28.125
007_matrix_run_02_low_spoof_medium_flood,239,239.0,240.0,spoofing,spoofing,spoofing,decoded_speed_threshold_exceeded,25,3,0.0,164.0,152.667,28.409
007_matrix_run_02_low_spoof_medium_flood,240,240.0,241.0,spoofing,spoofing,spoofing,decoded_speed_threshold_exceeded,28,3,0.0,165.0,156.385,29.167
007_matrix_run_02_low_spoof_medium_flood,241,241.0,242.0,spoofing,spoofing,spoofing,decoded_speed_threshold_exceeded,25,3,0.0,165.0,158.0,28.409
007_matrix_run_02_low_spoof_medium_flood,242,242.0,243.0,spoofing,spoofing,spoofing,decoded_speed_threshold_exceeded,27,3,0.0,165.0,151.923,28.125
007_matrix_run_02_low_spoof_medium_flood,243,243.0,244.0,spoofing,spoofing,spoofing,decoded_speed_threshold_exceeded,25,3,0.0,165.0,155.917,28.409
007_matrix_run_02_low_spoof_medium_flood,244,244.0,245.0,spoofing,spoofing,spoofing,decoded_speed_threshold_exceeded,28,3,0.0,165.0,156.308,29.167
007_matrix_run_02_low_spoof_medium_flood,245,245.0,246.0,spoofing,spoofing,spoofing,decoded_speed_threshold_exceeded,25,3,0.0,165.0,152.583,28.409
007_matrix_run_02_low_spoof_medium_flood,246,246.0,247.0,spoofing,spoofing,spoofing,decoded_speed_threshold_exceeded,27,3,0.0,164.0,155.231,28.125
007_matrix_run_02_low_spoof_medium_flood,247,247.0,248.0,spoofing,spoofing,spoofing,decoded_speed_threshold_exceeded,25,3,0.0,164.0,157.917,28.409
007_matrix_run_02_low_spoof_medium_flood,248,248.0,249.0,spoofing,spoofing,spoofing,decoded_speed_threshold_exceeded,28,3,0.0,163.0,153.308,29.167
007_matrix_run_02_low_spoof_medium_flood,249,249.0,250.0,spoofing,spoofing,spoofing,decoded_speed_threshold_exceeded,25,3,0.0,163.0,156.417,28.409
007_matrix_run_02_low_spoof_medium_flood,250,250.0,251.0,spoofing,spoofing,spoofing,decoded_speed_threshold_exceeded,27,3,0.0,165.0,155.615,28.125
007_matrix_run_02_low_spoof_medium_flood,251,251.0,252.0,spoofing,spoofing,spoofing,decoded_speed_threshold_exceeded,25,3,0.0,162.0,154.833,28.409
007_matrix_run_02_low_spoof_medium_flood,252,252.0,253.0,spoofing,spoofing,spoofing,decoded_speed_threshold_exceeded,28,3,0.0,165.0,157.308,29.167
007_matrix_run_02_low_spoof_medium_flood,253,253.0,254.0,spoofing,spoofing,spoofing,decoded_speed_threshold_exceeded,25,3,0.0,165.0,154.417,28.409
007_matrix_run_02_low_spoof_medium_flood,254,254.0,255.0,spoofing,spoofing,spoofing,decoded_speed_threshold_exceeded,27,3,0.0,165.0,156.154,28.125
007_matrix_run_02_low_spoof_medium_flood,255,255.0,256.0,spoofing,spoofing,spoofing,decoded_speed_threshold_exceeded,25,3,0.0,165.0,157.75,28.409
007_matrix_run_02_low_spoof_medium_flood,256,256.0,257.0,spoofing,spoofing,spoofing,decoded_speed_threshold_exceeded,28,3,0.0,165.0,153.538,29.167
007_matrix_run_02_low_spoof_medium_flood,257,257.0,258.0,spoofing,spoofing,spoofing,decoded_speed_threshold_exceeded,25,3,0.0,163.0,155.0,28.409
007_matrix_run_02_low_spoof_medium_flood,258,258.0,259.0,spoofing,spoofing,spoofing,decoded_speed_threshold_exceeded,27,3,0.0,163.0,151.692,28.125
007_matrix_run_02_low_spoof_medium_flood,259,259.0,260.0,spoofing,spoofing,spoofing,decoded_speed_threshold_exceeded,25,3,0.0,163.0,157.0,28.409
007_matrix_run_02_low_spoof_medium_flood,260,260.0,261.0,spoofing,spoofing,spoofing,decoded_speed_threshold_exceeded,28,3,0.0,165.0,154.462,29.167
007_matrix_run_02_low_spoof_medium_flood,261,261.0,262.0,spoofing,spoofing,spoofing,decoded_speed_threshold_exceeded,25,3,0.0,165.0,156.583,28.409
007_matrix_run_02_low_spoof_medium_flood,262,262.0,263.0,spoofing,spoofing,spoofing,decoded_speed_threshold_exceeded,27,3,0.0,164.0,156.769,28.125
007_matrix_run_02_low_spoof_medium_flood,263,263.0,264.0,spoofing,spoofing,spoofing,decoded_speed_threshold_exceeded,25,3,0.0,165.0,157.5,28.409
007_matrix_run_02_low_spoof_medium_flood,264,264.0,265.0,spoofing,spoofing,spoofing,decoded_speed_threshold_exceeded,28,3,0.0,165.0,156.231,29.167
007_matrix_run_02_low_spoof_medium_flood,265,265.0,266.0,spoofing,spoofing,spoofing,decoded_speed_threshold_exceeded,25,3,0.0,163.0,152.917,28.409
007_matrix_run_02_low_spoof_medium_flood,266,266.0,267.0,spoofing,spoofing,spoofing,decoded_speed_threshold_exceeded,27,3,0.0,165.0,153.538,28.125
007_matrix_run_02_low_spoof_medium_flood,267,267.0,268.0,spoofing,spoofing,spoofing,decoded_speed_threshold_exceeded,25,3,0.0,164.0,156.167,28.409
007_matrix_run_02_low_spoof_medium_flood,268,268.0,269.0,spoofing,spoofing,spoofing,decoded_speed_threshold_exceeded,28,3,0.0,163.0,153.538,29.167
007_matrix_run_02_low_spoof_medium_flood,269,269.0,270.0,spoofing,spoofing,spoofing,decoded_speed_threshold_exceeded,25,3,0.0,164.0,157.167,28.409
007_matrix_run_02_low_spoof_medium_flood,270,270.0,271.0,spoofing,spoofing,spoofing,decoded_speed_threshold_exceeded,27,3,0.0,165.0,154.923,28.125
007_matrix_run_02_low_spoof_medium_flood,271,271.0,272.0,spoofing,spoofing,spoofing,decoded_speed_threshold_exceeded,25,3,0.0,161.0,153.25,28.409
007_matrix_run_02_low_spoof_medium_flood,272,272.0,273.0,spoofing,spoofing,spoofing,decoded_speed_threshold_exceeded,28,3,0.0,165.0,158.0,29.167
007_matrix_run_02_low_spoof_medium_flood,273,273.0,274.0,spoofing,spoofing,spoofing,decoded_speed_threshold_exceeded,25,3,0.0,162.0,152.083,28.409
007_matrix_run_02_low_spoof_medium_flood,274,274.0,275.0,spoofing,spoofing,spoofing,decoded_speed_threshold_exceeded,27,3,0.0,164.0,151.846,28.125
007_matrix_run_02_low_spoof_medium_flood,275,275.0,276.0,spoofing,spoofing,spoofing,decoded_speed_threshold_exceeded,25,3,0.0,165.0,154.5,28.409
007_matrix_run_02_low_spoof_medium_flood,276,276.0,277.0,spoofing,spoofing,spoofing,decoded_speed_threshold_exceeded,28,3,0.0,164.0,156.308,29.167
007_matrix_run_02_low_spoof_medium_flood,277,277.0,278.0,spoofing,spoofing,spoofing,decoded_speed_threshold_exceeded,25,3,0.0,165.0,156.417,28.409
007_matrix_run_02_low_spoof_medium_flood,278,278.0,279.0,spoofing,spoofing,spoofing,decoded_speed_threshold_exceeded,27,3,0.0,165.0,156.385,28.125
007_matrix_run_02_low_spoof_medium_flood,279,279.0,280.0,spoofing,spoofing,spoofing,decoded_speed_threshold_exceeded,25,3,0.0,164.0,156.0,28.409
007_matrix_run_02_low_spoof_medium_flood,280,280.0,281.0,spoofing,spoofing,spoofing,decoded_speed_threshold_exceeded,28,3,0.0,165.0,154.385,29.167
007_matrix_run_02_low_spoof_medium_flood,281,281.0,282.0,spoofing,spoofing,spoofing,decoded_speed_threshold_exceeded,25,3,0.0,161.0,154.417,28.409
007_matrix_run_02_low_spoof_medium_flood,282,282.0,283.0,spoofing,spoofing,spoofing,decoded_speed_threshold_exceeded,27,3,0.0,164.0,157.538,28.125
007_matrix_run_02_low_spoof_medium_flood,283,283.0,284.0,spoofing,spoofing,spoofing,decoded_speed_threshold_exceeded,25,3,0.0,165.0,159.417,28.409
007_matrix_run_02_low_spoof_medium_flood,284,284.0,285.0,spoofing,spoofing,spoofing,decoded_speed_threshold_exceeded,28,3,0.0,157.0,151.538,29.167
007_matrix_run_02_low_spoof_medium_flood,285,285.0,286.0,spoofing,spoofing,spoofing,decoded_speed_threshold_exceeded,25,3,0.0,165.0,157.25,28.409
007_matrix_run_02_low_spoof_medium_flood,286,286.0,287.0,spoofing,spoofing,spoofing,decoded_speed_threshold_exceeded,27,3,0.0,165.0,159.462,28.125
007_matrix_run_02_low_spoof_medium_flood,287,287.0,288.0,spoofing,spoofing,spoofing,decoded_speed_threshold_exceeded,25,3,0.0,165.0,156.583,28.409
007_matrix_run_02_low_spoof_medium_flood,288,288.0,289.0,spoofing,spoofing,spoofing,decoded_speed_threshold_exceeded,28,3,0.0,165.0,151.615,29.167
007_matrix_run_02_low_spoof_medium_flood,289,289.0,290.0,spoofing,spoofing,spoofing,decoded_speed_threshold_exceeded,25,3,0.0,165.0,153.167,28.409
007_matrix_run_02_low_spoof_medium_flood,290,290.0,291.0,spoofing,spoofing,spoofing,decoded_speed_threshold_exceeded,27,3,0.0,165.0,155.385,28.125
007_matrix_run_02_low_spoof_medium_flood,291,291.0,292.0,spoofing,spoofing,spoofing,decoded_speed_threshold_exceeded,25,3,0.0,163.0,153.917,28.409
007_matrix_run_02_low_spoof_medium_flood,292,292.0,293.0,spoofing,spoofing,spoofing,decoded_speed_threshold_exceeded,28,3,0.0,162.0,154.462,29.167
007_matrix_run_02_low_spoof_medium_flood,293,293.0,294.0,spoofing,spoofing,spoofing,decoded_speed_threshold_exceeded,25,3,0.0,165.0,154.833,28.409
007_matrix_run_02_low_spoof_medium_flood,294,294.0,295.0,spoofing,spoofing,spoofing,decoded_speed_threshold_exceeded,27,3,0.0,165.0,154.0,28.125
007_matrix_run_02_low_spoof_medium_flood,295,295.0,296.0,spoofing,spoofing,spoofing,decoded_speed_threshold_exceeded,25,3,0.0,164.0,154.75,28.409
007_matrix_run_02_low_spoof_medium_flood,296,296.0,297.0,spoofing,spoofing,spoofing,decoded_speed_threshold_exceeded,28,3,0.0,164.0,155.154,29.167
007_matrix_run_02_low_spoof_medium_flood,297,297.0,298.0,spoofing,spoofing,spoofing,decoded_speed_threshold_exceeded,25,3,0.0,163.0,157.583,28.409
007_matrix_run_02_low_spoof_medium_flood,298,298.0,299.0,spoofing,spoofing,spoofing,decoded_speed_threshold_exceeded,27,3,0.0,160.0,154.462,28.125
007_matrix_run_02_low_spoof_medium_flood,299,299.0,300.0,spoofing,spoofing,spoofing,decoded_speed_threshold_exceeded,25,3,0.0,164.0,154.5,28.409
007_matrix_run_02_low_spoof_medium_flood,300,300.0,301.0,flooding,flooding,flooding,high_id_cardinality_or_unknown_id_ratio,100,95,1.0,,,101.01
007_matrix_run_02_low_spoof_medium_flood,301,301.0,302.0,flooding,flooding,flooding,high_id_cardinality_or_unknown_id_ratio,100,100,1.0,,,101.01
007_matrix_run_02_low_spoof_medium_flood,302,302.0,303.0,flooding,flooding,flooding,high_id_cardinality_or_unknown_id_ratio,100,99,1.0,,,101.01
007_matrix_run_02_low_spoof_medium_flood,303,303.0,304.0,flooding,flooding,flooding,high_id_cardinality_or_unknown_id_ratio,100,96,1.0,,,101.01
007_matrix_run_02_low_spoof_medium_flood,304,304.0,305.0,flooding,flooding,flooding,high_id_cardinality_or_unknown_id_ratio,100,97,1.0,,,101.01
007_matrix_run_02_low_spoof_medium_flood,305,305.0,306.0,flooding,flooding,flooding,high_id_cardinality_or_unknown_id_ratio,100,99,1.0,,,101.01
007_matrix_run_02_low_spoof_medium_flood,306,306.0,307.0,flooding,flooding,flooding,high_id_cardinality_or_unknown_id_ratio,100,99,0.99,,,101.01
007_matrix_run_02_low_spoof_medium_flood,307,307.0,308.0,flooding,flooding,flooding,high_id_cardinality_or_unknown_id_ratio,100,98,1.0,,,101.01
007_matrix_run_02_low_spoof_medium_flood,308,308.0,309.0,flooding,flooding,flooding,high_id_cardinality_or_unknown_id_ratio,100,98,1.0,,,101.01
007_matrix_run_02_low_spoof_medium_flood,309,309.0,310.0,flooding,flooding,flooding,high_id_cardinality_or_unknown_id_ratio,100,98,1.0,,,101.01
007_matrix_run_02_low_spoof_medium_flood,310,310.0,311.0,flooding,flooding,flooding,high_id_cardinality_or_unknown_id_ratio,100,99,0.99,,,101.01
007_matrix_run_02_low_spoof_medium_flood,311,311.0,312.0,flooding,flooding,flooding,high_id_cardinality_or_unknown_id_ratio,100,99,1.0,,,101.01
007_matrix_run_02_low_spoof_medium_flood,312,312.0,313.0,flooding,flooding,flooding,high_id_cardinality_or_unknown_id_ratio,100,98,0.99,,,101.01
007_matrix_run_02_low_spoof_medium_flood,313,313.0,314.0,flooding,flooding,flooding,high_id_cardinality_or_unknown_id_ratio,100,98,1.0,,,101.01
007_matrix_run_02_low_spoof_medium_flood,314,314.0,315.0,flooding,flooding,flooding,high_id_cardinality_or_unknown_id_ratio,100,98,1.0,,,101.01
007_matrix_run_02_low_spoof_medium_flood,315,315.0,316.0,flooding,flooding,flooding,high_id_cardinality_or_unknown_id_ratio,100,98,1.0,,,101.01
007_matrix_run_02_low_spoof_medium_flood,316,316.0,317.0,flooding,flooding,flooding,high_id_cardinality_or_unknown_id_ratio,100,97,0.99,,,101.01
007_matrix_run_02_low_spoof_medium_flood,317,317.0,318.0,flooding,flooding,flooding,high_id_cardinality_or_unknown_id_ratio,100,100,1.0,,,101.01
007_matrix_run_02_low_spoof_medium_flood,318,318.0,319.0,flooding,flooding,flooding,high_id_cardinality_or_unknown_id_ratio,100,97,1.0,,,101.01
007_matrix_run_02_low_spoof_medium_flood,319,319.0,320.0,flooding,flooding,flooding,high_id_cardinality_or_unknown_id_ratio,100,98,1.0,,,101.01
007_matrix_run_02_low_spoof_medium_flood,320,320.0,321.0,flooding,flooding,flooding,high_id_cardinality_or_unknown_id_ratio,100,98,0.99,,,101.01
007_matrix_run_02_low_spoof_medium_flood,321,321.0,322.0,flooding,flooding,flooding,high_id_cardinality_or_unknown_id_ratio,100,99,0.99,,,101.01
007_matrix_run_02_low_spoof_medium_flood,322,322.0,323.0,flooding,flooding,flooding,high_id_cardinality_or_unknown_id_ratio,100,100,0.99,,,101.01
007_matrix_run_02_low_spoof_medium_flood,323,323.0,324.0,flooding,flooding,flooding,high_id_cardinality_or_unknown_id_ratio,100,97,1.0,,,101.01
007_matrix_run_02_low_spoof_medium_flood,324,324.0,325.0,flooding,flooding,flooding,high_id_cardinality_or_unknown_id_ratio,100,99,1.0,,,101.01
007_matrix_run_02_low_spoof_medium_flood,325,325.0,326.0,flooding,flooding,flooding,high_id_cardinality_or_unknown_id_ratio,100,98,0.99,,,101.01
007_matrix_run_02_low_spoof_medium_flood,326,326.0,327.0,flooding,flooding,flooding,high_id_cardinality_or_unknown_id_ratio,100,96,1.0,,,101.01
007_matrix_run_02_low_spoof_medium_flood,327,327.0,328.0,flooding,flooding,flooding,high_id_cardinality_or_unknown_id_ratio,100,98,1.0,,,101.01
007_matrix_run_02_low_spoof_medium_flood,328,328.0,329.0,flooding,flooding,flooding,high_id_cardinality_or_unknown_id_ratio,100,99,1.0,,,101.01
007_matrix_run_02_low_spoof_medium_flood,329,329.0,330.0,flooding,flooding,flooding,high_id_cardinality_or_unknown_id_ratio,100,98,1.0,,,101.01
007_matrix_run_02_low_spoof_medium_flood,330,330.0,331.0,flooding,flooding,flooding,high_id_cardinality_or_unknown_id_ratio,100,97,1.0,,,101.01
007_matrix_run_02_low_spoof_medium_flood,331,331.0,332.0,flooding,flooding,flooding,high_id_cardinality_or_unknown_id_ratio,100,99,1.0,,,101.01
007_matrix_run_02_low_spoof_medium_flood,332,332.0,333.0,flooding,flooding,flooding,high_id_cardinality_or_unknown_id_ratio,100,97,1.0,,,101.01
007_matrix_run_02_low_spoof_medium_flood,333,333.0,334.0,flooding,flooding,flooding,high_id_cardinality_or_unknown_id_ratio,100,99,1.0,,,101.01
007_matrix_run_02_low_spoof_medium_flood,334,334.0,335.0,flooding,flooding,flooding,high_id_cardinality_or_unknown_id_ratio,100,98,1.0,,,101.01
007_matrix_run_02_low_spoof_medium_flood,335,335.0,336.0,flooding,flooding,flooding,high_id_cardinality_or_unknown_id_ratio,100,98,1.0,,,101.01
007_matrix_run_02_low_spoof_medium_flood,336,336.0,337.0,flooding,flooding,flooding,high_id_cardinality_or_unknown_id_ratio,100,98,1.0,,,101.01
007_matrix_run_02_low_spoof_medium_flood,337,337.0,338.0,flooding,flooding,flooding,high_id_cardinality_or_unknown_id_ratio,100,96,1.0,,,101.01
007_matrix_run_02_low_spoof_medium_flood,338,338.0,339.0,flooding,flooding,flooding,high_id_cardinality_or_unknown_id_ratio,100,99,1.0,,,101.01
007_matrix_run_02_low_spoof_medium_flood,339,339.0,340.0,flooding,flooding,flooding,high_id_cardinality_or_unknown_id_ratio,100,95,0.99,,,101.01
007_matrix_run_02_low_spoof_medium_flood,340,340.0,341.0,flooding,flooding,flooding,high_id_cardinality_or_unknown_id_ratio,100,97,1.0,,,101.01
007_matrix_run_02_low_spoof_medium_flood,341,341.0,342.0,flooding,flooding,flooding,high_id_cardinality_or_unknown_id_ratio,100,98,1.0,,,101.01
007_matrix_run_02_low_spoof_medium_flood,342,342.0,343.0,flooding,flooding,flooding,high_id_cardinality_or_unknown_id_ratio,100,97,1.0,,,101.01
007_matrix_run_02_low_spoof_medium_flood,343,343.0,344.0,flooding,flooding,flooding,high_id_cardinality_or_unknown_id_ratio,100,98,1.0,,,101.01
007_matrix_run_02_low_spoof_medium_flood,344,344.0,345.0,flooding,flooding,flooding,high_id_cardinality_or_unknown_id_ratio,100,97,1.0,,,101.01
007_matrix_run_02_low_spoof_medium_flood,345,345.0,346.0,flooding,flooding,flooding,high_id_cardinality_or_unknown_id_ratio,100,99,1.0,,,101.01
007_matrix_run_02_low_spoof_medium_flood,346,346.0,347.0,flooding,flooding,flooding,high_id_cardinality_or_unknown_id_ratio,100,98,1.0,,,101.01
007_matrix_run_02_low_spoof_medium_flood,347,347.0,348.0,flooding,flooding,flooding,high_id_cardinality_or_unknown_id_ratio,100,98,1.0,,,101.01
007_matrix_run_02_low_spoof_medium_flood,348,348.0,349.0,flooding,flooding,flooding,high_id_cardinality_or_unknown_id_ratio,100,98,1.0,,,101.01
007_matrix_run_02_low_spoof_medium_flood,349,349.0,350.0,flooding,flooding,flooding,high_id_cardinality_or_unknown_id_ratio,100,99,1.0,,,101.01
007_matrix_run_02_low_spoof_medium_flood,350,350.0,351.0,flooding,flooding,flooding,high_id_cardinality_or_unknown_id_ratio,100,98,1.0,,,101.01
007_matrix_run_02_low_spoof_medium_flood,351,351.0,352.0,flooding,flooding,flooding,high_id_cardinality_or_unknown_id_ratio,100,99,1.0,,,101.01
007_matrix_run_02_low_spoof_medium_flood,352,352.0,353.0,flooding,flooding,flooding,high_id_cardinality_or_unknown_id_ratio,100,97,1.0,,,101.01
007_matrix_run_02_low_spoof_medium_flood,353,353.0,354.0,flooding,flooding,flooding,high_id_cardinality_or_unknown_id_ratio,100,97,1.0,,,101.01
007_matrix_run_02_low_spoof_medium_flood,354,354.0,355.0,flooding,flooding,flooding,high_id_cardinality_or_unknown_id_ratio,100,100,1.0,,,101.01
007_matrix_run_02_low_spoof_medium_flood,355,355.0,356.0,flooding,flooding,flooding,high_id_cardinality_or_unknown_id_ratio,100,99,1.0,,,101.01
007_matrix_run_02_low_spoof_medium_flood,356,356.0,357.0,flooding,flooding,flooding,high_id_cardinality_or_unknown_id_ratio,100,98,1.0,,,101.01
007_matrix_run_02_low_spoof_medium_flood,357,357.0,358.0,flooding,flooding,flooding,high_id_cardinality_or_unknown_id_ratio,100,98,1.0,,,101.01
007_matrix_run_02_low_spoof_medium_flood,358,358.0,359.0,flooding,flooding,flooding,high_id_cardinality_or_unknown_id_ratio,100,100,1.0,,,101.01
007_matrix_run_02_low_spoof_medium_flood,359,359.0,360.0,flooding,flooding,flooding,high_id_cardinality_or_unknown_id_ratio,100,100,1.0,,,101.01
007_matrix_run_02_low_spoof_medium_flood,360,360.0,361.0,flooding,flooding,flooding,high_id_cardinality_or_unknown_id_ratio,100,94,1.0,,,101.01
007_matrix_run_02_low_spoof_medium_flood,361,361.0,362.0,flooding,flooding,flooding,high_id_cardinality_or_unknown_id_ratio,100,99,1.0,,,101.01
007_matrix_run_02_low_spoof_medium_flood,362,362.0,363.0,flooding,flooding,flooding,high_id_cardinality_or_unknown_id_ratio,100,97,1.0,,,101.01
007_matrix_run_02_low_spoof_medium_flood,363,363.0,364.0,flooding,flooding,flooding,high_id_cardinality_or_unknown_id_ratio,100,97,1.0,,,101.01
007_matrix_run_02_low_spoof_medium_flood,364,364.0,365.0,flooding,flooding,flooding,high_id_cardinality_or_unknown_id_ratio,100,100,1.0,,,101.01
007_matrix_run_02_low_spoof_medium_flood,365,365.0,366.0,flooding,flooding,flooding,high_id_cardinality_or_unknown_id_ratio,100,99,1.0,,,101.01
007_matrix_run_02_low_spoof_medium_flood,366,366.0,367.0,flooding,flooding,flooding,high_id_cardinality_or_unknown_id_ratio,100,98,0.99,,,101.01
007_matrix_run_02_low_spoof_medium_flood,367,367.0,368.0,flooding,flooding,flooding,high_id_cardinality_or_unknown_id_ratio,100,97,1.0,,,101.01
007_matrix_run_02_low_spoof_medium_flood,368,368.0,369.0,flooding,flooding,flooding,high_id_cardinality_or_unknown_id_ratio,100,98,0.99,,,101.01
007_matrix_run_02_low_spoof_medium_flood,369,369.0,370.0,flooding,flooding,flooding,high_id_cardinality_or_unknown_id_ratio,100,99,1.0,,,101.01
007_matrix_run_02_low_spoof_medium_flood,370,370.0,371.0,flooding,flooding,flooding,high_id_cardinality_or_unknown_id_ratio,100,99,1.0,,,101.01
007_matrix_run_02_low_spoof_medium_flood,371,371.0,372.0,flooding,flooding,flooding,high_id_cardinality_or_unknown_id_ratio,100,99,1.0,,,101.01
007_matrix_run_02_low_spoof_medium_flood,372,372.0,373.0,flooding,flooding,flooding,high_id_cardinality_or_unknown_id_ratio,100,98,1.0,,,101.01
007_matrix_run_02_low_spoof_medium_flood,373,373.0,374.0,flooding,flooding,flooding,high_id_cardinality_or_unknown_id_ratio,100,97,1.0,,,101.01
007_matrix_run_02_low_spoof_medium_flood,374,374.0,375.0,flooding,flooding,flooding,high_id_cardinality_or_unknown_id_ratio,100,99,1.0,,,101.01
007_matrix_run_02_low_spoof_medium_flood,375,375.0,376.0,flooding,flooding,flooding,high_id_cardinality_or_unknown_id_ratio,100,95,1.0,,,101.01
007_matrix_run_02_low_spoof_medium_flood,376,376.0,377.0,flooding,flooding,flooding,high_id_cardinality_or_unknown_id_ratio,100,100,1.0,,,101.01
007_matrix_run_02_low_spoof_medium_flood,377,377.0,378.0,flooding,flooding,flooding,high_id_cardinality_or_unknown_id_ratio,100,98,1.0,,,101.01
007_matrix_run_02_low_spoof_medium_flood,378,378.0,379.0,flooding,flooding,flooding,high_id_cardinality_or_unknown_id_ratio,100,98,1.0,,,101.01
007_matrix_run_02_low_spoof_medium_flood,379,379.0,380.0,flooding,flooding,flooding,high_id_cardinality_or_unknown_id_ratio,100,94,1.0,,,101.01
007_matrix_run_02_low_spoof_medium_flood,380,380.0,381.0,flooding,flooding,flooding,high_id_cardinality_or_unknown_id_ratio,100,97,0.99,,,101.01
007_matrix_run_02_low_spoof_medium_flood,381,381.0,382.0,flooding,flooding,flooding,high_id_cardinality_or_unknown_id_ratio,100,99,1.0,,,101.01
007_matrix_run_02_low_spoof_medium_flood,382,382.0,383.0,flooding,flooding,flooding,high_id_cardinality_or_unknown_id_ratio,100,97,1.0,,,101.01
007_matrix_run_02_low_spoof_medium_flood,383,383.0,384.0,flooding,flooding,flooding,high_id_cardinality_or_unknown_id_ratio,100,97,0.99,,,101.01
007_matrix_run_02_low_spoof_medium_flood,384,384.0,385.0,flooding,flooding,flooding,high_id_cardinality_or_unknown_id_ratio,100,96,1.0,,,101.01
007_matrix_run_02_low_spoof_medium_flood,385,385.0,386.0,flooding,flooding,flooding,high_id_cardinality_or_unknown_id_ratio,100,100,1.0,,,101.01
007_matrix_run_02_low_spoof_medium_flood,386,386.0,387.0,flooding,flooding,flooding,high_id_cardinality_or_unknown_id_ratio,100,94,1.0,,,101.01
007_matrix_run_02_low_spoof_medium_flood,387,387.0,388.0,flooding,flooding,flooding,high_id_cardinality_or_unknown_id_ratio,100,98,1.0,,,101.01
007_matrix_run_02_low_spoof_medium_flood,388,388.0,389.0,flooding,flooding,flooding,high_id_cardinality_or_unknown_id_ratio,100,94,1.0,,,101.01
007_matrix_run_02_low_spoof_medium_flood,389,389.0,390.0,flooding,flooding,flooding,high_id_cardinality_or_unknown_id_ratio,100,98,1.0,,,101.01
007_matrix_run_02_low_spoof_medium_flood,390,390.0,391.0,flooding,flooding,flooding,high_id_cardinality_or_unknown_id_ratio,100,98,0.99,,,101.01
007_matrix_run_02_low_spoof_medium_flood,391,391.0,392.0,flooding,flooding,flooding,high_id_cardinality_or_unknown_id_ratio,100,100,0.99,,,101.01
007_matrix_run_02_low_spoof_medium_flood,392,392.0,393.0,flooding,flooding,flooding,high_id_cardinality_or_unknown_id_ratio,100,100,1.0,,,101.01
007_matrix_run_02_low_spoof_medium_flood,393,393.0,394.0,flooding,flooding,flooding,high_id_cardinality_or_unknown_id_ratio,100,99,0.99,,,101.01
007_matrix_run_02_low_spoof_medium_flood,394,394.0,395.0,flooding,flooding,flooding,high_id_cardinality_or_unknown_id_ratio,100,97,1.0,,,101.01
007_matrix_run_02_low_spoof_medium_flood,395,395.0,396.0,flooding,flooding,flooding,high_id_cardinality_or_unknown_id_ratio,100,98,1.0,,,101.01
007_matrix_run_02_low_spoof_medium_flood,396,396.0,397.0,flooding,flooding,flooding,high_id_cardinality_or_unknown_id_ratio,100,98,1.0,,,101.01
007_matrix_run_02_low_spoof_medium_flood,397,397.0,398.0,flooding,flooding,flooding,high_id_cardinality_or_unknown_id_ratio,100,97,1.0,,,101.01
007_matrix_run_02_low_spoof_medium_flood,398,398.0,399.0,flooding,flooding,flooding,high_id_cardinality_or_unknown_id_ratio,100,97,0.99,,,101.01
007_matrix_run_02_low_spoof_medium_flood,399,399.0,400.0,flooding,flooding,flooding,high_id_cardinality_or_unknown_id_ratio,100,97,1.0,,,101.01
007_matrix_run_02_low_spoof_medium_flood,400,400.0,401.0,flooding,flooding,flooding,high_id_cardinality_or_unknown_id_ratio,100,98,1.0,,,101.01
007_matrix_run_02_low_spoof_medium_flood,401,401.0,402.0,flooding,flooding,flooding,high_id_cardinality_or_unknown_id_ratio,100,100,1.0,,,101.01
007_matrix_run_02_low_spoof_medium_flood,402,402.0,403.0,flooding,flooding,flooding,high_id_cardinality_or_unknown_id_ratio,100,97,1.0,,,101.01
007_matrix_run_02_low_spoof_medium_flood,403,403.0,404.0,flooding,flooding,flooding,high_id_cardinality_or_unknown_id_ratio,100,98,1.0,,,101.01
007_matrix_run_02_low_spoof_medium_flood,404,404.0,405.0,flooding,flooding,flooding,high_id_cardinality_or_unknown_id_ratio,100,95,1.0,,,101.01
007_matrix_run_02_low_spoof_medium_flood,405,405.0,406.0,flooding,flooding,flooding,high_id_cardinality_or_unknown_id_ratio,100,99,1.0,,,101.01
007_matrix_run_02_low_spoof_medium_flood,406,406.0,407.0,flooding,flooding,flooding,high_id_cardinality_or_unknown_id_ratio,100,95,1.0,,,101.01
007_matrix_run_02_low_spoof_medium_flood,407,407.0,408.0,flooding,flooding,flooding,high_id_cardinality_or_unknown_id_ratio,100,98,1.0,,,101.01
007_matrix_run_02_low_spoof_medium_flood,408,408.0,409.0,flooding,flooding,flooding,high_id_cardinality_or_unknown_id_ratio,100,99,1.0,,,101.01
007_matrix_run_02_low_spoof_medium_flood,409,409.0,410.0,flooding,flooding,flooding,high_id_cardinality_or_unknown_id_ratio,100,98,1.0,,,101.01
007_matrix_run_02_low_spoof_medium_flood,410,410.0,411.0,flooding,flooding,flooding,high_id_cardinality_or_unknown_id_ratio,100,98,0.98,,,101.01
007_matrix_run_02_low_spoof_medium_flood,411,411.0,412.0,flooding,flooding,flooding,high_id_cardinality_or_unknown_id_ratio,100,99,1.0,,,101.01
007_matrix_run_02_low_spoof_medium_flood,412,412.0,413.0,flooding,flooding,flooding,high_id_cardinality_or_unknown_id_ratio,100,99,1.0,,,101.01
007_matrix_run_02_low_spoof_medium_flood,413,413.0,414.0,flooding,flooding,flooding,high_id_cardinality_or_unknown_id_ratio,100,96,1.0,,,101.01
007_matrix_run_02_low_spoof_medium_flood,414,414.0,415.0,flooding,flooding,flooding,high_id_cardinality_or_unknown_id_ratio,100,97,1.0,,,101.01
007_matrix_run_02_low_spoof_medium_flood,415,415.0,416.0,flooding,flooding,flooding,high_id_cardinality_or_unknown_id_ratio,100,98,0.99,,,101.01
007_matrix_run_02_low_spoof_medium_flood,416,416.0,417.0,flooding,flooding,flooding,high_id_cardinality_or_unknown_id_ratio,100,100,1.0,,,101.01
007_matrix_run_02_low_spoof_medium_flood,417,417.0,418.0,flooding,flooding,flooding,high_id_cardinality_or_unknown_id_ratio,100,98,1.0,,,101.01
007_matrix_run_02_low_spoof_medium_flood,418,418.0,419.0,flooding,flooding,flooding,high_id_cardinality_or_unknown_id_ratio,100,99,1.0,,,101.01
007_matrix_run_02_low_spoof_medium_flood,419,419.0,420.0,flooding,flooding,flooding,high_id_cardinality_or_unknown_id_ratio,100,97,1.0,,,101.01
007_matrix_run_02_low_spoof_medium_flood,420,420.0,421.0,recovery,normal,normal,no_rule_triggered,63,4,0.0,87.0,87.0,66.316
007_matrix_run_02_low_spoof_medium_flood,421,421.0,422.0,recovery,normal,normal,no_rule_triggered,62,4,0.0,87.0,86.85,65.263
007_matrix_run_02_low_spoof_medium_flood,422,422.0,423.0,recovery,normal,normal,no_rule_triggered,63,4,0.0,86.0,85.65,66.316
007_matrix_run_02_low_spoof_medium_flood,423,423.0,424.0,recovery,normal,normal,no_rule_triggered,62,4,0.0,85.0,84.1,65.263
007_matrix_run_02_low_spoof_medium_flood,424,424.0,425.0,recovery,normal,normal,no_rule_triggered,63,4,0.0,83.0,82.15,66.316
007_matrix_run_02_low_spoof_medium_flood,425,425.0,426.0,recovery,normal,normal,no_rule_triggered,62,4,0.0,81.0,80.2,65.263
007_matrix_run_02_low_spoof_medium_flood,426,426.0,427.0,recovery,normal,normal,no_rule_triggered,63,4,0.0,79.0,78.45,66.316
007_matrix_run_02_low_spoof_medium_flood,427,427.0,428.0,recovery,normal,normal,no_rule_triggered,62,4,0.0,78.0,77.2,65.263
007_matrix_run_02_low_spoof_medium_flood,428,428.0,429.0,recovery,normal,normal,no_rule_triggered,63,4,0.0,77.0,77.0,66.316
007_matrix_run_02_low_spoof_medium_flood,429,429.0,430.0,recovery,normal,normal,no_rule_triggered,62,4,0.0,77.0,77.0,65.263
007_matrix_run_02_low_spoof_medium_flood,430,430.0,431.0,recovery,normal,normal,no_rule_triggered,63,4,0.0,78.0,77.5,66.316
007_matrix_run_02_low_spoof_medium_flood,431,431.0,432.0,recovery,normal,normal,no_rule_triggered,62,4,0.0,80.0,78.9,65.263
007_matrix_run_02_low_spoof_medium_flood,432,432.0,433.0,recovery,normal,normal,no_rule_triggered,63,4,0.0,82.0,80.7,66.316
007_matrix_run_02_low_spoof_medium_flood,433,433.0,434.0,recovery,normal,normal,no_rule_triggered,62,4,0.0,84.0,82.7,65.263
007_matrix_run_02_low_spoof_medium_flood,434,434.0,435.0,recovery,normal,normal,no_rule_triggered,63,4,0.0,85.0,84.6,66.316
007_matrix_run_02_low_spoof_medium_flood,435,435.0,436.0,recovery,normal,normal,no_rule_triggered,62,4,0.0,87.0,86.1,65.263
007_matrix_run_02_low_spoof_medium_flood,436,436.0,437.0,recovery,normal,normal,no_rule_triggered,63,4,0.0,87.0,87.0,66.316
007_matrix_run_02_low_spoof_medium_flood,437,437.0,438.0,recovery,normal,normal,no_rule_triggered,62,4,0.0,87.0,87.0,65.263
007_matrix_run_02_low_spoof_medium_flood,438,438.0,439.0,recovery,normal,normal,no_rule_triggered,63,4,0.0,87.0,85.8,66.316
007_matrix_run_02_low_spoof_medium_flood,439,439.0,440.0,recovery,normal,normal,no_rule_triggered,62,4,0.0,85.0,83.9,65.263
007_matrix_run_02_low_spoof_medium_flood,440,440.0,441.0,recovery,normal,normal,no_rule_triggered,63,4,0.0,83.0,81.0,66.316
007_matrix_run_02_low_spoof_medium_flood,441,441.0,442.0,recovery,normal,normal,no_rule_triggered,62,4,0.0,79.0,77.3,65.263
007_matrix_run_02_low_spoof_medium_flood,442,442.0,443.0,recovery,normal,normal,no_rule_triggered,63,4,0.0,75.0,73.2,66.316
007_matrix_run_02_low_spoof_medium_flood,443,443.0,444.0,recovery,normal,normal,no_rule_triggered,62,4,0.0,71.0,68.9,65.263
007_matrix_run_02_low_spoof_medium_flood,444,444.0,445.0,recovery,normal,normal,no_rule_triggered,63,4,0.0,67.0,64.65,66.316
007_matrix_run_02_low_spoof_medium_flood,445,445.0,446.0,recovery,normal,normal,no_rule_triggered,62,4,0.0,63.0,60.75,65.263
007_matrix_run_02_low_spoof_medium_flood,446,446.0,447.0,recovery,normal,normal,no_rule_triggered,63,4,0.0,59.0,57.45,66.316
007_matrix_run_02_low_spoof_medium_flood,447,447.0,448.0,recovery,normal,normal,no_rule_triggered,62,4,0.0,56.0,54.95,65.263
007_matrix_run_02_low_spoof_medium_flood,448,448.0,449.0,recovery,normal,normal,no_rule_triggered,63,4,0.0,54.0,53.3,66.316
007_matrix_run_02_low_spoof_medium_flood,449,449.0,450.0,recovery,normal,normal,no_rule_triggered,62,4,0.0,53.0,52.4,65.263
007_matrix_run_02_low_spoof_medium_flood,450,450.0,451.0,recovery,normal,normal,no_rule_triggered,63,4,0.0,53.0,52.1,66.316
007_matrix_run_02_low_spoof_medium_flood,451,451.0,452.0,recovery,normal,normal,no_rule_triggered,62,4,0.0,53.0,53.0,65.263
007_matrix_run_02_low_spoof_medium_flood,452,452.0,453.0,recovery,normal,normal,no_rule_triggered,63,4,0.0,54.0,53.6,66.316
007_matrix_run_02_low_spoof_medium_flood,453,453.0,454.0,recovery,normal,normal,no_rule_triggered,62,4,0.0,55.0,54.25,65.263
007_matrix_run_02_low_spoof_medium_flood,454,454.0,455.0,recovery,normal,normal,no_rule_triggered,63,4,0.0,55.0,55.0,66.316
007_matrix_run_02_low_spoof_medium_flood,455,455.0,456.0,recovery,normal,normal,no_rule_triggered,62,4,0.0,55.0,55.0,65.263
007_matrix_run_02_low_spoof_medium_flood,456,456.0,457.0,recovery,normal,normal,no_rule_triggered,63,4,0.0,55.0,54.1,66.316
007_matrix_run_02_low_spoof_medium_flood,457,457.0,458.0,recovery,normal,normal,no_rule_triggered,62,4,0.0,53.0,52.6,65.263
007_matrix_run_02_low_spoof_medium_flood,458,458.0,459.0,recovery,normal,normal,no_rule_triggered,63,4,0.0,52.0,50.3,66.316
007_matrix_run_02_low_spoof_medium_flood,459,459.0,460.0,recovery,normal,normal,no_rule_triggered,62,4,0.0,49.0,47.45,65.263
007_matrix_run_02_low_spoof_medium_flood,460,460.0,461.0,recovery,normal,normal,no_rule_triggered,63,4,0.0,46.0,43.9,66.316
007_matrix_run_02_low_spoof_medium_flood,461,461.0,462.0,recovery,normal,normal,no_rule_triggered,62,4,0.0,42.0,40.2,65.263
007_matrix_run_02_low_spoof_medium_flood,462,462.0,463.0,recovery,normal,normal,no_rule_triggered,63,4,0.0,38.0,36.5,66.316
007_matrix_run_02_low_spoof_medium_flood,463,463.0,464.0,recovery,normal,normal,no_rule_triggered,62,4,0.0,35.0,33.1,65.263
007_matrix_run_02_low_spoof_medium_flood,464,464.0,465.0,recovery,normal,normal,no_rule_triggered,63,4,0.0,32.0,30.3,66.316
007_matrix_run_02_low_spoof_medium_flood,465,465.0,466.0,recovery,normal,normal,no_rule_triggered,62,4,0.0,29.0,28.35,65.263
007_matrix_run_02_low_spoof_medium_flood,466,466.0,467.0,recovery,normal,normal,no_rule_triggered,63,4,0.0,28.0,27.15,66.316
007_matrix_run_02_low_spoof_medium_flood,467,467.0,468.0,recovery,normal,normal,no_rule_triggered,62,4,0.0,28.0,27.15,65.263
007_matrix_run_02_low_spoof_medium_flood,468,468.0,469.0,recovery,normal,normal,no_rule_triggered,63,4,0.0,29.0,28.3,66.316
007_matrix_run_02_low_spoof_medium_flood,469,469.0,470.0,recovery,normal,normal,no_rule_triggered,62,4,0.0,31.0,30.05,65.263
007_matrix_run_02_low_spoof_medium_flood,470,470.0,471.0,recovery,normal,normal,no_rule_triggered,63,4,0.0,34.0,32.55,66.316
007_matrix_run_02_low_spoof_medium_flood,471,471.0,472.0,recovery,normal,normal,no_rule_triggered,62,4,0.0,37.0,35.35,65.263
007_matrix_run_02_low_spoof_medium_flood,472,472.0,473.0,recovery,normal,normal,no_rule_triggered,63,4,0.0,40.0,38.2,66.316
007_matrix_run_02_low_spoof_medium_flood,473,473.0,474.0,recovery,normal,normal,no_rule_triggered,62,4,0.0,42.0,41.0,65.263
007_matrix_run_02_low_spoof_medium_flood,474,474.0,475.0,recovery,normal,normal,no_rule_triggered,63,4,0.0,44.0,43.2,66.316
007_matrix_run_02_low_spoof_medium_flood,475,475.0,476.0,recovery,normal,normal,no_rule_triggered,62,4,0.0,45.0,44.75,65.263
007_matrix_run_02_low_spoof_medium_flood,476,476.0,477.0,recovery,normal,normal,no_rule_triggered,63,4,0.0,46.0,45.85,66.316
007_matrix_run_02_low_spoof_medium_flood,477,477.0,478.0,recovery,normal,normal,no_rule_triggered,62,4,0.0,46.0,46.0,65.263
007_matrix_run_02_low_spoof_medium_flood,478,478.0,479.0,recovery,normal,normal,no_rule_triggered,63,4,0.0,46.0,45.3,66.316
007_matrix_run_02_low_spoof_medium_flood,479,479.0,480.0,recovery,normal,normal,no_rule_triggered,62,4,0.0,45.0,44.4,65.263
007_matrix_run_02_low_spoof_medium_flood,480,480.0,481.0,recovery,normal,normal,no_rule_triggered,63,4,0.0,44.0,43.2,66.316
007_matrix_run_02_low_spoof_medium_flood,481,481.0,482.0,recovery,normal,normal,no_rule_triggered,62,4,0.0,43.0,42.05,65.263
007_matrix_run_02_low_spoof_medium_flood,482,482.0,483.0,recovery,normal,normal,no_rule_triggered,63,4,0.0,41.0,41.0,66.316
007_matrix_run_02_low_spoof_medium_flood,483,483.0,484.0,recovery,normal,normal,no_rule_triggered,62,4,0.0,41.0,41.0,65.263
007_matrix_run_02_low_spoof_medium_flood,484,484.0,485.0,recovery,normal,normal,no_rule_triggered,63,4,0.0,42.0,41.4,66.316
007_matrix_run_02_low_spoof_medium_flood,485,485.0,486.0,recovery,normal,normal,no_rule_triggered,62,4,0.0,44.0,42.85,65.263
007_matrix_run_02_low_spoof_medium_flood,486,486.0,487.0,recovery,normal,normal,no_rule_triggered,63,4,0.0,47.0,45.2,66.316
007_matrix_run_02_low_spoof_medium_flood,487,487.0,488.0,recovery,normal,normal,no_rule_triggered,62,4,0.0,50.0,48.4,65.263
007_matrix_run_02_low_spoof_medium_flood,488,488.0,489.0,recovery,normal,normal,no_rule_triggered,63,4,0.0,54.0,52.3,66.316
007_matrix_run_02_low_spoof_medium_flood,489,489.0,490.0,recovery,normal,normal,no_rule_triggered,62,4,0.0,59.0,56.7,65.263
007_matrix_run_02_low_spoof_medium_flood,490,490.0,491.0,recovery,normal,normal,no_rule_triggered,63,4,0.0,63.0,61.25,66.316
007_matrix_run_02_low_spoof_medium_flood,491,491.0,492.0,recovery,normal,normal,no_rule_triggered,62,4,0.0,68.0,65.75,65.263
007_matrix_run_02_low_spoof_medium_flood,492,492.0,493.0,recovery,normal,normal,no_rule_triggered,63,4,0.0,71.0,69.7,66.316
007_matrix_run_02_low_spoof_medium_flood,493,493.0,494.0,recovery,normal,normal,no_rule_triggered,62,4,0.0,74.0,73.1,65.263
007_matrix_run_02_low_spoof_medium_flood,494,494.0,495.0,recovery,normal,normal,no_rule_triggered,63,4,0.0,77.0,75.7,66.316
007_matrix_run_02_low_spoof_medium_flood,495,495.0,496.0,recovery,normal,normal,no_rule_triggered,62,4,0.0,78.0,77.4,65.263
007_matrix_run_02_low_spoof_medium_flood,496,496.0,497.0,recovery,normal,normal,no_rule_triggered,63,4,0.0,78.0,78.0,66.316
007_matrix_run_02_low_spoof_medium_flood,497,497.0,498.0,recovery,normal,normal,no_rule_triggered,62,4,0.0,78.0,78.0,65.263
007_matrix_run_02_low_spoof_medium_flood,498,498.0,499.0,recovery,normal,normal,no_rule_triggered,63,4,0.0,78.0,77.2,66.316
007_matrix_run_02_low_spoof_medium_flood,499,499.0,500.0,recovery,normal,normal,no_rule_triggered,62,4,0.0,77.0,76.2,65.263
007_matrix_run_02_low_spoof_medium_flood,500,500.0,501.0,recovery,normal,normal,no_rule_triggered,63,4,0.0,75.0,74.85,66.316
007_matrix_run_02_low_spoof_medium_flood,501,501.0,502.0,recovery,normal,normal,no_rule_triggered,62,4,0.0,74.0,73.95,65.263
007_matrix_run_02_low_spoof_medium_flood,502,502.0,503.0,recovery,normal,normal,no_rule_triggered,63,4,0.0,73.0,73.0,66.316
007_matrix_run_02_low_spoof_medium_flood,503,503.0,504.0,recovery,normal,normal,no_rule_triggered,62,4,0.0,73.0,73.0,65.263
007_matrix_run_02_low_spoof_medium_flood,504,504.0,505.0,recovery,normal,normal,no_rule_triggered,63,4,0.0,74.0,73.9,66.316
007_matrix_run_02_low_spoof_medium_flood,505,505.0,506.0,recovery,normal,normal,no_rule_triggered,62,4,0.0,76.0,75.4,65.263
007_matrix_run_02_low_spoof_medium_flood,506,506.0,507.0,recovery,normal,normal,no_rule_triggered,63,4,0.0,79.0,77.5,66.316
007_matrix_run_02_low_spoof_medium_flood,507,507.0,508.0,recovery,normal,normal,no_rule_triggered,62,4,0.0,81.0,80.05,65.263
007_matrix_run_02_low_spoof_medium_flood,508,508.0,509.0,recovery,normal,normal,no_rule_triggered,63,4,0.0,84.0,82.95,66.316
007_matrix_run_02_low_spoof_medium_flood,509,509.0,510.0,recovery,normal,normal,no_rule_triggered,62,4,0.0,87.0,85.8,65.263
007_matrix_run_02_low_spoof_medium_flood,510,510.0,511.0,recovery,normal,normal,no_rule_triggered,63,4,0.0,89.0,88.35,66.316
007_matrix_run_02_low_spoof_medium_flood,511,511.0,512.0,recovery,normal,normal,no_rule_triggered,62,4,0.0,91.0,90.45,65.263
007_matrix_run_02_low_spoof_medium_flood,512,512.0,513.0,recovery,normal,normal,no_rule_triggered,63,4,0.0,92.0,91.65,66.316
007_matrix_run_02_low_spoof_medium_flood,513,513.0,514.0,recovery,normal,normal,no_rule_triggered,62,4,0.0,92.0,92.0,65.263
007_matrix_run_02_low_spoof_medium_flood,514,514.0,515.0,recovery,normal,normal,no_rule_triggered,63,4,0.0,92.0,90.95,66.316
007_matrix_run_02_low_spoof_medium_flood,515,515.0,516.0,recovery,normal,normal,no_rule_triggered,62,4,0.0,90.0,89.2,65.263
007_matrix_run_02_low_spoof_medium_flood,516,516.0,517.0,recovery,normal,normal,no_rule_triggered,63,4,0.0,88.0,86.6,66.316
007_matrix_run_02_low_spoof_medium_flood,517,517.0,518.0,recovery,normal,normal,no_rule_triggered,62,4,0.0,85.0,83.35,65.263
007_matrix_run_02_low_spoof_medium_flood,518,518.0,519.0,recovery,normal,normal,no_rule_triggered,63,4,0.0,81.0,79.6,66.316
007_matrix_run_02_low_spoof_medium_flood,519,519.0,520.0,recovery,normal,normal,no_rule_triggered,62,4,0.0,78.0,75.9,65.263
007_matrix_run_02_low_spoof_medium_flood,520,520.0,521.0,recovery,normal,normal,no_rule_triggered,63,4,0.0,74.0,72.35,66.316
007_matrix_run_02_low_spoof_medium_flood,521,521.0,522.0,recovery,normal,normal,no_rule_triggered,62,4,0.0,71.0,69.2,65.263
007_matrix_run_02_low_spoof_medium_flood,522,522.0,523.0,recovery,normal,normal,no_rule_triggered,63,4,0.0,68.0,66.85,66.316
007_matrix_run_02_low_spoof_medium_flood,523,523.0,524.0,recovery,normal,normal,no_rule_triggered,62,4,0.0,66.0,65.25,65.263
007_matrix_run_02_low_spoof_medium_flood,524,524.0,525.0,recovery,normal,normal,no_rule_triggered,63,4,0.0,65.0,64.1,66.316
007_matrix_run_02_low_spoof_medium_flood,525,525.0,526.0,recovery,normal,normal,no_rule_triggered,62,4,0.0,64.0,64.0,65.263
007_matrix_run_02_low_spoof_medium_flood,526,526.0,527.0,recovery,normal,normal,no_rule_triggered,63,4,0.0,65.0,64.5,66.316
007_matrix_run_02_low_spoof_medium_flood,527,527.0,528.0,recovery,normal,normal,no_rule_triggered,62,4,0.0,66.0,65.15,65.263
007_matrix_run_02_low_spoof_medium_flood,528,528.0,529.0,recovery,normal,normal,no_rule_triggered,63,4,0.0,66.0,66.0,66.316
007_matrix_run_02_low_spoof_medium_flood,529,529.0,530.0,recovery,normal,normal,no_rule_triggered,62,4,0.0,67.0,66.65,65.263
007_matrix_run_02_low_spoof_medium_flood,530,530.0,531.0,recovery,normal,normal,no_rule_triggered,63,4,0.0,67.0,66.8,66.316
007_matrix_run_02_low_spoof_medium_flood,531,531.0,532.0,recovery,normal,normal,no_rule_triggered,62,4,0.0,66.0,65.9,65.263
007_matrix_run_02_low_spoof_medium_flood,532,532.0,533.0,recovery,normal,normal,no_rule_triggered,63,4,0.0,65.0,64.5,66.316
007_matrix_run_02_low_spoof_medium_flood,533,533.0,534.0,recovery,normal,normal,no_rule_triggered,62,4,0.0,63.0,62.15,65.263
007_matrix_run_02_low_spoof_medium_flood,534,534.0,535.0,recovery,normal,normal,no_rule_triggered,63,4,0.0,61.0,59.1,66.316
007_matrix_run_02_low_spoof_medium_flood,535,535.0,536.0,recovery,normal,normal,no_rule_triggered,62,4,0.0,57.0,55.3,65.263
007_matrix_run_02_low_spoof_medium_flood,536,536.0,537.0,recovery,normal,normal,no_rule_triggered,63,4,0.0,53.0,51.1,66.316
007_matrix_run_02_low_spoof_medium_flood,537,537.0,538.0,recovery,normal,normal,no_rule_triggered,62,4,0.0,49.0,46.75,65.263
007_matrix_run_02_low_spoof_medium_flood,538,538.0,539.0,recovery,normal,normal,no_rule_triggered,63,4,0.0,44.0,42.5,66.316
007_matrix_run_02_low_spoof_medium_flood,539,539.0,540.0,recovery,normal,normal,no_rule_triggered,62,4,0.0,40.0,38.7,65.263
007_matrix_run_02_low_spoof_medium_flood,540,540.0,541.0,recovery,normal,normal,no_rule_triggered,63,4,0.0,37.0,35.75,66.316
007_matrix_run_02_low_spoof_medium_flood,541,541.0,542.0,recovery,normal,normal,no_rule_triggered,62,4,0.0,34.0,33.5,65.263
007_matrix_run_02_low_spoof_medium_flood,542,542.0,543.0,recovery,normal,normal,no_rule_triggered,63,4,0.0,33.0,32.2,66.316
007_matrix_run_02_low_spoof_medium_flood,543,543.0,544.0,recovery,normal,normal,no_rule_triggered,62,4,0.0,32.0,32.0,65.263
007_matrix_run_02_low_spoof_medium_flood,544,544.0,545.0,recovery,normal,normal,no_rule_triggered,63,4,0.0,33.0,32.65,66.316
007_matrix_run_02_low_spoof_medium_flood,545,545.0,546.0,recovery,normal,normal,no_rule_triggered,62,4,0.0,35.0,34.0,65.263
007_matrix_run_02_low_spoof_medium_flood,546,546.0,547.0,recovery,normal,normal,no_rule_triggered,63,4,0.0,37.0,35.8,66.316
007_matrix_run_02_low_spoof_medium_flood,547,547.0,548.0,recovery,normal,normal,no_rule_triggered,62,4,0.0,39.0,37.8,65.263
007_matrix_run_02_low_spoof_medium_flood,548,548.0,549.0,recovery,normal,normal,no_rule_triggered,63,4,0.0,40.0,39.6,66.316
007_matrix_run_02_low_spoof_medium_flood,549,549.0,550.0,recovery,normal,normal,no_rule_triggered,62,4,0.0,42.0,41.3,65.263
007_matrix_run_02_low_spoof_medium_flood,550,550.0,551.0,recovery,normal,normal,no_rule_triggered,63,4,0.0,42.0,42.0,66.316
007_matrix_run_02_low_spoof_medium_flood,551,551.0,552.0,recovery,normal,normal,no_rule_triggered,62,4,0.0,42.0,42.0,65.263
007_matrix_run_02_low_spoof_medium_flood,552,552.0,553.0,recovery,normal,normal,no_rule_triggered,63,4,0.0,42.0,42.0,66.316
007_matrix_run_02_low_spoof_medium_flood,553,553.0,554.0,recovery,normal,normal,no_rule_triggered,62,4,0.0,42.0,40.8,65.263
007_matrix_run_02_low_spoof_medium_flood,554,554.0,555.0,recovery,normal,normal,no_rule_triggered,63,4,0.0,40.0,39.25,66.316
007_matrix_run_02_low_spoof_medium_flood,555,555.0,556.0,recovery,normal,normal,no_rule_triggered,62,4,0.0,38.0,37.3,65.263
007_matrix_run_02_low_spoof_medium_flood,556,556.0,557.0,recovery,normal,normal,no_rule_triggered,63,4,0.0,36.0,35.35,66.316
007_matrix_run_02_low_spoof_medium_flood,557,557.0,558.0,recovery,normal,normal,no_rule_triggered,62,4,0.0,34.0,33.55,65.263
007_matrix_run_02_low_spoof_medium_flood,558,558.0,559.0,recovery,normal,normal,no_rule_triggered,63,4,0.0,33.0,32.4,66.316
007_matrix_run_02_low_spoof_medium_flood,559,559.0,560.0,recovery,normal,normal,no_rule_triggered,62,4,0.0,32.0,32.0,65.263
007_matrix_run_02_low_spoof_medium_flood,560,560.0,561.0,recovery,normal,normal,no_rule_triggered,63,4,0.0,33.0,32.45,66.316
007_matrix_run_02_low_spoof_medium_flood,561,561.0,562.0,recovery,normal,normal,no_rule_triggered,62,4,0.0,35.0,34.0,65.263
007_matrix_run_02_low_spoof_medium_flood,562,562.0,563.0,recovery,normal,normal,no_rule_triggered,63,4,0.0,38.0,36.4,66.316
007_matrix_run_02_low_spoof_medium_flood,563,563.0,564.0,recovery,normal,normal,no_rule_triggered,62,4,0.0,41.0,39.6,65.263
007_matrix_run_02_low_spoof_medium_flood,564,564.0,565.0,recovery,normal,normal,no_rule_triggered,63,4,0.0,46.0,43.55,66.316
007_matrix_run_02_low_spoof_medium_flood,565,565.0,566.0,recovery,normal,normal,no_rule_triggered,62,4,0.0,50.0,47.85,65.263
007_matrix_run_02_low_spoof_medium_flood,566,566.0,567.0,recovery,normal,normal,no_rule_triggered,63,4,0.0,54.0,52.2,66.316
007_matrix_run_02_low_spoof_medium_flood,567,567.0,568.0,recovery,normal,normal,no_rule_triggered,62,4,0.0,58.0,56.3,65.263
007_matrix_run_02_low_spoof_medium_flood,568,568.0,569.0,recovery,normal,normal,no_rule_triggered,63,4,0.0,61.0,59.9,66.316
007_matrix_run_02_low_spoof_medium_flood,569,569.0,570.0,recovery,normal,normal,no_rule_triggered,62,4,0.0,64.0,62.9,65.263
007_matrix_run_02_low_spoof_medium_flood,570,570.0,571.0,recovery,normal,normal,no_rule_triggered,63,4,0.0,66.0,64.9,66.316
007_matrix_run_02_low_spoof_medium_flood,571,571.0,572.0,recovery,normal,normal,no_rule_triggered,62,4,0.0,67.0,66.05,65.263
007_matrix_run_02_low_spoof_medium_flood,572,572.0,573.0,recovery,normal,normal,no_rule_triggered,63,4,0.0,67.0,67.0,66.316
007_matrix_run_02_low_spoof_medium_flood,573,573.0,574.0,recovery,normal,normal,no_rule_triggered,62,4,0.0,67.0,66.4,65.263
007_matrix_run_02_low_spoof_medium_flood,574,574.0,575.0,recovery,normal,normal,no_rule_triggered,63,4,0.0,66.0,65.9,66.316
007_matrix_run_02_low_spoof_medium_flood,575,575.0,576.0,recovery,normal,normal,no_rule_triggered,62,4,0.0,65.0,65.0,65.263
007_matrix_run_02_low_spoof_medium_flood,576,576.0,577.0,recovery,normal,normal,no_rule_triggered,63,4,0.0,65.0,64.25,66.316
007_matrix_run_02_low_spoof_medium_flood,577,577.0,578.0,recovery,normal,normal,no_rule_triggered,62,4,0.0,64.0,64.0,65.263
007_matrix_run_02_low_spoof_medium_flood,578,578.0,579.0,recovery,normal,normal,no_rule_triggered,63,4,0.0,65.0,64.4,66.316
007_matrix_run_02_low_spoof_medium_flood,579,579.0,580.0,recovery,normal,normal,no_rule_triggered,62,4,0.0,66.0,65.5,65.263
007_matrix_run_02_low_spoof_medium_flood,580,580.0,581.0,recovery,normal,normal,no_rule_triggered,63,4,0.0,68.0,67.35,66.316
007_matrix_run_02_low_spoof_medium_flood,581,581.0,582.0,recovery,normal,normal,no_rule_triggered,62,4,0.0,71.0,69.95,65.263
007_matrix_run_02_low_spoof_medium_flood,582,582.0,583.0,recovery,normal,normal,no_rule_triggered,63,4,0.0,75.0,73.25,66.316
007_matrix_run_02_low_spoof_medium_flood,583,583.0,584.0,recovery,normal,normal,no_rule_triggered,62,4,0.0,79.0,76.8,65.263
007_matrix_run_02_low_spoof_medium_flood,584,584.0,585.0,recovery,normal,normal,no_rule_triggered,63,4,0.0,82.0,80.6,66.316
007_matrix_run_02_low_spoof_medium_flood,585,585.0,586.0,recovery,normal,normal,no_rule_triggered,62,4,0.0,86.0,84.2,65.263
007_matrix_run_02_low_spoof_medium_flood,586,586.0,587.0,recovery,normal,normal,no_rule_triggered,63,4,0.0,89.0,87.3,66.316
007_matrix_run_02_low_spoof_medium_flood,587,587.0,588.0,recovery,normal,normal,no_rule_triggered,62,4,0.0,91.0,89.75,65.263
007_matrix_run_02_low_spoof_medium_flood,588,588.0,589.0,recovery,normal,normal,no_rule_triggered,63,4,0.0,92.0,91.35,66.316
007_matrix_run_02_low_spoof_medium_flood,589,589.0,590.0,recovery,normal,normal,no_rule_triggered,62,4,0.0,92.0,92.0,65.263
007_matrix_run_02_low_spoof_medium_flood,590,590.0,591.0,recovery,normal,normal,no_rule_triggered,63,4,0.0,92.0,91.4,66.316
007_matrix_run_02_low_spoof_medium_flood,591,591.0,592.0,recovery,normal,normal,no_rule_triggered,62,4,0.0,91.0,89.95,65.263
007_matrix_run_02_low_spoof_medium_flood,592,592.0,593.0,recovery,normal,normal,no_rule_triggered,63,4,0.0,89.0,87.85,66.316
007_matrix_run_02_low_spoof_medium_flood,593,593.0,594.0,recovery,normal,normal,no_rule_triggered,62,4,0.0,86.0,85.05,65.263
007_matrix_run_02_low_spoof_medium_flood,594,594.0,595.0,recovery,normal,normal,no_rule_triggered,63,4,0.0,84.0,82.2,66.316
007_matrix_run_02_low_spoof_medium_flood,595,595.0,596.0,recovery,normal,normal,no_rule_triggered,62,4,0.0,81.0,79.4,65.263
007_matrix_run_02_low_spoof_medium_flood,596,596.0,597.0,recovery,normal,normal,no_rule_triggered,63,4,0.0,78.0,76.9,66.316
007_matrix_run_02_low_spoof_medium_flood,597,597.0,598.0,recovery,normal,normal,no_rule_triggered,62,4,0.0,76.0,74.9,65.263
007_matrix_run_02_low_spoof_medium_flood,598,598.0,599.0,recovery,normal,normal,no_rule_triggered,63,4,0.0,74.0,73.65,66.316
007_matrix_run_02_low_spoof_medium_flood,599,599.0,600.0,recovery,normal,normal,no_rule_triggered,62,4,0.0,73.0,73.0,65.263
007_matrix_run_03_low_spoof_high_flood,0,0.0,1.0,baseline,normal,normal,no_rule_triggered,63,4,0.0,64.0,61.7,66.316
007_matrix_run_03_low_spoof_high_flood,1,1.0,2.0,baseline,normal,normal,no_rule_triggered,62,4,0.0,68.0,66.05,65.263
007_matrix_run_03_low_spoof_high_flood,2,2.0,3.0,baseline,normal,normal,no_rule_triggered,63,4,0.0,72.0,70.05,66.316
007_matrix_run_03_low_spoof_high_flood,3,3.0,4.0,baseline,normal,normal,no_rule_triggered,62,4,0.0,75.0,73.4,65.263
007_matrix_run_03_low_spoof_high_flood,4,4.0,5.0,baseline,normal,normal,no_rule_triggered,63,4,0.0,77.0,75.9,66.316
007_matrix_run_03_low_spoof_high_flood,5,5.0,6.0,baseline,normal,normal,no_rule_triggered,62,4,0.0,78.0,77.45,65.263
007_matrix_run_03_low_spoof_high_flood,6,6.0,7.0,baseline,normal,normal,no_rule_triggered,63,4,0.0,78.0,78.0,66.316
007_matrix_run_03_low_spoof_high_flood,7,7.0,8.0,baseline,normal,normal,no_rule_triggered,62,4,0.0,78.0,78.0,65.263
007_matrix_run_03_low_spoof_high_flood,8,8.0,9.0,baseline,normal,normal,no_rule_triggered,63,4,0.0,78.0,77.15,66.316
007_matrix_run_03_low_spoof_high_flood,9,9.0,10.0,baseline,normal,normal,no_rule_triggered,62,4,0.0,77.0,76.0,65.263
007_matrix_run_03_low_spoof_high_flood,10,10.0,11.0,baseline,normal,normal,no_rule_triggered,63,4,0.0,75.0,74.75,66.316
007_matrix_run_03_low_spoof_high_flood,11,11.0,12.0,baseline,normal,normal,no_rule_triggered,62,4,0.0,74.0,73.85,65.263
007_matrix_run_03_low_spoof_high_flood,12,12.0,13.0,baseline,normal,normal,no_rule_triggered,63,4,0.0,73.0,73.0,66.316
007_matrix_run_03_low_spoof_high_flood,13,13.0,14.0,baseline,normal,normal,no_rule_triggered,62,4,0.0,73.0,73.0,65.263
007_matrix_run_03_low_spoof_high_flood,14,14.0,15.0,baseline,normal,normal,no_rule_triggered,63,4,0.0,75.0,74.1,66.316
007_matrix_run_03_low_spoof_high_flood,15,15.0,16.0,baseline,normal,normal,no_rule_triggered,62,4,0.0,76.0,75.5,65.263
007_matrix_run_03_low_spoof_high_flood,16,16.0,17.0,baseline,normal,normal,no_rule_triggered,63,4,0.0,79.0,77.7,66.316
007_matrix_run_03_low_spoof_high_flood,17,17.0,18.0,baseline,normal,normal,no_rule_triggered,62,4,0.0,82.0,80.35,65.263
007_matrix_run_03_low_spoof_high_flood,18,18.0,19.0,baseline,normal,normal,no_rule_triggered,63,4,0.0,85.0,83.2,66.316
007_matrix_run_03_low_spoof_high_flood,19,19.0,20.0,baseline,normal,normal,no_rule_triggered,62,4,0.0,87.0,86.05,65.263
007_matrix_run_03_low_spoof_high_flood,20,20.0,21.0,baseline,normal,normal,no_rule_triggered,63,4,0.0,90.0,88.6,66.316
007_matrix_run_03_low_spoof_high_flood,21,21.0,22.0,baseline,normal,normal,no_rule_triggered,62,4,0.0,91.0,90.55,65.263
007_matrix_run_03_low_spoof_high_flood,22,22.0,23.0,baseline,normal,normal,no_rule_triggered,63,4,0.0,92.0,91.7,66.316
007_matrix_run_03_low_spoof_high_flood,23,23.0,24.0,baseline,normal,normal,no_rule_triggered,62,4,0.0,92.0,92.0,65.263
007_matrix_run_03_low_spoof_high_flood,24,24.0,25.0,baseline,normal,normal,no_rule_triggered,63,4,0.0,91.0,90.8,66.316
007_matrix_run_03_low_spoof_high_flood,25,25.0,26.0,baseline,normal,normal,no_rule_triggered,62,4,0.0,90.0,89.05,65.263
007_matrix_run_03_low_spoof_high_flood,26,26.0,27.0,baseline,normal,normal,no_rule_triggered,63,4,0.0,88.0,86.3,66.316
007_matrix_run_03_low_spoof_high_flood,27,27.0,28.0,baseline,normal,normal,no_rule_triggered,62,4,0.0,85.0,82.95,65.263
007_matrix_run_03_low_spoof_high_flood,28,28.0,29.0,baseline,normal,normal,no_rule_triggered,63,4,0.0,81.0,79.35,66.316
007_matrix_run_03_low_spoof_high_flood,29,29.0,30.0,baseline,normal,normal,no_rule_triggered,62,4,0.0,77.0,75.55,65.263
007_matrix_run_03_low_spoof_high_flood,30,30.0,31.0,baseline,normal,normal,no_rule_triggered,63,4,0.0,74.0,72.05,66.316
007_matrix_run_03_low_spoof_high_flood,31,31.0,32.0,baseline,normal,normal,no_rule_triggered,62,4,0.0,70.0,69.0,65.263
007_matrix_run_03_low_spoof_high_flood,32,32.0,33.0,baseline,normal,normal,no_rule_triggered,63,4,0.0,68.0,66.65,66.316
007_matrix_run_03_low_spoof_high_flood,33,33.0,34.0,baseline,normal,normal,no_rule_triggered,62,4,0.0,66.0,65.15,65.263
007_matrix_run_03_low_spoof_high_flood,34,34.0,35.0,baseline,normal,normal,no_rule_triggered,63,4,0.0,65.0,64.05,66.316
007_matrix_run_03_low_spoof_high_flood,35,35.0,36.0,baseline,normal,normal,no_rule_triggered,62,4,0.0,64.0,64.0,65.263
007_matrix_run_03_low_spoof_high_flood,36,36.0,37.0,baseline,normal,normal,no_rule_triggered,63,4,0.0,65.0,64.6,66.316
007_matrix_run_03_low_spoof_high_flood,37,37.0,38.0,baseline,normal,normal,no_rule_triggered,62,4,0.0,66.0,65.25,65.263
007_matrix_run_03_low_spoof_high_flood,38,38.0,39.0,baseline,normal,normal,no_rule_triggered,63,4,0.0,66.0,66.0,66.316
007_matrix_run_03_low_spoof_high_flood,39,39.0,40.0,baseline,normal,normal,no_rule_triggered,62,4,0.0,67.0,66.75,65.263
007_matrix_run_03_low_spoof_high_flood,40,40.0,41.0,baseline,normal,normal,no_rule_triggered,63,4,0.0,67.0,66.75,66.316
007_matrix_run_03_low_spoof_high_flood,41,41.0,42.0,baseline,normal,normal,no_rule_triggered,62,4,0.0,66.0,65.8,65.263
007_matrix_run_03_low_spoof_high_flood,42,42.0,43.0,baseline,normal,normal,no_rule_triggered,63,4,0.0,65.0,64.35,66.316
007_matrix_run_03_low_spoof_high_flood,43,43.0,44.0,baseline,normal,normal,no_rule_triggered,62,4,0.0,63.0,61.95,65.263
007_matrix_run_03_low_spoof_high_flood,44,44.0,45.0,baseline,normal,normal,no_rule_triggered,63,4,0.0,60.0,58.75,66.316
007_matrix_run_03_low_spoof_high_flood,45,45.0,46.0,baseline,normal,normal,no_rule_triggered,62,4,0.0,57.0,54.9,65.263
007_matrix_run_03_low_spoof_high_flood,46,46.0,47.0,baseline,normal,normal,no_rule_triggered,63,4,0.0,53.0,50.75,66.316
007_matrix_run_03_low_spoof_high_flood,47,47.0,48.0,baseline,normal,normal,no_rule_triggered,62,4,0.0,48.0,46.35,65.263
007_matrix_run_03_low_spoof_high_flood,48,48.0,49.0,baseline,normal,normal,no_rule_triggered,63,4,0.0,44.0,42.15,66.316
007_matrix_run_03_low_spoof_high_flood,49,49.0,50.0,baseline,normal,normal,no_rule_triggered,62,4,0.0,40.0,38.5,65.263
007_matrix_run_03_low_spoof_high_flood,50,50.0,51.0,baseline,normal,normal,no_rule_triggered,63,4,0.0,37.0,35.45,66.316
007_matrix_run_03_low_spoof_high_flood,51,51.0,52.0,baseline,normal,normal,no_rule_triggered,62,4,0.0,34.0,33.4,65.263
007_matrix_run_03_low_spoof_high_flood,52,52.0,53.0,baseline,normal,normal,no_rule_triggered,63,4,0.0,33.0,32.1,66.316
007_matrix_run_03_low_spoof_high_flood,53,53.0,54.0,baseline,normal,normal,no_rule_triggered,62,4,0.0,32.0,32.0,65.263
007_matrix_run_03_low_spoof_high_flood,54,54.0,55.0,baseline,normal,normal,no_rule_triggered,63,4,0.0,33.0,32.75,66.316
007_matrix_run_03_low_spoof_high_flood,55,55.0,56.0,baseline,normal,normal,no_rule_triggered,62,4,0.0,35.0,34.2,65.263
007_matrix_run_03_low_spoof_high_flood,56,56.0,57.0,baseline,normal,normal,no_rule_triggered,63,4,0.0,37.0,36.0,66.316
007_matrix_run_03_low_spoof_high_flood,57,57.0,58.0,baseline,normal,normal,no_rule_triggered,62,4,0.0,39.0,38.0,65.263
007_matrix_run_03_low_spoof_high_flood,58,58.0,59.0,baseline,normal,normal,no_rule_triggered,63,4,0.0,41.0,39.8,66.316
007_matrix_run_03_low_spoof_high_flood,59,59.0,60.0,baseline,normal,normal,no_rule_triggered,62,4,0.0,42.0,41.4,65.263
007_matrix_run_03_low_spoof_high_flood,60,60.0,61.0,baseline,normal,normal,no_rule_triggered,63,4,0.0,42.0,42.0,66.316
007_matrix_run_03_low_spoof_high_flood,61,61.0,62.0,baseline,normal,normal,no_rule_triggered,62,4,0.0,42.0,42.0,65.263
007_matrix_run_03_low_spoof_high_flood,62,62.0,63.0,baseline,normal,normal,no_rule_triggered,63,4,0.0,42.0,41.95,66.316
007_matrix_run_03_low_spoof_high_flood,63,63.0,64.0,baseline,normal,normal,no_rule_triggered,62,4,0.0,41.0,40.7,65.263
007_matrix_run_03_low_spoof_high_flood,64,64.0,65.0,baseline,normal,normal,no_rule_triggered,63,4,0.0,40.0,39.1,66.316
007_matrix_run_03_low_spoof_high_flood,65,65.0,66.0,baseline,normal,normal,no_rule_triggered,62,4,0.0,38.0,37.1,65.263
007_matrix_run_03_low_spoof_high_flood,66,66.0,67.0,baseline,normal,normal,no_rule_triggered,63,4,0.0,36.0,35.15,66.316
007_matrix_run_03_low_spoof_high_flood,67,67.0,68.0,baseline,normal,normal,no_rule_triggered,62,4,0.0,34.0,33.45,65.263
007_matrix_run_03_low_spoof_high_flood,68,68.0,69.0,baseline,normal,normal,no_rule_triggered,63,4,0.0,33.0,32.3,66.316
007_matrix_run_03_low_spoof_high_flood,69,69.0,70.0,baseline,normal,normal,no_rule_triggered,62,4,0.0,32.0,32.0,65.263
007_matrix_run_03_low_spoof_high_flood,70,70.0,71.0,baseline,normal,normal,no_rule_triggered,63,4,0.0,33.0,32.55,66.316
007_matrix_run_03_low_spoof_high_flood,71,71.0,72.0,baseline,normal,normal,no_rule_triggered,62,4,0.0,35.0,34.1,65.263
007_matrix_run_03_low_spoof_high_flood,72,72.0,73.0,baseline,normal,normal,no_rule_triggered,63,4,0.0,38.0,36.65,66.316
007_matrix_run_03_low_spoof_high_flood,73,73.0,74.0,baseline,normal,normal,no_rule_triggered,62,4,0.0,42.0,40.0,65.263
007_matrix_run_03_low_spoof_high_flood,74,74.0,75.0,baseline,normal,normal,no_rule_triggered,63,4,0.0,46.0,43.95,66.316
007_matrix_run_03_low_spoof_high_flood,75,75.0,76.0,baseline,normal,normal,no_rule_triggered,62,4,0.0,50.0,48.2,65.263
007_matrix_run_03_low_spoof_high_flood,76,76.0,77.0,baseline,normal,normal,no_rule_triggered,63,4,0.0,55.0,52.6,66.316
007_matrix_run_03_low_spoof_high_flood,77,77.0,78.0,baseline,normal,normal,no_rule_triggered,62,4,0.0,58.0,56.65,65.263
007_matrix_run_03_low_spoof_high_flood,78,78.0,79.0,baseline,normal,normal,no_rule_triggered,63,4,0.0,62.0,60.2,66.316
007_matrix_run_03_low_spoof_high_flood,79,79.0,80.0,baseline,normal,normal,no_rule_triggered,62,4,0.0,64.0,63.1,65.263
007_matrix_run_03_low_spoof_high_flood,80,80.0,81.0,baseline,normal,normal,no_rule_triggered,63,4,0.0,66.0,65.1,66.316
007_matrix_run_03_low_spoof_high_flood,81,81.0,82.0,baseline,normal,normal,no_rule_triggered,62,4,0.0,67.0,66.15,65.263
007_matrix_run_03_low_spoof_high_flood,82,82.0,83.0,baseline,normal,normal,no_rule_triggered,63,4,0.0,67.0,67.0,66.316
007_matrix_run_03_low_spoof_high_flood,83,83.0,84.0,baseline,normal,normal,no_rule_triggered,62,4,0.0,67.0,66.3,65.263
007_matrix_run_03_low_spoof_high_flood,84,84.0,85.0,baseline,normal,normal,no_rule_triggered,63,4,0.0,66.0,65.85,66.316
007_matrix_run_03_low_spoof_high_flood,85,85.0,86.0,baseline,normal,normal,no_rule_triggered,62,4,0.0,65.0,65.0,65.263
007_matrix_run_03_low_spoof_high_flood,86,86.0,87.0,baseline,normal,normal,no_rule_triggered,63,4,0.0,65.0,64.2,66.316
007_matrix_run_03_low_spoof_high_flood,87,87.0,88.0,baseline,normal,normal,no_rule_triggered,62,4,0.0,64.0,64.0,65.263
007_matrix_run_03_low_spoof_high_flood,88,88.0,89.0,baseline,normal,normal,no_rule_triggered,63,4,0.0,65.0,64.45,66.316
007_matrix_run_03_low_spoof_high_flood,89,89.0,90.0,baseline,normal,normal,no_rule_triggered,62,4,0.0,66.0,65.55,65.263
007_matrix_run_03_low_spoof_high_flood,90,90.0,91.0,baseline,normal,normal,no_rule_triggered,63,4,0.0,69.0,67.6,66.316
007_matrix_run_03_low_spoof_high_flood,91,91.0,92.0,baseline,normal,normal,no_rule_triggered,62,4,0.0,72.0,70.25,65.263
007_matrix_run_03_low_spoof_high_flood,92,92.0,93.0,baseline,normal,normal,no_rule_triggered,63,4,0.0,75.0,73.5,66.316
007_matrix_run_03_low_spoof_high_flood,93,93.0,94.0,baseline,normal,normal,no_rule_triggered,62,4,0.0,79.0,77.15,65.263
007_matrix_run_03_low_spoof_high_flood,94,94.0,95.0,baseline,normal,normal,no_rule_triggered,63,4,0.0,83.0,80.9,66.316
007_matrix_run_03_low_spoof_high_flood,95,95.0,96.0,baseline,normal,normal,no_rule_triggered,62,4,0.0,86.0,84.5,65.263
007_matrix_run_03_low_spoof_high_flood,96,96.0,97.0,baseline,normal,normal,no_rule_triggered,63,4,0.0,89.0,87.6,66.316
007_matrix_run_03_low_spoof_high_flood,97,97.0,98.0,baseline,normal,normal,no_rule_triggered,62,4,0.0,91.0,89.95,65.263
007_matrix_run_03_low_spoof_high_flood,98,98.0,99.0,baseline,normal,normal,no_rule_triggered,63,4,0.0,92.0,91.4,66.316
007_matrix_run_03_low_spoof_high_flood,99,99.0,100.0,baseline,normal,normal,no_rule_triggered,62,4,0.0,92.0,92.0,65.263
007_matrix_run_03_low_spoof_high_flood,100,100.0,101.0,baseline,normal,normal,no_rule_triggered,63,4,0.0,92.0,91.3,66.316
007_matrix_run_03_low_spoof_high_flood,101,101.0,102.0,baseline,normal,normal,no_rule_triggered,62,4,0.0,91.0,89.75,65.263
007_matrix_run_03_low_spoof_high_flood,102,102.0,103.0,baseline,normal,normal,no_rule_triggered,63,4,0.0,89.0,87.6,66.316
007_matrix_run_03_low_spoof_high_flood,103,103.0,104.0,baseline,normal,normal,no_rule_triggered,62,4,0.0,86.0,84.95,65.263
007_matrix_run_03_low_spoof_high_flood,104,104.0,105.0,baseline,normal,normal,no_rule_triggered,63,4,0.0,83.0,81.95,66.316
007_matrix_run_03_low_spoof_high_flood,105,105.0,106.0,baseline,normal,normal,no_rule_triggered,62,4,0.0,80.0,79.1,65.263
007_matrix_run_03_low_spoof_high_flood,106,106.0,107.0,baseline,normal,normal,no_rule_triggered,63,4,0.0,78.0,76.75,66.316
007_matrix_run_03_low_spoof_high_flood,107,107.0,108.0,baseline,normal,normal,no_rule_triggered,62,4,0.0,76.0,74.7,65.263
007_matrix_run_03_low_spoof_high_flood,108,108.0,109.0,baseline,normal,normal,no_rule_triggered,63,4,0.0,74.0,73.55,66.316
007_matrix_run_03_low_spoof_high_flood,109,109.0,110.0,baseline,normal,normal,no_rule_triggered,62,4,0.0,73.0,73.0,65.263
007_matrix_run_03_low_spoof_high_flood,110,110.0,111.0,baseline,normal,normal,no_rule_triggered,63,4,0.0,74.0,73.25,66.316
007_matrix_run_03_low_spoof_high_flood,111,111.0,112.0,baseline,normal,normal,no_rule_triggered,62,4,0.0,75.0,74.2,65.263
007_matrix_run_03_low_spoof_high_flood,112,112.0,113.0,baseline,normal,normal,no_rule_triggered,63,4,0.0,76.0,75.35,66.316
007_matrix_run_03_low_spoof_high_flood,113,113.0,114.0,baseline,normal,normal,no_rule_triggered,62,4,0.0,77.0,76.55,65.263
007_matrix_run_03_low_spoof_high_flood,114,114.0,115.0,baseline,normal,normal,no_rule_triggered,63,4,0.0,78.0,77.55,66.316
007_matrix_run_03_low_spoof_high_flood,115,115.0,116.0,baseline,normal,normal,no_rule_triggered,62,4,0.0,78.0,78.0,65.263
007_matrix_run_03_low_spoof_high_flood,116,116.0,117.0,baseline,normal,normal,no_rule_triggered,63,4,0.0,78.0,78.0,66.316
007_matrix_run_03_low_spoof_high_flood,117,117.0,118.0,baseline,normal,normal,no_rule_triggered,62,4,0.0,78.0,76.8,65.263
007_matrix_run_03_low_spoof_high_flood,118,118.0,119.0,baseline,normal,normal,no_rule_triggered,63,4,0.0,76.0,74.95,66.316
007_matrix_run_03_low_spoof_high_flood,119,119.0,120.0,baseline,normal,normal,no_rule_triggered,62,4,0.0,74.0,72.1,65.263
007_matrix_run_03_low_spoof_high_flood,120,120.0,121.0,baseline,normal,normal,no_rule_triggered,63,4,0.0,70.0,68.5,66.316
007_matrix_run_03_low_spoof_high_flood,121,121.0,122.0,baseline,normal,normal,no_rule_triggered,62,4,0.0,66.0,64.2,65.263
007_matrix_run_03_low_spoof_high_flood,122,122.0,123.0,baseline,normal,normal,no_rule_triggered,63,4,0.0,62.0,59.75,66.316
007_matrix_run_03_low_spoof_high_flood,123,123.0,124.0,baseline,normal,normal,no_rule_triggered,62,4,0.0,57.0,55.2,65.263
007_matrix_run_03_low_spoof_high_flood,124,124.0,125.0,baseline,normal,normal,no_rule_triggered,63,4,0.0,53.0,50.9,66.316
007_matrix_run_03_low_spoof_high_flood,125,125.0,126.0,baseline,normal,normal,no_rule_triggered,62,4,0.0,49.0,47.25,65.263
007_matrix_run_03_low_spoof_high_flood,126,126.0,127.0,baseline,normal,normal,no_rule_triggered,63,4,0.0,46.0,44.3,66.316
007_matrix_run_03_low_spoof_high_flood,127,127.0,128.0,baseline,normal,normal,no_rule_triggered,62,4,0.0,43.0,42.35,65.263
007_matrix_run_03_low_spoof_high_flood,128,128.0,129.0,baseline,normal,normal,no_rule_triggered,63,4,0.0,42.0,41.05,66.316
007_matrix_run_03_low_spoof_high_flood,129,129.0,130.0,baseline,normal,normal,no_rule_triggered,62,4,0.0,41.0,41.0,65.263
007_matrix_run_03_low_spoof_high_flood,130,130.0,131.0,baseline,normal,normal,no_rule_triggered,63,4,0.0,42.0,41.35,66.316
007_matrix_run_03_low_spoof_high_flood,131,131.0,132.0,baseline,normal,normal,no_rule_triggered,62,4,0.0,43.0,42.4,65.263
007_matrix_run_03_low_spoof_high_flood,132,132.0,133.0,baseline,normal,normal,no_rule_triggered,63,4,0.0,44.0,43.55,66.316
007_matrix_run_03_low_spoof_high_flood,133,133.0,134.0,baseline,normal,normal,no_rule_triggered,62,4,0.0,45.0,44.7,65.263
007_matrix_run_03_low_spoof_high_flood,134,134.0,135.0,baseline,normal,normal,no_rule_triggered,63,4,0.0,46.0,45.65,66.316
007_matrix_run_03_low_spoof_high_flood,135,135.0,136.0,baseline,normal,normal,no_rule_triggered,62,4,0.0,46.0,46.0,65.263
007_matrix_run_03_low_spoof_high_flood,136,136.0,137.0,baseline,normal,normal,no_rule_triggered,63,4,0.0,46.0,45.5,66.316
007_matrix_run_03_low_spoof_high_flood,137,137.0,138.0,baseline,normal,normal,no_rule_triggered,62,4,0.0,45.0,44.4,65.263
007_matrix_run_03_low_spoof_high_flood,138,138.0,139.0,baseline,normal,normal,no_rule_triggered,63,4,0.0,43.0,42.45,66.316
007_matrix_run_03_low_spoof_high_flood,139,139.0,140.0,baseline,normal,normal,no_rule_triggered,62,4,0.0,41.0,40.1,65.263
007_matrix_run_03_low_spoof_high_flood,140,140.0,141.0,baseline,normal,normal,no_rule_triggered,63,4,0.0,39.0,37.35,66.316
007_matrix_run_03_low_spoof_high_flood,141,141.0,142.0,baseline,normal,normal,no_rule_triggered,62,4,0.0,36.0,34.35,65.263
007_matrix_run_03_low_spoof_high_flood,142,142.0,143.0,baseline,normal,normal,no_rule_triggered,63,4,0.0,33.0,31.65,66.316
007_matrix_run_03_low_spoof_high_flood,143,143.0,144.0,baseline,normal,normal,no_rule_triggered,62,4,0.0,30.0,29.45,65.263
007_matrix_run_03_low_spoof_high_flood,144,144.0,145.0,baseline,normal,normal,no_rule_triggered,63,4,0.0,28.0,27.8,66.316
007_matrix_run_03_low_spoof_high_flood,145,145.0,146.0,baseline,normal,normal,no_rule_triggered,62,4,0.0,27.0,27.0,65.263
007_matrix_run_03_low_spoof_high_flood,146,146.0,147.0,baseline,normal,normal,no_rule_triggered,63,4,0.0,28.0,27.5,66.316
007_matrix_run_03_low_spoof_high_flood,147,147.0,148.0,baseline,normal,normal,no_rule_triggered,62,4,0.0,30.0,28.85,65.263
007_matrix_run_03_low_spoof_high_flood,148,148.0,149.0,baseline,normal,normal,no_rule_triggered,63,4,0.0,33.0,31.15,66.316
007_matrix_run_03_low_spoof_high_flood,149,149.0,150.0,baseline,normal,normal,no_rule_triggered,62,4,0.0,36.0,34.2,65.263
007_matrix_run_03_low_spoof_high_flood,150,150.0,151.0,baseline,normal,normal,no_rule_triggered,63,4,0.0,40.0,37.75,66.316
007_matrix_run_03_low_spoof_high_flood,151,151.0,152.0,baseline,normal,normal,no_rule_triggered,62,4,0.0,43.0,41.5,65.263
007_matrix_run_03_low_spoof_high_flood,152,152.0,153.0,baseline,normal,normal,no_rule_triggered,63,4,0.0,47.0,45.15,66.316
007_matrix_run_03_low_spoof_high_flood,153,153.0,154.0,baseline,normal,normal,no_rule_triggered,62,4,0.0,50.0,48.45,65.263
007_matrix_run_03_low_spoof_high_flood,154,154.0,155.0,baseline,normal,normal,no_rule_triggered,63,4,0.0,52.0,51.2,66.316
007_matrix_run_03_low_spoof_high_flood,155,155.0,156.0,baseline,normal,normal,no_rule_triggered,62,4,0.0,54.0,53.25,65.263
007_matrix_run_03_low_spoof_high_flood,156,156.0,157.0,baseline,normal,normal,no_rule_triggered,63,4,0.0,55.0,54.45,66.316
007_matrix_run_03_low_spoof_high_flood,157,157.0,158.0,baseline,normal,normal,no_rule_triggered,62,4,0.0,55.0,55.0,65.263
007_matrix_run_03_low_spoof_high_flood,158,158.0,159.0,baseline,normal,normal,no_rule_triggered,63,4,0.0,55.0,54.9,66.316
007_matrix_run_03_low_spoof_high_flood,159,159.0,160.0,baseline,normal,normal,no_rule_triggered,62,4,0.0,54.0,54.0,65.263
007_matrix_run_03_low_spoof_high_flood,160,160.0,161.0,baseline,normal,normal,no_rule_triggered,63,4,0.0,54.0,53.25,66.316
007_matrix_run_03_low_spoof_high_flood,161,161.0,162.0,baseline,normal,normal,no_rule_triggered,62,4,0.0,53.0,52.8,65.263
007_matrix_run_03_low_spoof_high_flood,162,162.0,163.0,baseline,normal,normal,no_rule_triggered,63,4,0.0,52.0,52.0,66.316
007_matrix_run_03_low_spoof_high_flood,163,163.0,164.0,baseline,normal,normal,no_rule_triggered,62,4,0.0,53.0,52.75,65.263
007_matrix_run_03_low_spoof_high_flood,164,164.0,165.0,baseline,normal,normal,no_rule_triggered,63,4,0.0,55.0,53.7,66.316
007_matrix_run_03_low_spoof_high_flood,165,165.0,166.0,baseline,normal,normal,no_rule_triggered,62,4,0.0,57.0,55.7,65.263
007_matrix_run_03_low_spoof_high_flood,166,166.0,167.0,baseline,normal,normal,no_rule_triggered,63,4,0.0,60.0,58.5,66.316
007_matrix_run_03_low_spoof_high_flood,167,167.0,168.0,baseline,normal,normal,no_rule_triggered,62,4,0.0,64.0,62.0,65.263
007_matrix_run_03_low_spoof_high_flood,168,168.0,169.0,baseline,normal,normal,no_rule_triggered,63,4,0.0,68.0,66.05,66.316
007_matrix_run_03_low_spoof_high_flood,169,169.0,170.0,baseline,normal,normal,no_rule_triggered,62,4,0.0,72.0,70.35,65.263
007_matrix_run_03_low_spoof_high_flood,170,170.0,171.0,baseline,normal,normal,no_rule_triggered,63,4,0.0,77.0,74.7,66.316
007_matrix_run_03_low_spoof_high_flood,171,171.0,172.0,baseline,normal,normal,no_rule_triggered,62,4,0.0,80.0,78.65,65.263
007_matrix_run_03_low_spoof_high_flood,172,172.0,173.0,baseline,normal,normal,no_rule_triggered,63,4,0.0,83.0,82.05,66.316
007_matrix_run_03_low_spoof_high_flood,173,173.0,174.0,baseline,normal,normal,no_rule_triggered,62,4,0.0,86.0,84.7,65.263
007_matrix_run_03_low_spoof_high_flood,174,174.0,175.0,baseline,normal,normal,no_rule_triggered,63,4,0.0,87.0,86.35,66.316
007_matrix_run_03_low_spoof_high_flood,175,175.0,176.0,baseline,normal,normal,no_rule_triggered,62,4,0.0,87.0,87.0,65.263
007_matrix_run_03_low_spoof_high_flood,176,176.0,177.0,baseline,normal,normal,no_rule_triggered,63,4,0.0,87.0,86.8,66.316
007_matrix_run_03_low_spoof_high_flood,177,177.0,178.0,baseline,normal,normal,no_rule_triggered,62,4,0.0,86.0,85.6,65.263
007_matrix_run_03_low_spoof_high_flood,178,178.0,179.0,baseline,normal,normal,no_rule_triggered,63,4,0.0,85.0,84.05,66.316
007_matrix_run_03_low_spoof_high_flood,179,179.0,180.0,baseline,normal,normal,no_rule_triggered,62,4,0.0,83.0,82.1,65.263
007_matrix_run_03_low_spoof_high_flood,180,180.0,181.0,spoofing,spoofing,spoofing,decoded_speed_threshold_exceeded,28,3,0.0,161.0,151.231,29.167
007_matrix_run_03_low_spoof_high_flood,181,181.0,182.0,spoofing,spoofing,spoofing,decoded_speed_threshold_exceeded,25,3,0.0,165.0,155.583,28.409
007_matrix_run_03_low_spoof_high_flood,182,182.0,183.0,spoofing,spoofing,spoofing,decoded_speed_threshold_exceeded,27,3,0.0,164.0,153.231,28.125
007_matrix_run_03_low_spoof_high_flood,183,183.0,184.0,spoofing,spoofing,spoofing,decoded_speed_threshold_exceeded,25,3,0.0,162.0,154.917,28.409
007_matrix_run_03_low_spoof_high_flood,184,184.0,185.0,spoofing,spoofing,spoofing,decoded_speed_threshold_exceeded,28,3,0.0,165.0,156.615,29.167
007_matrix_run_03_low_spoof_high_flood,185,185.0,186.0,spoofing,spoofing,spoofing,decoded_speed_threshold_exceeded,25,3,0.0,161.0,152.917,28.409
007_matrix_run_03_low_spoof_high_flood,186,186.0,187.0,spoofing,spoofing,spoofing,decoded_speed_threshold_exceeded,27,3,0.0,165.0,157.769,28.125
007_matrix_run_03_low_spoof_high_flood,187,187.0,188.0,spoofing,spoofing,spoofing,decoded_speed_threshold_exceeded,25,3,0.0,165.0,157.5,28.409
007_matrix_run_03_low_spoof_high_flood,188,188.0,189.0,spoofing,spoofing,spoofing,decoded_speed_threshold_exceeded,28,3,0.0,165.0,154.615,29.167
007_matrix_run_03_low_spoof_high_flood,189,189.0,190.0,spoofing,spoofing,spoofing,decoded_speed_threshold_exceeded,25,3,0.0,163.0,154.25,28.409
007_matrix_run_03_low_spoof_high_flood,190,190.0,191.0,spoofing,spoofing,spoofing,decoded_speed_threshold_exceeded,27,3,0.0,165.0,157.615,28.125
007_matrix_run_03_low_spoof_high_flood,191,191.0,192.0,spoofing,spoofing,spoofing,decoded_speed_threshold_exceeded,25,3,0.0,164.0,154.167,28.409
007_matrix_run_03_low_spoof_high_flood,192,192.0,193.0,spoofing,spoofing,spoofing,decoded_speed_threshold_exceeded,28,3,0.0,165.0,157.077,29.167
007_matrix_run_03_low_spoof_high_flood,193,193.0,194.0,spoofing,spoofing,spoofing,decoded_speed_threshold_exceeded,25,3,0.0,164.0,154.583,28.409
007_matrix_run_03_low_spoof_high_flood,194,194.0,195.0,spoofing,spoofing,spoofing,decoded_speed_threshold_exceeded,27,3,0.0,164.0,153.385,28.125
007_matrix_run_03_low_spoof_high_flood,195,195.0,196.0,spoofing,spoofing,spoofing,decoded_speed_threshold_exceeded,25,3,0.0,165.0,155.833,28.409
007_matrix_run_03_low_spoof_high_flood,196,196.0,197.0,spoofing,spoofing,spoofing,decoded_speed_threshold_exceeded,28,3,0.0,165.0,156.077,29.167
007_matrix_run_03_low_spoof_high_flood,197,197.0,198.0,spoofing,spoofing,spoofing,decoded_speed_threshold_exceeded,25,3,0.0,165.0,153.833,28.409
007_matrix_run_03_low_spoof_high_flood,198,198.0,199.0,spoofing,spoofing,spoofing,decoded_speed_threshold_exceeded,27,3,0.0,161.0,155.0,28.125
007_matrix_run_03_low_spoof_high_flood,199,199.0,200.0,spoofing,spoofing,spoofing,decoded_speed_threshold_exceeded,25,3,0.0,164.0,153.583,28.409
007_matrix_run_03_low_spoof_high_flood,200,200.0,201.0,spoofing,spoofing,spoofing,decoded_speed_threshold_exceeded,28,3,0.0,164.0,153.077,29.167
007_matrix_run_03_low_spoof_high_flood,201,201.0,202.0,spoofing,spoofing,spoofing,decoded_speed_threshold_exceeded,25,3,0.0,165.0,157.917,28.409
007_matrix_run_03_low_spoof_high_flood,202,202.0,203.0,spoofing,spoofing,spoofing,decoded_speed_threshold_exceeded,27,3,0.0,164.0,155.846,28.125
007_matrix_run_03_low_spoof_high_flood,203,203.0,204.0,spoofing,spoofing,spoofing,decoded_speed_threshold_exceeded,25,3,0.0,165.0,154.333,28.409
007_matrix_run_03_low_spoof_high_flood,204,204.0,205.0,spoofing,spoofing,spoofing,decoded_speed_threshold_exceeded,28,3,0.0,164.0,155.308,29.167
007_matrix_run_03_low_spoof_high_flood,205,205.0,206.0,spoofing,spoofing,spoofing,decoded_speed_threshold_exceeded,25,3,0.0,162.0,154.75,28.409
007_matrix_run_03_low_spoof_high_flood,206,206.0,207.0,spoofing,spoofing,spoofing,decoded_speed_threshold_exceeded,27,3,0.0,165.0,153.0,28.125
007_matrix_run_03_low_spoof_high_flood,207,207.0,208.0,spoofing,spoofing,spoofing,decoded_speed_threshold_exceeded,25,3,0.0,165.0,157.0,28.409
007_matrix_run_03_low_spoof_high_flood,208,208.0,209.0,spoofing,spoofing,spoofing,decoded_speed_threshold_exceeded,28,3,0.0,165.0,158.077,29.167
007_matrix_run_03_low_spoof_high_flood,209,209.0,210.0,spoofing,spoofing,spoofing,decoded_speed_threshold_exceeded,25,3,0.0,165.0,155.5,28.409
007_matrix_run_03_low_spoof_high_flood,210,210.0,211.0,spoofing,spoofing,spoofing,decoded_speed_threshold_exceeded,27,3,0.0,165.0,156.615,28.125
007_matrix_run_03_low_spoof_high_flood,211,211.0,212.0,spoofing,spoofing,spoofing,decoded_speed_threshold_exceeded,25,3,0.0,165.0,156.333,28.409
007_matrix_run_03_low_spoof_high_flood,212,212.0,213.0,spoofing,spoofing,spoofing,decoded_speed_threshold_exceeded,28,3,0.0,164.0,154.769,29.167
007_matrix_run_03_low_spoof_high_flood,213,213.0,214.0,spoofing,spoofing,spoofing,decoded_speed_threshold_exceeded,25,3,0.0,164.0,157.75,28.409
007_matrix_run_03_low_spoof_high_flood,214,214.0,215.0,spoofing,spoofing,spoofing,decoded_speed_threshold_exceeded,27,3,0.0,165.0,153.923,28.125
007_matrix_run_03_low_spoof_high_flood,215,215.0,216.0,spoofing,spoofing,spoofing,decoded_speed_threshold_exceeded,25,3,0.0,165.0,159.083,28.409
007_matrix_run_03_low_spoof_high_flood,216,216.0,217.0,spoofing,spoofing,spoofing,decoded_speed_threshold_exceeded,28,3,0.0,161.0,154.308,29.167
007_matrix_run_03_low_spoof_high_flood,217,217.0,218.0,spoofing,spoofing,spoofing,decoded_speed_threshold_exceeded,25,3,0.0,165.0,154.583,28.409
007_matrix_run_03_low_spoof_high_flood,218,218.0,219.0,spoofing,spoofing,spoofing,decoded_speed_threshold_exceeded,27,3,0.0,163.0,154.846,28.125
007_matrix_run_03_low_spoof_high_flood,219,219.0,220.0,spoofing,spoofing,spoofing,decoded_speed_threshold_exceeded,25,3,0.0,165.0,154.833,28.409
007_matrix_run_03_low_spoof_high_flood,220,220.0,221.0,spoofing,spoofing,spoofing,decoded_speed_threshold_exceeded,28,3,0.0,165.0,156.692,29.167
007_matrix_run_03_low_spoof_high_flood,221,221.0,222.0,spoofing,spoofing,spoofing,decoded_speed_threshold_exceeded,25,3,0.0,164.0,155.0,28.409
007_matrix_run_03_low_spoof_high_flood,222,222.0,223.0,spoofing,spoofing,spoofing,decoded_speed_threshold_exceeded,27,3,0.0,164.0,155.462,28.125
007_matrix_run_03_low_spoof_high_flood,223,223.0,224.0,spoofing,spoofing,spoofing,decoded_speed_threshold_exceeded,25,3,0.0,165.0,156.0,28.409
007_matrix_run_03_low_spoof_high_flood,224,224.0,225.0,spoofing,spoofing,spoofing,decoded_speed_threshold_exceeded,28,3,0.0,165.0,154.077,29.167
007_matrix_run_03_low_spoof_high_flood,225,225.0,226.0,spoofing,spoofing,spoofing,decoded_speed_threshold_exceeded,25,3,0.0,165.0,157.417,28.409
007_matrix_run_03_low_spoof_high_flood,226,226.0,227.0,spoofing,spoofing,spoofing,decoded_speed_threshold_exceeded,27,3,0.0,165.0,154.385,28.125
007_matrix_run_03_low_spoof_high_flood,227,227.0,228.0,spoofing,spoofing,spoofing,decoded_speed_threshold_exceeded,25,3,0.0,164.0,154.25,28.409
007_matrix_run_03_low_spoof_high_flood,228,228.0,229.0,spoofing,spoofing,spoofing,decoded_speed_threshold_exceeded,28,3,0.0,165.0,158.077,29.167
007_matrix_run_03_low_spoof_high_flood,229,229.0,230.0,spoofing,spoofing,spoofing,decoded_speed_threshold_exceeded,25,3,0.0,159.0,151.583,28.409
007_matrix_run_03_low_spoof_high_flood,230,230.0,231.0,spoofing,spoofing,spoofing,decoded_speed_threshold_exceeded,27,3,0.0,162.0,152.0,28.125
007_matrix_run_03_low_spoof_high_flood,231,231.0,232.0,spoofing,spoofing,spoofing,decoded_speed_threshold_exceeded,25,3,0.0,165.0,155.75,28.409
007_matrix_run_03_low_spoof_high_flood,232,232.0,233.0,spoofing,spoofing,spoofing,decoded_speed_threshold_exceeded,28,3,0.0,164.0,154.154,29.167
007_matrix_run_03_low_spoof_high_flood,233,233.0,234.0,spoofing,spoofing,spoofing,decoded_speed_threshold_exceeded,25,3,0.0,162.0,154.667,28.409
007_matrix_run_03_low_spoof_high_flood,234,234.0,235.0,spoofing,spoofing,spoofing,decoded_speed_threshold_exceeded,27,3,0.0,164.0,156.769,28.125
007_matrix_run_03_low_spoof_high_flood,235,235.0,236.0,spoofing,spoofing,spoofing,decoded_speed_threshold_exceeded,25,3,0.0,163.0,156.417,28.409
007_matrix_run_03_low_spoof_high_flood,236,236.0,237.0,spoofing,spoofing,spoofing,decoded_speed_threshold_exceeded,28,3,0.0,162.0,154.308,29.167
007_matrix_run_03_low_spoof_high_flood,237,237.0,238.0,spoofing,spoofing,spoofing,decoded_speed_threshold_exceeded,25,3,0.0,162.0,156.0,28.409
007_matrix_run_03_low_spoof_high_flood,238,238.0,239.0,spoofing,spoofing,spoofing,decoded_speed_threshold_exceeded,27,3,0.0,165.0,156.0,28.125
007_matrix_run_03_low_spoof_high_flood,239,239.0,240.0,spoofing,spoofing,spoofing,decoded_speed_threshold_exceeded,25,3,0.0,164.0,152.0,28.409
007_matrix_run_03_low_spoof_high_flood,240,240.0,241.0,spoofing,spoofing,spoofing,decoded_speed_threshold_exceeded,28,3,0.0,162.0,154.154,29.167
007_matrix_run_03_low_spoof_high_flood,241,241.0,242.0,spoofing,spoofing,spoofing,decoded_speed_threshold_exceeded,25,3,0.0,163.0,153.083,28.409
007_matrix_run_03_low_spoof_high_flood,242,242.0,243.0,spoofing,spoofing,spoofing,decoded_speed_threshold_exceeded,27,3,0.0,162.0,152.385,28.125
007_matrix_run_03_low_spoof_high_flood,243,243.0,244.0,spoofing,spoofing,spoofing,decoded_speed_threshold_exceeded,25,3,0.0,164.0,156.333,28.409
007_matrix_run_03_low_spoof_high_flood,244,244.0,245.0,spoofing,spoofing,spoofing,decoded_speed_threshold_exceeded,28,3,0.0,165.0,156.615,29.167
007_matrix_run_03_low_spoof_high_flood,245,245.0,246.0,spoofing,spoofing,spoofing,decoded_speed_threshold_exceeded,25,3,0.0,163.0,156.583,28.409
007_matrix_run_03_low_spoof_high_flood,246,246.0,247.0,spoofing,spoofing,spoofing,decoded_speed_threshold_exceeded,27,3,0.0,164.0,155.385,28.125
007_matrix_run_03_low_spoof_high_flood,247,247.0,248.0,spoofing,spoofing,spoofing,decoded_speed_threshold_exceeded,25,3,0.0,165.0,155.417,28.409
007_matrix_run_03_low_spoof_high_flood,248,248.0,249.0,spoofing,spoofing,spoofing,decoded_speed_threshold_exceeded,28,3,0.0,161.0,153.846,29.167
007_matrix_run_03_low_spoof_high_flood,249,249.0,250.0,spoofing,spoofing,spoofing,decoded_speed_threshold_exceeded,25,3,0.0,165.0,156.917,28.409
007_matrix_run_03_low_spoof_high_flood,250,250.0,251.0,spoofing,spoofing,spoofing,decoded_speed_threshold_exceeded,27,3,0.0,165.0,154.846,28.125
007_matrix_run_03_low_spoof_high_flood,251,251.0,252.0,spoofing,spoofing,spoofing,decoded_speed_threshold_exceeded,25,3,0.0,165.0,154.583,28.409
007_matrix_run_03_low_spoof_high_flood,252,252.0,253.0,spoofing,spoofing,spoofing,decoded_speed_threshold_exceeded,28,3,0.0,165.0,156.231,29.167
007_matrix_run_03_low_spoof_high_flood,253,253.0,254.0,spoofing,spoofing,spoofing,decoded_speed_threshold_exceeded,25,3,0.0,164.0,153.583,28.409
007_matrix_run_03_low_spoof_high_flood,254,254.0,255.0,spoofing,spoofing,spoofing,decoded_speed_threshold_exceeded,27,3,0.0,165.0,158.769,28.125
007_matrix_run_03_low_spoof_high_flood,255,255.0,256.0,spoofing,spoofing,spoofing,decoded_speed_threshold_exceeded,25,3,0.0,164.0,155.667,28.409
007_matrix_run_03_low_spoof_high_flood,256,256.0,257.0,spoofing,spoofing,spoofing,decoded_speed_threshold_exceeded,28,3,0.0,165.0,157.538,29.167
007_matrix_run_03_low_spoof_high_flood,257,257.0,258.0,spoofing,spoofing,spoofing,decoded_speed_threshold_exceeded,25,3,0.0,163.0,154.75,28.409
007_matrix_run_03_low_spoof_high_flood,258,258.0,259.0,spoofing,spoofing,spoofing,decoded_speed_threshold_exceeded,27,3,0.0,163.0,154.615,28.125
007_matrix_run_03_low_spoof_high_flood,259,259.0,260.0,spoofing,spoofing,spoofing,decoded_speed_threshold_exceeded,25,3,0.0,163.0,155.917,28.409
007_matrix_run_03_low_spoof_high_flood,260,260.0,261.0,spoofing,spoofing,spoofing,decoded_speed_threshold_exceeded,28,3,0.0,164.0,155.154,29.167
007_matrix_run_03_low_spoof_high_flood,261,261.0,262.0,spoofing,spoofing,spoofing,decoded_speed_threshold_exceeded,25,3,0.0,163.0,155.583,28.409
007_matrix_run_03_low_spoof_high_flood,262,262.0,263.0,spoofing,spoofing,spoofing,decoded_speed_threshold_exceeded,27,3,0.0,163.0,157.154,28.125
007_matrix_run_03_low_spoof_high_flood,263,263.0,264.0,spoofing,spoofing,spoofing,decoded_speed_threshold_exceeded,25,3,0.0,165.0,153.667,28.409
007_matrix_run_03_low_spoof_high_flood,264,264.0,265.0,spoofing,spoofing,spoofing,decoded_speed_threshold_exceeded,28,3,0.0,161.0,152.615,29.167
007_matrix_run_03_low_spoof_high_flood,265,265.0,266.0,spoofing,spoofing,spoofing,decoded_speed_threshold_exceeded,25,3,0.0,165.0,157.667,28.409
007_matrix_run_03_low_spoof_high_flood,266,266.0,267.0,spoofing,spoofing,spoofing,decoded_speed_threshold_exceeded,27,3,0.0,165.0,156.692,28.125
007_matrix_run_03_low_spoof_high_flood,267,267.0,268.0,spoofing,spoofing,spoofing,decoded_speed_threshold_exceeded,25,3,0.0,165.0,156.0,28.409
007_matrix_run_03_low_spoof_high_flood,268,268.0,269.0,spoofing,spoofing,spoofing,decoded_speed_threshold_exceeded,28,3,0.0,165.0,154.0,29.167
007_matrix_run_03_low_spoof_high_flood,269,269.0,270.0,spoofing,spoofing,spoofing,decoded_speed_threshold_exceeded,25,3,0.0,159.0,153.333,28.409
007_matrix_run_03_low_spoof_high_flood,270,270.0,271.0,spoofing,spoofing,spoofing,decoded_speed_threshold_exceeded,27,3,0.0,165.0,153.923,28.125
007_matrix_run_03_low_spoof_high_flood,271,271.0,272.0,spoofing,spoofing,spoofing,decoded_speed_threshold_exceeded,25,3,0.0,165.0,155.0,28.409
007_matrix_run_03_low_spoof_high_flood,272,272.0,273.0,spoofing,spoofing,spoofing,decoded_speed_threshold_exceeded,28,3,0.0,165.0,154.385,29.167
007_matrix_run_03_low_spoof_high_flood,273,273.0,274.0,spoofing,spoofing,spoofing,decoded_speed_threshold_exceeded,25,3,0.0,165.0,153.5,28.409
007_matrix_run_03_low_spoof_high_flood,274,274.0,275.0,spoofing,spoofing,spoofing,decoded_speed_threshold_exceeded,27,3,0.0,163.0,153.769,28.125
007_matrix_run_03_low_spoof_high_flood,275,275.0,276.0,spoofing,spoofing,spoofing,decoded_speed_threshold_exceeded,25,3,0.0,165.0,154.917,28.409
007_matrix_run_03_low_spoof_high_flood,276,276.0,277.0,spoofing,spoofing,spoofing,decoded_speed_threshold_exceeded,28,3,0.0,165.0,155.462,29.167
007_matrix_run_03_low_spoof_high_flood,277,277.0,278.0,spoofing,spoofing,spoofing,decoded_speed_threshold_exceeded,25,3,0.0,164.0,156.167,28.409
007_matrix_run_03_low_spoof_high_flood,278,278.0,279.0,spoofing,spoofing,spoofing,decoded_speed_threshold_exceeded,27,3,0.0,162.0,155.231,28.125
007_matrix_run_03_low_spoof_high_flood,279,279.0,280.0,spoofing,spoofing,spoofing,decoded_speed_threshold_exceeded,25,3,0.0,164.0,155.0,28.409
007_matrix_run_03_low_spoof_high_flood,280,280.0,281.0,spoofing,spoofing,spoofing,decoded_speed_threshold_exceeded,28,3,0.0,164.0,157.692,29.167
007_matrix_run_03_low_spoof_high_flood,281,281.0,282.0,spoofing,spoofing,spoofing,decoded_speed_threshold_exceeded,25,3,0.0,163.0,156.333,28.409
007_matrix_run_03_low_spoof_high_flood,282,282.0,283.0,spoofing,spoofing,spoofing,decoded_speed_threshold_exceeded,27,3,0.0,164.0,155.923,28.125
007_matrix_run_03_low_spoof_high_flood,283,283.0,284.0,spoofing,spoofing,spoofing,decoded_speed_threshold_exceeded,25,3,0.0,165.0,156.083,28.409
007_matrix_run_03_low_spoof_high_flood,284,284.0,285.0,spoofing,spoofing,spoofing,decoded_speed_threshold_exceeded,28,3,0.0,165.0,156.923,29.167
007_matrix_run_03_low_spoof_high_flood,285,285.0,286.0,spoofing,spoofing,spoofing,decoded_speed_threshold_exceeded,25,3,0.0,161.0,154.0,28.409
007_matrix_run_03_low_spoof_high_flood,286,286.0,287.0,spoofing,spoofing,spoofing,decoded_speed_threshold_exceeded,27,3,0.0,165.0,153.385,28.125
007_matrix_run_03_low_spoof_high_flood,287,287.0,288.0,spoofing,spoofing,spoofing,decoded_speed_threshold_exceeded,25,3,0.0,165.0,154.0,28.409
007_matrix_run_03_low_spoof_high_flood,288,288.0,289.0,spoofing,spoofing,spoofing,decoded_speed_threshold_exceeded,28,3,0.0,164.0,156.538,29.167
007_matrix_run_03_low_spoof_high_flood,289,289.0,290.0,spoofing,spoofing,spoofing,decoded_speed_threshold_exceeded,25,3,0.0,160.0,154.167,28.409
007_matrix_run_03_low_spoof_high_flood,290,290.0,291.0,spoofing,spoofing,spoofing,decoded_speed_threshold_exceeded,27,3,0.0,165.0,155.154,28.125
007_matrix_run_03_low_spoof_high_flood,291,291.0,292.0,spoofing,spoofing,spoofing,decoded_speed_threshold_exceeded,25,3,0.0,161.0,153.083,28.409
007_matrix_run_03_low_spoof_high_flood,292,292.0,293.0,spoofing,spoofing,spoofing,decoded_speed_threshold_exceeded,28,3,0.0,159.0,151.769,29.167
007_matrix_run_03_low_spoof_high_flood,293,293.0,294.0,spoofing,spoofing,spoofing,decoded_speed_threshold_exceeded,25,3,0.0,165.0,157.917,28.409
007_matrix_run_03_low_spoof_high_flood,294,294.0,295.0,spoofing,spoofing,spoofing,decoded_speed_threshold_exceeded,27,3,0.0,165.0,155.538,28.125
007_matrix_run_03_low_spoof_high_flood,295,295.0,296.0,spoofing,spoofing,spoofing,decoded_speed_threshold_exceeded,25,3,0.0,164.0,155.583,28.409
007_matrix_run_03_low_spoof_high_flood,296,296.0,297.0,spoofing,spoofing,spoofing,decoded_speed_threshold_exceeded,28,3,0.0,165.0,156.846,29.167
007_matrix_run_03_low_spoof_high_flood,297,297.0,298.0,spoofing,spoofing,spoofing,decoded_speed_threshold_exceeded,25,3,0.0,164.0,155.0,28.409
007_matrix_run_03_low_spoof_high_flood,298,298.0,299.0,spoofing,spoofing,spoofing,decoded_speed_threshold_exceeded,27,3,0.0,161.0,153.846,28.125
007_matrix_run_03_low_spoof_high_flood,299,299.0,300.0,spoofing,spoofing,spoofing,decoded_speed_threshold_exceeded,25,3,0.0,164.0,157.833,28.409
007_matrix_run_03_low_spoof_high_flood,300,300.0,301.0,flooding,flooding,flooding,high_id_cardinality_or_unknown_id_ratio,200,190,1.0,,,201.005
007_matrix_run_03_low_spoof_high_flood,301,301.0,302.0,flooding,flooding,flooding,high_id_cardinality_or_unknown_id_ratio,200,184,1.0,,,201.005
007_matrix_run_03_low_spoof_high_flood,302,302.0,303.0,flooding,flooding,flooding,high_id_cardinality_or_unknown_id_ratio,200,195,0.995,,,201.005
007_matrix_run_03_low_spoof_high_flood,303,303.0,304.0,flooding,flooding,flooding,high_id_cardinality_or_unknown_id_ratio,200,191,1.0,,,201.005
007_matrix_run_03_low_spoof_high_flood,304,304.0,305.0,flooding,flooding,flooding,high_id_cardinality_or_unknown_id_ratio,200,194,1.0,,,201.005
007_matrix_run_03_low_spoof_high_flood,305,305.0,306.0,flooding,flooding,flooding,high_id_cardinality_or_unknown_id_ratio,200,194,1.0,,,201.005
007_matrix_run_03_low_spoof_high_flood,306,306.0,307.0,flooding,flooding,flooding,high_id_cardinality_or_unknown_id_ratio,200,189,1.0,,,201.005
007_matrix_run_03_low_spoof_high_flood,307,307.0,308.0,flooding,flooding,flooding,high_id_cardinality_or_unknown_id_ratio,200,191,0.995,,,201.005
007_matrix_run_03_low_spoof_high_flood,308,308.0,309.0,flooding,flooding,flooding,high_id_cardinality_or_unknown_id_ratio,200,190,1.0,,,201.005
007_matrix_run_03_low_spoof_high_flood,309,309.0,310.0,flooding,flooding,flooding,high_id_cardinality_or_unknown_id_ratio,200,192,0.995,,,201.005
007_matrix_run_03_low_spoof_high_flood,310,310.0,311.0,flooding,flooding,flooding,high_id_cardinality_or_unknown_id_ratio,200,190,1.0,,,201.005
007_matrix_run_03_low_spoof_high_flood,311,311.0,312.0,flooding,flooding,flooding,high_id_cardinality_or_unknown_id_ratio,200,195,0.995,,,201.005
007_matrix_run_03_low_spoof_high_flood,312,312.0,313.0,flooding,flooding,flooding,high_id_cardinality_or_unknown_id_ratio,200,187,0.995,,,201.005
007_matrix_run_03_low_spoof_high_flood,313,313.0,314.0,flooding,flooding,flooding,high_id_cardinality_or_unknown_id_ratio,200,189,0.995,,,201.005
007_matrix_run_03_low_spoof_high_flood,314,314.0,315.0,flooding,flooding,flooding,high_id_cardinality_or_unknown_id_ratio,200,190,1.0,,,201.005
007_matrix_run_03_low_spoof_high_flood,315,315.0,316.0,flooding,flooding,flooding,high_id_cardinality_or_unknown_id_ratio,200,192,1.0,,,201.005
007_matrix_run_03_low_spoof_high_flood,316,316.0,317.0,flooding,flooding,flooding,high_id_cardinality_or_unknown_id_ratio,200,189,0.995,,,201.005
007_matrix_run_03_low_spoof_high_flood,317,317.0,318.0,flooding,flooding,flooding,high_id_cardinality_or_unknown_id_ratio,200,189,1.0,,,201.005
007_matrix_run_03_low_spoof_high_flood,318,318.0,319.0,flooding,flooding,flooding,high_id_cardinality_or_unknown_id_ratio,200,186,0.99,,,201.005
007_matrix_run_03_low_spoof_high_flood,319,319.0,320.0,flooding,flooding,flooding,high_id_cardinality_or_unknown_id_ratio,200,188,1.0,,,201.005
007_matrix_run_03_low_spoof_high_flood,320,320.0,321.0,flooding,flooding,flooding,high_id_cardinality_or_unknown_id_ratio,200,194,1.0,,,201.005
007_matrix_run_03_low_spoof_high_flood,321,321.0,322.0,flooding,flooding,flooding,high_id_cardinality_or_unknown_id_ratio,200,194,1.0,,,201.005
007_matrix_run_03_low_spoof_high_flood,322,322.0,323.0,flooding,flooding,flooding,high_id_cardinality_or_unknown_id_ratio,200,196,0.995,,,201.005
007_matrix_run_03_low_spoof_high_flood,323,323.0,324.0,flooding,flooding,flooding,high_id_cardinality_or_unknown_id_ratio,200,195,1.0,,,201.005
007_matrix_run_03_low_spoof_high_flood,324,324.0,325.0,flooding,flooding,flooding,high_id_cardinality_or_unknown_id_ratio,200,194,1.0,,,201.005
007_matrix_run_03_low_spoof_high_flood,325,325.0,326.0,flooding,flooding,flooding,high_id_cardinality_or_unknown_id_ratio,200,196,0.995,,,201.005
007_matrix_run_03_low_spoof_high_flood,326,326.0,327.0,flooding,flooding,flooding,high_id_cardinality_or_unknown_id_ratio,200,191,1.0,,,201.005
007_matrix_run_03_low_spoof_high_flood,327,327.0,328.0,flooding,flooding,flooding,high_id_cardinality_or_unknown_id_ratio,200,189,0.99,,,201.005
007_matrix_run_03_low_spoof_high_flood,328,328.0,329.0,flooding,flooding,flooding,high_id_cardinality_or_unknown_id_ratio,200,190,1.0,,,201.005
007_matrix_run_03_low_spoof_high_flood,329,329.0,330.0,flooding,flooding,flooding,high_id_cardinality_or_unknown_id_ratio,200,189,1.0,,,201.005
007_matrix_run_03_low_spoof_high_flood,330,330.0,331.0,flooding,flooding,flooding,high_id_cardinality_or_unknown_id_ratio,200,191,1.0,,,201.005
007_matrix_run_03_low_spoof_high_flood,331,331.0,332.0,flooding,flooding,flooding,high_id_cardinality_or_unknown_id_ratio,200,192,1.0,,,201.005
007_matrix_run_03_low_spoof_high_flood,332,332.0,333.0,flooding,flooding,flooding,high_id_cardinality_or_unknown_id_ratio,200,190,1.0,,,201.005
007_matrix_run_03_low_spoof_high_flood,333,333.0,334.0,flooding,flooding,flooding,high_id_cardinality_or_unknown_id_ratio,200,192,0.995,,,201.005
007_matrix_run_03_low_spoof_high_flood,334,334.0,335.0,flooding,flooding,flooding,high_id_cardinality_or_unknown_id_ratio,200,189,0.99,,,201.005
007_matrix_run_03_low_spoof_high_flood,335,335.0,336.0,flooding,flooding,flooding,high_id_cardinality_or_unknown_id_ratio,200,193,0.995,,,201.005
007_matrix_run_03_low_spoof_high_flood,336,336.0,337.0,flooding,flooding,flooding,high_id_cardinality_or_unknown_id_ratio,200,194,1.0,,,201.005
007_matrix_run_03_low_spoof_high_flood,337,337.0,338.0,flooding,flooding,flooding,high_id_cardinality_or_unknown_id_ratio,200,191,0.995,,,201.005
007_matrix_run_03_low_spoof_high_flood,338,338.0,339.0,flooding,flooding,flooding,high_id_cardinality_or_unknown_id_ratio,200,189,1.0,,,201.005
007_matrix_run_03_low_spoof_high_flood,339,339.0,340.0,flooding,flooding,flooding,high_id_cardinality_or_unknown_id_ratio,200,196,1.0,,,201.005
007_matrix_run_03_low_spoof_high_flood,340,340.0,341.0,flooding,flooding,flooding,high_id_cardinality_or_unknown_id_ratio,200,191,0.995,,,201.005
007_matrix_run_03_low_spoof_high_flood,341,341.0,342.0,flooding,flooding,flooding,high_id_cardinality_or_unknown_id_ratio,200,192,1.0,,,201.005
007_matrix_run_03_low_spoof_high_flood,342,342.0,343.0,flooding,flooding,flooding,high_id_cardinality_or_unknown_id_ratio,200,185,1.0,,,201.005
007_matrix_run_03_low_spoof_high_flood,343,343.0,344.0,flooding,flooding,flooding,high_id_cardinality_or_unknown_id_ratio,200,194,0.995,,,201.005
007_matrix_run_03_low_spoof_high_flood,344,344.0,345.0,flooding,flooding,flooding,high_id_cardinality_or_unknown_id_ratio,200,186,0.995,,,201.005
007_matrix_run_03_low_spoof_high_flood,345,345.0,346.0,flooding,flooding,flooding,high_id_cardinality_or_unknown_id_ratio,200,188,1.0,,,201.005
007_matrix_run_03_low_spoof_high_flood,346,346.0,347.0,flooding,flooding,flooding,high_id_cardinality_or_unknown_id_ratio,200,189,1.0,,,201.005
007_matrix_run_03_low_spoof_high_flood,347,347.0,348.0,flooding,flooding,flooding,high_id_cardinality_or_unknown_id_ratio,200,193,1.0,,,201.005
007_matrix_run_03_low_spoof_high_flood,348,348.0,349.0,flooding,flooding,flooding,high_id_cardinality_or_unknown_id_ratio,200,191,1.0,,,201.005
007_matrix_run_03_low_spoof_high_flood,349,349.0,350.0,flooding,flooding,flooding,high_id_cardinality_or_unknown_id_ratio,200,189,0.99,,,201.005
007_matrix_run_03_low_spoof_high_flood,350,350.0,351.0,flooding,flooding,flooding,high_id_cardinality_or_unknown_id_ratio,200,193,1.0,,,201.005
007_matrix_run_03_low_spoof_high_flood,351,351.0,352.0,flooding,flooding,flooding,high_id_cardinality_or_unknown_id_ratio,200,193,1.0,,,201.005
007_matrix_run_03_low_spoof_high_flood,352,352.0,353.0,flooding,flooding,flooding,high_id_cardinality_or_unknown_id_ratio,200,192,0.995,,,201.005
007_matrix_run_03_low_spoof_high_flood,353,353.0,354.0,flooding,flooding,flooding,high_id_cardinality_or_unknown_id_ratio,200,189,1.0,,,201.005
007_matrix_run_03_low_spoof_high_flood,354,354.0,355.0,flooding,flooding,flooding,high_id_cardinality_or_unknown_id_ratio,200,190,0.985,,,201.005
007_matrix_run_03_low_spoof_high_flood,355,355.0,356.0,flooding,flooding,flooding,high_id_cardinality_or_unknown_id_ratio,200,191,1.0,,,201.005
007_matrix_run_03_low_spoof_high_flood,356,356.0,357.0,flooding,flooding,flooding,high_id_cardinality_or_unknown_id_ratio,200,192,1.0,,,201.005
007_matrix_run_03_low_spoof_high_flood,357,357.0,358.0,flooding,flooding,flooding,high_id_cardinality_or_unknown_id_ratio,200,197,1.0,,,201.005
007_matrix_run_03_low_spoof_high_flood,358,358.0,359.0,flooding,flooding,flooding,high_id_cardinality_or_unknown_id_ratio,200,186,1.0,,,201.005
007_matrix_run_03_low_spoof_high_flood,359,359.0,360.0,flooding,flooding,flooding,high_id_cardinality_or_unknown_id_ratio,200,194,1.0,,,201.005
007_matrix_run_03_low_spoof_high_flood,360,360.0,361.0,flooding,flooding,flooding,high_id_cardinality_or_unknown_id_ratio,200,191,1.0,,,201.005
007_matrix_run_03_low_spoof_high_flood,361,361.0,362.0,flooding,flooding,flooding,high_id_cardinality_or_unknown_id_ratio,200,192,0.99,,,201.005
007_matrix_run_03_low_spoof_high_flood,362,362.0,363.0,flooding,flooding,flooding,high_id_cardinality_or_unknown_id_ratio,200,189,1.0,,,201.005
007_matrix_run_03_low_spoof_high_flood,363,363.0,364.0,flooding,flooding,flooding,high_id_cardinality_or_unknown_id_ratio,200,186,0.995,,,201.005
007_matrix_run_03_low_spoof_high_flood,364,364.0,365.0,flooding,flooding,flooding,high_id_cardinality_or_unknown_id_ratio,200,188,1.0,,,201.005
007_matrix_run_03_low_spoof_high_flood,365,365.0,366.0,flooding,flooding,flooding,high_id_cardinality_or_unknown_id_ratio,200,194,0.99,,,201.005
007_matrix_run_03_low_spoof_high_flood,366,366.0,367.0,flooding,flooding,flooding,high_id_cardinality_or_unknown_id_ratio,200,189,0.99,,,201.005
007_matrix_run_03_low_spoof_high_flood,367,367.0,368.0,flooding,flooding,flooding,high_id_cardinality_or_unknown_id_ratio,200,193,1.0,,,201.005
007_matrix_run_03_low_spoof_high_flood,368,368.0,369.0,flooding,flooding,flooding,high_id_cardinality_or_unknown_id_ratio,200,188,1.0,,,201.005
007_matrix_run_03_low_spoof_high_flood,369,369.0,370.0,flooding,flooding,flooding,high_id_cardinality_or_unknown_id_ratio,200,191,0.99,,,201.005
007_matrix_run_03_low_spoof_high_flood,370,370.0,371.0,flooding,flooding,flooding,high_id_cardinality_or_unknown_id_ratio,200,193,1.0,,,201.005
007_matrix_run_03_low_spoof_high_flood,371,371.0,372.0,flooding,flooding,flooding,high_id_cardinality_or_unknown_id_ratio,200,190,1.0,,,201.005
007_matrix_run_03_low_spoof_high_flood,372,372.0,373.0,flooding,flooding,flooding,high_id_cardinality_or_unknown_id_ratio,200,184,1.0,,,201.005
007_matrix_run_03_low_spoof_high_flood,373,373.0,374.0,flooding,flooding,flooding,high_id_cardinality_or_unknown_id_ratio,200,193,1.0,,,201.005
007_matrix_run_03_low_spoof_high_flood,374,374.0,375.0,flooding,flooding,flooding,high_id_cardinality_or_unknown_id_ratio,200,192,0.995,,,201.005
007_matrix_run_03_low_spoof_high_flood,375,375.0,376.0,flooding,flooding,flooding,high_id_cardinality_or_unknown_id_ratio,200,188,1.0,,,201.005
007_matrix_run_03_low_spoof_high_flood,376,376.0,377.0,flooding,flooding,flooding,high_id_cardinality_or_unknown_id_ratio,200,195,1.0,,,201.005
007_matrix_run_03_low_spoof_high_flood,377,377.0,378.0,flooding,flooding,flooding,high_id_cardinality_or_unknown_id_ratio,200,193,1.0,,,201.005
007_matrix_run_03_low_spoof_high_flood,378,378.0,379.0,flooding,flooding,flooding,high_id_cardinality_or_unknown_id_ratio,200,191,1.0,,,201.005
007_matrix_run_03_low_spoof_high_flood,379,379.0,380.0,flooding,flooding,flooding,high_id_cardinality_or_unknown_id_ratio,200,190,0.995,,,201.005
007_matrix_run_03_low_spoof_high_flood,380,380.0,381.0,flooding,flooding,flooding,high_id_cardinality_or_unknown_id_ratio,200,197,1.0,,,201.005
007_matrix_run_03_low_spoof_high_flood,381,381.0,382.0,flooding,flooding,flooding,high_id_cardinality_or_unknown_id_ratio,200,193,0.995,,,201.005
007_matrix_run_03_low_spoof_high_flood,382,382.0,383.0,flooding,flooding,flooding,high_id_cardinality_or_unknown_id_ratio,200,189,1.0,,,201.005
007_matrix_run_03_low_spoof_high_flood,383,383.0,384.0,flooding,flooding,flooding,high_id_cardinality_or_unknown_id_ratio,200,193,0.995,,,201.005
007_matrix_run_03_low_spoof_high_flood,384,384.0,385.0,flooding,flooding,flooding,high_id_cardinality_or_unknown_id_ratio,200,192,1.0,,,201.005
007_matrix_run_03_low_spoof_high_flood,385,385.0,386.0,flooding,flooding,flooding,high_id_cardinality_or_unknown_id_ratio,200,190,1.0,,,201.005
007_matrix_run_03_low_spoof_high_flood,386,386.0,387.0,flooding,flooding,flooding,high_id_cardinality_or_unknown_id_ratio,200,195,0.995,,,201.005
007_matrix_run_03_low_spoof_high_flood,387,387.0,388.0,flooding,flooding,flooding,high_id_cardinality_or_unknown_id_ratio,200,195,0.995,,,201.005
007_matrix_run_03_low_spoof_high_flood,388,388.0,389.0,flooding,flooding,flooding,high_id_cardinality_or_unknown_id_ratio,200,193,1.0,,,201.005
007_matrix_run_03_low_spoof_high_flood,389,389.0,390.0,flooding,flooding,flooding,high_id_cardinality_or_unknown_id_ratio,200,193,0.995,,,201.005
007_matrix_run_03_low_spoof_high_flood,390,390.0,391.0,flooding,flooding,flooding,high_id_cardinality_or_unknown_id_ratio,200,188,1.0,,,201.005
007_matrix_run_03_low_spoof_high_flood,391,391.0,392.0,flooding,flooding,flooding,high_id_cardinality_or_unknown_id_ratio,200,190,0.995,,,201.005
007_matrix_run_03_low_spoof_high_flood,392,392.0,393.0,flooding,flooding,flooding,high_id_cardinality_or_unknown_id_ratio,200,195,1.0,,,201.005
007_matrix_run_03_low_spoof_high_flood,393,393.0,394.0,flooding,flooding,flooding,high_id_cardinality_or_unknown_id_ratio,200,187,1.0,,,201.005
007_matrix_run_03_low_spoof_high_flood,394,394.0,395.0,flooding,flooding,flooding,high_id_cardinality_or_unknown_id_ratio,200,187,1.0,,,201.005
007_matrix_run_03_low_spoof_high_flood,395,395.0,396.0,flooding,flooding,flooding,high_id_cardinality_or_unknown_id_ratio,200,193,0.995,,,201.005
007_matrix_run_03_low_spoof_high_flood,396,396.0,397.0,flooding,flooding,flooding,high_id_cardinality_or_unknown_id_ratio,200,188,1.0,,,201.005
007_matrix_run_03_low_spoof_high_flood,397,397.0,398.0,flooding,flooding,flooding,high_id_cardinality_or_unknown_id_ratio,200,192,1.0,,,201.005
007_matrix_run_03_low_spoof_high_flood,398,398.0,399.0,flooding,flooding,flooding,high_id_cardinality_or_unknown_id_ratio,200,191,1.0,,,201.005
007_matrix_run_03_low_spoof_high_flood,399,399.0,400.0,flooding,flooding,flooding,high_id_cardinality_or_unknown_id_ratio,200,187,1.0,,,201.005
007_matrix_run_03_low_spoof_high_flood,400,400.0,401.0,flooding,flooding,flooding,high_id_cardinality_or_unknown_id_ratio,200,193,1.0,,,201.005
007_matrix_run_03_low_spoof_high_flood,401,401.0,402.0,flooding,flooding,flooding,high_id_cardinality_or_unknown_id_ratio,200,191,1.0,,,201.005
007_matrix_run_03_low_spoof_high_flood,402,402.0,403.0,flooding,flooding,flooding,high_id_cardinality_or_unknown_id_ratio,200,191,0.99,,,201.005
007_matrix_run_03_low_spoof_high_flood,403,403.0,404.0,flooding,flooding,flooding,high_id_cardinality_or_unknown_id_ratio,200,192,0.99,,,201.005
007_matrix_run_03_low_spoof_high_flood,404,404.0,405.0,flooding,flooding,flooding,high_id_cardinality_or_unknown_id_ratio,200,194,0.995,,,201.005
007_matrix_run_03_low_spoof_high_flood,405,405.0,406.0,flooding,flooding,flooding,high_id_cardinality_or_unknown_id_ratio,200,193,0.995,,,201.005
007_matrix_run_03_low_spoof_high_flood,406,406.0,407.0,flooding,flooding,flooding,high_id_cardinality_or_unknown_id_ratio,200,185,1.0,,,201.005
007_matrix_run_03_low_spoof_high_flood,407,407.0,408.0,flooding,flooding,flooding,high_id_cardinality_or_unknown_id_ratio,200,191,1.0,,,201.005
007_matrix_run_03_low_spoof_high_flood,408,408.0,409.0,flooding,flooding,flooding,high_id_cardinality_or_unknown_id_ratio,200,190,1.0,,,201.005
007_matrix_run_03_low_spoof_high_flood,409,409.0,410.0,flooding,flooding,flooding,high_id_cardinality_or_unknown_id_ratio,200,188,1.0,,,201.005
007_matrix_run_03_low_spoof_high_flood,410,410.0,411.0,flooding,flooding,flooding,high_id_cardinality_or_unknown_id_ratio,200,186,1.0,,,201.005
007_matrix_run_03_low_spoof_high_flood,411,411.0,412.0,flooding,flooding,flooding,high_id_cardinality_or_unknown_id_ratio,200,192,1.0,,,201.005
007_matrix_run_03_low_spoof_high_flood,412,412.0,413.0,flooding,flooding,flooding,high_id_cardinality_or_unknown_id_ratio,200,191,0.995,,,201.005
007_matrix_run_03_low_spoof_high_flood,413,413.0,414.0,flooding,flooding,flooding,high_id_cardinality_or_unknown_id_ratio,200,188,1.0,,,201.005
007_matrix_run_03_low_spoof_high_flood,414,414.0,415.0,flooding,flooding,flooding,high_id_cardinality_or_unknown_id_ratio,200,190,1.0,,,201.005
007_matrix_run_03_low_spoof_high_flood,415,415.0,416.0,flooding,flooding,flooding,high_id_cardinality_or_unknown_id_ratio,200,192,1.0,,,201.005
007_matrix_run_03_low_spoof_high_flood,416,416.0,417.0,flooding,flooding,flooding,high_id_cardinality_or_unknown_id_ratio,200,190,1.0,,,201.005
007_matrix_run_03_low_spoof_high_flood,417,417.0,418.0,flooding,flooding,flooding,high_id_cardinality_or_unknown_id_ratio,200,193,0.995,,,201.005
007_matrix_run_03_low_spoof_high_flood,418,418.0,419.0,flooding,flooding,flooding,high_id_cardinality_or_unknown_id_ratio,200,192,1.0,,,201.005
007_matrix_run_03_low_spoof_high_flood,419,419.0,420.0,flooding,flooding,flooding,high_id_cardinality_or_unknown_id_ratio,200,195,1.0,,,201.005
007_matrix_run_03_low_spoof_high_flood,420,420.0,421.0,recovery,normal,normal,no_rule_triggered,63,4,0.0,87.0,87.0,66.316
007_matrix_run_03_low_spoof_high_flood,421,421.0,422.0,recovery,normal,normal,no_rule_triggered,62,4,0.0,87.0,86.85,65.263
007_matrix_run_03_low_spoof_high_flood,422,422.0,423.0,recovery,normal,normal,no_rule_triggered,63,4,0.0,86.0,85.65,66.316
007_matrix_run_03_low_spoof_high_flood,423,423.0,424.0,recovery,normal,normal,no_rule_triggered,62,4,0.0,85.0,84.1,65.263
007_matrix_run_03_low_spoof_high_flood,424,424.0,425.0,recovery,normal,normal,no_rule_triggered,63,4,0.0,83.0,82.15,66.316
007_matrix_run_03_low_spoof_high_flood,425,425.0,426.0,recovery,normal,normal,no_rule_triggered,62,4,0.0,81.0,80.2,65.263
007_matrix_run_03_low_spoof_high_flood,426,426.0,427.0,recovery,normal,normal,no_rule_triggered,63,4,0.0,79.0,78.45,66.316
007_matrix_run_03_low_spoof_high_flood,427,427.0,428.0,recovery,normal,normal,no_rule_triggered,62,4,0.0,78.0,77.2,65.263
007_matrix_run_03_low_spoof_high_flood,428,428.0,429.0,recovery,normal,normal,no_rule_triggered,63,4,0.0,77.0,77.0,66.316
007_matrix_run_03_low_spoof_high_flood,429,429.0,430.0,recovery,normal,normal,no_rule_triggered,62,4,0.0,77.0,77.0,65.263
007_matrix_run_03_low_spoof_high_flood,430,430.0,431.0,recovery,normal,normal,no_rule_triggered,63,4,0.0,78.0,77.5,66.316
007_matrix_run_03_low_spoof_high_flood,431,431.0,432.0,recovery,normal,normal,no_rule_triggered,62,4,0.0,80.0,78.9,65.263
007_matrix_run_03_low_spoof_high_flood,432,432.0,433.0,recovery,normal,normal,no_rule_triggered,63,4,0.0,82.0,80.7,66.316
007_matrix_run_03_low_spoof_high_flood,433,433.0,434.0,recovery,normal,normal,no_rule_triggered,62,4,0.0,84.0,82.7,65.263
007_matrix_run_03_low_spoof_high_flood,434,434.0,435.0,recovery,normal,normal,no_rule_triggered,63,4,0.0,85.0,84.6,66.316
007_matrix_run_03_low_spoof_high_flood,435,435.0,436.0,recovery,normal,normal,no_rule_triggered,62,4,0.0,87.0,86.1,65.263
007_matrix_run_03_low_spoof_high_flood,436,436.0,437.0,recovery,normal,normal,no_rule_triggered,63,4,0.0,87.0,87.0,66.316
007_matrix_run_03_low_spoof_high_flood,437,437.0,438.0,recovery,normal,normal,no_rule_triggered,62,4,0.0,87.0,87.0,65.263
007_matrix_run_03_low_spoof_high_flood,438,438.0,439.0,recovery,normal,normal,no_rule_triggered,63,4,0.0,87.0,85.8,66.316
007_matrix_run_03_low_spoof_high_flood,439,439.0,440.0,recovery,normal,normal,no_rule_triggered,62,4,0.0,85.0,83.9,65.263
007_matrix_run_03_low_spoof_high_flood,440,440.0,441.0,recovery,normal,normal,no_rule_triggered,63,4,0.0,83.0,81.0,66.316
007_matrix_run_03_low_spoof_high_flood,441,441.0,442.0,recovery,normal,normal,no_rule_triggered,62,4,0.0,79.0,77.3,65.263
007_matrix_run_03_low_spoof_high_flood,442,442.0,443.0,recovery,normal,normal,no_rule_triggered,63,4,0.0,75.0,73.2,66.316
007_matrix_run_03_low_spoof_high_flood,443,443.0,444.0,recovery,normal,normal,no_rule_triggered,62,4,0.0,71.0,68.9,65.263
007_matrix_run_03_low_spoof_high_flood,444,444.0,445.0,recovery,normal,normal,no_rule_triggered,63,4,0.0,67.0,64.65,66.316
007_matrix_run_03_low_spoof_high_flood,445,445.0,446.0,recovery,normal,normal,no_rule_triggered,62,4,0.0,63.0,60.75,65.263
007_matrix_run_03_low_spoof_high_flood,446,446.0,447.0,recovery,normal,normal,no_rule_triggered,63,4,0.0,59.0,57.45,66.316
007_matrix_run_03_low_spoof_high_flood,447,447.0,448.0,recovery,normal,normal,no_rule_triggered,62,4,0.0,56.0,54.95,65.263
007_matrix_run_03_low_spoof_high_flood,448,448.0,449.0,recovery,normal,normal,no_rule_triggered,63,4,0.0,54.0,53.3,66.316
007_matrix_run_03_low_spoof_high_flood,449,449.0,450.0,recovery,normal,normal,no_rule_triggered,62,4,0.0,53.0,52.4,65.263
007_matrix_run_03_low_spoof_high_flood,450,450.0,451.0,recovery,normal,normal,no_rule_triggered,63,4,0.0,53.0,52.1,66.316
007_matrix_run_03_low_spoof_high_flood,451,451.0,452.0,recovery,normal,normal,no_rule_triggered,62,4,0.0,53.0,53.0,65.263
007_matrix_run_03_low_spoof_high_flood,452,452.0,453.0,recovery,normal,normal,no_rule_triggered,63,4,0.0,54.0,53.6,66.316
007_matrix_run_03_low_spoof_high_flood,453,453.0,454.0,recovery,normal,normal,no_rule_triggered,62,4,0.0,55.0,54.25,65.263
007_matrix_run_03_low_spoof_high_flood,454,454.0,455.0,recovery,normal,normal,no_rule_triggered,63,4,0.0,55.0,55.0,66.316
007_matrix_run_03_low_spoof_high_flood,455,455.0,456.0,recovery,normal,normal,no_rule_triggered,62,4,0.0,55.0,55.0,65.263
007_matrix_run_03_low_spoof_high_flood,456,456.0,457.0,recovery,normal,normal,no_rule_triggered,63,4,0.0,55.0,54.1,66.316
007_matrix_run_03_low_spoof_high_flood,457,457.0,458.0,recovery,normal,normal,no_rule_triggered,62,4,0.0,53.0,52.6,65.263
007_matrix_run_03_low_spoof_high_flood,458,458.0,459.0,recovery,normal,normal,no_rule_triggered,63,4,0.0,52.0,50.3,66.316
007_matrix_run_03_low_spoof_high_flood,459,459.0,460.0,recovery,normal,normal,no_rule_triggered,62,4,0.0,49.0,47.45,65.263
007_matrix_run_03_low_spoof_high_flood,460,460.0,461.0,recovery,normal,normal,no_rule_triggered,63,4,0.0,46.0,43.9,66.316
007_matrix_run_03_low_spoof_high_flood,461,461.0,462.0,recovery,normal,normal,no_rule_triggered,62,4,0.0,42.0,40.2,65.263
007_matrix_run_03_low_spoof_high_flood,462,462.0,463.0,recovery,normal,normal,no_rule_triggered,63,4,0.0,38.0,36.5,66.316
007_matrix_run_03_low_spoof_high_flood,463,463.0,464.0,recovery,normal,normal,no_rule_triggered,62,4,0.0,35.0,33.1,65.263
007_matrix_run_03_low_spoof_high_flood,464,464.0,465.0,recovery,normal,normal,no_rule_triggered,63,4,0.0,32.0,30.3,66.316
007_matrix_run_03_low_spoof_high_flood,465,465.0,466.0,recovery,normal,normal,no_rule_triggered,62,4,0.0,29.0,28.35,65.263
007_matrix_run_03_low_spoof_high_flood,466,466.0,467.0,recovery,normal,normal,no_rule_triggered,63,4,0.0,28.0,27.15,66.316
007_matrix_run_03_low_spoof_high_flood,467,467.0,468.0,recovery,normal,normal,no_rule_triggered,62,4,0.0,28.0,27.15,65.263
007_matrix_run_03_low_spoof_high_flood,468,468.0,469.0,recovery,normal,normal,no_rule_triggered,63,4,0.0,29.0,28.3,66.316
007_matrix_run_03_low_spoof_high_flood,469,469.0,470.0,recovery,normal,normal,no_rule_triggered,62,4,0.0,31.0,30.05,65.263
007_matrix_run_03_low_spoof_high_flood,470,470.0,471.0,recovery,normal,normal,no_rule_triggered,63,4,0.0,34.0,32.55,66.316
007_matrix_run_03_low_spoof_high_flood,471,471.0,472.0,recovery,normal,normal,no_rule_triggered,62,4,0.0,37.0,35.35,65.263
007_matrix_run_03_low_spoof_high_flood,472,472.0,473.0,recovery,normal,normal,no_rule_triggered,63,4,0.0,40.0,38.2,66.316
007_matrix_run_03_low_spoof_high_flood,473,473.0,474.0,recovery,normal,normal,no_rule_triggered,62,4,0.0,42.0,41.0,65.263
007_matrix_run_03_low_spoof_high_flood,474,474.0,475.0,recovery,normal,normal,no_rule_triggered,63,4,0.0,44.0,43.2,66.316
007_matrix_run_03_low_spoof_high_flood,475,475.0,476.0,recovery,normal,normal,no_rule_triggered,62,4,0.0,45.0,44.75,65.263
007_matrix_run_03_low_spoof_high_flood,476,476.0,477.0,recovery,normal,normal,no_rule_triggered,63,4,0.0,46.0,45.85,66.316
007_matrix_run_03_low_spoof_high_flood,477,477.0,478.0,recovery,normal,normal,no_rule_triggered,62,4,0.0,46.0,46.0,65.263
007_matrix_run_03_low_spoof_high_flood,478,478.0,479.0,recovery,normal,normal,no_rule_triggered,63,4,0.0,46.0,45.3,66.316
007_matrix_run_03_low_spoof_high_flood,479,479.0,480.0,recovery,normal,normal,no_rule_triggered,62,4,0.0,45.0,44.4,65.263
007_matrix_run_03_low_spoof_high_flood,480,480.0,481.0,recovery,normal,normal,no_rule_triggered,63,4,0.0,44.0,43.2,66.316
007_matrix_run_03_low_spoof_high_flood,481,481.0,482.0,recovery,normal,normal,no_rule_triggered,62,4,0.0,43.0,42.05,65.263
007_matrix_run_03_low_spoof_high_flood,482,482.0,483.0,recovery,normal,normal,no_rule_triggered,63,4,0.0,41.0,41.0,66.316
007_matrix_run_03_low_spoof_high_flood,483,483.0,484.0,recovery,normal,normal,no_rule_triggered,62,4,0.0,41.0,41.0,65.263
007_matrix_run_03_low_spoof_high_flood,484,484.0,485.0,recovery,normal,normal,no_rule_triggered,63,4,0.0,42.0,41.4,66.316
007_matrix_run_03_low_spoof_high_flood,485,485.0,486.0,recovery,normal,normal,no_rule_triggered,62,4,0.0,44.0,42.85,65.263
007_matrix_run_03_low_spoof_high_flood,486,486.0,487.0,recovery,normal,normal,no_rule_triggered,63,4,0.0,47.0,45.2,66.316
007_matrix_run_03_low_spoof_high_flood,487,487.0,488.0,recovery,normal,normal,no_rule_triggered,62,4,0.0,50.0,48.4,65.263
007_matrix_run_03_low_spoof_high_flood,488,488.0,489.0,recovery,normal,normal,no_rule_triggered,63,4,0.0,54.0,52.3,66.316
007_matrix_run_03_low_spoof_high_flood,489,489.0,490.0,recovery,normal,normal,no_rule_triggered,62,4,0.0,59.0,56.7,65.263
007_matrix_run_03_low_spoof_high_flood,490,490.0,491.0,recovery,normal,normal,no_rule_triggered,63,4,0.0,63.0,61.25,66.316
007_matrix_run_03_low_spoof_high_flood,491,491.0,492.0,recovery,normal,normal,no_rule_triggered,62,4,0.0,68.0,65.75,65.263
007_matrix_run_03_low_spoof_high_flood,492,492.0,493.0,recovery,normal,normal,no_rule_triggered,63,4,0.0,71.0,69.7,66.316
007_matrix_run_03_low_spoof_high_flood,493,493.0,494.0,recovery,normal,normal,no_rule_triggered,62,4,0.0,74.0,73.1,65.263
007_matrix_run_03_low_spoof_high_flood,494,494.0,495.0,recovery,normal,normal,no_rule_triggered,63,4,0.0,77.0,75.7,66.316
007_matrix_run_03_low_spoof_high_flood,495,495.0,496.0,recovery,normal,normal,no_rule_triggered,62,4,0.0,78.0,77.4,65.263
007_matrix_run_03_low_spoof_high_flood,496,496.0,497.0,recovery,normal,normal,no_rule_triggered,63,4,0.0,78.0,78.0,66.316
007_matrix_run_03_low_spoof_high_flood,497,497.0,498.0,recovery,normal,normal,no_rule_triggered,62,4,0.0,78.0,78.0,65.263
007_matrix_run_03_low_spoof_high_flood,498,498.0,499.0,recovery,normal,normal,no_rule_triggered,63,4,0.0,78.0,77.2,66.316
007_matrix_run_03_low_spoof_high_flood,499,499.0,500.0,recovery,normal,normal,no_rule_triggered,62,4,0.0,77.0,76.2,65.263
007_matrix_run_03_low_spoof_high_flood,500,500.0,501.0,recovery,normal,normal,no_rule_triggered,63,4,0.0,75.0,74.85,66.316
007_matrix_run_03_low_spoof_high_flood,501,501.0,502.0,recovery,normal,normal,no_rule_triggered,62,4,0.0,74.0,73.95,65.263
007_matrix_run_03_low_spoof_high_flood,502,502.0,503.0,recovery,normal,normal,no_rule_triggered,63,4,0.0,73.0,73.0,66.316
007_matrix_run_03_low_spoof_high_flood,503,503.0,504.0,recovery,normal,normal,no_rule_triggered,62,4,0.0,73.0,73.0,65.263
007_matrix_run_03_low_spoof_high_flood,504,504.0,505.0,recovery,normal,normal,no_rule_triggered,63,4,0.0,74.0,73.9,66.316
007_matrix_run_03_low_spoof_high_flood,505,505.0,506.0,recovery,normal,normal,no_rule_triggered,62,4,0.0,76.0,75.4,65.263
007_matrix_run_03_low_spoof_high_flood,506,506.0,507.0,recovery,normal,normal,no_rule_triggered,63,4,0.0,79.0,77.5,66.316
007_matrix_run_03_low_spoof_high_flood,507,507.0,508.0,recovery,normal,normal,no_rule_triggered,62,4,0.0,81.0,80.05,65.263
007_matrix_run_03_low_spoof_high_flood,508,508.0,509.0,recovery,normal,normal,no_rule_triggered,63,4,0.0,84.0,82.95,66.316
007_matrix_run_03_low_spoof_high_flood,509,509.0,510.0,recovery,normal,normal,no_rule_triggered,62,4,0.0,87.0,85.8,65.263
007_matrix_run_03_low_spoof_high_flood,510,510.0,511.0,recovery,normal,normal,no_rule_triggered,63,4,0.0,89.0,88.35,66.316
007_matrix_run_03_low_spoof_high_flood,511,511.0,512.0,recovery,normal,normal,no_rule_triggered,62,4,0.0,91.0,90.45,65.263
007_matrix_run_03_low_spoof_high_flood,512,512.0,513.0,recovery,normal,normal,no_rule_triggered,63,4,0.0,92.0,91.65,66.316
007_matrix_run_03_low_spoof_high_flood,513,513.0,514.0,recovery,normal,normal,no_rule_triggered,62,4,0.0,92.0,92.0,65.263
007_matrix_run_03_low_spoof_high_flood,514,514.0,515.0,recovery,normal,normal,no_rule_triggered,63,4,0.0,92.0,90.95,66.316
007_matrix_run_03_low_spoof_high_flood,515,515.0,516.0,recovery,normal,normal,no_rule_triggered,62,4,0.0,90.0,89.2,65.263
007_matrix_run_03_low_spoof_high_flood,516,516.0,517.0,recovery,normal,normal,no_rule_triggered,63,4,0.0,88.0,86.6,66.316
007_matrix_run_03_low_spoof_high_flood,517,517.0,518.0,recovery,normal,normal,no_rule_triggered,62,4,0.0,85.0,83.35,65.263
007_matrix_run_03_low_spoof_high_flood,518,518.0,519.0,recovery,normal,normal,no_rule_triggered,63,4,0.0,81.0,79.6,66.316
007_matrix_run_03_low_spoof_high_flood,519,519.0,520.0,recovery,normal,normal,no_rule_triggered,62,4,0.0,78.0,75.9,65.263
007_matrix_run_03_low_spoof_high_flood,520,520.0,521.0,recovery,normal,normal,no_rule_triggered,63,4,0.0,74.0,72.35,66.316
007_matrix_run_03_low_spoof_high_flood,521,521.0,522.0,recovery,normal,normal,no_rule_triggered,62,4,0.0,71.0,69.2,65.263
007_matrix_run_03_low_spoof_high_flood,522,522.0,523.0,recovery,normal,normal,no_rule_triggered,63,4,0.0,68.0,66.85,66.316
007_matrix_run_03_low_spoof_high_flood,523,523.0,524.0,recovery,normal,normal,no_rule_triggered,62,4,0.0,66.0,65.25,65.263
007_matrix_run_03_low_spoof_high_flood,524,524.0,525.0,recovery,normal,normal,no_rule_triggered,63,4,0.0,65.0,64.1,66.316
007_matrix_run_03_low_spoof_high_flood,525,525.0,526.0,recovery,normal,normal,no_rule_triggered,62,4,0.0,64.0,64.0,65.263
007_matrix_run_03_low_spoof_high_flood,526,526.0,527.0,recovery,normal,normal,no_rule_triggered,63,4,0.0,65.0,64.5,66.316
007_matrix_run_03_low_spoof_high_flood,527,527.0,528.0,recovery,normal,normal,no_rule_triggered,62,4,0.0,66.0,65.15,65.263
007_matrix_run_03_low_spoof_high_flood,528,528.0,529.0,recovery,normal,normal,no_rule_triggered,63,4,0.0,66.0,66.0,66.316
007_matrix_run_03_low_spoof_high_flood,529,529.0,530.0,recovery,normal,normal,no_rule_triggered,62,4,0.0,67.0,66.65,65.263
007_matrix_run_03_low_spoof_high_flood,530,530.0,531.0,recovery,normal,normal,no_rule_triggered,63,4,0.0,67.0,66.8,66.316
007_matrix_run_03_low_spoof_high_flood,531,531.0,532.0,recovery,normal,normal,no_rule_triggered,62,4,0.0,66.0,65.9,65.263
007_matrix_run_03_low_spoof_high_flood,532,532.0,533.0,recovery,normal,normal,no_rule_triggered,63,4,0.0,65.0,64.5,66.316
007_matrix_run_03_low_spoof_high_flood,533,533.0,534.0,recovery,normal,normal,no_rule_triggered,62,4,0.0,63.0,62.15,65.263
007_matrix_run_03_low_spoof_high_flood,534,534.0,535.0,recovery,normal,normal,no_rule_triggered,63,4,0.0,61.0,59.1,66.316
007_matrix_run_03_low_spoof_high_flood,535,535.0,536.0,recovery,normal,normal,no_rule_triggered,62,4,0.0,57.0,55.3,65.263
007_matrix_run_03_low_spoof_high_flood,536,536.0,537.0,recovery,normal,normal,no_rule_triggered,63,4,0.0,53.0,51.1,66.316
007_matrix_run_03_low_spoof_high_flood,537,537.0,538.0,recovery,normal,normal,no_rule_triggered,62,4,0.0,49.0,46.75,65.263
007_matrix_run_03_low_spoof_high_flood,538,538.0,539.0,recovery,normal,normal,no_rule_triggered,63,4,0.0,44.0,42.5,66.316
007_matrix_run_03_low_spoof_high_flood,539,539.0,540.0,recovery,normal,normal,no_rule_triggered,62,4,0.0,40.0,38.7,65.263
007_matrix_run_03_low_spoof_high_flood,540,540.0,541.0,recovery,normal,normal,no_rule_triggered,63,4,0.0,37.0,35.75,66.316
007_matrix_run_03_low_spoof_high_flood,541,541.0,542.0,recovery,normal,normal,no_rule_triggered,62,4,0.0,34.0,33.5,65.263
007_matrix_run_03_low_spoof_high_flood,542,542.0,543.0,recovery,normal,normal,no_rule_triggered,63,4,0.0,33.0,32.2,66.316
007_matrix_run_03_low_spoof_high_flood,543,543.0,544.0,recovery,normal,normal,no_rule_triggered,62,4,0.0,32.0,32.0,65.263
007_matrix_run_03_low_spoof_high_flood,544,544.0,545.0,recovery,normal,normal,no_rule_triggered,63,4,0.0,33.0,32.65,66.316
007_matrix_run_03_low_spoof_high_flood,545,545.0,546.0,recovery,normal,normal,no_rule_triggered,62,4,0.0,35.0,34.0,65.263
007_matrix_run_03_low_spoof_high_flood,546,546.0,547.0,recovery,normal,normal,no_rule_triggered,63,4,0.0,37.0,35.8,66.316
007_matrix_run_03_low_spoof_high_flood,547,547.0,548.0,recovery,normal,normal,no_rule_triggered,62,4,0.0,39.0,37.8,65.263
007_matrix_run_03_low_spoof_high_flood,548,548.0,549.0,recovery,normal,normal,no_rule_triggered,63,4,0.0,40.0,39.6,66.316
007_matrix_run_03_low_spoof_high_flood,549,549.0,550.0,recovery,normal,normal,no_rule_triggered,62,4,0.0,42.0,41.3,65.263
007_matrix_run_03_low_spoof_high_flood,550,550.0,551.0,recovery,normal,normal,no_rule_triggered,63,4,0.0,42.0,42.0,66.316
007_matrix_run_03_low_spoof_high_flood,551,551.0,552.0,recovery,normal,normal,no_rule_triggered,62,4,0.0,42.0,42.0,65.263
007_matrix_run_03_low_spoof_high_flood,552,552.0,553.0,recovery,normal,normal,no_rule_triggered,63,4,0.0,42.0,42.0,66.316
007_matrix_run_03_low_spoof_high_flood,553,553.0,554.0,recovery,normal,normal,no_rule_triggered,62,4,0.0,42.0,40.8,65.263
007_matrix_run_03_low_spoof_high_flood,554,554.0,555.0,recovery,normal,normal,no_rule_triggered,63,4,0.0,40.0,39.25,66.316
007_matrix_run_03_low_spoof_high_flood,555,555.0,556.0,recovery,normal,normal,no_rule_triggered,62,4,0.0,38.0,37.3,65.263
007_matrix_run_03_low_spoof_high_flood,556,556.0,557.0,recovery,normal,normal,no_rule_triggered,63,4,0.0,36.0,35.35,66.316
007_matrix_run_03_low_spoof_high_flood,557,557.0,558.0,recovery,normal,normal,no_rule_triggered,62,4,0.0,34.0,33.55,65.263
007_matrix_run_03_low_spoof_high_flood,558,558.0,559.0,recovery,normal,normal,no_rule_triggered,63,4,0.0,33.0,32.4,66.316
007_matrix_run_03_low_spoof_high_flood,559,559.0,560.0,recovery,normal,normal,no_rule_triggered,62,4,0.0,32.0,32.0,65.263
007_matrix_run_03_low_spoof_high_flood,560,560.0,561.0,recovery,normal,normal,no_rule_triggered,63,4,0.0,33.0,32.45,66.316
007_matrix_run_03_low_spoof_high_flood,561,561.0,562.0,recovery,normal,normal,no_rule_triggered,62,4,0.0,35.0,34.0,65.263
007_matrix_run_03_low_spoof_high_flood,562,562.0,563.0,recovery,normal,normal,no_rule_triggered,63,4,0.0,38.0,36.4,66.316
007_matrix_run_03_low_spoof_high_flood,563,563.0,564.0,recovery,normal,normal,no_rule_triggered,62,4,0.0,41.0,39.6,65.263
007_matrix_run_03_low_spoof_high_flood,564,564.0,565.0,recovery,normal,normal,no_rule_triggered,63,4,0.0,46.0,43.55,66.316
007_matrix_run_03_low_spoof_high_flood,565,565.0,566.0,recovery,normal,normal,no_rule_triggered,62,4,0.0,50.0,47.85,65.263
007_matrix_run_03_low_spoof_high_flood,566,566.0,567.0,recovery,normal,normal,no_rule_triggered,63,4,0.0,54.0,52.2,66.316
007_matrix_run_03_low_spoof_high_flood,567,567.0,568.0,recovery,normal,normal,no_rule_triggered,62,4,0.0,58.0,56.3,65.263
007_matrix_run_03_low_spoof_high_flood,568,568.0,569.0,recovery,normal,normal,no_rule_triggered,63,4,0.0,61.0,59.9,66.316
007_matrix_run_03_low_spoof_high_flood,569,569.0,570.0,recovery,normal,normal,no_rule_triggered,62,4,0.0,64.0,62.9,65.263
007_matrix_run_03_low_spoof_high_flood,570,570.0,571.0,recovery,normal,normal,no_rule_triggered,63,4,0.0,66.0,64.9,66.316
007_matrix_run_03_low_spoof_high_flood,571,571.0,572.0,recovery,normal,normal,no_rule_triggered,62,4,0.0,67.0,66.05,65.263
007_matrix_run_03_low_spoof_high_flood,572,572.0,573.0,recovery,normal,normal,no_rule_triggered,63,4,0.0,67.0,67.0,66.316
007_matrix_run_03_low_spoof_high_flood,573,573.0,574.0,recovery,normal,normal,no_rule_triggered,62,4,0.0,67.0,66.4,65.263
007_matrix_run_03_low_spoof_high_flood,574,574.0,575.0,recovery,normal,normal,no_rule_triggered,63,4,0.0,66.0,65.9,66.316
007_matrix_run_03_low_spoof_high_flood,575,575.0,576.0,recovery,normal,normal,no_rule_triggered,62,4,0.0,65.0,65.0,65.263
007_matrix_run_03_low_spoof_high_flood,576,576.0,577.0,recovery,normal,normal,no_rule_triggered,63,4,0.0,65.0,64.25,66.316
007_matrix_run_03_low_spoof_high_flood,577,577.0,578.0,recovery,normal,normal,no_rule_triggered,62,4,0.0,64.0,64.0,65.263
007_matrix_run_03_low_spoof_high_flood,578,578.0,579.0,recovery,normal,normal,no_rule_triggered,63,4,0.0,65.0,64.4,66.316
007_matrix_run_03_low_spoof_high_flood,579,579.0,580.0,recovery,normal,normal,no_rule_triggered,62,4,0.0,66.0,65.5,65.263
007_matrix_run_03_low_spoof_high_flood,580,580.0,581.0,recovery,normal,normal,no_rule_triggered,63,4,0.0,68.0,67.35,66.316
007_matrix_run_03_low_spoof_high_flood,581,581.0,582.0,recovery,normal,normal,no_rule_triggered,62,4,0.0,71.0,69.95,65.263
007_matrix_run_03_low_spoof_high_flood,582,582.0,583.0,recovery,normal,normal,no_rule_triggered,63,4,0.0,75.0,73.25,66.316
007_matrix_run_03_low_spoof_high_flood,583,583.0,584.0,recovery,normal,normal,no_rule_triggered,62,4,0.0,79.0,76.8,65.263
007_matrix_run_03_low_spoof_high_flood,584,584.0,585.0,recovery,normal,normal,no_rule_triggered,63,4,0.0,82.0,80.6,66.316
007_matrix_run_03_low_spoof_high_flood,585,585.0,586.0,recovery,normal,normal,no_rule_triggered,62,4,0.0,86.0,84.2,65.263
007_matrix_run_03_low_spoof_high_flood,586,586.0,587.0,recovery,normal,normal,no_rule_triggered,63,4,0.0,89.0,87.3,66.316
007_matrix_run_03_low_spoof_high_flood,587,587.0,588.0,recovery,normal,normal,no_rule_triggered,62,4,0.0,91.0,89.75,65.263
007_matrix_run_03_low_spoof_high_flood,588,588.0,589.0,recovery,normal,normal,no_rule_triggered,63,4,0.0,92.0,91.35,66.316
007_matrix_run_03_low_spoof_high_flood,589,589.0,590.0,recovery,normal,normal,no_rule_triggered,62,4,0.0,92.0,92.0,65.263
007_matrix_run_03_low_spoof_high_flood,590,590.0,591.0,recovery,normal,normal,no_rule_triggered,63,4,0.0,92.0,91.4,66.316
007_matrix_run_03_low_spoof_high_flood,591,591.0,592.0,recovery,normal,normal,no_rule_triggered,62,4,0.0,91.0,89.95,65.263
007_matrix_run_03_low_spoof_high_flood,592,592.0,593.0,recovery,normal,normal,no_rule_triggered,63,4,0.0,89.0,87.85,66.316
007_matrix_run_03_low_spoof_high_flood,593,593.0,594.0,recovery,normal,normal,no_rule_triggered,62,4,0.0,86.0,85.05,65.263
007_matrix_run_03_low_spoof_high_flood,594,594.0,595.0,recovery,normal,normal,no_rule_triggered,63,4,0.0,84.0,82.2,66.316
007_matrix_run_03_low_spoof_high_flood,595,595.0,596.0,recovery,normal,normal,no_rule_triggered,62,4,0.0,81.0,79.4,65.263
007_matrix_run_03_low_spoof_high_flood,596,596.0,597.0,recovery,normal,normal,no_rule_triggered,63,4,0.0,78.0,76.9,66.316
007_matrix_run_03_low_spoof_high_flood,597,597.0,598.0,recovery,normal,normal,no_rule_triggered,62,4,0.0,76.0,74.9,65.263
007_matrix_run_03_low_spoof_high_flood,598,598.0,599.0,recovery,normal,normal,no_rule_triggered,63,4,0.0,74.0,73.65,66.316
007_matrix_run_03_low_spoof_high_flood,599,599.0,600.0,recovery,normal,normal,no_rule_triggered,62,4,0.0,73.0,73.0,65.263
007_matrix_run_04_medium_spoof_low_flood,0,0.0,1.0,baseline,normal,normal,no_rule_triggered,63,4,0.0,64.0,61.7,66.316
007_matrix_run_04_medium_spoof_low_flood,1,1.0,2.0,baseline,normal,normal,no_rule_triggered,62,4,0.0,68.0,66.05,65.263
007_matrix_run_04_medium_spoof_low_flood,2,2.0,3.0,baseline,normal,normal,no_rule_triggered,63,4,0.0,72.0,70.05,66.316
007_matrix_run_04_medium_spoof_low_flood,3,3.0,4.0,baseline,normal,normal,no_rule_triggered,62,4,0.0,75.0,73.4,65.263
007_matrix_run_04_medium_spoof_low_flood,4,4.0,5.0,baseline,normal,normal,no_rule_triggered,63,4,0.0,77.0,75.9,66.316
007_matrix_run_04_medium_spoof_low_flood,5,5.0,6.0,baseline,normal,normal,no_rule_triggered,62,4,0.0,78.0,77.45,65.263
007_matrix_run_04_medium_spoof_low_flood,6,6.0,7.0,baseline,normal,normal,no_rule_triggered,63,4,0.0,78.0,78.0,66.316
007_matrix_run_04_medium_spoof_low_flood,7,7.0,8.0,baseline,normal,normal,no_rule_triggered,62,4,0.0,78.0,78.0,65.263
007_matrix_run_04_medium_spoof_low_flood,8,8.0,9.0,baseline,normal,normal,no_rule_triggered,63,4,0.0,78.0,77.15,66.316
007_matrix_run_04_medium_spoof_low_flood,9,9.0,10.0,baseline,normal,normal,no_rule_triggered,62,4,0.0,77.0,76.0,65.263
007_matrix_run_04_medium_spoof_low_flood,10,10.0,11.0,baseline,normal,normal,no_rule_triggered,63,4,0.0,75.0,74.75,66.316
007_matrix_run_04_medium_spoof_low_flood,11,11.0,12.0,baseline,normal,normal,no_rule_triggered,62,4,0.0,74.0,73.85,65.263
007_matrix_run_04_medium_spoof_low_flood,12,12.0,13.0,baseline,normal,normal,no_rule_triggered,63,4,0.0,73.0,73.0,66.316
007_matrix_run_04_medium_spoof_low_flood,13,13.0,14.0,baseline,normal,normal,no_rule_triggered,62,4,0.0,73.0,73.0,65.263
007_matrix_run_04_medium_spoof_low_flood,14,14.0,15.0,baseline,normal,normal,no_rule_triggered,63,4,0.0,75.0,74.1,66.316
007_matrix_run_04_medium_spoof_low_flood,15,15.0,16.0,baseline,normal,normal,no_rule_triggered,62,4,0.0,76.0,75.5,65.263
007_matrix_run_04_medium_spoof_low_flood,16,16.0,17.0,baseline,normal,normal,no_rule_triggered,63,4,0.0,79.0,77.7,66.316
007_matrix_run_04_medium_spoof_low_flood,17,17.0,18.0,baseline,normal,normal,no_rule_triggered,62,4,0.0,82.0,80.35,65.263
007_matrix_run_04_medium_spoof_low_flood,18,18.0,19.0,baseline,normal,normal,no_rule_triggered,63,4,0.0,85.0,83.2,66.316
007_matrix_run_04_medium_spoof_low_flood,19,19.0,20.0,baseline,normal,normal,no_rule_triggered,62,4,0.0,87.0,86.05,65.263
007_matrix_run_04_medium_spoof_low_flood,20,20.0,21.0,baseline,normal,normal,no_rule_triggered,63,4,0.0,90.0,88.6,66.316
007_matrix_run_04_medium_spoof_low_flood,21,21.0,22.0,baseline,normal,normal,no_rule_triggered,62,4,0.0,91.0,90.55,65.263
007_matrix_run_04_medium_spoof_low_flood,22,22.0,23.0,baseline,normal,normal,no_rule_triggered,63,4,0.0,92.0,91.7,66.316
007_matrix_run_04_medium_spoof_low_flood,23,23.0,24.0,baseline,normal,normal,no_rule_triggered,62,4,0.0,92.0,92.0,65.263
007_matrix_run_04_medium_spoof_low_flood,24,24.0,25.0,baseline,normal,normal,no_rule_triggered,63,4,0.0,91.0,90.8,66.316
007_matrix_run_04_medium_spoof_low_flood,25,25.0,26.0,baseline,normal,normal,no_rule_triggered,62,4,0.0,90.0,89.05,65.263
007_matrix_run_04_medium_spoof_low_flood,26,26.0,27.0,baseline,normal,normal,no_rule_triggered,63,4,0.0,88.0,86.3,66.316
007_matrix_run_04_medium_spoof_low_flood,27,27.0,28.0,baseline,normal,normal,no_rule_triggered,62,4,0.0,85.0,82.95,65.263
007_matrix_run_04_medium_spoof_low_flood,28,28.0,29.0,baseline,normal,normal,no_rule_triggered,63,4,0.0,81.0,79.35,66.316
007_matrix_run_04_medium_spoof_low_flood,29,29.0,30.0,baseline,normal,normal,no_rule_triggered,62,4,0.0,77.0,75.55,65.263
007_matrix_run_04_medium_spoof_low_flood,30,30.0,31.0,baseline,normal,normal,no_rule_triggered,63,4,0.0,74.0,72.05,66.316
007_matrix_run_04_medium_spoof_low_flood,31,31.0,32.0,baseline,normal,normal,no_rule_triggered,62,4,0.0,70.0,69.0,65.263
007_matrix_run_04_medium_spoof_low_flood,32,32.0,33.0,baseline,normal,normal,no_rule_triggered,63,4,0.0,68.0,66.65,66.316
007_matrix_run_04_medium_spoof_low_flood,33,33.0,34.0,baseline,normal,normal,no_rule_triggered,62,4,0.0,66.0,65.15,65.263
007_matrix_run_04_medium_spoof_low_flood,34,34.0,35.0,baseline,normal,normal,no_rule_triggered,63,4,0.0,65.0,64.05,66.316
007_matrix_run_04_medium_spoof_low_flood,35,35.0,36.0,baseline,normal,normal,no_rule_triggered,62,4,0.0,64.0,64.0,65.263
007_matrix_run_04_medium_spoof_low_flood,36,36.0,37.0,baseline,normal,normal,no_rule_triggered,63,4,0.0,65.0,64.6,66.316
007_matrix_run_04_medium_spoof_low_flood,37,37.0,38.0,baseline,normal,normal,no_rule_triggered,62,4,0.0,66.0,65.25,65.263
007_matrix_run_04_medium_spoof_low_flood,38,38.0,39.0,baseline,normal,normal,no_rule_triggered,63,4,0.0,66.0,66.0,66.316
007_matrix_run_04_medium_spoof_low_flood,39,39.0,40.0,baseline,normal,normal,no_rule_triggered,62,4,0.0,67.0,66.75,65.263
007_matrix_run_04_medium_spoof_low_flood,40,40.0,41.0,baseline,normal,normal,no_rule_triggered,63,4,0.0,67.0,66.75,66.316
007_matrix_run_04_medium_spoof_low_flood,41,41.0,42.0,baseline,normal,normal,no_rule_triggered,62,4,0.0,66.0,65.8,65.263
007_matrix_run_04_medium_spoof_low_flood,42,42.0,43.0,baseline,normal,normal,no_rule_triggered,63,4,0.0,65.0,64.35,66.316
007_matrix_run_04_medium_spoof_low_flood,43,43.0,44.0,baseline,normal,normal,no_rule_triggered,62,4,0.0,63.0,61.95,65.263
007_matrix_run_04_medium_spoof_low_flood,44,44.0,45.0,baseline,normal,normal,no_rule_triggered,63,4,0.0,60.0,58.75,66.316
007_matrix_run_04_medium_spoof_low_flood,45,45.0,46.0,baseline,normal,normal,no_rule_triggered,62,4,0.0,57.0,54.9,65.263
007_matrix_run_04_medium_spoof_low_flood,46,46.0,47.0,baseline,normal,normal,no_rule_triggered,63,4,0.0,53.0,50.75,66.316
007_matrix_run_04_medium_spoof_low_flood,47,47.0,48.0,baseline,normal,normal,no_rule_triggered,62,4,0.0,48.0,46.35,65.263
007_matrix_run_04_medium_spoof_low_flood,48,48.0,49.0,baseline,normal,normal,no_rule_triggered,63,4,0.0,44.0,42.15,66.316
007_matrix_run_04_medium_spoof_low_flood,49,49.0,50.0,baseline,normal,normal,no_rule_triggered,62,4,0.0,40.0,38.5,65.263
007_matrix_run_04_medium_spoof_low_flood,50,50.0,51.0,baseline,normal,normal,no_rule_triggered,63,4,0.0,37.0,35.45,66.316
007_matrix_run_04_medium_spoof_low_flood,51,51.0,52.0,baseline,normal,normal,no_rule_triggered,62,4,0.0,34.0,33.4,65.263
007_matrix_run_04_medium_spoof_low_flood,52,52.0,53.0,baseline,normal,normal,no_rule_triggered,63,4,0.0,33.0,32.1,66.316
007_matrix_run_04_medium_spoof_low_flood,53,53.0,54.0,baseline,normal,normal,no_rule_triggered,62,4,0.0,32.0,32.0,65.263
007_matrix_run_04_medium_spoof_low_flood,54,54.0,55.0,baseline,normal,normal,no_rule_triggered,63,4,0.0,33.0,32.75,66.316
007_matrix_run_04_medium_spoof_low_flood,55,55.0,56.0,baseline,normal,normal,no_rule_triggered,62,4,0.0,35.0,34.2,65.263
007_matrix_run_04_medium_spoof_low_flood,56,56.0,57.0,baseline,normal,normal,no_rule_triggered,63,4,0.0,37.0,36.0,66.316
007_matrix_run_04_medium_spoof_low_flood,57,57.0,58.0,baseline,normal,normal,no_rule_triggered,62,4,0.0,39.0,38.0,65.263
007_matrix_run_04_medium_spoof_low_flood,58,58.0,59.0,baseline,normal,normal,no_rule_triggered,63,4,0.0,41.0,39.8,66.316
007_matrix_run_04_medium_spoof_low_flood,59,59.0,60.0,baseline,normal,normal,no_rule_triggered,62,4,0.0,42.0,41.4,65.263
007_matrix_run_04_medium_spoof_low_flood,60,60.0,61.0,baseline,normal,normal,no_rule_triggered,63,4,0.0,42.0,42.0,66.316
007_matrix_run_04_medium_spoof_low_flood,61,61.0,62.0,baseline,normal,normal,no_rule_triggered,62,4,0.0,42.0,42.0,65.263
007_matrix_run_04_medium_spoof_low_flood,62,62.0,63.0,baseline,normal,normal,no_rule_triggered,63,4,0.0,42.0,41.95,66.316
007_matrix_run_04_medium_spoof_low_flood,63,63.0,64.0,baseline,normal,normal,no_rule_triggered,62,4,0.0,41.0,40.7,65.263
007_matrix_run_04_medium_spoof_low_flood,64,64.0,65.0,baseline,normal,normal,no_rule_triggered,63,4,0.0,40.0,39.1,66.316
007_matrix_run_04_medium_spoof_low_flood,65,65.0,66.0,baseline,normal,normal,no_rule_triggered,62,4,0.0,38.0,37.1,65.263
007_matrix_run_04_medium_spoof_low_flood,66,66.0,67.0,baseline,normal,normal,no_rule_triggered,63,4,0.0,36.0,35.15,66.316
007_matrix_run_04_medium_spoof_low_flood,67,67.0,68.0,baseline,normal,normal,no_rule_triggered,62,4,0.0,34.0,33.45,65.263
007_matrix_run_04_medium_spoof_low_flood,68,68.0,69.0,baseline,normal,normal,no_rule_triggered,63,4,0.0,33.0,32.3,66.316
007_matrix_run_04_medium_spoof_low_flood,69,69.0,70.0,baseline,normal,normal,no_rule_triggered,62,4,0.0,32.0,32.0,65.263
007_matrix_run_04_medium_spoof_low_flood,70,70.0,71.0,baseline,normal,normal,no_rule_triggered,63,4,0.0,33.0,32.55,66.316
007_matrix_run_04_medium_spoof_low_flood,71,71.0,72.0,baseline,normal,normal,no_rule_triggered,62,4,0.0,35.0,34.1,65.263
007_matrix_run_04_medium_spoof_low_flood,72,72.0,73.0,baseline,normal,normal,no_rule_triggered,63,4,0.0,38.0,36.65,66.316
007_matrix_run_04_medium_spoof_low_flood,73,73.0,74.0,baseline,normal,normal,no_rule_triggered,62,4,0.0,42.0,40.0,65.263
007_matrix_run_04_medium_spoof_low_flood,74,74.0,75.0,baseline,normal,normal,no_rule_triggered,63,4,0.0,46.0,43.95,66.316
007_matrix_run_04_medium_spoof_low_flood,75,75.0,76.0,baseline,normal,normal,no_rule_triggered,62,4,0.0,50.0,48.2,65.263
007_matrix_run_04_medium_spoof_low_flood,76,76.0,77.0,baseline,normal,normal,no_rule_triggered,63,4,0.0,55.0,52.6,66.316
007_matrix_run_04_medium_spoof_low_flood,77,77.0,78.0,baseline,normal,normal,no_rule_triggered,62,4,0.0,58.0,56.65,65.263
007_matrix_run_04_medium_spoof_low_flood,78,78.0,79.0,baseline,normal,normal,no_rule_triggered,63,4,0.0,62.0,60.2,66.316
007_matrix_run_04_medium_spoof_low_flood,79,79.0,80.0,baseline,normal,normal,no_rule_triggered,62,4,0.0,64.0,63.1,65.263
007_matrix_run_04_medium_spoof_low_flood,80,80.0,81.0,baseline,normal,normal,no_rule_triggered,63,4,0.0,66.0,65.1,66.316
007_matrix_run_04_medium_spoof_low_flood,81,81.0,82.0,baseline,normal,normal,no_rule_triggered,62,4,0.0,67.0,66.15,65.263
007_matrix_run_04_medium_spoof_low_flood,82,82.0,83.0,baseline,normal,normal,no_rule_triggered,63,4,0.0,67.0,67.0,66.316
007_matrix_run_04_medium_spoof_low_flood,83,83.0,84.0,baseline,normal,normal,no_rule_triggered,62,4,0.0,67.0,66.3,65.263
007_matrix_run_04_medium_spoof_low_flood,84,84.0,85.0,baseline,normal,normal,no_rule_triggered,63,4,0.0,66.0,65.85,66.316
007_matrix_run_04_medium_spoof_low_flood,85,85.0,86.0,baseline,normal,normal,no_rule_triggered,62,4,0.0,65.0,65.0,65.263
007_matrix_run_04_medium_spoof_low_flood,86,86.0,87.0,baseline,normal,normal,no_rule_triggered,63,4,0.0,65.0,64.2,66.316
007_matrix_run_04_medium_spoof_low_flood,87,87.0,88.0,baseline,normal,normal,no_rule_triggered,62,4,0.0,64.0,64.0,65.263
007_matrix_run_04_medium_spoof_low_flood,88,88.0,89.0,baseline,normal,normal,no_rule_triggered,63,4,0.0,65.0,64.45,66.316
007_matrix_run_04_medium_spoof_low_flood,89,89.0,90.0,baseline,normal,normal,no_rule_triggered,62,4,0.0,66.0,65.55,65.263
007_matrix_run_04_medium_spoof_low_flood,90,90.0,91.0,baseline,normal,normal,no_rule_triggered,63,4,0.0,69.0,67.6,66.316
007_matrix_run_04_medium_spoof_low_flood,91,91.0,92.0,baseline,normal,normal,no_rule_triggered,62,4,0.0,72.0,70.25,65.263
007_matrix_run_04_medium_spoof_low_flood,92,92.0,93.0,baseline,normal,normal,no_rule_triggered,63,4,0.0,75.0,73.5,66.316
007_matrix_run_04_medium_spoof_low_flood,93,93.0,94.0,baseline,normal,normal,no_rule_triggered,62,4,0.0,79.0,77.15,65.263
007_matrix_run_04_medium_spoof_low_flood,94,94.0,95.0,baseline,normal,normal,no_rule_triggered,63,4,0.0,83.0,80.9,66.316
007_matrix_run_04_medium_spoof_low_flood,95,95.0,96.0,baseline,normal,normal,no_rule_triggered,62,4,0.0,86.0,84.5,65.263
007_matrix_run_04_medium_spoof_low_flood,96,96.0,97.0,baseline,normal,normal,no_rule_triggered,63,4,0.0,89.0,87.6,66.316
007_matrix_run_04_medium_spoof_low_flood,97,97.0,98.0,baseline,normal,normal,no_rule_triggered,62,4,0.0,91.0,89.95,65.263
007_matrix_run_04_medium_spoof_low_flood,98,98.0,99.0,baseline,normal,normal,no_rule_triggered,63,4,0.0,92.0,91.4,66.316
007_matrix_run_04_medium_spoof_low_flood,99,99.0,100.0,baseline,normal,normal,no_rule_triggered,62,4,0.0,92.0,92.0,65.263
007_matrix_run_04_medium_spoof_low_flood,100,100.0,101.0,baseline,normal,normal,no_rule_triggered,63,4,0.0,92.0,91.3,66.316
007_matrix_run_04_medium_spoof_low_flood,101,101.0,102.0,baseline,normal,normal,no_rule_triggered,62,4,0.0,91.0,89.75,65.263
007_matrix_run_04_medium_spoof_low_flood,102,102.0,103.0,baseline,normal,normal,no_rule_triggered,63,4,0.0,89.0,87.6,66.316
007_matrix_run_04_medium_spoof_low_flood,103,103.0,104.0,baseline,normal,normal,no_rule_triggered,62,4,0.0,86.0,84.95,65.263
007_matrix_run_04_medium_spoof_low_flood,104,104.0,105.0,baseline,normal,normal,no_rule_triggered,63,4,0.0,83.0,81.95,66.316
007_matrix_run_04_medium_spoof_low_flood,105,105.0,106.0,baseline,normal,normal,no_rule_triggered,62,4,0.0,80.0,79.1,65.263
007_matrix_run_04_medium_spoof_low_flood,106,106.0,107.0,baseline,normal,normal,no_rule_triggered,63,4,0.0,78.0,76.75,66.316
007_matrix_run_04_medium_spoof_low_flood,107,107.0,108.0,baseline,normal,normal,no_rule_triggered,62,4,0.0,76.0,74.7,65.263
007_matrix_run_04_medium_spoof_low_flood,108,108.0,109.0,baseline,normal,normal,no_rule_triggered,63,4,0.0,74.0,73.55,66.316
007_matrix_run_04_medium_spoof_low_flood,109,109.0,110.0,baseline,normal,normal,no_rule_triggered,62,4,0.0,73.0,73.0,65.263
007_matrix_run_04_medium_spoof_low_flood,110,110.0,111.0,baseline,normal,normal,no_rule_triggered,63,4,0.0,74.0,73.25,66.316
007_matrix_run_04_medium_spoof_low_flood,111,111.0,112.0,baseline,normal,normal,no_rule_triggered,62,4,0.0,75.0,74.2,65.263
007_matrix_run_04_medium_spoof_low_flood,112,112.0,113.0,baseline,normal,normal,no_rule_triggered,63,4,0.0,76.0,75.35,66.316
007_matrix_run_04_medium_spoof_low_flood,113,113.0,114.0,baseline,normal,normal,no_rule_triggered,62,4,0.0,77.0,76.55,65.263
007_matrix_run_04_medium_spoof_low_flood,114,114.0,115.0,baseline,normal,normal,no_rule_triggered,63,4,0.0,78.0,77.55,66.316
007_matrix_run_04_medium_spoof_low_flood,115,115.0,116.0,baseline,normal,normal,no_rule_triggered,62,4,0.0,78.0,78.0,65.263
007_matrix_run_04_medium_spoof_low_flood,116,116.0,117.0,baseline,normal,normal,no_rule_triggered,63,4,0.0,78.0,78.0,66.316
007_matrix_run_04_medium_spoof_low_flood,117,117.0,118.0,baseline,normal,normal,no_rule_triggered,62,4,0.0,78.0,76.8,65.263
007_matrix_run_04_medium_spoof_low_flood,118,118.0,119.0,baseline,normal,normal,no_rule_triggered,63,4,0.0,76.0,74.95,66.316
007_matrix_run_04_medium_spoof_low_flood,119,119.0,120.0,baseline,normal,normal,no_rule_triggered,62,4,0.0,74.0,72.1,65.263
007_matrix_run_04_medium_spoof_low_flood,120,120.0,121.0,baseline,normal,normal,no_rule_triggered,63,4,0.0,70.0,68.5,66.316
007_matrix_run_04_medium_spoof_low_flood,121,121.0,122.0,baseline,normal,normal,no_rule_triggered,62,4,0.0,66.0,64.2,65.263
007_matrix_run_04_medium_spoof_low_flood,122,122.0,123.0,baseline,normal,normal,no_rule_triggered,63,4,0.0,62.0,59.75,66.316
007_matrix_run_04_medium_spoof_low_flood,123,123.0,124.0,baseline,normal,normal,no_rule_triggered,62,4,0.0,57.0,55.2,65.263
007_matrix_run_04_medium_spoof_low_flood,124,124.0,125.0,baseline,normal,normal,no_rule_triggered,63,4,0.0,53.0,50.9,66.316
007_matrix_run_04_medium_spoof_low_flood,125,125.0,126.0,baseline,normal,normal,no_rule_triggered,62,4,0.0,49.0,47.25,65.263
007_matrix_run_04_medium_spoof_low_flood,126,126.0,127.0,baseline,normal,normal,no_rule_triggered,63,4,0.0,46.0,44.3,66.316
007_matrix_run_04_medium_spoof_low_flood,127,127.0,128.0,baseline,normal,normal,no_rule_triggered,62,4,0.0,43.0,42.35,65.263
007_matrix_run_04_medium_spoof_low_flood,128,128.0,129.0,baseline,normal,normal,no_rule_triggered,63,4,0.0,42.0,41.05,66.316
007_matrix_run_04_medium_spoof_low_flood,129,129.0,130.0,baseline,normal,normal,no_rule_triggered,62,4,0.0,41.0,41.0,65.263
007_matrix_run_04_medium_spoof_low_flood,130,130.0,131.0,baseline,normal,normal,no_rule_triggered,63,4,0.0,42.0,41.35,66.316
007_matrix_run_04_medium_spoof_low_flood,131,131.0,132.0,baseline,normal,normal,no_rule_triggered,62,4,0.0,43.0,42.4,65.263
007_matrix_run_04_medium_spoof_low_flood,132,132.0,133.0,baseline,normal,normal,no_rule_triggered,63,4,0.0,44.0,43.55,66.316
007_matrix_run_04_medium_spoof_low_flood,133,133.0,134.0,baseline,normal,normal,no_rule_triggered,62,4,0.0,45.0,44.7,65.263
007_matrix_run_04_medium_spoof_low_flood,134,134.0,135.0,baseline,normal,normal,no_rule_triggered,63,4,0.0,46.0,45.65,66.316
007_matrix_run_04_medium_spoof_low_flood,135,135.0,136.0,baseline,normal,normal,no_rule_triggered,62,4,0.0,46.0,46.0,65.263
007_matrix_run_04_medium_spoof_low_flood,136,136.0,137.0,baseline,normal,normal,no_rule_triggered,63,4,0.0,46.0,45.5,66.316
007_matrix_run_04_medium_spoof_low_flood,137,137.0,138.0,baseline,normal,normal,no_rule_triggered,62,4,0.0,45.0,44.4,65.263
007_matrix_run_04_medium_spoof_low_flood,138,138.0,139.0,baseline,normal,normal,no_rule_triggered,63,4,0.0,43.0,42.45,66.316
007_matrix_run_04_medium_spoof_low_flood,139,139.0,140.0,baseline,normal,normal,no_rule_triggered,62,4,0.0,41.0,40.1,65.263
007_matrix_run_04_medium_spoof_low_flood,140,140.0,141.0,baseline,normal,normal,no_rule_triggered,63,4,0.0,39.0,37.35,66.316
007_matrix_run_04_medium_spoof_low_flood,141,141.0,142.0,baseline,normal,normal,no_rule_triggered,62,4,0.0,36.0,34.35,65.263
007_matrix_run_04_medium_spoof_low_flood,142,142.0,143.0,baseline,normal,normal,no_rule_triggered,63,4,0.0,33.0,31.65,66.316
007_matrix_run_04_medium_spoof_low_flood,143,143.0,144.0,baseline,normal,normal,no_rule_triggered,62,4,0.0,30.0,29.45,65.263
007_matrix_run_04_medium_spoof_low_flood,144,144.0,145.0,baseline,normal,normal,no_rule_triggered,63,4,0.0,28.0,27.8,66.316
007_matrix_run_04_medium_spoof_low_flood,145,145.0,146.0,baseline,normal,normal,no_rule_triggered,62,4,0.0,27.0,27.0,65.263
007_matrix_run_04_medium_spoof_low_flood,146,146.0,147.0,baseline,normal,normal,no_rule_triggered,63,4,0.0,28.0,27.5,66.316
007_matrix_run_04_medium_spoof_low_flood,147,147.0,148.0,baseline,normal,normal,no_rule_triggered,62,4,0.0,30.0,28.85,65.263
007_matrix_run_04_medium_spoof_low_flood,148,148.0,149.0,baseline,normal,normal,no_rule_triggered,63,4,0.0,33.0,31.15,66.316
007_matrix_run_04_medium_spoof_low_flood,149,149.0,150.0,baseline,normal,normal,no_rule_triggered,62,4,0.0,36.0,34.2,65.263
007_matrix_run_04_medium_spoof_low_flood,150,150.0,151.0,baseline,normal,normal,no_rule_triggered,63,4,0.0,40.0,37.75,66.316
007_matrix_run_04_medium_spoof_low_flood,151,151.0,152.0,baseline,normal,normal,no_rule_triggered,62,4,0.0,43.0,41.5,65.263
007_matrix_run_04_medium_spoof_low_flood,152,152.0,153.0,baseline,normal,normal,no_rule_triggered,63,4,0.0,47.0,45.15,66.316
007_matrix_run_04_medium_spoof_low_flood,153,153.0,154.0,baseline,normal,normal,no_rule_triggered,62,4,0.0,50.0,48.45,65.263
007_matrix_run_04_medium_spoof_low_flood,154,154.0,155.0,baseline,normal,normal,no_rule_triggered,63,4,0.0,52.0,51.2,66.316
007_matrix_run_04_medium_spoof_low_flood,155,155.0,156.0,baseline,normal,normal,no_rule_triggered,62,4,0.0,54.0,53.25,65.263
007_matrix_run_04_medium_spoof_low_flood,156,156.0,157.0,baseline,normal,normal,no_rule_triggered,63,4,0.0,55.0,54.45,66.316
007_matrix_run_04_medium_spoof_low_flood,157,157.0,158.0,baseline,normal,normal,no_rule_triggered,62,4,0.0,55.0,55.0,65.263
007_matrix_run_04_medium_spoof_low_flood,158,158.0,159.0,baseline,normal,normal,no_rule_triggered,63,4,0.0,55.0,54.9,66.316
007_matrix_run_04_medium_spoof_low_flood,159,159.0,160.0,baseline,normal,normal,no_rule_triggered,62,4,0.0,54.0,54.0,65.263
007_matrix_run_04_medium_spoof_low_flood,160,160.0,161.0,baseline,normal,normal,no_rule_triggered,63,4,0.0,54.0,53.25,66.316
007_matrix_run_04_medium_spoof_low_flood,161,161.0,162.0,baseline,normal,normal,no_rule_triggered,62,4,0.0,53.0,52.8,65.263
007_matrix_run_04_medium_spoof_low_flood,162,162.0,163.0,baseline,normal,normal,no_rule_triggered,63,4,0.0,52.0,52.0,66.316
007_matrix_run_04_medium_spoof_low_flood,163,163.0,164.0,baseline,normal,normal,no_rule_triggered,62,4,0.0,53.0,52.75,65.263
007_matrix_run_04_medium_spoof_low_flood,164,164.0,165.0,baseline,normal,normal,no_rule_triggered,63,4,0.0,55.0,53.7,66.316
007_matrix_run_04_medium_spoof_low_flood,165,165.0,166.0,baseline,normal,normal,no_rule_triggered,62,4,0.0,57.0,55.7,65.263
007_matrix_run_04_medium_spoof_low_flood,166,166.0,167.0,baseline,normal,normal,no_rule_triggered,63,4,0.0,60.0,58.5,66.316
007_matrix_run_04_medium_spoof_low_flood,167,167.0,168.0,baseline,normal,normal,no_rule_triggered,62,4,0.0,64.0,62.0,65.263
007_matrix_run_04_medium_spoof_low_flood,168,168.0,169.0,baseline,normal,normal,no_rule_triggered,63,4,0.0,68.0,66.05,66.316
007_matrix_run_04_medium_spoof_low_flood,169,169.0,170.0,baseline,normal,normal,no_rule_triggered,62,4,0.0,72.0,70.35,65.263
007_matrix_run_04_medium_spoof_low_flood,170,170.0,171.0,baseline,normal,normal,no_rule_triggered,63,4,0.0,77.0,74.7,66.316
007_matrix_run_04_medium_spoof_low_flood,171,171.0,172.0,baseline,normal,normal,no_rule_triggered,62,4,0.0,80.0,78.65,65.263
007_matrix_run_04_medium_spoof_low_flood,172,172.0,173.0,baseline,normal,normal,no_rule_triggered,63,4,0.0,83.0,82.05,66.316
007_matrix_run_04_medium_spoof_low_flood,173,173.0,174.0,baseline,normal,normal,no_rule_triggered,62,4,0.0,86.0,84.7,65.263
007_matrix_run_04_medium_spoof_low_flood,174,174.0,175.0,baseline,normal,normal,no_rule_triggered,63,4,0.0,87.0,86.35,66.316
007_matrix_run_04_medium_spoof_low_flood,175,175.0,176.0,baseline,normal,normal,no_rule_triggered,62,4,0.0,87.0,87.0,65.263
007_matrix_run_04_medium_spoof_low_flood,176,176.0,177.0,baseline,normal,normal,no_rule_triggered,63,4,0.0,87.0,86.8,66.316
007_matrix_run_04_medium_spoof_low_flood,177,177.0,178.0,baseline,normal,normal,no_rule_triggered,62,4,0.0,86.0,85.6,65.263
007_matrix_run_04_medium_spoof_low_flood,178,178.0,179.0,baseline,normal,normal,no_rule_triggered,63,4,0.0,85.0,84.05,66.316
007_matrix_run_04_medium_spoof_low_flood,179,179.0,180.0,baseline,normal,normal,no_rule_triggered,62,4,0.0,83.0,82.1,65.263
007_matrix_run_04_medium_spoof_low_flood,180,180.0,181.0,spoofing,spoofing,spoofing,decoded_speed_threshold_exceeded,53,3,0.0,199.0,189.96,55.208
007_matrix_run_04_medium_spoof_low_flood,181,181.0,182.0,spoofing,spoofing,spoofing,decoded_speed_threshold_exceeded,52,3,0.0,200.0,191.64,54.167
007_matrix_run_04_medium_spoof_low_flood,182,182.0,183.0,spoofing,spoofing,spoofing,decoded_speed_threshold_exceeded,53,3,0.0,200.0,189.76,55.208
007_matrix_run_04_medium_spoof_low_flood,183,183.0,184.0,spoofing,spoofing,spoofing,decoded_speed_threshold_exceeded,52,3,0.0,200.0,189.76,54.167
007_matrix_run_04_medium_spoof_low_flood,184,184.0,185.0,spoofing,spoofing,spoofing,decoded_speed_threshold_exceeded,53,3,0.0,200.0,189.96,55.208
007_matrix_run_04_medium_spoof_low_flood,185,185.0,186.0,spoofing,spoofing,spoofing,decoded_speed_threshold_exceeded,52,3,0.0,200.0,192.48,54.167
007_matrix_run_04_medium_spoof_low_flood,186,186.0,187.0,spoofing,spoofing,spoofing,decoded_speed_threshold_exceeded,53,3,0.0,200.0,189.12,55.208
007_matrix_run_04_medium_spoof_low_flood,187,187.0,188.0,spoofing,spoofing,spoofing,decoded_speed_threshold_exceeded,52,3,0.0,199.0,189.4,54.167
007_matrix_run_04_medium_spoof_low_flood,188,188.0,189.0,spoofing,spoofing,spoofing,decoded_speed_threshold_exceeded,53,3,0.0,199.0,189.04,55.208
007_matrix_run_04_medium_spoof_low_flood,189,189.0,190.0,spoofing,spoofing,spoofing,decoded_speed_threshold_exceeded,52,3,0.0,200.0,188.8,54.167
007_matrix_run_04_medium_spoof_low_flood,190,190.0,191.0,spoofing,spoofing,spoofing,decoded_speed_threshold_exceeded,53,3,0.0,200.0,191.44,55.208
007_matrix_run_04_medium_spoof_low_flood,191,191.0,192.0,spoofing,spoofing,spoofing,decoded_speed_threshold_exceeded,52,3,0.0,200.0,190.76,54.167
007_matrix_run_04_medium_spoof_low_flood,192,192.0,193.0,spoofing,spoofing,spoofing,decoded_speed_threshold_exceeded,53,3,0.0,200.0,190.44,55.208
007_matrix_run_04_medium_spoof_low_flood,193,193.0,194.0,spoofing,spoofing,spoofing,decoded_speed_threshold_exceeded,52,3,0.0,200.0,192.72,54.167
007_matrix_run_04_medium_spoof_low_flood,194,194.0,195.0,spoofing,spoofing,spoofing,decoded_speed_threshold_exceeded,53,3,0.0,200.0,188.2,55.208
007_matrix_run_04_medium_spoof_low_flood,195,195.0,196.0,spoofing,spoofing,spoofing,decoded_speed_threshold_exceeded,52,3,0.0,199.0,188.48,54.167
007_matrix_run_04_medium_spoof_low_flood,196,196.0,197.0,spoofing,spoofing,spoofing,decoded_speed_threshold_exceeded,53,3,0.0,200.0,189.44,55.208
007_matrix_run_04_medium_spoof_low_flood,197,197.0,198.0,spoofing,spoofing,spoofing,decoded_speed_threshold_exceeded,52,3,0.0,200.0,190.48,54.167
007_matrix_run_04_medium_spoof_low_flood,198,198.0,199.0,spoofing,spoofing,spoofing,decoded_speed_threshold_exceeded,53,3,0.0,200.0,191.08,55.208
007_matrix_run_04_medium_spoof_low_flood,199,199.0,200.0,spoofing,spoofing,spoofing,decoded_speed_threshold_exceeded,52,3,0.0,198.0,190.2,54.167
007_matrix_run_04_medium_spoof_low_flood,200,200.0,201.0,spoofing,spoofing,spoofing,decoded_speed_threshold_exceeded,53,3,0.0,197.0,189.72,55.208
007_matrix_run_04_medium_spoof_low_flood,201,201.0,202.0,spoofing,spoofing,spoofing,decoded_speed_threshold_exceeded,52,3,0.0,200.0,189.44,54.167
007_matrix_run_04_medium_spoof_low_flood,202,202.0,203.0,spoofing,spoofing,spoofing,decoded_speed_threshold_exceeded,53,3,0.0,200.0,189.68,55.208
007_matrix_run_04_medium_spoof_low_flood,203,203.0,204.0,spoofing,spoofing,spoofing,decoded_speed_threshold_exceeded,52,3,0.0,200.0,189.28,54.167
007_matrix_run_04_medium_spoof_low_flood,204,204.0,205.0,spoofing,spoofing,spoofing,decoded_speed_threshold_exceeded,53,3,0.0,200.0,189.32,55.208
007_matrix_run_04_medium_spoof_low_flood,205,205.0,206.0,spoofing,spoofing,spoofing,decoded_speed_threshold_exceeded,52,3,0.0,200.0,192.2,54.167
007_matrix_run_04_medium_spoof_low_flood,206,206.0,207.0,spoofing,spoofing,spoofing,decoded_speed_threshold_exceeded,53,3,0.0,196.0,187.2,55.208
007_matrix_run_04_medium_spoof_low_flood,207,207.0,208.0,spoofing,spoofing,spoofing,decoded_speed_threshold_exceeded,52,3,0.0,199.0,188.76,54.167
007_matrix_run_04_medium_spoof_low_flood,208,208.0,209.0,spoofing,spoofing,spoofing,decoded_speed_threshold_exceeded,53,3,0.0,200.0,191.36,55.208
007_matrix_run_04_medium_spoof_low_flood,209,209.0,210.0,spoofing,spoofing,spoofing,decoded_speed_threshold_exceeded,52,3,0.0,197.0,189.52,54.167
007_matrix_run_04_medium_spoof_low_flood,210,210.0,211.0,spoofing,spoofing,spoofing,decoded_speed_threshold_exceeded,53,3,0.0,200.0,190.12,55.208
007_matrix_run_04_medium_spoof_low_flood,211,211.0,212.0,spoofing,spoofing,spoofing,decoded_speed_threshold_exceeded,52,3,0.0,200.0,191.0,54.167
007_matrix_run_04_medium_spoof_low_flood,212,212.0,213.0,spoofing,spoofing,spoofing,decoded_speed_threshold_exceeded,53,3,0.0,200.0,190.0,55.208
007_matrix_run_04_medium_spoof_low_flood,213,213.0,214.0,spoofing,spoofing,spoofing,decoded_speed_threshold_exceeded,52,3,0.0,200.0,189.84,54.167
007_matrix_run_04_medium_spoof_low_flood,214,214.0,215.0,spoofing,spoofing,spoofing,decoded_speed_threshold_exceeded,53,3,0.0,200.0,189.48,55.208
007_matrix_run_04_medium_spoof_low_flood,215,215.0,216.0,spoofing,spoofing,spoofing,decoded_speed_threshold_exceeded,52,3,0.0,200.0,191.64,54.167
007_matrix_run_04_medium_spoof_low_flood,216,216.0,217.0,spoofing,spoofing,spoofing,decoded_speed_threshold_exceeded,53,3,0.0,200.0,191.28,55.208
007_matrix_run_04_medium_spoof_low_flood,217,217.0,218.0,spoofing,spoofing,spoofing,decoded_speed_threshold_exceeded,52,3,0.0,199.0,189.56,54.167
007_matrix_run_04_medium_spoof_low_flood,218,218.0,219.0,spoofing,spoofing,spoofing,decoded_speed_threshold_exceeded,53,3,0.0,200.0,188.16,55.208
007_matrix_run_04_medium_spoof_low_flood,219,219.0,220.0,spoofing,spoofing,spoofing,decoded_speed_threshold_exceeded,52,3,0.0,198.0,189.84,54.167
007_matrix_run_04_medium_spoof_low_flood,220,220.0,221.0,spoofing,spoofing,spoofing,decoded_speed_threshold_exceeded,53,3,0.0,199.0,191.04,55.208
007_matrix_run_04_medium_spoof_low_flood,221,221.0,222.0,spoofing,spoofing,spoofing,decoded_speed_threshold_exceeded,52,3,0.0,200.0,190.0,54.167
007_matrix_run_04_medium_spoof_low_flood,222,222.0,223.0,spoofing,spoofing,spoofing,decoded_speed_threshold_exceeded,53,3,0.0,200.0,189.52,55.208
007_matrix_run_04_medium_spoof_low_flood,223,223.0,224.0,spoofing,spoofing,spoofing,decoded_speed_threshold_exceeded,52,3,0.0,199.0,191.08,54.167
007_matrix_run_04_medium_spoof_low_flood,224,224.0,225.0,spoofing,spoofing,spoofing,decoded_speed_threshold_exceeded,53,3,0.0,198.0,187.68,55.208
007_matrix_run_04_medium_spoof_low_flood,225,225.0,226.0,spoofing,spoofing,spoofing,decoded_speed_threshold_exceeded,52,3,0.0,200.0,190.96,54.167
007_matrix_run_04_medium_spoof_low_flood,226,226.0,227.0,spoofing,spoofing,spoofing,decoded_speed_threshold_exceeded,53,3,0.0,200.0,188.68,55.208
007_matrix_run_04_medium_spoof_low_flood,227,227.0,228.0,spoofing,spoofing,spoofing,decoded_speed_threshold_exceeded,52,3,0.0,200.0,191.64,54.167
007_matrix_run_04_medium_spoof_low_flood,228,228.0,229.0,spoofing,spoofing,spoofing,decoded_speed_threshold_exceeded,53,3,0.0,200.0,192.32,55.208
007_matrix_run_04_medium_spoof_low_flood,229,229.0,230.0,spoofing,spoofing,spoofing,decoded_speed_threshold_exceeded,52,3,0.0,200.0,189.72,54.167
007_matrix_run_04_medium_spoof_low_flood,230,230.0,231.0,spoofing,spoofing,spoofing,decoded_speed_threshold_exceeded,53,3,0.0,200.0,189.48,55.208
007_matrix_run_04_medium_spoof_low_flood,231,231.0,232.0,spoofing,spoofing,spoofing,decoded_speed_threshold_exceeded,52,3,0.0,199.0,188.72,54.167
007_matrix_run_04_medium_spoof_low_flood,232,232.0,233.0,spoofing,spoofing,spoofing,decoded_speed_threshold_exceeded,53,3,0.0,200.0,189.6,55.208
007_matrix_run_04_medium_spoof_low_flood,233,233.0,234.0,spoofing,spoofing,spoofing,decoded_speed_threshold_exceeded,52,3,0.0,200.0,189.8,54.167
007_matrix_run_04_medium_spoof_low_flood,234,234.0,235.0,spoofing,spoofing,spoofing,decoded_speed_threshold_exceeded,53,3,0.0,199.0,189.2,55.208
007_matrix_run_04_medium_spoof_low_flood,235,235.0,236.0,spoofing,spoofing,spoofing,decoded_speed_threshold_exceeded,52,3,0.0,200.0,190.44,54.167
007_matrix_run_04_medium_spoof_low_flood,236,236.0,237.0,spoofing,spoofing,spoofing,decoded_speed_threshold_exceeded,53,3,0.0,200.0,191.52,55.208
007_matrix_run_04_medium_spoof_low_flood,237,237.0,238.0,spoofing,spoofing,spoofing,decoded_speed_threshold_exceeded,52,3,0.0,200.0,191.04,54.167
007_matrix_run_04_medium_spoof_low_flood,238,238.0,239.0,spoofing,spoofing,spoofing,decoded_speed_threshold_exceeded,53,3,0.0,200.0,191.24,55.208
007_matrix_run_04_medium_spoof_low_flood,239,239.0,240.0,spoofing,spoofing,spoofing,decoded_speed_threshold_exceeded,52,3,0.0,200.0,190.4,54.167
007_matrix_run_04_medium_spoof_low_flood,240,240.0,241.0,spoofing,spoofing,spoofing,decoded_speed_threshold_exceeded,53,3,0.0,200.0,189.8,55.208
007_matrix_run_04_medium_spoof_low_flood,241,241.0,242.0,spoofing,spoofing,spoofing,decoded_speed_threshold_exceeded,52,3,0.0,199.0,191.44,54.167
007_matrix_run_04_medium_spoof_low_flood,242,242.0,243.0,spoofing,spoofing,spoofing,decoded_speed_threshold_exceeded,53,3,0.0,200.0,189.8,55.208
007_matrix_run_04_medium_spoof_low_flood,243,243.0,244.0,spoofing,spoofing,spoofing,decoded_speed_threshold_exceeded,52,3,0.0,200.0,191.76,54.167
007_matrix_run_04_medium_spoof_low_flood,244,244.0,245.0,spoofing,spoofing,spoofing,decoded_speed_threshold_exceeded,53,3,0.0,200.0,190.56,55.208
007_matrix_run_04_medium_spoof_low_flood,245,245.0,246.0,spoofing,spoofing,spoofing,decoded_speed_threshold_exceeded,52,3,0.0,200.0,190.12,54.167
007_matrix_run_04_medium_spoof_low_flood,246,246.0,247.0,spoofing,spoofing,spoofing,decoded_speed_threshold_exceeded,53,3,0.0,199.0,190.16,55.208
007_matrix_run_04_medium_spoof_low_flood,247,247.0,248.0,spoofing,spoofing,spoofing,decoded_speed_threshold_exceeded,52,3,0.0,200.0,190.12,54.167
007_matrix_run_04_medium_spoof_low_flood,248,248.0,249.0,spoofing,spoofing,spoofing,decoded_speed_threshold_exceeded,53,3,0.0,200.0,189.44,55.208
007_matrix_run_04_medium_spoof_low_flood,249,249.0,250.0,spoofing,spoofing,spoofing,decoded_speed_threshold_exceeded,52,3,0.0,200.0,189.88,54.167
007_matrix_run_04_medium_spoof_low_flood,250,250.0,251.0,spoofing,spoofing,spoofing,decoded_speed_threshold_exceeded,53,3,0.0,200.0,193.16,55.208
007_matrix_run_04_medium_spoof_low_flood,251,251.0,252.0,spoofing,spoofing,spoofing,decoded_speed_threshold_exceeded,52,3,0.0,199.0,190.48,54.167
007_matrix_run_04_medium_spoof_low_flood,252,252.0,253.0,spoofing,spoofing,spoofing,decoded_speed_threshold_exceeded,53,3,0.0,200.0,189.24,55.208
007_matrix_run_04_medium_spoof_low_flood,253,253.0,254.0,spoofing,spoofing,spoofing,decoded_speed_threshold_exceeded,52,3,0.0,198.0,189.52,54.167
007_matrix_run_04_medium_spoof_low_flood,254,254.0,255.0,spoofing,spoofing,spoofing,decoded_speed_threshold_exceeded,53,3,0.0,198.0,188.36,55.208
007_matrix_run_04_medium_spoof_low_flood,255,255.0,256.0,spoofing,spoofing,spoofing,decoded_speed_threshold_exceeded,52,3,0.0,200.0,189.96,54.167
007_matrix_run_04_medium_spoof_low_flood,256,256.0,257.0,spoofing,spoofing,spoofing,decoded_speed_threshold_exceeded,53,3,0.0,199.0,191.0,55.208
007_matrix_run_04_medium_spoof_low_flood,257,257.0,258.0,spoofing,spoofing,spoofing,decoded_speed_threshold_exceeded,52,3,0.0,198.0,189.04,54.167
007_matrix_run_04_medium_spoof_low_flood,258,258.0,259.0,spoofing,spoofing,spoofing,decoded_speed_threshold_exceeded,53,3,0.0,200.0,188.44,55.208
007_matrix_run_04_medium_spoof_low_flood,259,259.0,260.0,spoofing,spoofing,spoofing,decoded_speed_threshold_exceeded,52,3,0.0,200.0,190.24,54.167
007_matrix_run_04_medium_spoof_low_flood,260,260.0,261.0,spoofing,spoofing,spoofing,decoded_speed_threshold_exceeded,53,3,0.0,200.0,190.92,55.208
007_matrix_run_04_medium_spoof_low_flood,261,261.0,262.0,spoofing,spoofing,spoofing,decoded_speed_threshold_exceeded,52,3,0.0,200.0,191.32,54.167
007_matrix_run_04_medium_spoof_low_flood,262,262.0,263.0,spoofing,spoofing,spoofing,decoded_speed_threshold_exceeded,53,3,0.0,199.0,188.52,55.208
007_matrix_run_04_medium_spoof_low_flood,263,263.0,264.0,spoofing,spoofing,spoofing,decoded_speed_threshold_exceeded,52,3,0.0,200.0,191.04,54.167
007_matrix_run_04_medium_spoof_low_flood,264,264.0,265.0,spoofing,spoofing,spoofing,decoded_speed_threshold_exceeded,53,3,0.0,200.0,192.0,55.208
007_matrix_run_04_medium_spoof_low_flood,265,265.0,266.0,spoofing,spoofing,spoofing,decoded_speed_threshold_exceeded,52,3,0.0,199.0,190.8,54.167
007_matrix_run_04_medium_spoof_low_flood,266,266.0,267.0,spoofing,spoofing,spoofing,decoded_speed_threshold_exceeded,53,3,0.0,200.0,189.24,55.208
007_matrix_run_04_medium_spoof_low_flood,267,267.0,268.0,spoofing,spoofing,spoofing,decoded_speed_threshold_exceeded,52,3,0.0,200.0,190.76,54.167
007_matrix_run_04_medium_spoof_low_flood,268,268.0,269.0,spoofing,spoofing,spoofing,decoded_speed_threshold_exceeded,53,3,0.0,199.0,192.08,55.208
007_matrix_run_04_medium_spoof_low_flood,269,269.0,270.0,spoofing,spoofing,spoofing,decoded_speed_threshold_exceeded,52,3,0.0,199.0,190.92,54.167
007_matrix_run_04_medium_spoof_low_flood,270,270.0,271.0,spoofing,spoofing,spoofing,decoded_speed_threshold_exceeded,53,3,0.0,200.0,190.04,55.208
007_matrix_run_04_medium_spoof_low_flood,271,271.0,272.0,spoofing,spoofing,spoofing,decoded_speed_threshold_exceeded,52,3,0.0,200.0,192.08,54.167
007_matrix_run_04_medium_spoof_low_flood,272,272.0,273.0,spoofing,spoofing,spoofing,decoded_speed_threshold_exceeded,53,3,0.0,199.0,190.84,55.208
007_matrix_run_04_medium_spoof_low_flood,273,273.0,274.0,spoofing,spoofing,spoofing,decoded_speed_threshold_exceeded,52,3,0.0,200.0,190.72,54.167
007_matrix_run_04_medium_spoof_low_flood,274,274.0,275.0,spoofing,spoofing,spoofing,decoded_speed_threshold_exceeded,53,3,0.0,200.0,192.08,55.208
007_matrix_run_04_medium_spoof_low_flood,275,275.0,276.0,spoofing,spoofing,spoofing,decoded_speed_threshold_exceeded,52,3,0.0,199.0,190.32,54.167
007_matrix_run_04_medium_spoof_low_flood,276,276.0,277.0,spoofing,spoofing,spoofing,decoded_speed_threshold_exceeded,53,3,0.0,200.0,190.08,55.208
007_matrix_run_04_medium_spoof_low_flood,277,277.0,278.0,spoofing,spoofing,spoofing,decoded_speed_threshold_exceeded,52,3,0.0,200.0,190.12,54.167
007_matrix_run_04_medium_spoof_low_flood,278,278.0,279.0,spoofing,spoofing,spoofing,decoded_speed_threshold_exceeded,53,3,0.0,199.0,190.72,55.208
007_matrix_run_04_medium_spoof_low_flood,279,279.0,280.0,spoofing,spoofing,spoofing,decoded_speed_threshold_exceeded,52,3,0.0,199.0,189.32,54.167
007_matrix_run_04_medium_spoof_low_flood,280,280.0,281.0,spoofing,spoofing,spoofing,decoded_speed_threshold_exceeded,53,3,0.0,200.0,191.2,55.208
007_matrix_run_04_medium_spoof_low_flood,281,281.0,282.0,spoofing,spoofing,spoofing,decoded_speed_threshold_exceeded,52,3,0.0,200.0,191.4,54.167
007_matrix_run_04_medium_spoof_low_flood,282,282.0,283.0,spoofing,spoofing,spoofing,decoded_speed_threshold_exceeded,53,3,0.0,200.0,190.4,55.208
007_matrix_run_04_medium_spoof_low_flood,283,283.0,284.0,spoofing,spoofing,spoofing,decoded_speed_threshold_exceeded,52,3,0.0,200.0,189.48,54.167
007_matrix_run_04_medium_spoof_low_flood,284,284.0,285.0,spoofing,spoofing,spoofing,decoded_speed_threshold_exceeded,53,3,0.0,200.0,189.72,55.208
007_matrix_run_04_medium_spoof_low_flood,285,285.0,286.0,spoofing,spoofing,spoofing,decoded_speed_threshold_exceeded,52,3,0.0,199.0,188.44,54.167
007_matrix_run_04_medium_spoof_low_flood,286,286.0,287.0,spoofing,spoofing,spoofing,decoded_speed_threshold_exceeded,53,3,0.0,200.0,191.76,55.208
007_matrix_run_04_medium_spoof_low_flood,287,287.0,288.0,spoofing,spoofing,spoofing,decoded_speed_threshold_exceeded,52,3,0.0,200.0,190.52,54.167
007_matrix_run_04_medium_spoof_low_flood,288,288.0,289.0,spoofing,spoofing,spoofing,decoded_speed_threshold_exceeded,53,3,0.0,200.0,190.12,55.208
007_matrix_run_04_medium_spoof_low_flood,289,289.0,290.0,spoofing,spoofing,spoofing,decoded_speed_threshold_exceeded,52,3,0.0,200.0,189.76,54.167
007_matrix_run_04_medium_spoof_low_flood,290,290.0,291.0,spoofing,spoofing,spoofing,decoded_speed_threshold_exceeded,53,3,0.0,200.0,191.16,55.208
007_matrix_run_04_medium_spoof_low_flood,291,291.0,292.0,spoofing,spoofing,spoofing,decoded_speed_threshold_exceeded,52,3,0.0,200.0,190.56,54.167
007_matrix_run_04_medium_spoof_low_flood,292,292.0,293.0,spoofing,spoofing,spoofing,decoded_speed_threshold_exceeded,53,3,0.0,200.0,189.08,55.208
007_matrix_run_04_medium_spoof_low_flood,293,293.0,294.0,spoofing,spoofing,spoofing,decoded_speed_threshold_exceeded,52,3,0.0,200.0,190.2,54.167
007_matrix_run_04_medium_spoof_low_flood,294,294.0,295.0,spoofing,spoofing,spoofing,decoded_speed_threshold_exceeded,53,3,0.0,200.0,190.36,55.208
007_matrix_run_04_medium_spoof_low_flood,295,295.0,296.0,spoofing,spoofing,spoofing,decoded_speed_threshold_exceeded,52,3,0.0,200.0,191.04,54.167
007_matrix_run_04_medium_spoof_low_flood,296,296.0,297.0,spoofing,spoofing,spoofing,decoded_speed_threshold_exceeded,53,3,0.0,199.0,190.04,55.208
007_matrix_run_04_medium_spoof_low_flood,297,297.0,298.0,spoofing,spoofing,spoofing,decoded_speed_threshold_exceeded,52,3,0.0,200.0,190.8,54.167
007_matrix_run_04_medium_spoof_low_flood,298,298.0,299.0,spoofing,spoofing,spoofing,decoded_speed_threshold_exceeded,53,3,0.0,199.0,190.56,55.208
007_matrix_run_04_medium_spoof_low_flood,299,299.0,300.0,spoofing,spoofing,spoofing,decoded_speed_threshold_exceeded,52,3,0.0,200.0,192.04,54.167
007_matrix_run_04_medium_spoof_low_flood,300,300.0,301.0,flooding,flooding,flooding,high_id_cardinality_or_unknown_id_ratio,50,50,1.0,,,51.02
007_matrix_run_04_medium_spoof_low_flood,301,301.0,302.0,flooding,flooding,flooding,high_id_cardinality_or_unknown_id_ratio,50,50,1.0,,,51.02
007_matrix_run_04_medium_spoof_low_flood,302,302.0,303.0,flooding,flooding,flooding,high_id_cardinality_or_unknown_id_ratio,50,49,1.0,,,51.02
007_matrix_run_04_medium_spoof_low_flood,303,303.0,304.0,flooding,flooding,flooding,high_id_cardinality_or_unknown_id_ratio,50,50,1.0,,,51.02
007_matrix_run_04_medium_spoof_low_flood,304,304.0,305.0,flooding,flooding,flooding,high_id_cardinality_or_unknown_id_ratio,50,48,1.0,,,51.02
007_matrix_run_04_medium_spoof_low_flood,305,305.0,306.0,flooding,flooding,flooding,high_id_cardinality_or_unknown_id_ratio,50,49,1.0,,,51.02
007_matrix_run_04_medium_spoof_low_flood,306,306.0,307.0,flooding,flooding,flooding,high_id_cardinality_or_unknown_id_ratio,50,50,1.0,,,51.02
007_matrix_run_04_medium_spoof_low_flood,307,307.0,308.0,flooding,flooding,flooding,high_id_cardinality_or_unknown_id_ratio,50,50,1.0,,,51.02
007_matrix_run_04_medium_spoof_low_flood,308,308.0,309.0,flooding,flooding,flooding,high_id_cardinality_or_unknown_id_ratio,50,49,1.0,,,51.02
007_matrix_run_04_medium_spoof_low_flood,309,309.0,310.0,flooding,flooding,flooding,high_id_cardinality_or_unknown_id_ratio,50,50,1.0,,,51.02
007_matrix_run_04_medium_spoof_low_flood,310,310.0,311.0,flooding,flooding,flooding,high_id_cardinality_or_unknown_id_ratio,50,50,1.0,,,51.02
007_matrix_run_04_medium_spoof_low_flood,311,311.0,312.0,flooding,flooding,flooding,high_id_cardinality_or_unknown_id_ratio,50,50,1.0,,,51.02
007_matrix_run_04_medium_spoof_low_flood,312,312.0,313.0,flooding,flooding,flooding,high_id_cardinality_or_unknown_id_ratio,50,50,1.0,,,51.02
007_matrix_run_04_medium_spoof_low_flood,313,313.0,314.0,flooding,flooding,flooding,high_id_cardinality_or_unknown_id_ratio,50,50,1.0,,,51.02
007_matrix_run_04_medium_spoof_low_flood,314,314.0,315.0,flooding,flooding,flooding,high_id_cardinality_or_unknown_id_ratio,50,49,1.0,,,51.02
007_matrix_run_04_medium_spoof_low_flood,315,315.0,316.0,flooding,flooding,flooding,high_id_cardinality_or_unknown_id_ratio,50,49,1.0,,,51.02
007_matrix_run_04_medium_spoof_low_flood,316,316.0,317.0,flooding,flooding,flooding,high_id_cardinality_or_unknown_id_ratio,50,49,1.0,,,51.02
007_matrix_run_04_medium_spoof_low_flood,317,317.0,318.0,flooding,flooding,flooding,high_id_cardinality_or_unknown_id_ratio,50,50,1.0,,,51.02
007_matrix_run_04_medium_spoof_low_flood,318,318.0,319.0,flooding,flooding,flooding,high_id_cardinality_or_unknown_id_ratio,50,49,1.0,,,51.02
007_matrix_run_04_medium_spoof_low_flood,319,319.0,320.0,flooding,flooding,flooding,high_id_cardinality_or_unknown_id_ratio,50,50,1.0,,,51.02
007_matrix_run_04_medium_spoof_low_flood,320,320.0,321.0,flooding,flooding,flooding,high_id_cardinality_or_unknown_id_ratio,50,49,1.0,,,51.02
007_matrix_run_04_medium_spoof_low_flood,321,321.0,322.0,flooding,flooding,flooding,high_id_cardinality_or_unknown_id_ratio,50,48,1.0,,,51.02
007_matrix_run_04_medium_spoof_low_flood,322,322.0,323.0,flooding,flooding,flooding,high_id_cardinality_or_unknown_id_ratio,50,50,1.0,,,51.02
007_matrix_run_04_medium_spoof_low_flood,323,323.0,324.0,flooding,flooding,flooding,high_id_cardinality_or_unknown_id_ratio,50,49,0.96,,,51.02
007_matrix_run_04_medium_spoof_low_flood,324,324.0,325.0,flooding,flooding,flooding,high_id_cardinality_or_unknown_id_ratio,50,49,1.0,,,51.02
007_matrix_run_04_medium_spoof_low_flood,325,325.0,326.0,flooding,flooding,flooding,high_id_cardinality_or_unknown_id_ratio,50,50,1.0,,,51.02
007_matrix_run_04_medium_spoof_low_flood,326,326.0,327.0,flooding,flooding,flooding,high_id_cardinality_or_unknown_id_ratio,50,50,1.0,,,51.02
007_matrix_run_04_medium_spoof_low_flood,327,327.0,328.0,flooding,flooding,flooding,high_id_cardinality_or_unknown_id_ratio,50,49,1.0,,,51.02
007_matrix_run_04_medium_spoof_low_flood,328,328.0,329.0,flooding,flooding,flooding,high_id_cardinality_or_unknown_id_ratio,50,50,1.0,,,51.02
007_matrix_run_04_medium_spoof_low_flood,329,329.0,330.0,flooding,flooding,flooding,high_id_cardinality_or_unknown_id_ratio,50,49,1.0,,,51.02
007_matrix_run_04_medium_spoof_low_flood,330,330.0,331.0,flooding,flooding,flooding,high_id_cardinality_or_unknown_id_ratio,50,50,1.0,,,51.02
007_matrix_run_04_medium_spoof_low_flood,331,331.0,332.0,flooding,flooding,flooding,high_id_cardinality_or_unknown_id_ratio,50,50,0.98,,,51.02
007_matrix_run_04_medium_spoof_low_flood,332,332.0,333.0,flooding,flooding,flooding,high_id_cardinality_or_unknown_id_ratio,50,49,1.0,,,51.02
007_matrix_run_04_medium_spoof_low_flood,333,333.0,334.0,flooding,flooding,flooding,high_id_cardinality_or_unknown_id_ratio,50,49,1.0,,,51.02
007_matrix_run_04_medium_spoof_low_flood,334,334.0,335.0,flooding,flooding,flooding,high_id_cardinality_or_unknown_id_ratio,50,50,1.0,,,51.02
007_matrix_run_04_medium_spoof_low_flood,335,335.0,336.0,flooding,flooding,flooding,high_id_cardinality_or_unknown_id_ratio,50,50,1.0,,,51.02
007_matrix_run_04_medium_spoof_low_flood,336,336.0,337.0,flooding,flooding,flooding,high_id_cardinality_or_unknown_id_ratio,50,48,0.98,,,51.02
007_matrix_run_04_medium_spoof_low_flood,337,337.0,338.0,flooding,flooding,flooding,high_id_cardinality_or_unknown_id_ratio,50,50,1.0,,,51.02
007_matrix_run_04_medium_spoof_low_flood,338,338.0,339.0,flooding,flooding,flooding,high_id_cardinality_or_unknown_id_ratio,50,49,1.0,,,51.02
007_matrix_run_04_medium_spoof_low_flood,339,339.0,340.0,flooding,flooding,flooding,high_id_cardinality_or_unknown_id_ratio,50,48,1.0,,,51.02
007_matrix_run_04_medium_spoof_low_flood,340,340.0,341.0,flooding,flooding,flooding,high_id_cardinality_or_unknown_id_ratio,50,49,1.0,,,51.02
007_matrix_run_04_medium_spoof_low_flood,341,341.0,342.0,flooding,flooding,flooding,high_id_cardinality_or_unknown_id_ratio,50,50,1.0,,,51.02
007_matrix_run_04_medium_spoof_low_flood,342,342.0,343.0,flooding,flooding,flooding,high_id_cardinality_or_unknown_id_ratio,50,50,1.0,,,51.02
007_matrix_run_04_medium_spoof_low_flood,343,343.0,344.0,flooding,flooding,flooding,high_id_cardinality_or_unknown_id_ratio,50,50,1.0,,,51.02
007_matrix_run_04_medium_spoof_low_flood,344,344.0,345.0,flooding,flooding,flooding,high_id_cardinality_or_unknown_id_ratio,50,50,0.98,,,51.02
007_matrix_run_04_medium_spoof_low_flood,345,345.0,346.0,flooding,flooding,flooding,high_id_cardinality_or_unknown_id_ratio,50,50,1.0,,,51.02
007_matrix_run_04_medium_spoof_low_flood,346,346.0,347.0,flooding,flooding,flooding,high_id_cardinality_or_unknown_id_ratio,50,50,1.0,,,51.02
007_matrix_run_04_medium_spoof_low_flood,347,347.0,348.0,flooding,flooding,flooding,high_id_cardinality_or_unknown_id_ratio,50,50,1.0,,,51.02
007_matrix_run_04_medium_spoof_low_flood,348,348.0,349.0,flooding,flooding,flooding,high_id_cardinality_or_unknown_id_ratio,50,49,1.0,,,51.02
007_matrix_run_04_medium_spoof_low_flood,349,349.0,350.0,flooding,flooding,flooding,high_id_cardinality_or_unknown_id_ratio,50,50,1.0,,,51.02
007_matrix_run_04_medium_spoof_low_flood,350,350.0,351.0,flooding,flooding,flooding,high_id_cardinality_or_unknown_id_ratio,50,50,1.0,,,51.02
007_matrix_run_04_medium_spoof_low_flood,351,351.0,352.0,flooding,flooding,flooding,high_id_cardinality_or_unknown_id_ratio,50,49,1.0,,,51.02
007_matrix_run_04_medium_spoof_low_flood,352,352.0,353.0,flooding,flooding,flooding,high_id_cardinality_or_unknown_id_ratio,50,48,1.0,,,51.02
007_matrix_run_04_medium_spoof_low_flood,353,353.0,354.0,flooding,flooding,flooding,high_id_cardinality_or_unknown_id_ratio,50,49,1.0,,,51.02
007_matrix_run_04_medium_spoof_low_flood,354,354.0,355.0,flooding,flooding,flooding,high_id_cardinality_or_unknown_id_ratio,50,49,1.0,,,51.02
007_matrix_run_04_medium_spoof_low_flood,355,355.0,356.0,flooding,flooding,flooding,high_id_cardinality_or_unknown_id_ratio,50,48,1.0,,,51.02
007_matrix_run_04_medium_spoof_low_flood,356,356.0,357.0,flooding,flooding,flooding,high_id_cardinality_or_unknown_id_ratio,50,50,1.0,,,51.02
007_matrix_run_04_medium_spoof_low_flood,357,357.0,358.0,flooding,flooding,flooding,high_id_cardinality_or_unknown_id_ratio,50,48,1.0,,,51.02
007_matrix_run_04_medium_spoof_low_flood,358,358.0,359.0,flooding,flooding,flooding,high_id_cardinality_or_unknown_id_ratio,50,49,1.0,,,51.02
007_matrix_run_04_medium_spoof_low_flood,359,359.0,360.0,flooding,flooding,flooding,high_id_cardinality_or_unknown_id_ratio,50,50,0.98,,,51.02
007_matrix_run_04_medium_spoof_low_flood,360,360.0,361.0,flooding,flooding,flooding,high_id_cardinality_or_unknown_id_ratio,50,50,1.0,,,51.02
007_matrix_run_04_medium_spoof_low_flood,361,361.0,362.0,flooding,flooding,flooding,high_id_cardinality_or_unknown_id_ratio,50,49,1.0,,,51.02
007_matrix_run_04_medium_spoof_low_flood,362,362.0,363.0,flooding,flooding,flooding,high_id_cardinality_or_unknown_id_ratio,50,48,1.0,,,51.02
007_matrix_run_04_medium_spoof_low_flood,363,363.0,364.0,flooding,flooding,flooding,high_id_cardinality_or_unknown_id_ratio,50,49,1.0,,,51.02
007_matrix_run_04_medium_spoof_low_flood,364,364.0,365.0,flooding,flooding,flooding,high_id_cardinality_or_unknown_id_ratio,50,48,0.98,,,51.02
007_matrix_run_04_medium_spoof_low_flood,365,365.0,366.0,flooding,flooding,flooding,high_id_cardinality_or_unknown_id_ratio,50,49,1.0,,,51.02
007_matrix_run_04_medium_spoof_low_flood,366,366.0,367.0,flooding,flooding,flooding,high_id_cardinality_or_unknown_id_ratio,50,47,1.0,,,51.02
007_matrix_run_04_medium_spoof_low_flood,367,367.0,368.0,flooding,flooding,flooding,high_id_cardinality_or_unknown_id_ratio,50,48,1.0,,,51.02
007_matrix_run_04_medium_spoof_low_flood,368,368.0,369.0,flooding,flooding,flooding,high_id_cardinality_or_unknown_id_ratio,50,49,1.0,,,51.02
007_matrix_run_04_medium_spoof_low_flood,369,369.0,370.0,flooding,flooding,flooding,high_id_cardinality_or_unknown_id_ratio,50,48,1.0,,,51.02
007_matrix_run_04_medium_spoof_low_flood,370,370.0,371.0,flooding,flooding,flooding,high_id_cardinality_or_unknown_id_ratio,50,50,1.0,,,51.02
007_matrix_run_04_medium_spoof_low_flood,371,371.0,372.0,flooding,flooding,flooding,high_id_cardinality_or_unknown_id_ratio,50,49,1.0,,,51.02
007_matrix_run_04_medium_spoof_low_flood,372,372.0,373.0,flooding,flooding,flooding,high_id_cardinality_or_unknown_id_ratio,50,50,1.0,,,51.02
007_matrix_run_04_medium_spoof_low_flood,373,373.0,374.0,flooding,flooding,flooding,high_id_cardinality_or_unknown_id_ratio,50,50,1.0,,,51.02
007_matrix_run_04_medium_spoof_low_flood,374,374.0,375.0,flooding,flooding,flooding,high_id_cardinality_or_unknown_id_ratio,50,50,1.0,,,51.02
007_matrix_run_04_medium_spoof_low_flood,375,375.0,376.0,flooding,flooding,flooding,high_id_cardinality_or_unknown_id_ratio,50,49,1.0,,,51.02
007_matrix_run_04_medium_spoof_low_flood,376,376.0,377.0,flooding,flooding,flooding,high_id_cardinality_or_unknown_id_ratio,50,49,1.0,,,51.02
007_matrix_run_04_medium_spoof_low_flood,377,377.0,378.0,flooding,flooding,flooding,high_id_cardinality_or_unknown_id_ratio,50,47,1.0,,,51.02
007_matrix_run_04_medium_spoof_low_flood,378,378.0,379.0,flooding,flooding,flooding,high_id_cardinality_or_unknown_id_ratio,50,50,1.0,,,51.02
007_matrix_run_04_medium_spoof_low_flood,379,379.0,380.0,flooding,flooding,flooding,high_id_cardinality_or_unknown_id_ratio,50,50,1.0,,,51.02
007_matrix_run_04_medium_spoof_low_flood,380,380.0,381.0,flooding,flooding,flooding,high_id_cardinality_or_unknown_id_ratio,50,50,0.98,,,51.02
007_matrix_run_04_medium_spoof_low_flood,381,381.0,382.0,flooding,flooding,flooding,high_id_cardinality_or_unknown_id_ratio,50,50,1.0,,,51.02
007_matrix_run_04_medium_spoof_low_flood,382,382.0,383.0,flooding,flooding,flooding,high_id_cardinality_or_unknown_id_ratio,50,50,1.0,,,51.02
007_matrix_run_04_medium_spoof_low_flood,383,383.0,384.0,flooding,flooding,flooding,high_id_cardinality_or_unknown_id_ratio,50,49,1.0,,,51.02
007_matrix_run_04_medium_spoof_low_flood,384,384.0,385.0,flooding,flooding,flooding,high_id_cardinality_or_unknown_id_ratio,50,49,1.0,,,51.02
007_matrix_run_04_medium_spoof_low_flood,385,385.0,386.0,flooding,flooding,flooding,high_id_cardinality_or_unknown_id_ratio,50,48,1.0,,,51.02
007_matrix_run_04_medium_spoof_low_flood,386,386.0,387.0,flooding,flooding,flooding,high_id_cardinality_or_unknown_id_ratio,50,49,1.0,,,51.02
007_matrix_run_04_medium_spoof_low_flood,387,387.0,388.0,flooding,flooding,flooding,high_id_cardinality_or_unknown_id_ratio,50,50,1.0,,,51.02
007_matrix_run_04_medium_spoof_low_flood,388,388.0,389.0,flooding,flooding,flooding,high_id_cardinality_or_unknown_id_ratio,50,49,1.0,,,51.02
007_matrix_run_04_medium_spoof_low_flood,389,389.0,390.0,flooding,flooding,flooding,high_id_cardinality_or_unknown_id_ratio,50,49,1.0,,,51.02
007_matrix_run_04_medium_spoof_low_flood,390,390.0,391.0,flooding,flooding,flooding,high_id_cardinality_or_unknown_id_ratio,50,49,0.96,,,51.02
007_matrix_run_04_medium_spoof_low_flood,391,391.0,392.0,flooding,flooding,flooding,high_id_cardinality_or_unknown_id_ratio,50,48,1.0,,,51.02
007_matrix_run_04_medium_spoof_low_flood,392,392.0,393.0,flooding,flooding,flooding,high_id_cardinality_or_unknown_id_ratio,50,49,1.0,,,51.02
007_matrix_run_04_medium_spoof_low_flood,393,393.0,394.0,flooding,flooding,flooding,high_id_cardinality_or_unknown_id_ratio,50,50,1.0,,,51.02
007_matrix_run_04_medium_spoof_low_flood,394,394.0,395.0,flooding,flooding,flooding,high_id_cardinality_or_unknown_id_ratio,50,49,1.0,,,51.02
007_matrix_run_04_medium_spoof_low_flood,395,395.0,396.0,flooding,flooding,flooding,high_id_cardinality_or_unknown_id_ratio,50,50,1.0,,,51.02
007_matrix_run_04_medium_spoof_low_flood,396,396.0,397.0,flooding,flooding,flooding,high_id_cardinality_or_unknown_id_ratio,50,50,1.0,,,51.02
007_matrix_run_04_medium_spoof_low_flood,397,397.0,398.0,flooding,flooding,flooding,high_id_cardinality_or_unknown_id_ratio,50,50,1.0,,,51.02
007_matrix_run_04_medium_spoof_low_flood,398,398.0,399.0,flooding,flooding,flooding,high_id_cardinality_or_unknown_id_ratio,50,49,1.0,,,51.02
007_matrix_run_04_medium_spoof_low_flood,399,399.0,400.0,flooding,flooding,flooding,high_id_cardinality_or_unknown_id_ratio,50,50,1.0,,,51.02
007_matrix_run_04_medium_spoof_low_flood,400,400.0,401.0,flooding,flooding,flooding,high_id_cardinality_or_unknown_id_ratio,50,49,1.0,,,51.02
007_matrix_run_04_medium_spoof_low_flood,401,401.0,402.0,flooding,flooding,flooding,high_id_cardinality_or_unknown_id_ratio,50,50,1.0,,,51.02
007_matrix_run_04_medium_spoof_low_flood,402,402.0,403.0,flooding,flooding,flooding,high_id_cardinality_or_unknown_id_ratio,50,49,1.0,,,51.02
007_matrix_run_04_medium_spoof_low_flood,403,403.0,404.0,flooding,flooding,flooding,high_id_cardinality_or_unknown_id_ratio,50,50,1.0,,,51.02
007_matrix_run_04_medium_spoof_low_flood,404,404.0,405.0,flooding,flooding,flooding,high_id_cardinality_or_unknown_id_ratio,50,49,1.0,,,51.02
007_matrix_run_04_medium_spoof_low_flood,405,405.0,406.0,flooding,flooding,flooding,high_id_cardinality_or_unknown_id_ratio,50,50,1.0,,,51.02
007_matrix_run_04_medium_spoof_low_flood,406,406.0,407.0,flooding,flooding,flooding,high_id_cardinality_or_unknown_id_ratio,50,50,1.0,,,51.02
007_matrix_run_04_medium_spoof_low_flood,407,407.0,408.0,flooding,flooding,flooding,high_id_cardinality_or_unknown_id_ratio,50,49,0.98,,,51.02
007_matrix_run_04_medium_spoof_low_flood,408,408.0,409.0,flooding,flooding,flooding,high_id_cardinality_or_unknown_id_ratio,50,49,0.98,,,51.02
007_matrix_run_04_medium_spoof_low_flood,409,409.0,410.0,flooding,flooding,flooding,high_id_cardinality_or_unknown_id_ratio,50,50,1.0,,,51.02
007_matrix_run_04_medium_spoof_low_flood,410,410.0,411.0,flooding,flooding,flooding,high_id_cardinality_or_unknown_id_ratio,50,49,1.0,,,51.02
007_matrix_run_04_medium_spoof_low_flood,411,411.0,412.0,flooding,flooding,flooding,high_id_cardinality_or_unknown_id_ratio,50,50,1.0,,,51.02
007_matrix_run_04_medium_spoof_low_flood,412,412.0,413.0,flooding,flooding,flooding,high_id_cardinality_or_unknown_id_ratio,50,49,0.98,,,51.02
007_matrix_run_04_medium_spoof_low_flood,413,413.0,414.0,flooding,flooding,flooding,high_id_cardinality_or_unknown_id_ratio,50,50,1.0,,,51.02
007_matrix_run_04_medium_spoof_low_flood,414,414.0,415.0,flooding,flooding,flooding,high_id_cardinality_or_unknown_id_ratio,50,50,1.0,,,51.02
007_matrix_run_04_medium_spoof_low_flood,415,415.0,416.0,flooding,flooding,flooding,high_id_cardinality_or_unknown_id_ratio,50,49,1.0,,,51.02
007_matrix_run_04_medium_spoof_low_flood,416,416.0,417.0,flooding,flooding,flooding,high_id_cardinality_or_unknown_id_ratio,50,50,1.0,,,51.02
007_matrix_run_04_medium_spoof_low_flood,417,417.0,418.0,flooding,flooding,flooding,high_id_cardinality_or_unknown_id_ratio,50,50,1.0,,,51.02
007_matrix_run_04_medium_spoof_low_flood,418,418.0,419.0,flooding,flooding,flooding,high_id_cardinality_or_unknown_id_ratio,50,50,1.0,,,51.02
007_matrix_run_04_medium_spoof_low_flood,419,419.0,420.0,flooding,flooding,flooding,high_id_cardinality_or_unknown_id_ratio,50,50,1.0,,,51.02
007_matrix_run_04_medium_spoof_low_flood,420,420.0,421.0,recovery,normal,normal,no_rule_triggered,63,4,0.0,87.0,87.0,66.316
007_matrix_run_04_medium_spoof_low_flood,421,421.0,422.0,recovery,normal,normal,no_rule_triggered,62,4,0.0,87.0,86.85,65.263
007_matrix_run_04_medium_spoof_low_flood,422,422.0,423.0,recovery,normal,normal,no_rule_triggered,63,4,0.0,86.0,85.65,66.316
007_matrix_run_04_medium_spoof_low_flood,423,423.0,424.0,recovery,normal,normal,no_rule_triggered,62,4,0.0,85.0,84.1,65.263
007_matrix_run_04_medium_spoof_low_flood,424,424.0,425.0,recovery,normal,normal,no_rule_triggered,63,4,0.0,83.0,82.15,66.316
007_matrix_run_04_medium_spoof_low_flood,425,425.0,426.0,recovery,normal,normal,no_rule_triggered,62,4,0.0,81.0,80.2,65.263
007_matrix_run_04_medium_spoof_low_flood,426,426.0,427.0,recovery,normal,normal,no_rule_triggered,63,4,0.0,79.0,78.45,66.316
007_matrix_run_04_medium_spoof_low_flood,427,427.0,428.0,recovery,normal,normal,no_rule_triggered,62,4,0.0,78.0,77.2,65.263
007_matrix_run_04_medium_spoof_low_flood,428,428.0,429.0,recovery,normal,normal,no_rule_triggered,63,4,0.0,77.0,77.0,66.316
007_matrix_run_04_medium_spoof_low_flood,429,429.0,430.0,recovery,normal,normal,no_rule_triggered,62,4,0.0,77.0,77.0,65.263
007_matrix_run_04_medium_spoof_low_flood,430,430.0,431.0,recovery,normal,normal,no_rule_triggered,63,4,0.0,78.0,77.5,66.316
007_matrix_run_04_medium_spoof_low_flood,431,431.0,432.0,recovery,normal,normal,no_rule_triggered,62,4,0.0,80.0,78.9,65.263
007_matrix_run_04_medium_spoof_low_flood,432,432.0,433.0,recovery,normal,normal,no_rule_triggered,63,4,0.0,82.0,80.7,66.316
007_matrix_run_04_medium_spoof_low_flood,433,433.0,434.0,recovery,normal,normal,no_rule_triggered,62,4,0.0,84.0,82.7,65.263
007_matrix_run_04_medium_spoof_low_flood,434,434.0,435.0,recovery,normal,normal,no_rule_triggered,63,4,0.0,85.0,84.6,66.316
007_matrix_run_04_medium_spoof_low_flood,435,435.0,436.0,recovery,normal,normal,no_rule_triggered,62,4,0.0,87.0,86.1,65.263
007_matrix_run_04_medium_spoof_low_flood,436,436.0,437.0,recovery,normal,normal,no_rule_triggered,63,4,0.0,87.0,87.0,66.316
007_matrix_run_04_medium_spoof_low_flood,437,437.0,438.0,recovery,normal,normal,no_rule_triggered,62,4,0.0,87.0,87.0,65.263
007_matrix_run_04_medium_spoof_low_flood,438,438.0,439.0,recovery,normal,normal,no_rule_triggered,63,4,0.0,87.0,85.8,66.316
007_matrix_run_04_medium_spoof_low_flood,439,439.0,440.0,recovery,normal,normal,no_rule_triggered,62,4,0.0,85.0,83.9,65.263
007_matrix_run_04_medium_spoof_low_flood,440,440.0,441.0,recovery,normal,normal,no_rule_triggered,63,4,0.0,83.0,81.0,66.316
007_matrix_run_04_medium_spoof_low_flood,441,441.0,442.0,recovery,normal,normal,no_rule_triggered,62,4,0.0,79.0,77.3,65.263
007_matrix_run_04_medium_spoof_low_flood,442,442.0,443.0,recovery,normal,normal,no_rule_triggered,63,4,0.0,75.0,73.2,66.316
007_matrix_run_04_medium_spoof_low_flood,443,443.0,444.0,recovery,normal,normal,no_rule_triggered,62,4,0.0,71.0,68.9,65.263
007_matrix_run_04_medium_spoof_low_flood,444,444.0,445.0,recovery,normal,normal,no_rule_triggered,63,4,0.0,67.0,64.65,66.316
007_matrix_run_04_medium_spoof_low_flood,445,445.0,446.0,recovery,normal,normal,no_rule_triggered,62,4,0.0,63.0,60.75,65.263
007_matrix_run_04_medium_spoof_low_flood,446,446.0,447.0,recovery,normal,normal,no_rule_triggered,63,4,0.0,59.0,57.45,66.316
007_matrix_run_04_medium_spoof_low_flood,447,447.0,448.0,recovery,normal,normal,no_rule_triggered,62,4,0.0,56.0,54.95,65.263
007_matrix_run_04_medium_spoof_low_flood,448,448.0,449.0,recovery,normal,normal,no_rule_triggered,63,4,0.0,54.0,53.3,66.316
007_matrix_run_04_medium_spoof_low_flood,449,449.0,450.0,recovery,normal,normal,no_rule_triggered,62,4,0.0,53.0,52.4,65.263
007_matrix_run_04_medium_spoof_low_flood,450,450.0,451.0,recovery,normal,normal,no_rule_triggered,63,4,0.0,53.0,52.1,66.316
007_matrix_run_04_medium_spoof_low_flood,451,451.0,452.0,recovery,normal,normal,no_rule_triggered,62,4,0.0,53.0,53.0,65.263
007_matrix_run_04_medium_spoof_low_flood,452,452.0,453.0,recovery,normal,normal,no_rule_triggered,63,4,0.0,54.0,53.6,66.316
007_matrix_run_04_medium_spoof_low_flood,453,453.0,454.0,recovery,normal,normal,no_rule_triggered,62,4,0.0,55.0,54.25,65.263
007_matrix_run_04_medium_spoof_low_flood,454,454.0,455.0,recovery,normal,normal,no_rule_triggered,63,4,0.0,55.0,55.0,66.316
007_matrix_run_04_medium_spoof_low_flood,455,455.0,456.0,recovery,normal,normal,no_rule_triggered,62,4,0.0,55.0,55.0,65.263
007_matrix_run_04_medium_spoof_low_flood,456,456.0,457.0,recovery,normal,normal,no_rule_triggered,63,4,0.0,55.0,54.1,66.316
007_matrix_run_04_medium_spoof_low_flood,457,457.0,458.0,recovery,normal,normal,no_rule_triggered,62,4,0.0,53.0,52.6,65.263
007_matrix_run_04_medium_spoof_low_flood,458,458.0,459.0,recovery,normal,normal,no_rule_triggered,63,4,0.0,52.0,50.3,66.316
007_matrix_run_04_medium_spoof_low_flood,459,459.0,460.0,recovery,normal,normal,no_rule_triggered,62,4,0.0,49.0,47.45,65.263
007_matrix_run_04_medium_spoof_low_flood,460,460.0,461.0,recovery,normal,normal,no_rule_triggered,63,4,0.0,46.0,43.9,66.316
007_matrix_run_04_medium_spoof_low_flood,461,461.0,462.0,recovery,normal,normal,no_rule_triggered,62,4,0.0,42.0,40.2,65.263
007_matrix_run_04_medium_spoof_low_flood,462,462.0,463.0,recovery,normal,normal,no_rule_triggered,63,4,0.0,38.0,36.5,66.316
007_matrix_run_04_medium_spoof_low_flood,463,463.0,464.0,recovery,normal,normal,no_rule_triggered,62,4,0.0,35.0,33.1,65.263
007_matrix_run_04_medium_spoof_low_flood,464,464.0,465.0,recovery,normal,normal,no_rule_triggered,63,4,0.0,32.0,30.3,66.316
007_matrix_run_04_medium_spoof_low_flood,465,465.0,466.0,recovery,normal,normal,no_rule_triggered,62,4,0.0,29.0,28.35,65.263
007_matrix_run_04_medium_spoof_low_flood,466,466.0,467.0,recovery,normal,normal,no_rule_triggered,63,4,0.0,28.0,27.15,66.316
007_matrix_run_04_medium_spoof_low_flood,467,467.0,468.0,recovery,normal,normal,no_rule_triggered,62,4,0.0,28.0,27.15,65.263
007_matrix_run_04_medium_spoof_low_flood,468,468.0,469.0,recovery,normal,normal,no_rule_triggered,63,4,0.0,29.0,28.3,66.316
007_matrix_run_04_medium_spoof_low_flood,469,469.0,470.0,recovery,normal,normal,no_rule_triggered,62,4,0.0,31.0,30.05,65.263
007_matrix_run_04_medium_spoof_low_flood,470,470.0,471.0,recovery,normal,normal,no_rule_triggered,63,4,0.0,34.0,32.55,66.316
007_matrix_run_04_medium_spoof_low_flood,471,471.0,472.0,recovery,normal,normal,no_rule_triggered,62,4,0.0,37.0,35.35,65.263
007_matrix_run_04_medium_spoof_low_flood,472,472.0,473.0,recovery,normal,normal,no_rule_triggered,63,4,0.0,40.0,38.2,66.316
007_matrix_run_04_medium_spoof_low_flood,473,473.0,474.0,recovery,normal,normal,no_rule_triggered,62,4,0.0,42.0,41.0,65.263
007_matrix_run_04_medium_spoof_low_flood,474,474.0,475.0,recovery,normal,normal,no_rule_triggered,63,4,0.0,44.0,43.2,66.316
007_matrix_run_04_medium_spoof_low_flood,475,475.0,476.0,recovery,normal,normal,no_rule_triggered,62,4,0.0,45.0,44.75,65.263
007_matrix_run_04_medium_spoof_low_flood,476,476.0,477.0,recovery,normal,normal,no_rule_triggered,63,4,0.0,46.0,45.85,66.316
007_matrix_run_04_medium_spoof_low_flood,477,477.0,478.0,recovery,normal,normal,no_rule_triggered,62,4,0.0,46.0,46.0,65.263
007_matrix_run_04_medium_spoof_low_flood,478,478.0,479.0,recovery,normal,normal,no_rule_triggered,63,4,0.0,46.0,45.3,66.316
007_matrix_run_04_medium_spoof_low_flood,479,479.0,480.0,recovery,normal,normal,no_rule_triggered,62,4,0.0,45.0,44.4,65.263
007_matrix_run_04_medium_spoof_low_flood,480,480.0,481.0,recovery,normal,normal,no_rule_triggered,63,4,0.0,44.0,43.2,66.316
007_matrix_run_04_medium_spoof_low_flood,481,481.0,482.0,recovery,normal,normal,no_rule_triggered,62,4,0.0,43.0,42.05,65.263
007_matrix_run_04_medium_spoof_low_flood,482,482.0,483.0,recovery,normal,normal,no_rule_triggered,63,4,0.0,41.0,41.0,66.316
007_matrix_run_04_medium_spoof_low_flood,483,483.0,484.0,recovery,normal,normal,no_rule_triggered,62,4,0.0,41.0,41.0,65.263
007_matrix_run_04_medium_spoof_low_flood,484,484.0,485.0,recovery,normal,normal,no_rule_triggered,63,4,0.0,42.0,41.4,66.316
007_matrix_run_04_medium_spoof_low_flood,485,485.0,486.0,recovery,normal,normal,no_rule_triggered,62,4,0.0,44.0,42.85,65.263
007_matrix_run_04_medium_spoof_low_flood,486,486.0,487.0,recovery,normal,normal,no_rule_triggered,63,4,0.0,47.0,45.2,66.316
007_matrix_run_04_medium_spoof_low_flood,487,487.0,488.0,recovery,normal,normal,no_rule_triggered,62,4,0.0,50.0,48.4,65.263
007_matrix_run_04_medium_spoof_low_flood,488,488.0,489.0,recovery,normal,normal,no_rule_triggered,63,4,0.0,54.0,52.3,66.316
007_matrix_run_04_medium_spoof_low_flood,489,489.0,490.0,recovery,normal,normal,no_rule_triggered,62,4,0.0,59.0,56.7,65.263
007_matrix_run_04_medium_spoof_low_flood,490,490.0,491.0,recovery,normal,normal,no_rule_triggered,63,4,0.0,63.0,61.25,66.316
007_matrix_run_04_medium_spoof_low_flood,491,491.0,492.0,recovery,normal,normal,no_rule_triggered,62,4,0.0,68.0,65.75,65.263
007_matrix_run_04_medium_spoof_low_flood,492,492.0,493.0,recovery,normal,normal,no_rule_triggered,63,4,0.0,71.0,69.7,66.316
007_matrix_run_04_medium_spoof_low_flood,493,493.0,494.0,recovery,normal,normal,no_rule_triggered,62,4,0.0,74.0,73.1,65.263
007_matrix_run_04_medium_spoof_low_flood,494,494.0,495.0,recovery,normal,normal,no_rule_triggered,63,4,0.0,77.0,75.7,66.316
007_matrix_run_04_medium_spoof_low_flood,495,495.0,496.0,recovery,normal,normal,no_rule_triggered,62,4,0.0,78.0,77.4,65.263
007_matrix_run_04_medium_spoof_low_flood,496,496.0,497.0,recovery,normal,normal,no_rule_triggered,63,4,0.0,78.0,78.0,66.316
007_matrix_run_04_medium_spoof_low_flood,497,497.0,498.0,recovery,normal,normal,no_rule_triggered,62,4,0.0,78.0,78.0,65.263
007_matrix_run_04_medium_spoof_low_flood,498,498.0,499.0,recovery,normal,normal,no_rule_triggered,63,4,0.0,78.0,77.2,66.316
007_matrix_run_04_medium_spoof_low_flood,499,499.0,500.0,recovery,normal,normal,no_rule_triggered,62,4,0.0,77.0,76.2,65.263
007_matrix_run_04_medium_spoof_low_flood,500,500.0,501.0,recovery,normal,normal,no_rule_triggered,63,4,0.0,75.0,74.85,66.316
007_matrix_run_04_medium_spoof_low_flood,501,501.0,502.0,recovery,normal,normal,no_rule_triggered,62,4,0.0,74.0,73.95,65.263
007_matrix_run_04_medium_spoof_low_flood,502,502.0,503.0,recovery,normal,normal,no_rule_triggered,63,4,0.0,73.0,73.0,66.316
007_matrix_run_04_medium_spoof_low_flood,503,503.0,504.0,recovery,normal,normal,no_rule_triggered,62,4,0.0,73.0,73.0,65.263
007_matrix_run_04_medium_spoof_low_flood,504,504.0,505.0,recovery,normal,normal,no_rule_triggered,63,4,0.0,74.0,73.9,66.316
007_matrix_run_04_medium_spoof_low_flood,505,505.0,506.0,recovery,normal,normal,no_rule_triggered,62,4,0.0,76.0,75.4,65.263
007_matrix_run_04_medium_spoof_low_flood,506,506.0,507.0,recovery,normal,normal,no_rule_triggered,63,4,0.0,79.0,77.5,66.316
007_matrix_run_04_medium_spoof_low_flood,507,507.0,508.0,recovery,normal,normal,no_rule_triggered,62,4,0.0,81.0,80.05,65.263
007_matrix_run_04_medium_spoof_low_flood,508,508.0,509.0,recovery,normal,normal,no_rule_triggered,63,4,0.0,84.0,82.95,66.316
007_matrix_run_04_medium_spoof_low_flood,509,509.0,510.0,recovery,normal,normal,no_rule_triggered,62,4,0.0,87.0,85.8,65.263
007_matrix_run_04_medium_spoof_low_flood,510,510.0,511.0,recovery,normal,normal,no_rule_triggered,63,4,0.0,89.0,88.35,66.316
007_matrix_run_04_medium_spoof_low_flood,511,511.0,512.0,recovery,normal,normal,no_rule_triggered,62,4,0.0,91.0,90.45,65.263
007_matrix_run_04_medium_spoof_low_flood,512,512.0,513.0,recovery,normal,normal,no_rule_triggered,63,4,0.0,92.0,91.65,66.316
007_matrix_run_04_medium_spoof_low_flood,513,513.0,514.0,recovery,normal,normal,no_rule_triggered,62,4,0.0,92.0,92.0,65.263
007_matrix_run_04_medium_spoof_low_flood,514,514.0,515.0,recovery,normal,normal,no_rule_triggered,63,4,0.0,92.0,90.95,66.316
007_matrix_run_04_medium_spoof_low_flood,515,515.0,516.0,recovery,normal,normal,no_rule_triggered,62,4,0.0,90.0,89.2,65.263
007_matrix_run_04_medium_spoof_low_flood,516,516.0,517.0,recovery,normal,normal,no_rule_triggered,63,4,0.0,88.0,86.6,66.316
007_matrix_run_04_medium_spoof_low_flood,517,517.0,518.0,recovery,normal,normal,no_rule_triggered,62,4,0.0,85.0,83.35,65.263
007_matrix_run_04_medium_spoof_low_flood,518,518.0,519.0,recovery,normal,normal,no_rule_triggered,63,4,0.0,81.0,79.6,66.316
007_matrix_run_04_medium_spoof_low_flood,519,519.0,520.0,recovery,normal,normal,no_rule_triggered,62,4,0.0,78.0,75.9,65.263
007_matrix_run_04_medium_spoof_low_flood,520,520.0,521.0,recovery,normal,normal,no_rule_triggered,63,4,0.0,74.0,72.35,66.316
007_matrix_run_04_medium_spoof_low_flood,521,521.0,522.0,recovery,normal,normal,no_rule_triggered,62,4,0.0,71.0,69.2,65.263
007_matrix_run_04_medium_spoof_low_flood,522,522.0,523.0,recovery,normal,normal,no_rule_triggered,63,4,0.0,68.0,66.85,66.316
007_matrix_run_04_medium_spoof_low_flood,523,523.0,524.0,recovery,normal,normal,no_rule_triggered,62,4,0.0,66.0,65.25,65.263
007_matrix_run_04_medium_spoof_low_flood,524,524.0,525.0,recovery,normal,normal,no_rule_triggered,63,4,0.0,65.0,64.1,66.316
007_matrix_run_04_medium_spoof_low_flood,525,525.0,526.0,recovery,normal,normal,no_rule_triggered,62,4,0.0,64.0,64.0,65.263
007_matrix_run_04_medium_spoof_low_flood,526,526.0,527.0,recovery,normal,normal,no_rule_triggered,63,4,0.0,65.0,64.5,66.316
007_matrix_run_04_medium_spoof_low_flood,527,527.0,528.0,recovery,normal,normal,no_rule_triggered,62,4,0.0,66.0,65.15,65.263
007_matrix_run_04_medium_spoof_low_flood,528,528.0,529.0,recovery,normal,normal,no_rule_triggered,63,4,0.0,66.0,66.0,66.316
007_matrix_run_04_medium_spoof_low_flood,529,529.0,530.0,recovery,normal,normal,no_rule_triggered,62,4,0.0,67.0,66.65,65.263
007_matrix_run_04_medium_spoof_low_flood,530,530.0,531.0,recovery,normal,normal,no_rule_triggered,63,4,0.0,67.0,66.8,66.316
007_matrix_run_04_medium_spoof_low_flood,531,531.0,532.0,recovery,normal,normal,no_rule_triggered,62,4,0.0,66.0,65.9,65.263
007_matrix_run_04_medium_spoof_low_flood,532,532.0,533.0,recovery,normal,normal,no_rule_triggered,63,4,0.0,65.0,64.5,66.316
007_matrix_run_04_medium_spoof_low_flood,533,533.0,534.0,recovery,normal,normal,no_rule_triggered,62,4,0.0,63.0,62.15,65.263
007_matrix_run_04_medium_spoof_low_flood,534,534.0,535.0,recovery,normal,normal,no_rule_triggered,63,4,0.0,61.0,59.1,66.316
007_matrix_run_04_medium_spoof_low_flood,535,535.0,536.0,recovery,normal,normal,no_rule_triggered,62,4,0.0,57.0,55.3,65.263
007_matrix_run_04_medium_spoof_low_flood,536,536.0,537.0,recovery,normal,normal,no_rule_triggered,63,4,0.0,53.0,51.1,66.316
007_matrix_run_04_medium_spoof_low_flood,537,537.0,538.0,recovery,normal,normal,no_rule_triggered,62,4,0.0,49.0,46.75,65.263
007_matrix_run_04_medium_spoof_low_flood,538,538.0,539.0,recovery,normal,normal,no_rule_triggered,63,4,0.0,44.0,42.5,66.316
007_matrix_run_04_medium_spoof_low_flood,539,539.0,540.0,recovery,normal,normal,no_rule_triggered,62,4,0.0,40.0,38.7,65.263
007_matrix_run_04_medium_spoof_low_flood,540,540.0,541.0,recovery,normal,normal,no_rule_triggered,63,4,0.0,37.0,35.75,66.316
007_matrix_run_04_medium_spoof_low_flood,541,541.0,542.0,recovery,normal,normal,no_rule_triggered,62,4,0.0,34.0,33.5,65.263
007_matrix_run_04_medium_spoof_low_flood,542,542.0,543.0,recovery,normal,normal,no_rule_triggered,63,4,0.0,33.0,32.2,66.316
007_matrix_run_04_medium_spoof_low_flood,543,543.0,544.0,recovery,normal,normal,no_rule_triggered,62,4,0.0,32.0,32.0,65.263
007_matrix_run_04_medium_spoof_low_flood,544,544.0,545.0,recovery,normal,normal,no_rule_triggered,63,4,0.0,33.0,32.65,66.316
007_matrix_run_04_medium_spoof_low_flood,545,545.0,546.0,recovery,normal,normal,no_rule_triggered,62,4,0.0,35.0,34.0,65.263
007_matrix_run_04_medium_spoof_low_flood,546,546.0,547.0,recovery,normal,normal,no_rule_triggered,63,4,0.0,37.0,35.8,66.316
007_matrix_run_04_medium_spoof_low_flood,547,547.0,548.0,recovery,normal,normal,no_rule_triggered,62,4,0.0,39.0,37.8,65.263
007_matrix_run_04_medium_spoof_low_flood,548,548.0,549.0,recovery,normal,normal,no_rule_triggered,63,4,0.0,40.0,39.6,66.316
007_matrix_run_04_medium_spoof_low_flood,549,549.0,550.0,recovery,normal,normal,no_rule_triggered,62,4,0.0,42.0,41.3,65.263
007_matrix_run_04_medium_spoof_low_flood,550,550.0,551.0,recovery,normal,normal,no_rule_triggered,63,4,0.0,42.0,42.0,66.316
007_matrix_run_04_medium_spoof_low_flood,551,551.0,552.0,recovery,normal,normal,no_rule_triggered,62,4,0.0,42.0,42.0,65.263
007_matrix_run_04_medium_spoof_low_flood,552,552.0,553.0,recovery,normal,normal,no_rule_triggered,63,4,0.0,42.0,42.0,66.316
007_matrix_run_04_medium_spoof_low_flood,553,553.0,554.0,recovery,normal,normal,no_rule_triggered,62,4,0.0,42.0,40.8,65.263
007_matrix_run_04_medium_spoof_low_flood,554,554.0,555.0,recovery,normal,normal,no_rule_triggered,63,4,0.0,40.0,39.25,66.316
007_matrix_run_04_medium_spoof_low_flood,555,555.0,556.0,recovery,normal,normal,no_rule_triggered,62,4,0.0,38.0,37.3,65.263
007_matrix_run_04_medium_spoof_low_flood,556,556.0,557.0,recovery,normal,normal,no_rule_triggered,63,4,0.0,36.0,35.35,66.316
007_matrix_run_04_medium_spoof_low_flood,557,557.0,558.0,recovery,normal,normal,no_rule_triggered,62,4,0.0,34.0,33.55,65.263
007_matrix_run_04_medium_spoof_low_flood,558,558.0,559.0,recovery,normal,normal,no_rule_triggered,63,4,0.0,33.0,32.4,66.316
007_matrix_run_04_medium_spoof_low_flood,559,559.0,560.0,recovery,normal,normal,no_rule_triggered,62,4,0.0,32.0,32.0,65.263
007_matrix_run_04_medium_spoof_low_flood,560,560.0,561.0,recovery,normal,normal,no_rule_triggered,63,4,0.0,33.0,32.45,66.316
007_matrix_run_04_medium_spoof_low_flood,561,561.0,562.0,recovery,normal,normal,no_rule_triggered,62,4,0.0,35.0,34.0,65.263
007_matrix_run_04_medium_spoof_low_flood,562,562.0,563.0,recovery,normal,normal,no_rule_triggered,63,4,0.0,38.0,36.4,66.316
007_matrix_run_04_medium_spoof_low_flood,563,563.0,564.0,recovery,normal,normal,no_rule_triggered,62,4,0.0,41.0,39.6,65.263
007_matrix_run_04_medium_spoof_low_flood,564,564.0,565.0,recovery,normal,normal,no_rule_triggered,63,4,0.0,46.0,43.55,66.316
007_matrix_run_04_medium_spoof_low_flood,565,565.0,566.0,recovery,normal,normal,no_rule_triggered,62,4,0.0,50.0,47.85,65.263
007_matrix_run_04_medium_spoof_low_flood,566,566.0,567.0,recovery,normal,normal,no_rule_triggered,63,4,0.0,54.0,52.2,66.316
007_matrix_run_04_medium_spoof_low_flood,567,567.0,568.0,recovery,normal,normal,no_rule_triggered,62,4,0.0,58.0,56.3,65.263
007_matrix_run_04_medium_spoof_low_flood,568,568.0,569.0,recovery,normal,normal,no_rule_triggered,63,4,0.0,61.0,59.9,66.316
007_matrix_run_04_medium_spoof_low_flood,569,569.0,570.0,recovery,normal,normal,no_rule_triggered,62,4,0.0,64.0,62.9,65.263
007_matrix_run_04_medium_spoof_low_flood,570,570.0,571.0,recovery,normal,normal,no_rule_triggered,63,4,0.0,66.0,64.9,66.316
007_matrix_run_04_medium_spoof_low_flood,571,571.0,572.0,recovery,normal,normal,no_rule_triggered,62,4,0.0,67.0,66.05,65.263
007_matrix_run_04_medium_spoof_low_flood,572,572.0,573.0,recovery,normal,normal,no_rule_triggered,63,4,0.0,67.0,67.0,66.316
007_matrix_run_04_medium_spoof_low_flood,573,573.0,574.0,recovery,normal,normal,no_rule_triggered,62,4,0.0,67.0,66.4,65.263
007_matrix_run_04_medium_spoof_low_flood,574,574.0,575.0,recovery,normal,normal,no_rule_triggered,63,4,0.0,66.0,65.9,66.316
007_matrix_run_04_medium_spoof_low_flood,575,575.0,576.0,recovery,normal,normal,no_rule_triggered,62,4,0.0,65.0,65.0,65.263
007_matrix_run_04_medium_spoof_low_flood,576,576.0,577.0,recovery,normal,normal,no_rule_triggered,63,4,0.0,65.0,64.25,66.316
007_matrix_run_04_medium_spoof_low_flood,577,577.0,578.0,recovery,normal,normal,no_rule_triggered,62,4,0.0,64.0,64.0,65.263
007_matrix_run_04_medium_spoof_low_flood,578,578.0,579.0,recovery,normal,normal,no_rule_triggered,63,4,0.0,65.0,64.4,66.316
007_matrix_run_04_medium_spoof_low_flood,579,579.0,580.0,recovery,normal,normal,no_rule_triggered,62,4,0.0,66.0,65.5,65.263
007_matrix_run_04_medium_spoof_low_flood,580,580.0,581.0,recovery,normal,normal,no_rule_triggered,63,4,0.0,68.0,67.35,66.316
007_matrix_run_04_medium_spoof_low_flood,581,581.0,582.0,recovery,normal,normal,no_rule_triggered,62,4,0.0,71.0,69.95,65.263
007_matrix_run_04_medium_spoof_low_flood,582,582.0,583.0,recovery,normal,normal,no_rule_triggered,63,4,0.0,75.0,73.25,66.316
007_matrix_run_04_medium_spoof_low_flood,583,583.0,584.0,recovery,normal,normal,no_rule_triggered,62,4,0.0,79.0,76.8,65.263
007_matrix_run_04_medium_spoof_low_flood,584,584.0,585.0,recovery,normal,normal,no_rule_triggered,63,4,0.0,82.0,80.6,66.316
007_matrix_run_04_medium_spoof_low_flood,585,585.0,586.0,recovery,normal,normal,no_rule_triggered,62,4,0.0,86.0,84.2,65.263
007_matrix_run_04_medium_spoof_low_flood,586,586.0,587.0,recovery,normal,normal,no_rule_triggered,63,4,0.0,89.0,87.3,66.316
007_matrix_run_04_medium_spoof_low_flood,587,587.0,588.0,recovery,normal,normal,no_rule_triggered,62,4,0.0,91.0,89.75,65.263
007_matrix_run_04_medium_spoof_low_flood,588,588.0,589.0,recovery,normal,normal,no_rule_triggered,63,4,0.0,92.0,91.35,66.316
007_matrix_run_04_medium_spoof_low_flood,589,589.0,590.0,recovery,normal,normal,no_rule_triggered,62,4,0.0,92.0,92.0,65.263
007_matrix_run_04_medium_spoof_low_flood,590,590.0,591.0,recovery,normal,normal,no_rule_triggered,63,4,0.0,92.0,91.4,66.316
007_matrix_run_04_medium_spoof_low_flood,591,591.0,592.0,recovery,normal,normal,no_rule_triggered,62,4,0.0,91.0,89.95,65.263
007_matrix_run_04_medium_spoof_low_flood,592,592.0,593.0,recovery,normal,normal,no_rule_triggered,63,4,0.0,89.0,87.85,66.316
007_matrix_run_04_medium_spoof_low_flood,593,593.0,594.0,recovery,normal,normal,no_rule_triggered,62,4,0.0,86.0,85.05,65.263
007_matrix_run_04_medium_spoof_low_flood,594,594.0,595.0,recovery,normal,normal,no_rule_triggered,63,4,0.0,84.0,82.2,66.316
007_matrix_run_04_medium_spoof_low_flood,595,595.0,596.0,recovery,normal,normal,no_rule_triggered,62,4,0.0,81.0,79.4,65.263
007_matrix_run_04_medium_spoof_low_flood,596,596.0,597.0,recovery,normal,normal,no_rule_triggered,63,4,0.0,78.0,76.9,66.316
007_matrix_run_04_medium_spoof_low_flood,597,597.0,598.0,recovery,normal,normal,no_rule_triggered,62,4,0.0,76.0,74.9,65.263
007_matrix_run_04_medium_spoof_low_flood,598,598.0,599.0,recovery,normal,normal,no_rule_triggered,63,4,0.0,74.0,73.65,66.316
007_matrix_run_04_medium_spoof_low_flood,599,599.0,600.0,recovery,normal,normal,no_rule_triggered,62,4,0.0,73.0,73.0,65.263
007_matrix_run_05_medium_spoof_medium_flood,0,0.0,1.0,baseline,normal,normal,no_rule_triggered,63,4,0.0,64.0,61.7,66.316
007_matrix_run_05_medium_spoof_medium_flood,1,1.0,2.0,baseline,normal,normal,no_rule_triggered,62,4,0.0,68.0,66.05,65.263
007_matrix_run_05_medium_spoof_medium_flood,2,2.0,3.0,baseline,normal,normal,no_rule_triggered,63,4,0.0,72.0,70.05,66.316
007_matrix_run_05_medium_spoof_medium_flood,3,3.0,4.0,baseline,normal,normal,no_rule_triggered,62,4,0.0,75.0,73.4,65.263
007_matrix_run_05_medium_spoof_medium_flood,4,4.0,5.0,baseline,normal,normal,no_rule_triggered,63,4,0.0,77.0,75.9,66.316
007_matrix_run_05_medium_spoof_medium_flood,5,5.0,6.0,baseline,normal,normal,no_rule_triggered,62,4,0.0,78.0,77.45,65.263
007_matrix_run_05_medium_spoof_medium_flood,6,6.0,7.0,baseline,normal,normal,no_rule_triggered,63,4,0.0,78.0,78.0,66.316
007_matrix_run_05_medium_spoof_medium_flood,7,7.0,8.0,baseline,normal,normal,no_rule_triggered,62,4,0.0,78.0,78.0,65.263
007_matrix_run_05_medium_spoof_medium_flood,8,8.0,9.0,baseline,normal,normal,no_rule_triggered,63,4,0.0,78.0,77.15,66.316
007_matrix_run_05_medium_spoof_medium_flood,9,9.0,10.0,baseline,normal,normal,no_rule_triggered,62,4,0.0,77.0,76.0,65.263
007_matrix_run_05_medium_spoof_medium_flood,10,10.0,11.0,baseline,normal,normal,no_rule_triggered,63,4,0.0,75.0,74.75,66.316
007_matrix_run_05_medium_spoof_medium_flood,11,11.0,12.0,baseline,normal,normal,no_rule_triggered,62,4,0.0,74.0,73.85,65.263
007_matrix_run_05_medium_spoof_medium_flood,12,12.0,13.0,baseline,normal,normal,no_rule_triggered,63,4,0.0,73.0,73.0,66.316
007_matrix_run_05_medium_spoof_medium_flood,13,13.0,14.0,baseline,normal,normal,no_rule_triggered,62,4,0.0,73.0,73.0,65.263
007_matrix_run_05_medium_spoof_medium_flood,14,14.0,15.0,baseline,normal,normal,no_rule_triggered,63,4,0.0,75.0,74.1,66.316
007_matrix_run_05_medium_spoof_medium_flood,15,15.0,16.0,baseline,normal,normal,no_rule_triggered,62,4,0.0,76.0,75.5,65.263
007_matrix_run_05_medium_spoof_medium_flood,16,16.0,17.0,baseline,normal,normal,no_rule_triggered,63,4,0.0,79.0,77.7,66.316
007_matrix_run_05_medium_spoof_medium_flood,17,17.0,18.0,baseline,normal,normal,no_rule_triggered,62,4,0.0,82.0,80.35,65.263
007_matrix_run_05_medium_spoof_medium_flood,18,18.0,19.0,baseline,normal,normal,no_rule_triggered,63,4,0.0,85.0,83.2,66.316
007_matrix_run_05_medium_spoof_medium_flood,19,19.0,20.0,baseline,normal,normal,no_rule_triggered,62,4,0.0,87.0,86.05,65.263
007_matrix_run_05_medium_spoof_medium_flood,20,20.0,21.0,baseline,normal,normal,no_rule_triggered,63,4,0.0,90.0,88.6,66.316
007_matrix_run_05_medium_spoof_medium_flood,21,21.0,22.0,baseline,normal,normal,no_rule_triggered,62,4,0.0,91.0,90.55,65.263
007_matrix_run_05_medium_spoof_medium_flood,22,22.0,23.0,baseline,normal,normal,no_rule_triggered,63,4,0.0,92.0,91.7,66.316
007_matrix_run_05_medium_spoof_medium_flood,23,23.0,24.0,baseline,normal,normal,no_rule_triggered,62,4,0.0,92.0,92.0,65.263
007_matrix_run_05_medium_spoof_medium_flood,24,24.0,25.0,baseline,normal,normal,no_rule_triggered,63,4,0.0,91.0,90.8,66.316
007_matrix_run_05_medium_spoof_medium_flood,25,25.0,26.0,baseline,normal,normal,no_rule_triggered,62,4,0.0,90.0,89.05,65.263
007_matrix_run_05_medium_spoof_medium_flood,26,26.0,27.0,baseline,normal,normal,no_rule_triggered,63,4,0.0,88.0,86.3,66.316
007_matrix_run_05_medium_spoof_medium_flood,27,27.0,28.0,baseline,normal,normal,no_rule_triggered,62,4,0.0,85.0,82.95,65.263
007_matrix_run_05_medium_spoof_medium_flood,28,28.0,29.0,baseline,normal,normal,no_rule_triggered,63,4,0.0,81.0,79.35,66.316
007_matrix_run_05_medium_spoof_medium_flood,29,29.0,30.0,baseline,normal,normal,no_rule_triggered,62,4,0.0,77.0,75.55,65.263
007_matrix_run_05_medium_spoof_medium_flood,30,30.0,31.0,baseline,normal,normal,no_rule_triggered,63,4,0.0,74.0,72.05,66.316
007_matrix_run_05_medium_spoof_medium_flood,31,31.0,32.0,baseline,normal,normal,no_rule_triggered,62,4,0.0,70.0,69.0,65.263
007_matrix_run_05_medium_spoof_medium_flood,32,32.0,33.0,baseline,normal,normal,no_rule_triggered,63,4,0.0,68.0,66.65,66.316
007_matrix_run_05_medium_spoof_medium_flood,33,33.0,34.0,baseline,normal,normal,no_rule_triggered,62,4,0.0,66.0,65.15,65.263
007_matrix_run_05_medium_spoof_medium_flood,34,34.0,35.0,baseline,normal,normal,no_rule_triggered,63,4,0.0,65.0,64.05,66.316
007_matrix_run_05_medium_spoof_medium_flood,35,35.0,36.0,baseline,normal,normal,no_rule_triggered,62,4,0.0,64.0,64.0,65.263
007_matrix_run_05_medium_spoof_medium_flood,36,36.0,37.0,baseline,normal,normal,no_rule_triggered,63,4,0.0,65.0,64.6,66.316
007_matrix_run_05_medium_spoof_medium_flood,37,37.0,38.0,baseline,normal,normal,no_rule_triggered,62,4,0.0,66.0,65.25,65.263
007_matrix_run_05_medium_spoof_medium_flood,38,38.0,39.0,baseline,normal,normal,no_rule_triggered,63,4,0.0,66.0,66.0,66.316
007_matrix_run_05_medium_spoof_medium_flood,39,39.0,40.0,baseline,normal,normal,no_rule_triggered,62,4,0.0,67.0,66.75,65.263
007_matrix_run_05_medium_spoof_medium_flood,40,40.0,41.0,baseline,normal,normal,no_rule_triggered,63,4,0.0,67.0,66.75,66.316
007_matrix_run_05_medium_spoof_medium_flood,41,41.0,42.0,baseline,normal,normal,no_rule_triggered,62,4,0.0,66.0,65.8,65.263
007_matrix_run_05_medium_spoof_medium_flood,42,42.0,43.0,baseline,normal,normal,no_rule_triggered,63,4,0.0,65.0,64.35,66.316
007_matrix_run_05_medium_spoof_medium_flood,43,43.0,44.0,baseline,normal,normal,no_rule_triggered,62,4,0.0,63.0,61.95,65.263
007_matrix_run_05_medium_spoof_medium_flood,44,44.0,45.0,baseline,normal,normal,no_rule_triggered,63,4,0.0,60.0,58.75,66.316
007_matrix_run_05_medium_spoof_medium_flood,45,45.0,46.0,baseline,normal,normal,no_rule_triggered,62,4,0.0,57.0,54.9,65.263
007_matrix_run_05_medium_spoof_medium_flood,46,46.0,47.0,baseline,normal,normal,no_rule_triggered,63,4,0.0,53.0,50.75,66.316
007_matrix_run_05_medium_spoof_medium_flood,47,47.0,48.0,baseline,normal,normal,no_rule_triggered,62,4,0.0,48.0,46.35,65.263
007_matrix_run_05_medium_spoof_medium_flood,48,48.0,49.0,baseline,normal,normal,no_rule_triggered,63,4,0.0,44.0,42.15,66.316
007_matrix_run_05_medium_spoof_medium_flood,49,49.0,50.0,baseline,normal,normal,no_rule_triggered,62,4,0.0,40.0,38.5,65.263
007_matrix_run_05_medium_spoof_medium_flood,50,50.0,51.0,baseline,normal,normal,no_rule_triggered,63,4,0.0,37.0,35.45,66.316
007_matrix_run_05_medium_spoof_medium_flood,51,51.0,52.0,baseline,normal,normal,no_rule_triggered,62,4,0.0,34.0,33.4,65.263
007_matrix_run_05_medium_spoof_medium_flood,52,52.0,53.0,baseline,normal,normal,no_rule_triggered,63,4,0.0,33.0,32.1,66.316
007_matrix_run_05_medium_spoof_medium_flood,53,53.0,54.0,baseline,normal,normal,no_rule_triggered,62,4,0.0,32.0,32.0,65.263
007_matrix_run_05_medium_spoof_medium_flood,54,54.0,55.0,baseline,normal,normal,no_rule_triggered,63,4,0.0,33.0,32.75,66.316
007_matrix_run_05_medium_spoof_medium_flood,55,55.0,56.0,baseline,normal,normal,no_rule_triggered,62,4,0.0,35.0,34.2,65.263
007_matrix_run_05_medium_spoof_medium_flood,56,56.0,57.0,baseline,normal,normal,no_rule_triggered,63,4,0.0,37.0,36.0,66.316
007_matrix_run_05_medium_spoof_medium_flood,57,57.0,58.0,baseline,normal,normal,no_rule_triggered,62,4,0.0,39.0,38.0,65.263
007_matrix_run_05_medium_spoof_medium_flood,58,58.0,59.0,baseline,normal,normal,no_rule_triggered,63,4,0.0,41.0,39.8,66.316
007_matrix_run_05_medium_spoof_medium_flood,59,59.0,60.0,baseline,normal,normal,no_rule_triggered,62,4,0.0,42.0,41.4,65.263
007_matrix_run_05_medium_spoof_medium_flood,60,60.0,61.0,baseline,normal,normal,no_rule_triggered,63,4,0.0,42.0,42.0,66.316
007_matrix_run_05_medium_spoof_medium_flood,61,61.0,62.0,baseline,normal,normal,no_rule_triggered,62,4,0.0,42.0,42.0,65.263
007_matrix_run_05_medium_spoof_medium_flood,62,62.0,63.0,baseline,normal,normal,no_rule_triggered,63,4,0.0,42.0,41.95,66.316
007_matrix_run_05_medium_spoof_medium_flood,63,63.0,64.0,baseline,normal,normal,no_rule_triggered,62,4,0.0,41.0,40.7,65.263
007_matrix_run_05_medium_spoof_medium_flood,64,64.0,65.0,baseline,normal,normal,no_rule_triggered,63,4,0.0,40.0,39.1,66.316
007_matrix_run_05_medium_spoof_medium_flood,65,65.0,66.0,baseline,normal,normal,no_rule_triggered,62,4,0.0,38.0,37.1,65.263
007_matrix_run_05_medium_spoof_medium_flood,66,66.0,67.0,baseline,normal,normal,no_rule_triggered,63,4,0.0,36.0,35.15,66.316
007_matrix_run_05_medium_spoof_medium_flood,67,67.0,68.0,baseline,normal,normal,no_rule_triggered,62,4,0.0,34.0,33.45,65.263
007_matrix_run_05_medium_spoof_medium_flood,68,68.0,69.0,baseline,normal,normal,no_rule_triggered,63,4,0.0,33.0,32.3,66.316
007_matrix_run_05_medium_spoof_medium_flood,69,69.0,70.0,baseline,normal,normal,no_rule_triggered,62,4,0.0,32.0,32.0,65.263
007_matrix_run_05_medium_spoof_medium_flood,70,70.0,71.0,baseline,normal,normal,no_rule_triggered,63,4,0.0,33.0,32.55,66.316
007_matrix_run_05_medium_spoof_medium_flood,71,71.0,72.0,baseline,normal,normal,no_rule_triggered,62,4,0.0,35.0,34.1,65.263
007_matrix_run_05_medium_spoof_medium_flood,72,72.0,73.0,baseline,normal,normal,no_rule_triggered,63,4,0.0,38.0,36.65,66.316
007_matrix_run_05_medium_spoof_medium_flood,73,73.0,74.0,baseline,normal,normal,no_rule_triggered,62,4,0.0,42.0,40.0,65.263
007_matrix_run_05_medium_spoof_medium_flood,74,74.0,75.0,baseline,normal,normal,no_rule_triggered,63,4,0.0,46.0,43.95,66.316
007_matrix_run_05_medium_spoof_medium_flood,75,75.0,76.0,baseline,normal,normal,no_rule_triggered,62,4,0.0,50.0,48.2,65.263
007_matrix_run_05_medium_spoof_medium_flood,76,76.0,77.0,baseline,normal,normal,no_rule_triggered,63,4,0.0,55.0,52.6,66.316
007_matrix_run_05_medium_spoof_medium_flood,77,77.0,78.0,baseline,normal,normal,no_rule_triggered,62,4,0.0,58.0,56.65,65.263
007_matrix_run_05_medium_spoof_medium_flood,78,78.0,79.0,baseline,normal,normal,no_rule_triggered,63,4,0.0,62.0,60.2,66.316
007_matrix_run_05_medium_spoof_medium_flood,79,79.0,80.0,baseline,normal,normal,no_rule_triggered,62,4,0.0,64.0,63.1,65.263
007_matrix_run_05_medium_spoof_medium_flood,80,80.0,81.0,baseline,normal,normal,no_rule_triggered,63,4,0.0,66.0,65.1,66.316
007_matrix_run_05_medium_spoof_medium_flood,81,81.0,82.0,baseline,normal,normal,no_rule_triggered,62,4,0.0,67.0,66.15,65.263
007_matrix_run_05_medium_spoof_medium_flood,82,82.0,83.0,baseline,normal,normal,no_rule_triggered,63,4,0.0,67.0,67.0,66.316
007_matrix_run_05_medium_spoof_medium_flood,83,83.0,84.0,baseline,normal,normal,no_rule_triggered,62,4,0.0,67.0,66.3,65.263
007_matrix_run_05_medium_spoof_medium_flood,84,84.0,85.0,baseline,normal,normal,no_rule_triggered,63,4,0.0,66.0,65.85,66.316
007_matrix_run_05_medium_spoof_medium_flood,85,85.0,86.0,baseline,normal,normal,no_rule_triggered,62,4,0.0,65.0,65.0,65.263
007_matrix_run_05_medium_spoof_medium_flood,86,86.0,87.0,baseline,normal,normal,no_rule_triggered,63,4,0.0,65.0,64.2,66.316
007_matrix_run_05_medium_spoof_medium_flood,87,87.0,88.0,baseline,normal,normal,no_rule_triggered,62,4,0.0,64.0,64.0,65.263
007_matrix_run_05_medium_spoof_medium_flood,88,88.0,89.0,baseline,normal,normal,no_rule_triggered,63,4,0.0,65.0,64.45,66.316
007_matrix_run_05_medium_spoof_medium_flood,89,89.0,90.0,baseline,normal,normal,no_rule_triggered,62,4,0.0,66.0,65.55,65.263
007_matrix_run_05_medium_spoof_medium_flood,90,90.0,91.0,baseline,normal,normal,no_rule_triggered,63,4,0.0,69.0,67.6,66.316
007_matrix_run_05_medium_spoof_medium_flood,91,91.0,92.0,baseline,normal,normal,no_rule_triggered,62,4,0.0,72.0,70.25,65.263
007_matrix_run_05_medium_spoof_medium_flood,92,92.0,93.0,baseline,normal,normal,no_rule_triggered,63,4,0.0,75.0,73.5,66.316
007_matrix_run_05_medium_spoof_medium_flood,93,93.0,94.0,baseline,normal,normal,no_rule_triggered,62,4,0.0,79.0,77.15,65.263
007_matrix_run_05_medium_spoof_medium_flood,94,94.0,95.0,baseline,normal,normal,no_rule_triggered,63,4,0.0,83.0,80.9,66.316
007_matrix_run_05_medium_spoof_medium_flood,95,95.0,96.0,baseline,normal,normal,no_rule_triggered,62,4,0.0,86.0,84.5,65.263
007_matrix_run_05_medium_spoof_medium_flood,96,96.0,97.0,baseline,normal,normal,no_rule_triggered,63,4,0.0,89.0,87.6,66.316
007_matrix_run_05_medium_spoof_medium_flood,97,97.0,98.0,baseline,normal,normal,no_rule_triggered,62,4,0.0,91.0,89.95,65.263
007_matrix_run_05_medium_spoof_medium_flood,98,98.0,99.0,baseline,normal,normal,no_rule_triggered,63,4,0.0,92.0,91.4,66.316
007_matrix_run_05_medium_spoof_medium_flood,99,99.0,100.0,baseline,normal,normal,no_rule_triggered,62,4,0.0,92.0,92.0,65.263
007_matrix_run_05_medium_spoof_medium_flood,100,100.0,101.0,baseline,normal,normal,no_rule_triggered,63,4,0.0,92.0,91.3,66.316
007_matrix_run_05_medium_spoof_medium_flood,101,101.0,102.0,baseline,normal,normal,no_rule_triggered,62,4,0.0,91.0,89.75,65.263
007_matrix_run_05_medium_spoof_medium_flood,102,102.0,103.0,baseline,normal,normal,no_rule_triggered,63,4,0.0,89.0,87.6,66.316
007_matrix_run_05_medium_spoof_medium_flood,103,103.0,104.0,baseline,normal,normal,no_rule_triggered,62,4,0.0,86.0,84.95,65.263
007_matrix_run_05_medium_spoof_medium_flood,104,104.0,105.0,baseline,normal,normal,no_rule_triggered,63,4,0.0,83.0,81.95,66.316
007_matrix_run_05_medium_spoof_medium_flood,105,105.0,106.0,baseline,normal,normal,no_rule_triggered,62,4,0.0,80.0,79.1,65.263
007_matrix_run_05_medium_spoof_medium_flood,106,106.0,107.0,baseline,normal,normal,no_rule_triggered,63,4,0.0,78.0,76.75,66.316
007_matrix_run_05_medium_spoof_medium_flood,107,107.0,108.0,baseline,normal,normal,no_rule_triggered,62,4,0.0,76.0,74.7,65.263
007_matrix_run_05_medium_spoof_medium_flood,108,108.0,109.0,baseline,normal,normal,no_rule_triggered,63,4,0.0,74.0,73.55,66.316
007_matrix_run_05_medium_spoof_medium_flood,109,109.0,110.0,baseline,normal,normal,no_rule_triggered,62,4,0.0,73.0,73.0,65.263
007_matrix_run_05_medium_spoof_medium_flood,110,110.0,111.0,baseline,normal,normal,no_rule_triggered,63,4,0.0,74.0,73.25,66.316
007_matrix_run_05_medium_spoof_medium_flood,111,111.0,112.0,baseline,normal,normal,no_rule_triggered,62,4,0.0,75.0,74.2,65.263
007_matrix_run_05_medium_spoof_medium_flood,112,112.0,113.0,baseline,normal,normal,no_rule_triggered,63,4,0.0,76.0,75.35,66.316
007_matrix_run_05_medium_spoof_medium_flood,113,113.0,114.0,baseline,normal,normal,no_rule_triggered,62,4,0.0,77.0,76.55,65.263
007_matrix_run_05_medium_spoof_medium_flood,114,114.0,115.0,baseline,normal,normal,no_rule_triggered,63,4,0.0,78.0,77.55,66.316
007_matrix_run_05_medium_spoof_medium_flood,115,115.0,116.0,baseline,normal,normal,no_rule_triggered,62,4,0.0,78.0,78.0,65.263
007_matrix_run_05_medium_spoof_medium_flood,116,116.0,117.0,baseline,normal,normal,no_rule_triggered,63,4,0.0,78.0,78.0,66.316
007_matrix_run_05_medium_spoof_medium_flood,117,117.0,118.0,baseline,normal,normal,no_rule_triggered,62,4,0.0,78.0,76.8,65.263
007_matrix_run_05_medium_spoof_medium_flood,118,118.0,119.0,baseline,normal,normal,no_rule_triggered,63,4,0.0,76.0,74.95,66.316
007_matrix_run_05_medium_spoof_medium_flood,119,119.0,120.0,baseline,normal,normal,no_rule_triggered,62,4,0.0,74.0,72.1,65.263
007_matrix_run_05_medium_spoof_medium_flood,120,120.0,121.0,baseline,normal,normal,no_rule_triggered,63,4,0.0,70.0,68.5,66.316
007_matrix_run_05_medium_spoof_medium_flood,121,121.0,122.0,baseline,normal,normal,no_rule_triggered,62,4,0.0,66.0,64.2,65.263
007_matrix_run_05_medium_spoof_medium_flood,122,122.0,123.0,baseline,normal,normal,no_rule_triggered,63,4,0.0,62.0,59.75,66.316
007_matrix_run_05_medium_spoof_medium_flood,123,123.0,124.0,baseline,normal,normal,no_rule_triggered,62,4,0.0,57.0,55.2,65.263
007_matrix_run_05_medium_spoof_medium_flood,124,124.0,125.0,baseline,normal,normal,no_rule_triggered,63,4,0.0,53.0,50.9,66.316
007_matrix_run_05_medium_spoof_medium_flood,125,125.0,126.0,baseline,normal,normal,no_rule_triggered,62,4,0.0,49.0,47.25,65.263
007_matrix_run_05_medium_spoof_medium_flood,126,126.0,127.0,baseline,normal,normal,no_rule_triggered,63,4,0.0,46.0,44.3,66.316
007_matrix_run_05_medium_spoof_medium_flood,127,127.0,128.0,baseline,normal,normal,no_rule_triggered,62,4,0.0,43.0,42.35,65.263
007_matrix_run_05_medium_spoof_medium_flood,128,128.0,129.0,baseline,normal,normal,no_rule_triggered,63,4,0.0,42.0,41.05,66.316
007_matrix_run_05_medium_spoof_medium_flood,129,129.0,130.0,baseline,normal,normal,no_rule_triggered,62,4,0.0,41.0,41.0,65.263
007_matrix_run_05_medium_spoof_medium_flood,130,130.0,131.0,baseline,normal,normal,no_rule_triggered,63,4,0.0,42.0,41.35,66.316
007_matrix_run_05_medium_spoof_medium_flood,131,131.0,132.0,baseline,normal,normal,no_rule_triggered,62,4,0.0,43.0,42.4,65.263
007_matrix_run_05_medium_spoof_medium_flood,132,132.0,133.0,baseline,normal,normal,no_rule_triggered,63,4,0.0,44.0,43.55,66.316
007_matrix_run_05_medium_spoof_medium_flood,133,133.0,134.0,baseline,normal,normal,no_rule_triggered,62,4,0.0,45.0,44.7,65.263
007_matrix_run_05_medium_spoof_medium_flood,134,134.0,135.0,baseline,normal,normal,no_rule_triggered,63,4,0.0,46.0,45.65,66.316
007_matrix_run_05_medium_spoof_medium_flood,135,135.0,136.0,baseline,normal,normal,no_rule_triggered,62,4,0.0,46.0,46.0,65.263
007_matrix_run_05_medium_spoof_medium_flood,136,136.0,137.0,baseline,normal,normal,no_rule_triggered,63,4,0.0,46.0,45.5,66.316
007_matrix_run_05_medium_spoof_medium_flood,137,137.0,138.0,baseline,normal,normal,no_rule_triggered,62,4,0.0,45.0,44.4,65.263
007_matrix_run_05_medium_spoof_medium_flood,138,138.0,139.0,baseline,normal,normal,no_rule_triggered,63,4,0.0,43.0,42.45,66.316
007_matrix_run_05_medium_spoof_medium_flood,139,139.0,140.0,baseline,normal,normal,no_rule_triggered,62,4,0.0,41.0,40.1,65.263
007_matrix_run_05_medium_spoof_medium_flood,140,140.0,141.0,baseline,normal,normal,no_rule_triggered,63,4,0.0,39.0,37.35,66.316
007_matrix_run_05_medium_spoof_medium_flood,141,141.0,142.0,baseline,normal,normal,no_rule_triggered,62,4,0.0,36.0,34.35,65.263
007_matrix_run_05_medium_spoof_medium_flood,142,142.0,143.0,baseline,normal,normal,no_rule_triggered,63,4,0.0,33.0,31.65,66.316
007_matrix_run_05_medium_spoof_medium_flood,143,143.0,144.0,baseline,normal,normal,no_rule_triggered,62,4,0.0,30.0,29.45,65.263
007_matrix_run_05_medium_spoof_medium_flood,144,144.0,145.0,baseline,normal,normal,no_rule_triggered,63,4,0.0,28.0,27.8,66.316
007_matrix_run_05_medium_spoof_medium_flood,145,145.0,146.0,baseline,normal,normal,no_rule_triggered,62,4,0.0,27.0,27.0,65.263
007_matrix_run_05_medium_spoof_medium_flood,146,146.0,147.0,baseline,normal,normal,no_rule_triggered,63,4,0.0,28.0,27.5,66.316
007_matrix_run_05_medium_spoof_medium_flood,147,147.0,148.0,baseline,normal,normal,no_rule_triggered,62,4,0.0,30.0,28.85,65.263
007_matrix_run_05_medium_spoof_medium_flood,148,148.0,149.0,baseline,normal,normal,no_rule_triggered,63,4,0.0,33.0,31.15,66.316
007_matrix_run_05_medium_spoof_medium_flood,149,149.0,150.0,baseline,normal,normal,no_rule_triggered,62,4,0.0,36.0,34.2,65.263
007_matrix_run_05_medium_spoof_medium_flood,150,150.0,151.0,baseline,normal,normal,no_rule_triggered,63,4,0.0,40.0,37.75,66.316
007_matrix_run_05_medium_spoof_medium_flood,151,151.0,152.0,baseline,normal,normal,no_rule_triggered,62,4,0.0,43.0,41.5,65.263
007_matrix_run_05_medium_spoof_medium_flood,152,152.0,153.0,baseline,normal,normal,no_rule_triggered,63,4,0.0,47.0,45.15,66.316
007_matrix_run_05_medium_spoof_medium_flood,153,153.0,154.0,baseline,normal,normal,no_rule_triggered,62,4,0.0,50.0,48.45,65.263
007_matrix_run_05_medium_spoof_medium_flood,154,154.0,155.0,baseline,normal,normal,no_rule_triggered,63,4,0.0,52.0,51.2,66.316
007_matrix_run_05_medium_spoof_medium_flood,155,155.0,156.0,baseline,normal,normal,no_rule_triggered,62,4,0.0,54.0,53.25,65.263
007_matrix_run_05_medium_spoof_medium_flood,156,156.0,157.0,baseline,normal,normal,no_rule_triggered,63,4,0.0,55.0,54.45,66.316
007_matrix_run_05_medium_spoof_medium_flood,157,157.0,158.0,baseline,normal,normal,no_rule_triggered,62,4,0.0,55.0,55.0,65.263
007_matrix_run_05_medium_spoof_medium_flood,158,158.0,159.0,baseline,normal,normal,no_rule_triggered,63,4,0.0,55.0,54.9,66.316
007_matrix_run_05_medium_spoof_medium_flood,159,159.0,160.0,baseline,normal,normal,no_rule_triggered,62,4,0.0,54.0,54.0,65.263
007_matrix_run_05_medium_spoof_medium_flood,160,160.0,161.0,baseline,normal,normal,no_rule_triggered,63,4,0.0,54.0,53.25,66.316
007_matrix_run_05_medium_spoof_medium_flood,161,161.0,162.0,baseline,normal,normal,no_rule_triggered,62,4,0.0,53.0,52.8,65.263
007_matrix_run_05_medium_spoof_medium_flood,162,162.0,163.0,baseline,normal,normal,no_rule_triggered,63,4,0.0,52.0,52.0,66.316
007_matrix_run_05_medium_spoof_medium_flood,163,163.0,164.0,baseline,normal,normal,no_rule_triggered,62,4,0.0,53.0,52.75,65.263
007_matrix_run_05_medium_spoof_medium_flood,164,164.0,165.0,baseline,normal,normal,no_rule_triggered,63,4,0.0,55.0,53.7,66.316
007_matrix_run_05_medium_spoof_medium_flood,165,165.0,166.0,baseline,normal,normal,no_rule_triggered,62,4,0.0,57.0,55.7,65.263
007_matrix_run_05_medium_spoof_medium_flood,166,166.0,167.0,baseline,normal,normal,no_rule_triggered,63,4,0.0,60.0,58.5,66.316
007_matrix_run_05_medium_spoof_medium_flood,167,167.0,168.0,baseline,normal,normal,no_rule_triggered,62,4,0.0,64.0,62.0,65.263
007_matrix_run_05_medium_spoof_medium_flood,168,168.0,169.0,baseline,normal,normal,no_rule_triggered,63,4,0.0,68.0,66.05,66.316
007_matrix_run_05_medium_spoof_medium_flood,169,169.0,170.0,baseline,normal,normal,no_rule_triggered,62,4,0.0,72.0,70.35,65.263
007_matrix_run_05_medium_spoof_medium_flood,170,170.0,171.0,baseline,normal,normal,no_rule_triggered,63,4,0.0,77.0,74.7,66.316
007_matrix_run_05_medium_spoof_medium_flood,171,171.0,172.0,baseline,normal,normal,no_rule_triggered,62,4,0.0,80.0,78.65,65.263
007_matrix_run_05_medium_spoof_medium_flood,172,172.0,173.0,baseline,normal,normal,no_rule_triggered,63,4,0.0,83.0,82.05,66.316
007_matrix_run_05_medium_spoof_medium_flood,173,173.0,174.0,baseline,normal,normal,no_rule_triggered,62,4,0.0,86.0,84.7,65.263
007_matrix_run_05_medium_spoof_medium_flood,174,174.0,175.0,baseline,normal,normal,no_rule_triggered,63,4,0.0,87.0,86.35,66.316
007_matrix_run_05_medium_spoof_medium_flood,175,175.0,176.0,baseline,normal,normal,no_rule_triggered,62,4,0.0,87.0,87.0,65.263
007_matrix_run_05_medium_spoof_medium_flood,176,176.0,177.0,baseline,normal,normal,no_rule_triggered,63,4,0.0,87.0,86.8,66.316
007_matrix_run_05_medium_spoof_medium_flood,177,177.0,178.0,baseline,normal,normal,no_rule_triggered,62,4,0.0,86.0,85.6,65.263
007_matrix_run_05_medium_spoof_medium_flood,178,178.0,179.0,baseline,normal,normal,no_rule_triggered,63,4,0.0,85.0,84.05,66.316
007_matrix_run_05_medium_spoof_medium_flood,179,179.0,180.0,baseline,normal,normal,no_rule_triggered,62,4,0.0,83.0,82.1,65.263
007_matrix_run_05_medium_spoof_medium_flood,180,180.0,181.0,spoofing,spoofing,spoofing,decoded_speed_threshold_exceeded,53,3,0.0,200.0,188.6,55.208
007_matrix_run_05_medium_spoof_medium_flood,181,181.0,182.0,spoofing,spoofing,spoofing,decoded_speed_threshold_exceeded,52,3,0.0,200.0,192.64,54.167
007_matrix_run_05_medium_spoof_medium_flood,182,182.0,183.0,spoofing,spoofing,spoofing,decoded_speed_threshold_exceeded,53,3,0.0,199.0,190.56,55.208
007_matrix_run_05_medium_spoof_medium_flood,183,183.0,184.0,spoofing,spoofing,spoofing,decoded_speed_threshold_exceeded,52,3,0.0,199.0,188.68,54.167
007_matrix_run_05_medium_spoof_medium_flood,184,184.0,185.0,spoofing,spoofing,spoofing,decoded_speed_threshold_exceeded,53,3,0.0,200.0,188.88,55.208
007_matrix_run_05_medium_spoof_medium_flood,185,185.0,186.0,spoofing,spoofing,spoofing,decoded_speed_threshold_exceeded,52,3,0.0,200.0,190.64,54.167
007_matrix_run_05_medium_spoof_medium_flood,186,186.0,187.0,spoofing,spoofing,spoofing,decoded_speed_threshold_exceeded,53,3,0.0,200.0,190.08,55.208
007_matrix_run_05_medium_spoof_medium_flood,187,187.0,188.0,spoofing,spoofing,spoofing,decoded_speed_threshold_exceeded,52,3,0.0,200.0,188.04,54.167
007_matrix_run_05_medium_spoof_medium_flood,188,188.0,189.0,spoofing,spoofing,spoofing,decoded_speed_threshold_exceeded,53,3,0.0,199.0,189.72,55.208
007_matrix_run_05_medium_spoof_medium_flood,189,189.0,190.0,spoofing,spoofing,spoofing,decoded_speed_threshold_exceeded,52,3,0.0,197.0,187.64,54.167
007_matrix_run_05_medium_spoof_medium_flood,190,190.0,191.0,spoofing,spoofing,spoofing,decoded_speed_threshold_exceeded,53,3,0.0,199.0,190.44,55.208
007_matrix_run_05_medium_spoof_medium_flood,191,191.0,192.0,spoofing,spoofing,spoofing,decoded_speed_threshold_exceeded,52,3,0.0,200.0,190.4,54.167
007_matrix_run_05_medium_spoof_medium_flood,192,192.0,193.0,spoofing,spoofing,spoofing,decoded_speed_threshold_exceeded,53,3,0.0,200.0,190.88,55.208
007_matrix_run_05_medium_spoof_medium_flood,193,193.0,194.0,spoofing,spoofing,spoofing,decoded_speed_threshold_exceeded,52,3,0.0,199.0,188.2,54.167
007_matrix_run_05_medium_spoof_medium_flood,194,194.0,195.0,spoofing,spoofing,spoofing,decoded_speed_threshold_exceeded,53,3,0.0,199.0,189.44,55.208
007_matrix_run_05_medium_spoof_medium_flood,195,195.0,196.0,spoofing,spoofing,spoofing,decoded_speed_threshold_exceeded,52,3,0.0,200.0,189.52,54.167
007_matrix_run_05_medium_spoof_medium_flood,196,196.0,197.0,spoofing,spoofing,spoofing,decoded_speed_threshold_exceeded,53,3,0.0,200.0,191.92,55.208
007_matrix_run_05_medium_spoof_medium_flood,197,197.0,198.0,spoofing,spoofing,spoofing,decoded_speed_threshold_exceeded,52,3,0.0,200.0,187.92,54.167
007_matrix_run_05_medium_spoof_medium_flood,198,198.0,199.0,spoofing,spoofing,spoofing,decoded_speed_threshold_exceeded,53,3,0.0,200.0,191.08,55.208
007_matrix_run_05_medium_spoof_medium_flood,199,199.0,200.0,spoofing,spoofing,spoofing,decoded_speed_threshold_exceeded,52,3,0.0,199.0,189.88,54.167
007_matrix_run_05_medium_spoof_medium_flood,200,200.0,201.0,spoofing,spoofing,spoofing,decoded_speed_threshold_exceeded,53,3,0.0,200.0,190.32,55.208
007_matrix_run_05_medium_spoof_medium_flood,201,201.0,202.0,spoofing,spoofing,spoofing,decoded_speed_threshold_exceeded,52,3,0.0,200.0,188.12,54.167
007_matrix_run_05_medium_spoof_medium_flood,202,202.0,203.0,spoofing,spoofing,spoofing,decoded_speed_threshold_exceeded,53,3,0.0,200.0,190.08,55.208
007_matrix_run_05_medium_spoof_medium_flood,203,203.0,204.0,spoofing,spoofing,spoofing,decoded_speed_threshold_exceeded,52,3,0.0,200.0,189.76,54.167
007_matrix_run_05_medium_spoof_medium_flood,204,204.0,205.0,spoofing,spoofing,spoofing,decoded_speed_threshold_exceeded,53,3,0.0,199.0,187.76,55.208
007_matrix_run_05_medium_spoof_medium_flood,205,205.0,206.0,spoofing,spoofing,spoofing,decoded_speed_threshold_exceeded,52,3,0.0,199.0,188.96,54.167
007_matrix_run_05_medium_spoof_medium_flood,206,206.0,207.0,spoofing,spoofing,spoofing,decoded_speed_threshold_exceeded,53,3,0.0,200.0,192.2,55.208
007_matrix_run_05_medium_spoof_medium_flood,207,207.0,208.0,spoofing,spoofing,spoofing,decoded_speed_threshold_exceeded,52,3,0.0,200.0,188.16,54.167
007_matrix_run_05_medium_spoof_medium_flood,208,208.0,209.0,spoofing,spoofing,spoofing,decoded_speed_threshold_exceeded,53,3,0.0,200.0,191.72,55.208
007_matrix_run_05_medium_spoof_medium_flood,209,209.0,210.0,spoofing,spoofing,spoofing,decoded_speed_threshold_exceeded,52,3,0.0,200.0,192.24,54.167
007_matrix_run_05_medium_spoof_medium_flood,210,210.0,211.0,spoofing,spoofing,spoofing,decoded_speed_threshold_exceeded,53,3,0.0,198.0,189.0,55.208
007_matrix_run_05_medium_spoof_medium_flood,211,211.0,212.0,spoofing,spoofing,spoofing,decoded_speed_threshold_exceeded,52,3,0.0,199.0,189.32,54.167
007_matrix_run_05_medium_spoof_medium_flood,212,212.0,213.0,spoofing,spoofing,spoofing,decoded_speed_threshold_exceeded,53,3,0.0,199.0,190.32,55.208
007_matrix_run_05_medium_spoof_medium_flood,213,213.0,214.0,spoofing,spoofing,spoofing,decoded_speed_threshold_exceeded,52,3,0.0,200.0,190.04,54.167
007_matrix_run_05_medium_spoof_medium_flood,214,214.0,215.0,spoofing,spoofing,spoofing,decoded_speed_threshold_exceeded,53,3,0.0,200.0,190.72,55.208
007_matrix_run_05_medium_spoof_medium_flood,215,215.0,216.0,spoofing,spoofing,spoofing,decoded_speed_threshold_exceeded,52,3,0.0,199.0,189.32,54.167
007_matrix_run_05_medium_spoof_medium_flood,216,216.0,217.0,spoofing,spoofing,spoofing,decoded_speed_threshold_exceeded,53,3,0.0,199.0,191.88,55.208
007_matrix_run_05_medium_spoof_medium_flood,217,217.0,218.0,spoofing,spoofing,spoofing,decoded_speed_threshold_exceeded,52,3,0.0,200.0,192.32,54.167
007_matrix_run_05_medium_spoof_medium_flood,218,218.0,219.0,spoofing,spoofing,spoofing,decoded_speed_threshold_exceeded,53,3,0.0,200.0,190.92,55.208
007_matrix_run_05_medium_spoof_medium_flood,219,219.0,220.0,spoofing,spoofing,spoofing,decoded_speed_threshold_exceeded,52,3,0.0,200.0,188.52,54.167
007_matrix_run_05_medium_spoof_medium_flood,220,220.0,221.0,spoofing,spoofing,spoofing,decoded_speed_threshold_exceeded,53,3,0.0,200.0,188.52,55.208
007_matrix_run_05_medium_spoof_medium_flood,221,221.0,222.0,spoofing,spoofing,spoofing,decoded_speed_threshold_exceeded,52,3,0.0,200.0,189.4,54.167
007_matrix_run_05_medium_spoof_medium_flood,222,222.0,223.0,spoofing,spoofing,spoofing,decoded_speed_threshold_exceeded,53,3,0.0,199.0,189.76,55.208
007_matrix_run_05_medium_spoof_medium_flood,223,223.0,224.0,spoofing,spoofing,spoofing,decoded_speed_threshold_exceeded,52,3,0.0,200.0,189.52,54.167
007_matrix_run_05_medium_spoof_medium_flood,224,224.0,225.0,spoofing,spoofing,spoofing,decoded_speed_threshold_exceeded,53,3,0.0,199.0,187.0,55.208
007_matrix_run_05_medium_spoof_medium_flood,225,225.0,226.0,spoofing,spoofing,spoofing,decoded_speed_threshold_exceeded,52,3,0.0,200.0,190.52,54.167
007_matrix_run_05_medium_spoof_medium_flood,226,226.0,227.0,spoofing,spoofing,spoofing,decoded_speed_threshold_exceeded,53,3,0.0,200.0,190.88,55.208
007_matrix_run_05_medium_spoof_medium_flood,227,227.0,228.0,spoofing,spoofing,spoofing,decoded_speed_threshold_exceeded,52,3,0.0,200.0,189.32,54.167
007_matrix_run_05_medium_spoof_medium_flood,228,228.0,229.0,spoofing,spoofing,spoofing,decoded_speed_threshold_exceeded,53,3,0.0,198.0,191.4,55.208
007_matrix_run_05_medium_spoof_medium_flood,229,229.0,230.0,spoofing,spoofing,spoofing,decoded_speed_threshold_exceeded,52,3,0.0,200.0,189.84,54.167
007_matrix_run_05_medium_spoof_medium_flood,230,230.0,231.0,spoofing,spoofing,spoofing,decoded_speed_threshold_exceeded,53,3,0.0,200.0,189.0,55.208
007_matrix_run_05_medium_spoof_medium_flood,231,231.0,232.0,spoofing,spoofing,spoofing,decoded_speed_threshold_exceeded,52,3,0.0,200.0,191.28,54.167
007_matrix_run_05_medium_spoof_medium_flood,232,232.0,233.0,spoofing,spoofing,spoofing,decoded_speed_threshold_exceeded,53,3,0.0,198.0,188.0,55.208
007_matrix_run_05_medium_spoof_medium_flood,233,233.0,234.0,spoofing,spoofing,spoofing,decoded_speed_threshold_exceeded,52,3,0.0,199.0,190.44,54.167
007_matrix_run_05_medium_spoof_medium_flood,234,234.0,235.0,spoofing,spoofing,spoofing,decoded_speed_threshold_exceeded,53,3,0.0,200.0,190.12,55.208
007_matrix_run_05_medium_spoof_medium_flood,235,235.0,236.0,spoofing,spoofing,spoofing,decoded_speed_threshold_exceeded,52,3,0.0,200.0,189.76,54.167
007_matrix_run_05_medium_spoof_medium_flood,236,236.0,237.0,spoofing,spoofing,spoofing,decoded_speed_threshold_exceeded,53,3,0.0,200.0,190.32,55.208
007_matrix_run_05_medium_spoof_medium_flood,237,237.0,238.0,spoofing,spoofing,spoofing,decoded_speed_threshold_exceeded,52,3,0.0,200.0,190.88,54.167
007_matrix_run_05_medium_spoof_medium_flood,238,238.0,239.0,spoofing,spoofing,spoofing,decoded_speed_threshold_exceeded,53,3,0.0,200.0,188.52,55.208
007_matrix_run_05_medium_spoof_medium_flood,239,239.0,240.0,spoofing,spoofing,spoofing,decoded_speed_threshold_exceeded,52,3,0.0,200.0,189.96,54.167
007_matrix_run_05_medium_spoof_medium_flood,240,240.0,241.0,spoofing,spoofing,spoofing,decoded_speed_threshold_exceeded,53,3,0.0,200.0,190.6,55.208
007_matrix_run_05_medium_spoof_medium_flood,241,241.0,242.0,spoofing,spoofing,spoofing,decoded_speed_threshold_exceeded,52,3,0.0,200.0,189.24,54.167
007_matrix_run_05_medium_spoof_medium_flood,242,242.0,243.0,spoofing,spoofing,spoofing,decoded_speed_threshold_exceeded,53,3,0.0,198.0,190.44,55.208
007_matrix_run_05_medium_spoof_medium_flood,243,243.0,244.0,spoofing,spoofing,spoofing,decoded_speed_threshold_exceeded,52,3,0.0,198.0,188.48,54.167
007_matrix_run_05_medium_spoof_medium_flood,244,244.0,245.0,spoofing,spoofing,spoofing,decoded_speed_threshold_exceeded,53,3,0.0,200.0,188.64,55.208
007_matrix_run_05_medium_spoof_medium_flood,245,245.0,246.0,spoofing,spoofing,spoofing,decoded_speed_threshold_exceeded,52,3,0.0,200.0,190.08,54.167
007_matrix_run_05_medium_spoof_medium_flood,246,246.0,247.0,spoofing,spoofing,spoofing,decoded_speed_threshold_exceeded,53,3,0.0,200.0,191.08,55.208
007_matrix_run_05_medium_spoof_medium_flood,247,247.0,248.0,spoofing,spoofing,spoofing,decoded_speed_threshold_exceeded,52,3,0.0,199.0,190.24,54.167
007_matrix_run_05_medium_spoof_medium_flood,248,248.0,249.0,spoofing,spoofing,spoofing,decoded_speed_threshold_exceeded,53,3,0.0,200.0,191.64,55.208
007_matrix_run_05_medium_spoof_medium_flood,249,249.0,250.0,spoofing,spoofing,spoofing,decoded_speed_threshold_exceeded,52,3,0.0,197.0,189.48,54.167
007_matrix_run_05_medium_spoof_medium_flood,250,250.0,251.0,spoofing,spoofing,spoofing,decoded_speed_threshold_exceeded,53,3,0.0,199.0,189.36,55.208
007_matrix_run_05_medium_spoof_medium_flood,251,251.0,252.0,spoofing,spoofing,spoofing,decoded_speed_threshold_exceeded,52,3,0.0,200.0,190.52,54.167
007_matrix_run_05_medium_spoof_medium_flood,252,252.0,253.0,spoofing,spoofing,spoofing,decoded_speed_threshold_exceeded,53,3,0.0,200.0,189.0,55.208
007_matrix_run_05_medium_spoof_medium_flood,253,253.0,254.0,spoofing,spoofing,spoofing,decoded_speed_threshold_exceeded,52,3,0.0,200.0,190.28,54.167
007_matrix_run_05_medium_spoof_medium_flood,254,254.0,255.0,spoofing,spoofing,spoofing,decoded_speed_threshold_exceeded,53,3,0.0,199.0,189.12,55.208
007_matrix_run_05_medium_spoof_medium_flood,255,255.0,256.0,spoofing,spoofing,spoofing,decoded_speed_threshold_exceeded,52,3,0.0,200.0,189.4,54.167
007_matrix_run_05_medium_spoof_medium_flood,256,256.0,257.0,spoofing,spoofing,spoofing,decoded_speed_threshold_exceeded,53,3,0.0,200.0,189.68,55.208
007_matrix_run_05_medium_spoof_medium_flood,257,257.0,258.0,spoofing,spoofing,spoofing,decoded_speed_threshold_exceeded,52,3,0.0,200.0,188.96,54.167
007_matrix_run_05_medium_spoof_medium_flood,258,258.0,259.0,spoofing,spoofing,spoofing,decoded_speed_threshold_exceeded,53,3,0.0,200.0,189.12,55.208
007_matrix_run_05_medium_spoof_medium_flood,259,259.0,260.0,spoofing,spoofing,spoofing,decoded_speed_threshold_exceeded,52,3,0.0,200.0,190.12,54.167
007_matrix_run_05_medium_spoof_medium_flood,260,260.0,261.0,spoofing,spoofing,spoofing,decoded_speed_threshold_exceeded,53,3,0.0,197.0,188.96,55.208
007_matrix_run_05_medium_spoof_medium_flood,261,261.0,262.0,spoofing,spoofing,spoofing,decoded_speed_threshold_exceeded,52,3,0.0,200.0,189.88,54.167
007_matrix_run_05_medium_spoof_medium_flood,262,262.0,263.0,spoofing,spoofing,spoofing,decoded_speed_threshold_exceeded,53,3,0.0,200.0,191.04,55.208
007_matrix_run_05_medium_spoof_medium_flood,263,263.0,264.0,spoofing,spoofing,spoofing,decoded_speed_threshold_exceeded,52,3,0.0,200.0,186.64,54.167
007_matrix_run_05_medium_spoof_medium_flood,264,264.0,265.0,spoofing,spoofing,spoofing,decoded_speed_threshold_exceeded,53,3,0.0,199.0,189.44,55.208
007_matrix_run_05_medium_spoof_medium_flood,265,265.0,266.0,spoofing,spoofing,spoofing,decoded_speed_threshold_exceeded,52,3,0.0,200.0,191.48,54.167
007_matrix_run_05_medium_spoof_medium_flood,266,266.0,267.0,spoofing,spoofing,spoofing,decoded_speed_threshold_exceeded,53,3,0.0,199.0,190.16,55.208
007_matrix_run_05_medium_spoof_medium_flood,267,267.0,268.0,spoofing,spoofing,spoofing,decoded_speed_threshold_exceeded,52,3,0.0,200.0,190.0,54.167
007_matrix_run_05_medium_spoof_medium_flood,268,268.0,269.0,spoofing,spoofing,spoofing,decoded_speed_threshold_exceeded,53,3,0.0,200.0,189.28,55.208
007_matrix_run_05_medium_spoof_medium_flood,269,269.0,270.0,spoofing,spoofing,spoofing,decoded_speed_threshold_exceeded,52,3,0.0,200.0,189.24,54.167
007_matrix_run_05_medium_spoof_medium_flood,270,270.0,271.0,spoofing,spoofing,spoofing,decoded_speed_threshold_exceeded,53,3,0.0,200.0,191.56,55.208
007_matrix_run_05_medium_spoof_medium_flood,271,271.0,272.0,spoofing,spoofing,spoofing,decoded_speed_threshold_exceeded,52,3,0.0,200.0,190.28,54.167
007_matrix_run_05_medium_spoof_medium_flood,272,272.0,273.0,spoofing,spoofing,spoofing,decoded_speed_threshold_exceeded,53,3,0.0,200.0,188.16,55.208
007_matrix_run_05_medium_spoof_medium_flood,273,273.0,274.0,spoofing,spoofing,spoofing,decoded_speed_threshold_exceeded,52,3,0.0,200.0,191.92,54.167
007_matrix_run_05_medium_spoof_medium_flood,274,274.0,275.0,spoofing,spoofing,spoofing,decoded_speed_threshold_exceeded,53,3,0.0,200.0,188.96,55.208
007_matrix_run_05_medium_spoof_medium_flood,275,275.0,276.0,spoofing,spoofing,spoofing,decoded_speed_threshold_exceeded,52,3,0.0,199.0,189.44,54.167
007_matrix_run_05_medium_spoof_medium_flood,276,276.0,277.0,spoofing,spoofing,spoofing,decoded_speed_threshold_exceeded,53,3,0.0,200.0,190.28,55.208
007_matrix_run_05_medium_spoof_medium_flood,277,277.0,278.0,spoofing,spoofing,spoofing,decoded_speed_threshold_exceeded,52,3,0.0,197.0,190.04,54.167
007_matrix_run_05_medium_spoof_medium_flood,278,278.0,279.0,spoofing,spoofing,spoofing,decoded_speed_threshold_exceeded,53,3,0.0,200.0,190.96,55.208
007_matrix_run_05_medium_spoof_medium_flood,279,279.0,280.0,spoofing,spoofing,spoofing,decoded_speed_threshold_exceeded,52,3,0.0,198.0,190.08,54.167
007_matrix_run_05_medium_spoof_medium_flood,280,280.0,281.0,spoofing,spoofing,spoofing,decoded_speed_threshold_exceeded,53,3,0.0,200.0,188.28,55.208
007_matrix_run_05_medium_spoof_medium_flood,281,281.0,282.0,spoofing,spoofing,spoofing,decoded_speed_threshold_exceeded,52,3,0.0,199.0,189.28,54.167
007_matrix_run_05_medium_spoof_medium_flood,282,282.0,283.0,spoofing,spoofing,spoofing,decoded_speed_threshold_exceeded,53,3,0.0,200.0,190.16,55.208
007_matrix_run_05_medium_spoof_medium_flood,283,283.0,284.0,spoofing,spoofing,spoofing,decoded_speed_threshold_exceeded,52,3,0.0,199.0,191.52,54.167
007_matrix_run_05_medium_spoof_medium_flood,284,284.0,285.0,spoofing,spoofing,spoofing,decoded_speed_threshold_exceeded,53,3,0.0,200.0,192.36,55.208
007_matrix_run_05_medium_spoof_medium_flood,285,285.0,286.0,spoofing,spoofing,spoofing,decoded_speed_threshold_exceeded,52,3,0.0,200.0,192.88,54.167
007_matrix_run_05_medium_spoof_medium_flood,286,286.0,287.0,spoofing,spoofing,spoofing,decoded_speed_threshold_exceeded,53,3,0.0,200.0,191.28,55.208
007_matrix_run_05_medium_spoof_medium_flood,287,287.0,288.0,spoofing,spoofing,spoofing,decoded_speed_threshold_exceeded,52,3,0.0,199.0,189.72,54.167
007_matrix_run_05_medium_spoof_medium_flood,288,288.0,289.0,spoofing,spoofing,spoofing,decoded_speed_threshold_exceeded,53,3,0.0,200.0,190.84,55.208
007_matrix_run_05_medium_spoof_medium_flood,289,289.0,290.0,spoofing,spoofing,spoofing,decoded_speed_threshold_exceeded,52,3,0.0,200.0,190.16,54.167
007_matrix_run_05_medium_spoof_medium_flood,290,290.0,291.0,spoofing,spoofing,spoofing,decoded_speed_threshold_exceeded,53,3,0.0,200.0,192.52,55.208
007_matrix_run_05_medium_spoof_medium_flood,291,291.0,292.0,spoofing,spoofing,spoofing,decoded_speed_threshold_exceeded,52,3,0.0,200.0,189.32,54.167
007_matrix_run_05_medium_spoof_medium_flood,292,292.0,293.0,spoofing,spoofing,spoofing,decoded_speed_threshold_exceeded,53,3,0.0,200.0,189.2,55.208
007_matrix_run_05_medium_spoof_medium_flood,293,293.0,294.0,spoofing,spoofing,spoofing,decoded_speed_threshold_exceeded,52,3,0.0,200.0,190.6,54.167
007_matrix_run_05_medium_spoof_medium_flood,294,294.0,295.0,spoofing,spoofing,spoofing,decoded_speed_threshold_exceeded,53,3,0.0,200.0,190.28,55.208
007_matrix_run_05_medium_spoof_medium_flood,295,295.0,296.0,spoofing,spoofing,spoofing,decoded_speed_threshold_exceeded,52,3,0.0,200.0,191.76,54.167
007_matrix_run_05_medium_spoof_medium_flood,296,296.0,297.0,spoofing,spoofing,spoofing,decoded_speed_threshold_exceeded,53,3,0.0,200.0,188.44,55.208
007_matrix_run_05_medium_spoof_medium_flood,297,297.0,298.0,spoofing,spoofing,spoofing,decoded_speed_threshold_exceeded,52,3,0.0,199.0,189.08,54.167
007_matrix_run_05_medium_spoof_medium_flood,298,298.0,299.0,spoofing,spoofing,spoofing,decoded_speed_threshold_exceeded,53,3,0.0,200.0,188.36,55.208
007_matrix_run_05_medium_spoof_medium_flood,299,299.0,300.0,spoofing,spoofing,spoofing,decoded_speed_threshold_exceeded,52,3,0.0,197.0,188.48,54.167
007_matrix_run_05_medium_spoof_medium_flood,300,300.0,301.0,flooding,flooding,flooding,high_id_cardinality_or_unknown_id_ratio,100,99,1.0,,,101.01
007_matrix_run_05_medium_spoof_medium_flood,301,301.0,302.0,flooding,flooding,flooding,high_id_cardinality_or_unknown_id_ratio,100,100,1.0,,,101.01
007_matrix_run_05_medium_spoof_medium_flood,302,302.0,303.0,flooding,flooding,flooding,high_id_cardinality_or_unknown_id_ratio,100,97,1.0,,,101.01
007_matrix_run_05_medium_spoof_medium_flood,303,303.0,304.0,flooding,flooding,flooding,high_id_cardinality_or_unknown_id_ratio,100,98,0.98,,,101.01
007_matrix_run_05_medium_spoof_medium_flood,304,304.0,305.0,flooding,flooding,flooding,high_id_cardinality_or_unknown_id_ratio,100,96,1.0,,,101.01
007_matrix_run_05_medium_spoof_medium_flood,305,305.0,306.0,flooding,flooding,flooding,high_id_cardinality_or_unknown_id_ratio,100,97,1.0,,,101.01
007_matrix_run_05_medium_spoof_medium_flood,306,306.0,307.0,flooding,flooding,flooding,high_id_cardinality_or_unknown_id_ratio,100,99,1.0,,,101.01
007_matrix_run_05_medium_spoof_medium_flood,307,307.0,308.0,flooding,flooding,flooding,high_id_cardinality_or_unknown_id_ratio,100,99,1.0,,,101.01
007_matrix_run_05_medium_spoof_medium_flood,308,308.0,309.0,flooding,flooding,flooding,high_id_cardinality_or_unknown_id_ratio,100,97,1.0,,,101.01
007_matrix_run_05_medium_spoof_medium_flood,309,309.0,310.0,flooding,flooding,flooding,high_id_cardinality_or_unknown_id_ratio,100,96,1.0,,,101.01
007_matrix_run_05_medium_spoof_medium_flood,310,310.0,311.0,flooding,flooding,flooding,high_id_cardinality_or_unknown_id_ratio,100,100,1.0,,,101.01
007_matrix_run_05_medium_spoof_medium_flood,311,311.0,312.0,flooding,flooding,flooding,high_id_cardinality_or_unknown_id_ratio,100,97,1.0,,,101.01
007_matrix_run_05_medium_spoof_medium_flood,312,312.0,313.0,flooding,flooding,flooding,high_id_cardinality_or_unknown_id_ratio,100,98,1.0,,,101.01
007_matrix_run_05_medium_spoof_medium_flood,313,313.0,314.0,flooding,flooding,flooding,high_id_cardinality_or_unknown_id_ratio,100,99,1.0,,,101.01
007_matrix_run_05_medium_spoof_medium_flood,314,314.0,315.0,flooding,flooding,flooding,high_id_cardinality_or_unknown_id_ratio,100,97,1.0,,,101.01
007_matrix_run_05_medium_spoof_medium_flood,315,315.0,316.0,flooding,flooding,flooding,high_id_cardinality_or_unknown_id_ratio,100,99,1.0,,,101.01
007_matrix_run_05_medium_spoof_medium_flood,316,316.0,317.0,flooding,flooding,flooding,high_id_cardinality_or_unknown_id_ratio,100,99,1.0,,,101.01
007_matrix_run_05_medium_spoof_medium_flood,317,317.0,318.0,flooding,flooding,flooding,high_id_cardinality_or_unknown_id_ratio,100,100,1.0,,,101.01
007_matrix_run_05_medium_spoof_medium_flood,318,318.0,319.0,flooding,flooding,flooding,high_id_cardinality_or_unknown_id_ratio,100,100,1.0,,,101.01
007_matrix_run_05_medium_spoof_medium_flood,319,319.0,320.0,flooding,flooding,flooding,high_id_cardinality_or_unknown_id_ratio,100,97,1.0,,,101.01
007_matrix_run_05_medium_spoof_medium_flood,320,320.0,321.0,flooding,flooding,flooding,high_id_cardinality_or_unknown_id_ratio,100,94,1.0,,,101.01
007_matrix_run_05_medium_spoof_medium_flood,321,321.0,322.0,flooding,flooding,flooding,high_id_cardinality_or_unknown_id_ratio,100,98,1.0,,,101.01
007_matrix_run_05_medium_spoof_medium_flood,322,322.0,323.0,flooding,flooding,flooding,high_id_cardinality_or_unknown_id_ratio,100,98,1.0,,,101.01
007_matrix_run_05_medium_spoof_medium_flood,323,323.0,324.0,flooding,flooding,flooding,high_id_cardinality_or_unknown_id_ratio,100,97,1.0,,,101.01
007_matrix_run_05_medium_spoof_medium_flood,324,324.0,325.0,flooding,flooding,flooding,high_id_cardinality_or_unknown_id_ratio,100,98,1.0,,,101.01
007_matrix_run_05_medium_spoof_medium_flood,325,325.0,326.0,flooding,flooding,flooding,high_id_cardinality_or_unknown_id_ratio,100,98,1.0,,,101.01
007_matrix_run_05_medium_spoof_medium_flood,326,326.0,327.0,flooding,flooding,flooding,high_id_cardinality_or_unknown_id_ratio,100,98,0.99,,,101.01
007_matrix_run_05_medium_spoof_medium_flood,327,327.0,328.0,flooding,flooding,flooding,high_id_cardinality_or_unknown_id_ratio,100,97,1.0,,,101.01
007_matrix_run_05_medium_spoof_medium_flood,328,328.0,329.0,flooding,flooding,flooding,high_id_cardinality_or_unknown_id_ratio,100,99,1.0,,,101.01
007_matrix_run_05_medium_spoof_medium_flood,329,329.0,330.0,flooding,flooding,flooding,high_id_cardinality_or_unknown_id_ratio,100,98,1.0,,,101.01
007_matrix_run_05_medium_spoof_medium_flood,330,330.0,331.0,flooding,flooding,flooding,high_id_cardinality_or_unknown_id_ratio,100,97,1.0,,,101.01
007_matrix_run_05_medium_spoof_medium_flood,331,331.0,332.0,flooding,flooding,flooding,high_id_cardinality_or_unknown_id_ratio,100,98,1.0,,,101.01
007_matrix_run_05_medium_spoof_medium_flood,332,332.0,333.0,flooding,flooding,flooding,high_id_cardinality_or_unknown_id_ratio,100,98,1.0,,,101.01
007_matrix_run_05_medium_spoof_medium_flood,333,333.0,334.0,flooding,flooding,flooding,high_id_cardinality_or_unknown_id_ratio,100,97,1.0,,,101.01
007_matrix_run_05_medium_spoof_medium_flood,334,334.0,335.0,flooding,flooding,flooding,high_id_cardinality_or_unknown_id_ratio,100,97,1.0,,,101.01
007_matrix_run_05_medium_spoof_medium_flood,335,335.0,336.0,flooding,flooding,flooding,high_id_cardinality_or_unknown_id_ratio,100,97,1.0,,,101.01
007_matrix_run_05_medium_spoof_medium_flood,336,336.0,337.0,flooding,flooding,flooding,high_id_cardinality_or_unknown_id_ratio,100,98,0.99,,,101.01
007_matrix_run_05_medium_spoof_medium_flood,337,337.0,338.0,flooding,flooding,flooding,high_id_cardinality_or_unknown_id_ratio,100,97,1.0,,,101.01
007_matrix_run_05_medium_spoof_medium_flood,338,338.0,339.0,flooding,flooding,flooding,high_id_cardinality_or_unknown_id_ratio,100,98,1.0,,,101.01
007_matrix_run_05_medium_spoof_medium_flood,339,339.0,340.0,flooding,flooding,flooding,high_id_cardinality_or_unknown_id_ratio,100,100,1.0,,,101.01
007_matrix_run_05_medium_spoof_medium_flood,340,340.0,341.0,flooding,flooding,flooding,high_id_cardinality_or_unknown_id_ratio,100,97,1.0,,,101.01
007_matrix_run_05_medium_spoof_medium_flood,341,341.0,342.0,flooding,flooding,flooding,high_id_cardinality_or_unknown_id_ratio,100,99,1.0,,,101.01
007_matrix_run_05_medium_spoof_medium_flood,342,342.0,343.0,flooding,flooding,flooding,high_id_cardinality_or_unknown_id_ratio,100,97,0.99,,,101.01
007_matrix_run_05_medium_spoof_medium_flood,343,343.0,344.0,flooding,flooding,flooding,high_id_cardinality_or_unknown_id_ratio,100,99,1.0,,,101.01
007_matrix_run_05_medium_spoof_medium_flood,344,344.0,345.0,flooding,flooding,flooding,high_id_cardinality_or_unknown_id_ratio,100,95,1.0,,,101.01
007_matrix_run_05_medium_spoof_medium_flood,345,345.0,346.0,flooding,flooding,flooding,high_id_cardinality_or_unknown_id_ratio,100,97,0.99,,,101.01
007_matrix_run_05_medium_spoof_medium_flood,346,346.0,347.0,flooding,flooding,flooding,high_id_cardinality_or_unknown_id_ratio,100,99,1.0,,,101.01
007_matrix_run_05_medium_spoof_medium_flood,347,347.0,348.0,flooding,flooding,flooding,high_id_cardinality_or_unknown_id_ratio,100,99,1.0,,,101.01
007_matrix_run_05_medium_spoof_medium_flood,348,348.0,349.0,flooding,flooding,flooding,high_id_cardinality_or_unknown_id_ratio,100,97,1.0,,,101.01
007_matrix_run_05_medium_spoof_medium_flood,349,349.0,350.0,flooding,flooding,flooding,high_id_cardinality_or_unknown_id_ratio,100,98,1.0,,,101.01
007_matrix_run_05_medium_spoof_medium_flood,350,350.0,351.0,flooding,flooding,flooding,high_id_cardinality_or_unknown_id_ratio,100,99,1.0,,,101.01
007_matrix_run_05_medium_spoof_medium_flood,351,351.0,352.0,flooding,flooding,flooding,high_id_cardinality_or_unknown_id_ratio,100,96,1.0,,,101.01
007_matrix_run_05_medium_spoof_medium_flood,352,352.0,353.0,flooding,flooding,flooding,high_id_cardinality_or_unknown_id_ratio,100,96,1.0,,,101.01
007_matrix_run_05_medium_spoof_medium_flood,353,353.0,354.0,flooding,flooding,flooding,high_id_cardinality_or_unknown_id_ratio,100,99,1.0,,,101.01
007_matrix_run_05_medium_spoof_medium_flood,354,354.0,355.0,flooding,flooding,flooding,high_id_cardinality_or_unknown_id_ratio,100,99,1.0,,,101.01
007_matrix_run_05_medium_spoof_medium_flood,355,355.0,356.0,flooding,flooding,flooding,high_id_cardinality_or_unknown_id_ratio,100,98,0.99,,,101.01
007_matrix_run_05_medium_spoof_medium_flood,356,356.0,357.0,flooding,flooding,flooding,high_id_cardinality_or_unknown_id_ratio,100,99,0.99,,,101.01
007_matrix_run_05_medium_spoof_medium_flood,357,357.0,358.0,flooding,flooding,flooding,high_id_cardinality_or_unknown_id_ratio,100,97,1.0,,,101.01
007_matrix_run_05_medium_spoof_medium_flood,358,358.0,359.0,flooding,flooding,flooding,high_id_cardinality_or_unknown_id_ratio,100,96,1.0,,,101.01
007_matrix_run_05_medium_spoof_medium_flood,359,359.0,360.0,flooding,flooding,flooding,high_id_cardinality_or_unknown_id_ratio,100,100,1.0,,,101.01
007_matrix_run_05_medium_spoof_medium_flood,360,360.0,361.0,flooding,flooding,flooding,high_id_cardinality_or_unknown_id_ratio,100,97,1.0,,,101.01
007_matrix_run_05_medium_spoof_medium_flood,361,361.0,362.0,flooding,flooding,flooding,high_id_cardinality_or_unknown_id_ratio,100,97,1.0,,,101.01
007_matrix_run_05_medium_spoof_medium_flood,362,362.0,363.0,flooding,flooding,flooding,high_id_cardinality_or_unknown_id_ratio,100,99,0.99,,,101.01
007_matrix_run_05_medium_spoof_medium_flood,363,363.0,364.0,flooding,flooding,flooding,high_id_cardinality_or_unknown_id_ratio,100,99,1.0,,,101.01
007_matrix_run_05_medium_spoof_medium_flood,364,364.0,365.0,flooding,flooding,flooding,high_id_cardinality_or_unknown_id_ratio,100,99,1.0,,,101.01
007_matrix_run_05_medium_spoof_medium_flood,365,365.0,366.0,flooding,flooding,flooding,high_id_cardinality_or_unknown_id_ratio,100,100,1.0,,,101.01
007_matrix_run_05_medium_spoof_medium_flood,366,366.0,367.0,flooding,flooding,flooding,high_id_cardinality_or_unknown_id_ratio,100,99,1.0,,,101.01
007_matrix_run_05_medium_spoof_medium_flood,367,367.0,368.0,flooding,flooding,flooding,high_id_cardinality_or_unknown_id_ratio,100,96,1.0,,,101.01
007_matrix_run_05_medium_spoof_medium_flood,368,368.0,369.0,flooding,flooding,flooding,high_id_cardinality_or_unknown_id_ratio,100,99,1.0,,,101.01
007_matrix_run_05_medium_spoof_medium_flood,369,369.0,370.0,flooding,flooding,flooding,high_id_cardinality_or_unknown_id_ratio,100,99,1.0,,,101.01
007_matrix_run_05_medium_spoof_medium_flood,370,370.0,371.0,flooding,flooding,flooding,high_id_cardinality_or_unknown_id_ratio,100,98,1.0,,,101.01
007_matrix_run_05_medium_spoof_medium_flood,371,371.0,372.0,flooding,flooding,flooding,high_id_cardinality_or_unknown_id_ratio,100,97,1.0,,,101.01
007_matrix_run_05_medium_spoof_medium_flood,372,372.0,373.0,flooding,flooding,flooding,high_id_cardinality_or_unknown_id_ratio,100,99,1.0,,,101.01
007_matrix_run_05_medium_spoof_medium_flood,373,373.0,374.0,flooding,flooding,flooding,high_id_cardinality_or_unknown_id_ratio,100,98,0.99,,,101.01
007_matrix_run_05_medium_spoof_medium_flood,374,374.0,375.0,flooding,flooding,flooding,high_id_cardinality_or_unknown_id_ratio,100,97,1.0,,,101.01
007_matrix_run_05_medium_spoof_medium_flood,375,375.0,376.0,flooding,flooding,flooding,high_id_cardinality_or_unknown_id_ratio,100,99,0.98,,,101.01
007_matrix_run_05_medium_spoof_medium_flood,376,376.0,377.0,flooding,flooding,flooding,high_id_cardinality_or_unknown_id_ratio,100,94,1.0,,,101.01
007_matrix_run_05_medium_spoof_medium_flood,377,377.0,378.0,flooding,flooding,flooding,high_id_cardinality_or_unknown_id_ratio,100,97,1.0,,,101.01
007_matrix_run_05_medium_spoof_medium_flood,378,378.0,379.0,flooding,flooding,flooding,high_id_cardinality_or_unknown_id_ratio,100,95,1.0,,,101.01
007_matrix_run_05_medium_spoof_medium_flood,379,379.0,380.0,flooding,flooding,flooding,high_id_cardinality_or_unknown_id_ratio,100,97,1.0,,,101.01
007_matrix_run_05_medium_spoof_medium_flood,380,380.0,381.0,flooding,flooding,flooding,high_id_cardinality_or_unknown_id_ratio,100,98,1.0,,,101.01
007_matrix_run_05_medium_spoof_medium_flood,381,381.0,382.0,flooding,flooding,flooding,high_id_cardinality_or_unknown_id_ratio,100,96,1.0,,,101.01
007_matrix_run_05_medium_spoof_medium_flood,382,382.0,383.0,flooding,flooding,flooding,high_id_cardinality_or_unknown_id_ratio,100,96,1.0,,,101.01
007_matrix_run_05_medium_spoof_medium_flood,383,383.0,384.0,flooding,flooding,flooding,high_id_cardinality_or_unknown_id_ratio,100,96,1.0,,,101.01
007_matrix_run_05_medium_spoof_medium_flood,384,384.0,385.0,flooding,flooding,flooding,high_id_cardinality_or_unknown_id_ratio,100,97,0.99,,,101.01
007_matrix_run_05_medium_spoof_medium_flood,385,385.0,386.0,flooding,flooding,flooding,high_id_cardinality_or_unknown_id_ratio,100,98,1.0,,,101.01
007_matrix_run_05_medium_spoof_medium_flood,386,386.0,387.0,flooding,flooding,flooding,high_id_cardinality_or_unknown_id_ratio,100,97,1.0,,,101.01
007_matrix_run_05_medium_spoof_medium_flood,387,387.0,388.0,flooding,flooding,flooding,high_id_cardinality_or_unknown_id_ratio,100,99,1.0,,,101.01
007_matrix_run_05_medium_spoof_medium_flood,388,388.0,389.0,flooding,flooding,flooding,high_id_cardinality_or_unknown_id_ratio,100,95,0.98,,,101.01
007_matrix_run_05_medium_spoof_medium_flood,389,389.0,390.0,flooding,flooding,flooding,high_id_cardinality_or_unknown_id_ratio,100,97,1.0,,,101.01
007_matrix_run_05_medium_spoof_medium_flood,390,390.0,391.0,flooding,flooding,flooding,high_id_cardinality_or_unknown_id_ratio,100,98,1.0,,,101.01
007_matrix_run_05_medium_spoof_medium_flood,391,391.0,392.0,flooding,flooding,flooding,high_id_cardinality_or_unknown_id_ratio,100,99,1.0,,,101.01
007_matrix_run_05_medium_spoof_medium_flood,392,392.0,393.0,flooding,flooding,flooding,high_id_cardinality_or_unknown_id_ratio,100,99,1.0,,,101.01
007_matrix_run_05_medium_spoof_medium_flood,393,393.0,394.0,flooding,flooding,flooding,high_id_cardinality_or_unknown_id_ratio,100,98,1.0,,,101.01
007_matrix_run_05_medium_spoof_medium_flood,394,394.0,395.0,flooding,flooding,flooding,high_id_cardinality_or_unknown_id_ratio,100,100,0.99,,,101.01
007_matrix_run_05_medium_spoof_medium_flood,395,395.0,396.0,flooding,flooding,flooding,high_id_cardinality_or_unknown_id_ratio,100,97,1.0,,,101.01
007_matrix_run_05_medium_spoof_medium_flood,396,396.0,397.0,flooding,flooding,flooding,high_id_cardinality_or_unknown_id_ratio,100,98,1.0,,,101.01
007_matrix_run_05_medium_spoof_medium_flood,397,397.0,398.0,flooding,flooding,flooding,high_id_cardinality_or_unknown_id_ratio,100,100,0.99,,,101.01
007_matrix_run_05_medium_spoof_medium_flood,398,398.0,399.0,flooding,flooding,flooding,high_id_cardinality_or_unknown_id_ratio,100,99,1.0,,,101.01
007_matrix_run_05_medium_spoof_medium_flood,399,399.0,400.0,flooding,flooding,flooding,high_id_cardinality_or_unknown_id_ratio,100,96,0.98,,,101.01
007_matrix_run_05_medium_spoof_medium_flood,400,400.0,401.0,flooding,flooding,flooding,high_id_cardinality_or_unknown_id_ratio,100,96,1.0,,,101.01
007_matrix_run_05_medium_spoof_medium_flood,401,401.0,402.0,flooding,flooding,flooding,high_id_cardinality_or_unknown_id_ratio,100,98,0.99,,,101.01
007_matrix_run_05_medium_spoof_medium_flood,402,402.0,403.0,flooding,flooding,flooding,high_id_cardinality_or_unknown_id_ratio,100,100,1.0,,,101.01
007_matrix_run_05_medium_spoof_medium_flood,403,403.0,404.0,flooding,flooding,flooding,high_id_cardinality_or_unknown_id_ratio,100,98,1.0,,,101.01
007_matrix_run_05_medium_spoof_medium_flood,404,404.0,405.0,flooding,flooding,flooding,high_id_cardinality_or_unknown_id_ratio,100,96,1.0,,,101.01
007_matrix_run_05_medium_spoof_medium_flood,405,405.0,406.0,flooding,flooding,flooding,high_id_cardinality_or_unknown_id_ratio,100,98,1.0,,,101.01
007_matrix_run_05_medium_spoof_medium_flood,406,406.0,407.0,flooding,flooding,flooding,high_id_cardinality_or_unknown_id_ratio,100,98,1.0,,,101.01
007_matrix_run_05_medium_spoof_medium_flood,407,407.0,408.0,flooding,flooding,flooding,high_id_cardinality_or_unknown_id_ratio,100,99,1.0,,,101.01
007_matrix_run_05_medium_spoof_medium_flood,408,408.0,409.0,flooding,flooding,flooding,high_id_cardinality_or_unknown_id_ratio,100,100,1.0,,,101.01
007_matrix_run_05_medium_spoof_medium_flood,409,409.0,410.0,flooding,flooding,flooding,high_id_cardinality_or_unknown_id_ratio,100,97,0.99,,,101.01
007_matrix_run_05_medium_spoof_medium_flood,410,410.0,411.0,flooding,flooding,flooding,high_id_cardinality_or_unknown_id_ratio,100,96,1.0,,,101.01
007_matrix_run_05_medium_spoof_medium_flood,411,411.0,412.0,flooding,flooding,flooding,high_id_cardinality_or_unknown_id_ratio,100,98,1.0,,,101.01
007_matrix_run_05_medium_spoof_medium_flood,412,412.0,413.0,flooding,flooding,flooding,high_id_cardinality_or_unknown_id_ratio,100,97,0.99,,,101.01
007_matrix_run_05_medium_spoof_medium_flood,413,413.0,414.0,flooding,flooding,flooding,high_id_cardinality_or_unknown_id_ratio,100,100,1.0,,,101.01
007_matrix_run_05_medium_spoof_medium_flood,414,414.0,415.0,flooding,flooding,flooding,high_id_cardinality_or_unknown_id_ratio,100,97,1.0,,,101.01
007_matrix_run_05_medium_spoof_medium_flood,415,415.0,416.0,flooding,flooding,flooding,high_id_cardinality_or_unknown_id_ratio,100,95,1.0,,,101.01
007_matrix_run_05_medium_spoof_medium_flood,416,416.0,417.0,flooding,flooding,flooding,high_id_cardinality_or_unknown_id_ratio,100,98,1.0,,,101.01
007_matrix_run_05_medium_spoof_medium_flood,417,417.0,418.0,flooding,flooding,flooding,high_id_cardinality_or_unknown_id_ratio,100,100,1.0,,,101.01
007_matrix_run_05_medium_spoof_medium_flood,418,418.0,419.0,flooding,flooding,flooding,high_id_cardinality_or_unknown_id_ratio,100,93,1.0,,,101.01
007_matrix_run_05_medium_spoof_medium_flood,419,419.0,420.0,flooding,flooding,flooding,high_id_cardinality_or_unknown_id_ratio,100,97,1.0,,,101.01
007_matrix_run_05_medium_spoof_medium_flood,420,420.0,421.0,recovery,normal,normal,no_rule_triggered,63,4,0.0,87.0,87.0,66.316
007_matrix_run_05_medium_spoof_medium_flood,421,421.0,422.0,recovery,normal,normal,no_rule_triggered,62,4,0.0,87.0,86.85,65.263
007_matrix_run_05_medium_spoof_medium_flood,422,422.0,423.0,recovery,normal,normal,no_rule_triggered,63,4,0.0,86.0,85.65,66.316
007_matrix_run_05_medium_spoof_medium_flood,423,423.0,424.0,recovery,normal,normal,no_rule_triggered,62,4,0.0,85.0,84.1,65.263
007_matrix_run_05_medium_spoof_medium_flood,424,424.0,425.0,recovery,normal,normal,no_rule_triggered,63,4,0.0,83.0,82.15,66.316
007_matrix_run_05_medium_spoof_medium_flood,425,425.0,426.0,recovery,normal,normal,no_rule_triggered,62,4,0.0,81.0,80.2,65.263
007_matrix_run_05_medium_spoof_medium_flood,426,426.0,427.0,recovery,normal,normal,no_rule_triggered,63,4,0.0,79.0,78.45,66.316
007_matrix_run_05_medium_spoof_medium_flood,427,427.0,428.0,recovery,normal,normal,no_rule_triggered,62,4,0.0,78.0,77.2,65.263
007_matrix_run_05_medium_spoof_medium_flood,428,428.0,429.0,recovery,normal,normal,no_rule_triggered,63,4,0.0,77.0,77.0,66.316
007_matrix_run_05_medium_spoof_medium_flood,429,429.0,430.0,recovery,normal,normal,no_rule_triggered,62,4,0.0,77.0,77.0,65.263
007_matrix_run_05_medium_spoof_medium_flood,430,430.0,431.0,recovery,normal,normal,no_rule_triggered,63,4,0.0,78.0,77.5,66.316
007_matrix_run_05_medium_spoof_medium_flood,431,431.0,432.0,recovery,normal,normal,no_rule_triggered,62,4,0.0,80.0,78.9,65.263
007_matrix_run_05_medium_spoof_medium_flood,432,432.0,433.0,recovery,normal,normal,no_rule_triggered,63,4,0.0,82.0,80.7,66.316
007_matrix_run_05_medium_spoof_medium_flood,433,433.0,434.0,recovery,normal,normal,no_rule_triggered,62,4,0.0,84.0,82.7,65.263
007_matrix_run_05_medium_spoof_medium_flood,434,434.0,435.0,recovery,normal,normal,no_rule_triggered,63,4,0.0,85.0,84.6,66.316
007_matrix_run_05_medium_spoof_medium_flood,435,435.0,436.0,recovery,normal,normal,no_rule_triggered,62,4,0.0,87.0,86.1,65.263
007_matrix_run_05_medium_spoof_medium_flood,436,436.0,437.0,recovery,normal,normal,no_rule_triggered,63,4,0.0,87.0,87.0,66.316
007_matrix_run_05_medium_spoof_medium_flood,437,437.0,438.0,recovery,normal,normal,no_rule_triggered,62,4,0.0,87.0,87.0,65.263
007_matrix_run_05_medium_spoof_medium_flood,438,438.0,439.0,recovery,normal,normal,no_rule_triggered,63,4,0.0,87.0,85.8,66.316
007_matrix_run_05_medium_spoof_medium_flood,439,439.0,440.0,recovery,normal,normal,no_rule_triggered,62,4,0.0,85.0,83.9,65.263
007_matrix_run_05_medium_spoof_medium_flood,440,440.0,441.0,recovery,normal,normal,no_rule_triggered,63,4,0.0,83.0,81.0,66.316
007_matrix_run_05_medium_spoof_medium_flood,441,441.0,442.0,recovery,normal,normal,no_rule_triggered,62,4,0.0,79.0,77.3,65.263
007_matrix_run_05_medium_spoof_medium_flood,442,442.0,443.0,recovery,normal,normal,no_rule_triggered,63,4,0.0,75.0,73.2,66.316
007_matrix_run_05_medium_spoof_medium_flood,443,443.0,444.0,recovery,normal,normal,no_rule_triggered,62,4,0.0,71.0,68.9,65.263
007_matrix_run_05_medium_spoof_medium_flood,444,444.0,445.0,recovery,normal,normal,no_rule_triggered,63,4,0.0,67.0,64.65,66.316
007_matrix_run_05_medium_spoof_medium_flood,445,445.0,446.0,recovery,normal,normal,no_rule_triggered,62,4,0.0,63.0,60.75,65.263
007_matrix_run_05_medium_spoof_medium_flood,446,446.0,447.0,recovery,normal,normal,no_rule_triggered,63,4,0.0,59.0,57.45,66.316
007_matrix_run_05_medium_spoof_medium_flood,447,447.0,448.0,recovery,normal,normal,no_rule_triggered,62,4,0.0,56.0,54.95,65.263
007_matrix_run_05_medium_spoof_medium_flood,448,448.0,449.0,recovery,normal,normal,no_rule_triggered,63,4,0.0,54.0,53.3,66.316
007_matrix_run_05_medium_spoof_medium_flood,449,449.0,450.0,recovery,normal,normal,no_rule_triggered,62,4,0.0,53.0,52.4,65.263
007_matrix_run_05_medium_spoof_medium_flood,450,450.0,451.0,recovery,normal,normal,no_rule_triggered,63,4,0.0,53.0,52.1,66.316
007_matrix_run_05_medium_spoof_medium_flood,451,451.0,452.0,recovery,normal,normal,no_rule_triggered,62,4,0.0,53.0,53.0,65.263
007_matrix_run_05_medium_spoof_medium_flood,452,452.0,453.0,recovery,normal,normal,no_rule_triggered,63,4,0.0,54.0,53.6,66.316
007_matrix_run_05_medium_spoof_medium_flood,453,453.0,454.0,recovery,normal,normal,no_rule_triggered,62,4,0.0,55.0,54.25,65.263
007_matrix_run_05_medium_spoof_medium_flood,454,454.0,455.0,recovery,normal,normal,no_rule_triggered,63,4,0.0,55.0,55.0,66.316
007_matrix_run_05_medium_spoof_medium_flood,455,455.0,456.0,recovery,normal,normal,no_rule_triggered,62,4,0.0,55.0,55.0,65.263
007_matrix_run_05_medium_spoof_medium_flood,456,456.0,457.0,recovery,normal,normal,no_rule_triggered,63,4,0.0,55.0,54.1,66.316
007_matrix_run_05_medium_spoof_medium_flood,457,457.0,458.0,recovery,normal,normal,no_rule_triggered,62,4,0.0,53.0,52.6,65.263
007_matrix_run_05_medium_spoof_medium_flood,458,458.0,459.0,recovery,normal,normal,no_rule_triggered,63,4,0.0,52.0,50.3,66.316
007_matrix_run_05_medium_spoof_medium_flood,459,459.0,460.0,recovery,normal,normal,no_rule_triggered,62,4,0.0,49.0,47.45,65.263
007_matrix_run_05_medium_spoof_medium_flood,460,460.0,461.0,recovery,normal,normal,no_rule_triggered,63,4,0.0,46.0,43.9,66.316
007_matrix_run_05_medium_spoof_medium_flood,461,461.0,462.0,recovery,normal,normal,no_rule_triggered,62,4,0.0,42.0,40.2,65.263
007_matrix_run_05_medium_spoof_medium_flood,462,462.0,463.0,recovery,normal,normal,no_rule_triggered,63,4,0.0,38.0,36.5,66.316
007_matrix_run_05_medium_spoof_medium_flood,463,463.0,464.0,recovery,normal,normal,no_rule_triggered,62,4,0.0,35.0,33.1,65.263
007_matrix_run_05_medium_spoof_medium_flood,464,464.0,465.0,recovery,normal,normal,no_rule_triggered,63,4,0.0,32.0,30.3,66.316
007_matrix_run_05_medium_spoof_medium_flood,465,465.0,466.0,recovery,normal,normal,no_rule_triggered,62,4,0.0,29.0,28.35,65.263
007_matrix_run_05_medium_spoof_medium_flood,466,466.0,467.0,recovery,normal,normal,no_rule_triggered,63,4,0.0,28.0,27.15,66.316
007_matrix_run_05_medium_spoof_medium_flood,467,467.0,468.0,recovery,normal,normal,no_rule_triggered,62,4,0.0,28.0,27.15,65.263
007_matrix_run_05_medium_spoof_medium_flood,468,468.0,469.0,recovery,normal,normal,no_rule_triggered,63,4,0.0,29.0,28.3,66.316
007_matrix_run_05_medium_spoof_medium_flood,469,469.0,470.0,recovery,normal,normal,no_rule_triggered,62,4,0.0,31.0,30.05,65.263
007_matrix_run_05_medium_spoof_medium_flood,470,470.0,471.0,recovery,normal,normal,no_rule_triggered,63,4,0.0,34.0,32.55,66.316
007_matrix_run_05_medium_spoof_medium_flood,471,471.0,472.0,recovery,normal,normal,no_rule_triggered,62,4,0.0,37.0,35.35,65.263
007_matrix_run_05_medium_spoof_medium_flood,472,472.0,473.0,recovery,normal,normal,no_rule_triggered,63,4,0.0,40.0,38.2,66.316
007_matrix_run_05_medium_spoof_medium_flood,473,473.0,474.0,recovery,normal,normal,no_rule_triggered,62,4,0.0,42.0,41.0,65.263
007_matrix_run_05_medium_spoof_medium_flood,474,474.0,475.0,recovery,normal,normal,no_rule_triggered,63,4,0.0,44.0,43.2,66.316
007_matrix_run_05_medium_spoof_medium_flood,475,475.0,476.0,recovery,normal,normal,no_rule_triggered,62,4,0.0,45.0,44.75,65.263
007_matrix_run_05_medium_spoof_medium_flood,476,476.0,477.0,recovery,normal,normal,no_rule_triggered,63,4,0.0,46.0,45.85,66.316
007_matrix_run_05_medium_spoof_medium_flood,477,477.0,478.0,recovery,normal,normal,no_rule_triggered,62,4,0.0,46.0,46.0,65.263
007_matrix_run_05_medium_spoof_medium_flood,478,478.0,479.0,recovery,normal,normal,no_rule_triggered,63,4,0.0,46.0,45.3,66.316
007_matrix_run_05_medium_spoof_medium_flood,479,479.0,480.0,recovery,normal,normal,no_rule_triggered,62,4,0.0,45.0,44.4,65.263
007_matrix_run_05_medium_spoof_medium_flood,480,480.0,481.0,recovery,normal,normal,no_rule_triggered,63,4,0.0,44.0,43.2,66.316
007_matrix_run_05_medium_spoof_medium_flood,481,481.0,482.0,recovery,normal,normal,no_rule_triggered,62,4,0.0,43.0,42.05,65.263
007_matrix_run_05_medium_spoof_medium_flood,482,482.0,483.0,recovery,normal,normal,no_rule_triggered,63,4,0.0,41.0,41.0,66.316
007_matrix_run_05_medium_spoof_medium_flood,483,483.0,484.0,recovery,normal,normal,no_rule_triggered,62,4,0.0,41.0,41.0,65.263
007_matrix_run_05_medium_spoof_medium_flood,484,484.0,485.0,recovery,normal,normal,no_rule_triggered,63,4,0.0,42.0,41.4,66.316
007_matrix_run_05_medium_spoof_medium_flood,485,485.0,486.0,recovery,normal,normal,no_rule_triggered,62,4,0.0,44.0,42.85,65.263
007_matrix_run_05_medium_spoof_medium_flood,486,486.0,487.0,recovery,normal,normal,no_rule_triggered,63,4,0.0,47.0,45.2,66.316
007_matrix_run_05_medium_spoof_medium_flood,487,487.0,488.0,recovery,normal,normal,no_rule_triggered,62,4,0.0,50.0,48.4,65.263
007_matrix_run_05_medium_spoof_medium_flood,488,488.0,489.0,recovery,normal,normal,no_rule_triggered,63,4,0.0,54.0,52.3,66.316
007_matrix_run_05_medium_spoof_medium_flood,489,489.0,490.0,recovery,normal,normal,no_rule_triggered,62,4,0.0,59.0,56.7,65.263
007_matrix_run_05_medium_spoof_medium_flood,490,490.0,491.0,recovery,normal,normal,no_rule_triggered,63,4,0.0,63.0,61.25,66.316
007_matrix_run_05_medium_spoof_medium_flood,491,491.0,492.0,recovery,normal,normal,no_rule_triggered,62,4,0.0,68.0,65.75,65.263
007_matrix_run_05_medium_spoof_medium_flood,492,492.0,493.0,recovery,normal,normal,no_rule_triggered,63,4,0.0,71.0,69.7,66.316
007_matrix_run_05_medium_spoof_medium_flood,493,493.0,494.0,recovery,normal,normal,no_rule_triggered,62,4,0.0,74.0,73.1,65.263
007_matrix_run_05_medium_spoof_medium_flood,494,494.0,495.0,recovery,normal,normal,no_rule_triggered,63,4,0.0,77.0,75.7,66.316
007_matrix_run_05_medium_spoof_medium_flood,495,495.0,496.0,recovery,normal,normal,no_rule_triggered,62,4,0.0,78.0,77.4,65.263
007_matrix_run_05_medium_spoof_medium_flood,496,496.0,497.0,recovery,normal,normal,no_rule_triggered,63,4,0.0,78.0,78.0,66.316
007_matrix_run_05_medium_spoof_medium_flood,497,497.0,498.0,recovery,normal,normal,no_rule_triggered,62,4,0.0,78.0,78.0,65.263
007_matrix_run_05_medium_spoof_medium_flood,498,498.0,499.0,recovery,normal,normal,no_rule_triggered,63,4,0.0,78.0,77.2,66.316
007_matrix_run_05_medium_spoof_medium_flood,499,499.0,500.0,recovery,normal,normal,no_rule_triggered,62,4,0.0,77.0,76.2,65.263
007_matrix_run_05_medium_spoof_medium_flood,500,500.0,501.0,recovery,normal,normal,no_rule_triggered,63,4,0.0,75.0,74.85,66.316
007_matrix_run_05_medium_spoof_medium_flood,501,501.0,502.0,recovery,normal,normal,no_rule_triggered,62,4,0.0,74.0,73.95,65.263
007_matrix_run_05_medium_spoof_medium_flood,502,502.0,503.0,recovery,normal,normal,no_rule_triggered,63,4,0.0,73.0,73.0,66.316
007_matrix_run_05_medium_spoof_medium_flood,503,503.0,504.0,recovery,normal,normal,no_rule_triggered,62,4,0.0,73.0,73.0,65.263
007_matrix_run_05_medium_spoof_medium_flood,504,504.0,505.0,recovery,normal,normal,no_rule_triggered,63,4,0.0,74.0,73.9,66.316
007_matrix_run_05_medium_spoof_medium_flood,505,505.0,506.0,recovery,normal,normal,no_rule_triggered,62,4,0.0,76.0,75.4,65.263
007_matrix_run_05_medium_spoof_medium_flood,506,506.0,507.0,recovery,normal,normal,no_rule_triggered,63,4,0.0,79.0,77.5,66.316
007_matrix_run_05_medium_spoof_medium_flood,507,507.0,508.0,recovery,normal,normal,no_rule_triggered,62,4,0.0,81.0,80.05,65.263
007_matrix_run_05_medium_spoof_medium_flood,508,508.0,509.0,recovery,normal,normal,no_rule_triggered,63,4,0.0,84.0,82.95,66.316
007_matrix_run_05_medium_spoof_medium_flood,509,509.0,510.0,recovery,normal,normal,no_rule_triggered,62,4,0.0,87.0,85.8,65.263
007_matrix_run_05_medium_spoof_medium_flood,510,510.0,511.0,recovery,normal,normal,no_rule_triggered,63,4,0.0,89.0,88.35,66.316
007_matrix_run_05_medium_spoof_medium_flood,511,511.0,512.0,recovery,normal,normal,no_rule_triggered,62,4,0.0,91.0,90.45,65.263
007_matrix_run_05_medium_spoof_medium_flood,512,512.0,513.0,recovery,normal,normal,no_rule_triggered,63,4,0.0,92.0,91.65,66.316
007_matrix_run_05_medium_spoof_medium_flood,513,513.0,514.0,recovery,normal,normal,no_rule_triggered,62,4,0.0,92.0,92.0,65.263
007_matrix_run_05_medium_spoof_medium_flood,514,514.0,515.0,recovery,normal,normal,no_rule_triggered,63,4,0.0,92.0,90.95,66.316
007_matrix_run_05_medium_spoof_medium_flood,515,515.0,516.0,recovery,normal,normal,no_rule_triggered,62,4,0.0,90.0,89.2,65.263
007_matrix_run_05_medium_spoof_medium_flood,516,516.0,517.0,recovery,normal,normal,no_rule_triggered,63,4,0.0,88.0,86.6,66.316
007_matrix_run_05_medium_spoof_medium_flood,517,517.0,518.0,recovery,normal,normal,no_rule_triggered,62,4,0.0,85.0,83.35,65.263
007_matrix_run_05_medium_spoof_medium_flood,518,518.0,519.0,recovery,normal,normal,no_rule_triggered,63,4,0.0,81.0,79.6,66.316
007_matrix_run_05_medium_spoof_medium_flood,519,519.0,520.0,recovery,normal,normal,no_rule_triggered,62,4,0.0,78.0,75.9,65.263
007_matrix_run_05_medium_spoof_medium_flood,520,520.0,521.0,recovery,normal,normal,no_rule_triggered,63,4,0.0,74.0,72.35,66.316
007_matrix_run_05_medium_spoof_medium_flood,521,521.0,522.0,recovery,normal,normal,no_rule_triggered,62,4,0.0,71.0,69.2,65.263
007_matrix_run_05_medium_spoof_medium_flood,522,522.0,523.0,recovery,normal,normal,no_rule_triggered,63,4,0.0,68.0,66.85,66.316
007_matrix_run_05_medium_spoof_medium_flood,523,523.0,524.0,recovery,normal,normal,no_rule_triggered,62,4,0.0,66.0,65.25,65.263
007_matrix_run_05_medium_spoof_medium_flood,524,524.0,525.0,recovery,normal,normal,no_rule_triggered,63,4,0.0,65.0,64.1,66.316
007_matrix_run_05_medium_spoof_medium_flood,525,525.0,526.0,recovery,normal,normal,no_rule_triggered,62,4,0.0,64.0,64.0,65.263
007_matrix_run_05_medium_spoof_medium_flood,526,526.0,527.0,recovery,normal,normal,no_rule_triggered,63,4,0.0,65.0,64.5,66.316
007_matrix_run_05_medium_spoof_medium_flood,527,527.0,528.0,recovery,normal,normal,no_rule_triggered,62,4,0.0,66.0,65.15,65.263
007_matrix_run_05_medium_spoof_medium_flood,528,528.0,529.0,recovery,normal,normal,no_rule_triggered,63,4,0.0,66.0,66.0,66.316
007_matrix_run_05_medium_spoof_medium_flood,529,529.0,530.0,recovery,normal,normal,no_rule_triggered,62,4,0.0,67.0,66.65,65.263
007_matrix_run_05_medium_spoof_medium_flood,530,530.0,531.0,recovery,normal,normal,no_rule_triggered,63,4,0.0,67.0,66.8,66.316
007_matrix_run_05_medium_spoof_medium_flood,531,531.0,532.0,recovery,normal,normal,no_rule_triggered,62,4,0.0,66.0,65.9,65.263
007_matrix_run_05_medium_spoof_medium_flood,532,532.0,533.0,recovery,normal,normal,no_rule_triggered,63,4,0.0,65.0,64.5,66.316
007_matrix_run_05_medium_spoof_medium_flood,533,533.0,534.0,recovery,normal,normal,no_rule_triggered,62,4,0.0,63.0,62.15,65.263
007_matrix_run_05_medium_spoof_medium_flood,534,534.0,535.0,recovery,normal,normal,no_rule_triggered,63,4,0.0,61.0,59.1,66.316
007_matrix_run_05_medium_spoof_medium_flood,535,535.0,536.0,recovery,normal,normal,no_rule_triggered,62,4,0.0,57.0,55.3,65.263
007_matrix_run_05_medium_spoof_medium_flood,536,536.0,537.0,recovery,normal,normal,no_rule_triggered,63,4,0.0,53.0,51.1,66.316
007_matrix_run_05_medium_spoof_medium_flood,537,537.0,538.0,recovery,normal,normal,no_rule_triggered,62,4,0.0,49.0,46.75,65.263
007_matrix_run_05_medium_spoof_medium_flood,538,538.0,539.0,recovery,normal,normal,no_rule_triggered,63,4,0.0,44.0,42.5,66.316
007_matrix_run_05_medium_spoof_medium_flood,539,539.0,540.0,recovery,normal,normal,no_rule_triggered,62,4,0.0,40.0,38.7,65.263
007_matrix_run_05_medium_spoof_medium_flood,540,540.0,541.0,recovery,normal,normal,no_rule_triggered,63,4,0.0,37.0,35.75,66.316
007_matrix_run_05_medium_spoof_medium_flood,541,541.0,542.0,recovery,normal,normal,no_rule_triggered,62,4,0.0,34.0,33.5,65.263
007_matrix_run_05_medium_spoof_medium_flood,542,542.0,543.0,recovery,normal,normal,no_rule_triggered,63,4,0.0,33.0,32.2,66.316
007_matrix_run_05_medium_spoof_medium_flood,543,543.0,544.0,recovery,normal,normal,no_rule_triggered,62,4,0.0,32.0,32.0,65.263
007_matrix_run_05_medium_spoof_medium_flood,544,544.0,545.0,recovery,normal,normal,no_rule_triggered,63,4,0.0,33.0,32.65,66.316
007_matrix_run_05_medium_spoof_medium_flood,545,545.0,546.0,recovery,normal,normal,no_rule_triggered,62,4,0.0,35.0,34.0,65.263
007_matrix_run_05_medium_spoof_medium_flood,546,546.0,547.0,recovery,normal,normal,no_rule_triggered,63,4,0.0,37.0,35.8,66.316
007_matrix_run_05_medium_spoof_medium_flood,547,547.0,548.0,recovery,normal,normal,no_rule_triggered,62,4,0.0,39.0,37.8,65.263
007_matrix_run_05_medium_spoof_medium_flood,548,548.0,549.0,recovery,normal,normal,no_rule_triggered,63,4,0.0,40.0,39.6,66.316
007_matrix_run_05_medium_spoof_medium_flood,549,549.0,550.0,recovery,normal,normal,no_rule_triggered,62,4,0.0,42.0,41.3,65.263
007_matrix_run_05_medium_spoof_medium_flood,550,550.0,551.0,recovery,normal,normal,no_rule_triggered,63,4,0.0,42.0,42.0,66.316
007_matrix_run_05_medium_spoof_medium_flood,551,551.0,552.0,recovery,normal,normal,no_rule_triggered,62,4,0.0,42.0,42.0,65.263
007_matrix_run_05_medium_spoof_medium_flood,552,552.0,553.0,recovery,normal,normal,no_rule_triggered,63,4,0.0,42.0,42.0,66.316
007_matrix_run_05_medium_spoof_medium_flood,553,553.0,554.0,recovery,normal,normal,no_rule_triggered,62,4,0.0,42.0,40.8,65.263
007_matrix_run_05_medium_spoof_medium_flood,554,554.0,555.0,recovery,normal,normal,no_rule_triggered,63,4,0.0,40.0,39.25,66.316
007_matrix_run_05_medium_spoof_medium_flood,555,555.0,556.0,recovery,normal,normal,no_rule_triggered,62,4,0.0,38.0,37.3,65.263
007_matrix_run_05_medium_spoof_medium_flood,556,556.0,557.0,recovery,normal,normal,no_rule_triggered,63,4,0.0,36.0,35.35,66.316
007_matrix_run_05_medium_spoof_medium_flood,557,557.0,558.0,recovery,normal,normal,no_rule_triggered,62,4,0.0,34.0,33.55,65.263
007_matrix_run_05_medium_spoof_medium_flood,558,558.0,559.0,recovery,normal,normal,no_rule_triggered,63,4,0.0,33.0,32.4,66.316
007_matrix_run_05_medium_spoof_medium_flood,559,559.0,560.0,recovery,normal,normal,no_rule_triggered,62,4,0.0,32.0,32.0,65.263
007_matrix_run_05_medium_spoof_medium_flood,560,560.0,561.0,recovery,normal,normal,no_rule_triggered,63,4,0.0,33.0,32.45,66.316
007_matrix_run_05_medium_spoof_medium_flood,561,561.0,562.0,recovery,normal,normal,no_rule_triggered,62,4,0.0,35.0,34.0,65.263
007_matrix_run_05_medium_spoof_medium_flood,562,562.0,563.0,recovery,normal,normal,no_rule_triggered,63,4,0.0,38.0,36.4,66.316
007_matrix_run_05_medium_spoof_medium_flood,563,563.0,564.0,recovery,normal,normal,no_rule_triggered,62,4,0.0,41.0,39.6,65.263
007_matrix_run_05_medium_spoof_medium_flood,564,564.0,565.0,recovery,normal,normal,no_rule_triggered,63,4,0.0,46.0,43.55,66.316
007_matrix_run_05_medium_spoof_medium_flood,565,565.0,566.0,recovery,normal,normal,no_rule_triggered,62,4,0.0,50.0,47.85,65.263
007_matrix_run_05_medium_spoof_medium_flood,566,566.0,567.0,recovery,normal,normal,no_rule_triggered,63,4,0.0,54.0,52.2,66.316
007_matrix_run_05_medium_spoof_medium_flood,567,567.0,568.0,recovery,normal,normal,no_rule_triggered,62,4,0.0,58.0,56.3,65.263
007_matrix_run_05_medium_spoof_medium_flood,568,568.0,569.0,recovery,normal,normal,no_rule_triggered,63,4,0.0,61.0,59.9,66.316
007_matrix_run_05_medium_spoof_medium_flood,569,569.0,570.0,recovery,normal,normal,no_rule_triggered,62,4,0.0,64.0,62.9,65.263
007_matrix_run_05_medium_spoof_medium_flood,570,570.0,571.0,recovery,normal,normal,no_rule_triggered,63,4,0.0,66.0,64.9,66.316
007_matrix_run_05_medium_spoof_medium_flood,571,571.0,572.0,recovery,normal,normal,no_rule_triggered,62,4,0.0,67.0,66.05,65.263
007_matrix_run_05_medium_spoof_medium_flood,572,572.0,573.0,recovery,normal,normal,no_rule_triggered,63,4,0.0,67.0,67.0,66.316
007_matrix_run_05_medium_spoof_medium_flood,573,573.0,574.0,recovery,normal,normal,no_rule_triggered,62,4,0.0,67.0,66.4,65.263
007_matrix_run_05_medium_spoof_medium_flood,574,574.0,575.0,recovery,normal,normal,no_rule_triggered,63,4,0.0,66.0,65.9,66.316
007_matrix_run_05_medium_spoof_medium_flood,575,575.0,576.0,recovery,normal,normal,no_rule_triggered,62,4,0.0,65.0,65.0,65.263
007_matrix_run_05_medium_spoof_medium_flood,576,576.0,577.0,recovery,normal,normal,no_rule_triggered,63,4,0.0,65.0,64.25,66.316
007_matrix_run_05_medium_spoof_medium_flood,577,577.0,578.0,recovery,normal,normal,no_rule_triggered,62,4,0.0,64.0,64.0,65.263
007_matrix_run_05_medium_spoof_medium_flood,578,578.0,579.0,recovery,normal,normal,no_rule_triggered,63,4,0.0,65.0,64.4,66.316
007_matrix_run_05_medium_spoof_medium_flood,579,579.0,580.0,recovery,normal,normal,no_rule_triggered,62,4,0.0,66.0,65.5,65.263
007_matrix_run_05_medium_spoof_medium_flood,580,580.0,581.0,recovery,normal,normal,no_rule_triggered,63,4,0.0,68.0,67.35,66.316
007_matrix_run_05_medium_spoof_medium_flood,581,581.0,582.0,recovery,normal,normal,no_rule_triggered,62,4,0.0,71.0,69.95,65.263
007_matrix_run_05_medium_spoof_medium_flood,582,582.0,583.0,recovery,normal,normal,no_rule_triggered,63,4,0.0,75.0,73.25,66.316
007_matrix_run_05_medium_spoof_medium_flood,583,583.0,584.0,recovery,normal,normal,no_rule_triggered,62,4,0.0,79.0,76.8,65.263
007_matrix_run_05_medium_spoof_medium_flood,584,584.0,585.0,recovery,normal,normal,no_rule_triggered,63,4,0.0,82.0,80.6,66.316
007_matrix_run_05_medium_spoof_medium_flood,585,585.0,586.0,recovery,normal,normal,no_rule_triggered,62,4,0.0,86.0,84.2,65.263
007_matrix_run_05_medium_spoof_medium_flood,586,586.0,587.0,recovery,normal,normal,no_rule_triggered,63,4,0.0,89.0,87.3,66.316
007_matrix_run_05_medium_spoof_medium_flood,587,587.0,588.0,recovery,normal,normal,no_rule_triggered,62,4,0.0,91.0,89.75,65.263
007_matrix_run_05_medium_spoof_medium_flood,588,588.0,589.0,recovery,normal,normal,no_rule_triggered,63,4,0.0,92.0,91.35,66.316
007_matrix_run_05_medium_spoof_medium_flood,589,589.0,590.0,recovery,normal,normal,no_rule_triggered,62,4,0.0,92.0,92.0,65.263
007_matrix_run_05_medium_spoof_medium_flood,590,590.0,591.0,recovery,normal,normal,no_rule_triggered,63,4,0.0,92.0,91.4,66.316
007_matrix_run_05_medium_spoof_medium_flood,591,591.0,592.0,recovery,normal,normal,no_rule_triggered,62,4,0.0,91.0,89.95,65.263
007_matrix_run_05_medium_spoof_medium_flood,592,592.0,593.0,recovery,normal,normal,no_rule_triggered,63,4,0.0,89.0,87.85,66.316
007_matrix_run_05_medium_spoof_medium_flood,593,593.0,594.0,recovery,normal,normal,no_rule_triggered,62,4,0.0,86.0,85.05,65.263
007_matrix_run_05_medium_spoof_medium_flood,594,594.0,595.0,recovery,normal,normal,no_rule_triggered,63,4,0.0,84.0,82.2,66.316
007_matrix_run_05_medium_spoof_medium_flood,595,595.0,596.0,recovery,normal,normal,no_rule_triggered,62,4,0.0,81.0,79.4,65.263
007_matrix_run_05_medium_spoof_medium_flood,596,596.0,597.0,recovery,normal,normal,no_rule_triggered,63,4,0.0,78.0,76.9,66.316
007_matrix_run_05_medium_spoof_medium_flood,597,597.0,598.0,recovery,normal,normal,no_rule_triggered,62,4,0.0,76.0,74.9,65.263
007_matrix_run_05_medium_spoof_medium_flood,598,598.0,599.0,recovery,normal,normal,no_rule_triggered,63,4,0.0,74.0,73.65,66.316
007_matrix_run_05_medium_spoof_medium_flood,599,599.0,600.0,recovery,normal,normal,no_rule_triggered,62,4,0.0,73.0,73.0,65.263
007_matrix_run_06_medium_spoof_high_flood,0,0.0,1.0,baseline,normal,normal,no_rule_triggered,63,4,0.0,64.0,61.7,66.316
007_matrix_run_06_medium_spoof_high_flood,1,1.0,2.0,baseline,normal,normal,no_rule_triggered,62,4,0.0,68.0,66.05,65.263
007_matrix_run_06_medium_spoof_high_flood,2,2.0,3.0,baseline,normal,normal,no_rule_triggered,63,4,0.0,72.0,70.05,66.316
007_matrix_run_06_medium_spoof_high_flood,3,3.0,4.0,baseline,normal,normal,no_rule_triggered,62,4,0.0,75.0,73.4,65.263
007_matrix_run_06_medium_spoof_high_flood,4,4.0,5.0,baseline,normal,normal,no_rule_triggered,63,4,0.0,77.0,75.9,66.316
007_matrix_run_06_medium_spoof_high_flood,5,5.0,6.0,baseline,normal,normal,no_rule_triggered,62,4,0.0,78.0,77.45,65.263
007_matrix_run_06_medium_spoof_high_flood,6,6.0,7.0,baseline,normal,normal,no_rule_triggered,63,4,0.0,78.0,78.0,66.316
007_matrix_run_06_medium_spoof_high_flood,7,7.0,8.0,baseline,normal,normal,no_rule_triggered,62,4,0.0,78.0,78.0,65.263
007_matrix_run_06_medium_spoof_high_flood,8,8.0,9.0,baseline,normal,normal,no_rule_triggered,63,4,0.0,78.0,77.15,66.316
007_matrix_run_06_medium_spoof_high_flood,9,9.0,10.0,baseline,normal,normal,no_rule_triggered,62,4,0.0,77.0,76.0,65.263
007_matrix_run_06_medium_spoof_high_flood,10,10.0,11.0,baseline,normal,normal,no_rule_triggered,63,4,0.0,75.0,74.75,66.316
007_matrix_run_06_medium_spoof_high_flood,11,11.0,12.0,baseline,normal,normal,no_rule_triggered,62,4,0.0,74.0,73.85,65.263
007_matrix_run_06_medium_spoof_high_flood,12,12.0,13.0,baseline,normal,normal,no_rule_triggered,63,4,0.0,73.0,73.0,66.316
007_matrix_run_06_medium_spoof_high_flood,13,13.0,14.0,baseline,normal,normal,no_rule_triggered,62,4,0.0,73.0,73.0,65.263
007_matrix_run_06_medium_spoof_high_flood,14,14.0,15.0,baseline,normal,normal,no_rule_triggered,63,4,0.0,75.0,74.1,66.316
007_matrix_run_06_medium_spoof_high_flood,15,15.0,16.0,baseline,normal,normal,no_rule_triggered,62,4,0.0,76.0,75.5,65.263
007_matrix_run_06_medium_spoof_high_flood,16,16.0,17.0,baseline,normal,normal,no_rule_triggered,63,4,0.0,79.0,77.7,66.316
007_matrix_run_06_medium_spoof_high_flood,17,17.0,18.0,baseline,normal,normal,no_rule_triggered,62,4,0.0,82.0,80.35,65.263
007_matrix_run_06_medium_spoof_high_flood,18,18.0,19.0,baseline,normal,normal,no_rule_triggered,63,4,0.0,85.0,83.2,66.316
007_matrix_run_06_medium_spoof_high_flood,19,19.0,20.0,baseline,normal,normal,no_rule_triggered,62,4,0.0,87.0,86.05,65.263
007_matrix_run_06_medium_spoof_high_flood,20,20.0,21.0,baseline,normal,normal,no_rule_triggered,63,4,0.0,90.0,88.6,66.316
007_matrix_run_06_medium_spoof_high_flood,21,21.0,22.0,baseline,normal,normal,no_rule_triggered,62,4,0.0,91.0,90.55,65.263
007_matrix_run_06_medium_spoof_high_flood,22,22.0,23.0,baseline,normal,normal,no_rule_triggered,63,4,0.0,92.0,91.7,66.316
007_matrix_run_06_medium_spoof_high_flood,23,23.0,24.0,baseline,normal,normal,no_rule_triggered,62,4,0.0,92.0,92.0,65.263
007_matrix_run_06_medium_spoof_high_flood,24,24.0,25.0,baseline,normal,normal,no_rule_triggered,63,4,0.0,91.0,90.8,66.316
007_matrix_run_06_medium_spoof_high_flood,25,25.0,26.0,baseline,normal,normal,no_rule_triggered,62,4,0.0,90.0,89.05,65.263
007_matrix_run_06_medium_spoof_high_flood,26,26.0,27.0,baseline,normal,normal,no_rule_triggered,63,4,0.0,88.0,86.3,66.316
007_matrix_run_06_medium_spoof_high_flood,27,27.0,28.0,baseline,normal,normal,no_rule_triggered,62,4,0.0,85.0,82.95,65.263
007_matrix_run_06_medium_spoof_high_flood,28,28.0,29.0,baseline,normal,normal,no_rule_triggered,63,4,0.0,81.0,79.35,66.316
007_matrix_run_06_medium_spoof_high_flood,29,29.0,30.0,baseline,normal,normal,no_rule_triggered,62,4,0.0,77.0,75.55,65.263
007_matrix_run_06_medium_spoof_high_flood,30,30.0,31.0,baseline,normal,normal,no_rule_triggered,63,4,0.0,74.0,72.05,66.316
007_matrix_run_06_medium_spoof_high_flood,31,31.0,32.0,baseline,normal,normal,no_rule_triggered,62,4,0.0,70.0,69.0,65.263
007_matrix_run_06_medium_spoof_high_flood,32,32.0,33.0,baseline,normal,normal,no_rule_triggered,63,4,0.0,68.0,66.65,66.316
007_matrix_run_06_medium_spoof_high_flood,33,33.0,34.0,baseline,normal,normal,no_rule_triggered,62,4,0.0,66.0,65.15,65.263
007_matrix_run_06_medium_spoof_high_flood,34,34.0,35.0,baseline,normal,normal,no_rule_triggered,63,4,0.0,65.0,64.05,66.316
007_matrix_run_06_medium_spoof_high_flood,35,35.0,36.0,baseline,normal,normal,no_rule_triggered,62,4,0.0,64.0,64.0,65.263
007_matrix_run_06_medium_spoof_high_flood,36,36.0,37.0,baseline,normal,normal,no_rule_triggered,63,4,0.0,65.0,64.6,66.316
007_matrix_run_06_medium_spoof_high_flood,37,37.0,38.0,baseline,normal,normal,no_rule_triggered,62,4,0.0,66.0,65.25,65.263
007_matrix_run_06_medium_spoof_high_flood,38,38.0,39.0,baseline,normal,normal,no_rule_triggered,63,4,0.0,66.0,66.0,66.316
007_matrix_run_06_medium_spoof_high_flood,39,39.0,40.0,baseline,normal,normal,no_rule_triggered,62,4,0.0,67.0,66.75,65.263
007_matrix_run_06_medium_spoof_high_flood,40,40.0,41.0,baseline,normal,normal,no_rule_triggered,63,4,0.0,67.0,66.75,66.316
007_matrix_run_06_medium_spoof_high_flood,41,41.0,42.0,baseline,normal,normal,no_rule_triggered,62,4,0.0,66.0,65.8,65.263
007_matrix_run_06_medium_spoof_high_flood,42,42.0,43.0,baseline,normal,normal,no_rule_triggered,63,4,0.0,65.0,64.35,66.316
007_matrix_run_06_medium_spoof_high_flood,43,43.0,44.0,baseline,normal,normal,no_rule_triggered,62,4,0.0,63.0,61.95,65.263
007_matrix_run_06_medium_spoof_high_flood,44,44.0,45.0,baseline,normal,normal,no_rule_triggered,63,4,0.0,60.0,58.75,66.316
007_matrix_run_06_medium_spoof_high_flood,45,45.0,46.0,baseline,normal,normal,no_rule_triggered,62,4,0.0,57.0,54.9,65.263
007_matrix_run_06_medium_spoof_high_flood,46,46.0,47.0,baseline,normal,normal,no_rule_triggered,63,4,0.0,53.0,50.75,66.316
007_matrix_run_06_medium_spoof_high_flood,47,47.0,48.0,baseline,normal,normal,no_rule_triggered,62,4,0.0,48.0,46.35,65.263
007_matrix_run_06_medium_spoof_high_flood,48,48.0,49.0,baseline,normal,normal,no_rule_triggered,63,4,0.0,44.0,42.15,66.316
007_matrix_run_06_medium_spoof_high_flood,49,49.0,50.0,baseline,normal,normal,no_rule_triggered,62,4,0.0,40.0,38.5,65.263
007_matrix_run_06_medium_spoof_high_flood,50,50.0,51.0,baseline,normal,normal,no_rule_triggered,63,4,0.0,37.0,35.45,66.316
007_matrix_run_06_medium_spoof_high_flood,51,51.0,52.0,baseline,normal,normal,no_rule_triggered,62,4,0.0,34.0,33.4,65.263
007_matrix_run_06_medium_spoof_high_flood,52,52.0,53.0,baseline,normal,normal,no_rule_triggered,63,4,0.0,33.0,32.1,66.316
007_matrix_run_06_medium_spoof_high_flood,53,53.0,54.0,baseline,normal,normal,no_rule_triggered,62,4,0.0,32.0,32.0,65.263
007_matrix_run_06_medium_spoof_high_flood,54,54.0,55.0,baseline,normal,normal,no_rule_triggered,63,4,0.0,33.0,32.75,66.316
007_matrix_run_06_medium_spoof_high_flood,55,55.0,56.0,baseline,normal,normal,no_rule_triggered,62,4,0.0,35.0,34.2,65.263
007_matrix_run_06_medium_spoof_high_flood,56,56.0,57.0,baseline,normal,normal,no_rule_triggered,63,4,0.0,37.0,36.0,66.316
007_matrix_run_06_medium_spoof_high_flood,57,57.0,58.0,baseline,normal,normal,no_rule_triggered,62,4,0.0,39.0,38.0,65.263
007_matrix_run_06_medium_spoof_high_flood,58,58.0,59.0,baseline,normal,normal,no_rule_triggered,63,4,0.0,41.0,39.8,66.316
007_matrix_run_06_medium_spoof_high_flood,59,59.0,60.0,baseline,normal,normal,no_rule_triggered,62,4,0.0,42.0,41.4,65.263
007_matrix_run_06_medium_spoof_high_flood,60,60.0,61.0,baseline,normal,normal,no_rule_triggered,63,4,0.0,42.0,42.0,66.316
007_matrix_run_06_medium_spoof_high_flood,61,61.0,62.0,baseline,normal,normal,no_rule_triggered,62,4,0.0,42.0,42.0,65.263
007_matrix_run_06_medium_spoof_high_flood,62,62.0,63.0,baseline,normal,normal,no_rule_triggered,63,4,0.0,42.0,41.95,66.316
007_matrix_run_06_medium_spoof_high_flood,63,63.0,64.0,baseline,normal,normal,no_rule_triggered,62,4,0.0,41.0,40.7,65.263
007_matrix_run_06_medium_spoof_high_flood,64,64.0,65.0,baseline,normal,normal,no_rule_triggered,63,4,0.0,40.0,39.1,66.316
007_matrix_run_06_medium_spoof_high_flood,65,65.0,66.0,baseline,normal,normal,no_rule_triggered,62,4,0.0,38.0,37.1,65.263
007_matrix_run_06_medium_spoof_high_flood,66,66.0,67.0,baseline,normal,normal,no_rule_triggered,63,4,0.0,36.0,35.15,66.316
007_matrix_run_06_medium_spoof_high_flood,67,67.0,68.0,baseline,normal,normal,no_rule_triggered,62,4,0.0,34.0,33.45,65.263
007_matrix_run_06_medium_spoof_high_flood,68,68.0,69.0,baseline,normal,normal,no_rule_triggered,63,4,0.0,33.0,32.3,66.316
007_matrix_run_06_medium_spoof_high_flood,69,69.0,70.0,baseline,normal,normal,no_rule_triggered,62,4,0.0,32.0,32.0,65.263
007_matrix_run_06_medium_spoof_high_flood,70,70.0,71.0,baseline,normal,normal,no_rule_triggered,63,4,0.0,33.0,32.55,66.316
007_matrix_run_06_medium_spoof_high_flood,71,71.0,72.0,baseline,normal,normal,no_rule_triggered,62,4,0.0,35.0,34.1,65.263
007_matrix_run_06_medium_spoof_high_flood,72,72.0,73.0,baseline,normal,normal,no_rule_triggered,63,4,0.0,38.0,36.65,66.316
007_matrix_run_06_medium_spoof_high_flood,73,73.0,74.0,baseline,normal,normal,no_rule_triggered,62,4,0.0,42.0,40.0,65.263
007_matrix_run_06_medium_spoof_high_flood,74,74.0,75.0,baseline,normal,normal,no_rule_triggered,63,4,0.0,46.0,43.95,66.316
007_matrix_run_06_medium_spoof_high_flood,75,75.0,76.0,baseline,normal,normal,no_rule_triggered,62,4,0.0,50.0,48.2,65.263
007_matrix_run_06_medium_spoof_high_flood,76,76.0,77.0,baseline,normal,normal,no_rule_triggered,63,4,0.0,55.0,52.6,66.316
007_matrix_run_06_medium_spoof_high_flood,77,77.0,78.0,baseline,normal,normal,no_rule_triggered,62,4,0.0,58.0,56.65,65.263
007_matrix_run_06_medium_spoof_high_flood,78,78.0,79.0,baseline,normal,normal,no_rule_triggered,63,4,0.0,62.0,60.2,66.316
007_matrix_run_06_medium_spoof_high_flood,79,79.0,80.0,baseline,normal,normal,no_rule_triggered,62,4,0.0,64.0,63.1,65.263
007_matrix_run_06_medium_spoof_high_flood,80,80.0,81.0,baseline,normal,normal,no_rule_triggered,63,4,0.0,66.0,65.1,66.316
007_matrix_run_06_medium_spoof_high_flood,81,81.0,82.0,baseline,normal,normal,no_rule_triggered,62,4,0.0,67.0,66.15,65.263
007_matrix_run_06_medium_spoof_high_flood,82,82.0,83.0,baseline,normal,normal,no_rule_triggered,63,4,0.0,67.0,67.0,66.316
007_matrix_run_06_medium_spoof_high_flood,83,83.0,84.0,baseline,normal,normal,no_rule_triggered,62,4,0.0,67.0,66.3,65.263
007_matrix_run_06_medium_spoof_high_flood,84,84.0,85.0,baseline,normal,normal,no_rule_triggered,63,4,0.0,66.0,65.85,66.316
007_matrix_run_06_medium_spoof_high_flood,85,85.0,86.0,baseline,normal,normal,no_rule_triggered,62,4,0.0,65.0,65.0,65.263
007_matrix_run_06_medium_spoof_high_flood,86,86.0,87.0,baseline,normal,normal,no_rule_triggered,63,4,0.0,65.0,64.2,66.316
007_matrix_run_06_medium_spoof_high_flood,87,87.0,88.0,baseline,normal,normal,no_rule_triggered,62,4,0.0,64.0,64.0,65.263
007_matrix_run_06_medium_spoof_high_flood,88,88.0,89.0,baseline,normal,normal,no_rule_triggered,63,4,0.0,65.0,64.45,66.316
007_matrix_run_06_medium_spoof_high_flood,89,89.0,90.0,baseline,normal,normal,no_rule_triggered,62,4,0.0,66.0,65.55,65.263
007_matrix_run_06_medium_spoof_high_flood,90,90.0,91.0,baseline,normal,normal,no_rule_triggered,63,4,0.0,69.0,67.6,66.316
007_matrix_run_06_medium_spoof_high_flood,91,91.0,92.0,baseline,normal,normal,no_rule_triggered,62,4,0.0,72.0,70.25,65.263
007_matrix_run_06_medium_spoof_high_flood,92,92.0,93.0,baseline,normal,normal,no_rule_triggered,63,4,0.0,75.0,73.5,66.316
007_matrix_run_06_medium_spoof_high_flood,93,93.0,94.0,baseline,normal,normal,no_rule_triggered,62,4,0.0,79.0,77.15,65.263
007_matrix_run_06_medium_spoof_high_flood,94,94.0,95.0,baseline,normal,normal,no_rule_triggered,63,4,0.0,83.0,80.9,66.316
007_matrix_run_06_medium_spoof_high_flood,95,95.0,96.0,baseline,normal,normal,no_rule_triggered,62,4,0.0,86.0,84.5,65.263
007_matrix_run_06_medium_spoof_high_flood,96,96.0,97.0,baseline,normal,normal,no_rule_triggered,63,4,0.0,89.0,87.6,66.316
007_matrix_run_06_medium_spoof_high_flood,97,97.0,98.0,baseline,normal,normal,no_rule_triggered,62,4,0.0,91.0,89.95,65.263
007_matrix_run_06_medium_spoof_high_flood,98,98.0,99.0,baseline,normal,normal,no_rule_triggered,63,4,0.0,92.0,91.4,66.316
007_matrix_run_06_medium_spoof_high_flood,99,99.0,100.0,baseline,normal,normal,no_rule_triggered,62,4,0.0,92.0,92.0,65.263
007_matrix_run_06_medium_spoof_high_flood,100,100.0,101.0,baseline,normal,normal,no_rule_triggered,63,4,0.0,92.0,91.3,66.316
007_matrix_run_06_medium_spoof_high_flood,101,101.0,102.0,baseline,normal,normal,no_rule_triggered,62,4,0.0,91.0,89.75,65.263
007_matrix_run_06_medium_spoof_high_flood,102,102.0,103.0,baseline,normal,normal,no_rule_triggered,63,4,0.0,89.0,87.6,66.316
007_matrix_run_06_medium_spoof_high_flood,103,103.0,104.0,baseline,normal,normal,no_rule_triggered,62,4,0.0,86.0,84.95,65.263
007_matrix_run_06_medium_spoof_high_flood,104,104.0,105.0,baseline,normal,normal,no_rule_triggered,63,4,0.0,83.0,81.95,66.316
007_matrix_run_06_medium_spoof_high_flood,105,105.0,106.0,baseline,normal,normal,no_rule_triggered,62,4,0.0,80.0,79.1,65.263
007_matrix_run_06_medium_spoof_high_flood,106,106.0,107.0,baseline,normal,normal,no_rule_triggered,63,4,0.0,78.0,76.75,66.316
007_matrix_run_06_medium_spoof_high_flood,107,107.0,108.0,baseline,normal,normal,no_rule_triggered,62,4,0.0,76.0,74.7,65.263
007_matrix_run_06_medium_spoof_high_flood,108,108.0,109.0,baseline,normal,normal,no_rule_triggered,63,4,0.0,74.0,73.55,66.316
007_matrix_run_06_medium_spoof_high_flood,109,109.0,110.0,baseline,normal,normal,no_rule_triggered,62,4,0.0,73.0,73.0,65.263
007_matrix_run_06_medium_spoof_high_flood,110,110.0,111.0,baseline,normal,normal,no_rule_triggered,63,4,0.0,74.0,73.25,66.316
007_matrix_run_06_medium_spoof_high_flood,111,111.0,112.0,baseline,normal,normal,no_rule_triggered,62,4,0.0,75.0,74.2,65.263
007_matrix_run_06_medium_spoof_high_flood,112,112.0,113.0,baseline,normal,normal,no_rule_triggered,63,4,0.0,76.0,75.35,66.316
007_matrix_run_06_medium_spoof_high_flood,113,113.0,114.0,baseline,normal,normal,no_rule_triggered,62,4,0.0,77.0,76.55,65.263
007_matrix_run_06_medium_spoof_high_flood,114,114.0,115.0,baseline,normal,normal,no_rule_triggered,63,4,0.0,78.0,77.55,66.316
007_matrix_run_06_medium_spoof_high_flood,115,115.0,116.0,baseline,normal,normal,no_rule_triggered,62,4,0.0,78.0,78.0,65.263
007_matrix_run_06_medium_spoof_high_flood,116,116.0,117.0,baseline,normal,normal,no_rule_triggered,63,4,0.0,78.0,78.0,66.316
007_matrix_run_06_medium_spoof_high_flood,117,117.0,118.0,baseline,normal,normal,no_rule_triggered,62,4,0.0,78.0,76.8,65.263
007_matrix_run_06_medium_spoof_high_flood,118,118.0,119.0,baseline,normal,normal,no_rule_triggered,63,4,0.0,76.0,74.95,66.316
007_matrix_run_06_medium_spoof_high_flood,119,119.0,120.0,baseline,normal,normal,no_rule_triggered,62,4,0.0,74.0,72.1,65.263
007_matrix_run_06_medium_spoof_high_flood,120,120.0,121.0,baseline,normal,normal,no_rule_triggered,63,4,0.0,70.0,68.5,66.316
007_matrix_run_06_medium_spoof_high_flood,121,121.0,122.0,baseline,normal,normal,no_rule_triggered,62,4,0.0,66.0,64.2,65.263
007_matrix_run_06_medium_spoof_high_flood,122,122.0,123.0,baseline,normal,normal,no_rule_triggered,63,4,0.0,62.0,59.75,66.316
007_matrix_run_06_medium_spoof_high_flood,123,123.0,124.0,baseline,normal,normal,no_rule_triggered,62,4,0.0,57.0,55.2,65.263
007_matrix_run_06_medium_spoof_high_flood,124,124.0,125.0,baseline,normal,normal,no_rule_triggered,63,4,0.0,53.0,50.9,66.316
007_matrix_run_06_medium_spoof_high_flood,125,125.0,126.0,baseline,normal,normal,no_rule_triggered,62,4,0.0,49.0,47.25,65.263
007_matrix_run_06_medium_spoof_high_flood,126,126.0,127.0,baseline,normal,normal,no_rule_triggered,63,4,0.0,46.0,44.3,66.316
007_matrix_run_06_medium_spoof_high_flood,127,127.0,128.0,baseline,normal,normal,no_rule_triggered,62,4,0.0,43.0,42.35,65.263
007_matrix_run_06_medium_spoof_high_flood,128,128.0,129.0,baseline,normal,normal,no_rule_triggered,63,4,0.0,42.0,41.05,66.316
007_matrix_run_06_medium_spoof_high_flood,129,129.0,130.0,baseline,normal,normal,no_rule_triggered,62,4,0.0,41.0,41.0,65.263
007_matrix_run_06_medium_spoof_high_flood,130,130.0,131.0,baseline,normal,normal,no_rule_triggered,63,4,0.0,42.0,41.35,66.316
007_matrix_run_06_medium_spoof_high_flood,131,131.0,132.0,baseline,normal,normal,no_rule_triggered,62,4,0.0,43.0,42.4,65.263
007_matrix_run_06_medium_spoof_high_flood,132,132.0,133.0,baseline,normal,normal,no_rule_triggered,63,4,0.0,44.0,43.55,66.316
007_matrix_run_06_medium_spoof_high_flood,133,133.0,134.0,baseline,normal,normal,no_rule_triggered,62,4,0.0,45.0,44.7,65.263
007_matrix_run_06_medium_spoof_high_flood,134,134.0,135.0,baseline,normal,normal,no_rule_triggered,63,4,0.0,46.0,45.65,66.316
007_matrix_run_06_medium_spoof_high_flood,135,135.0,136.0,baseline,normal,normal,no_rule_triggered,62,4,0.0,46.0,46.0,65.263
007_matrix_run_06_medium_spoof_high_flood,136,136.0,137.0,baseline,normal,normal,no_rule_triggered,63,4,0.0,46.0,45.5,66.316
007_matrix_run_06_medium_spoof_high_flood,137,137.0,138.0,baseline,normal,normal,no_rule_triggered,62,4,0.0,45.0,44.4,65.263
007_matrix_run_06_medium_spoof_high_flood,138,138.0,139.0,baseline,normal,normal,no_rule_triggered,63,4,0.0,43.0,42.45,66.316
007_matrix_run_06_medium_spoof_high_flood,139,139.0,140.0,baseline,normal,normal,no_rule_triggered,62,4,0.0,41.0,40.1,65.263
007_matrix_run_06_medium_spoof_high_flood,140,140.0,141.0,baseline,normal,normal,no_rule_triggered,63,4,0.0,39.0,37.35,66.316
007_matrix_run_06_medium_spoof_high_flood,141,141.0,142.0,baseline,normal,normal,no_rule_triggered,62,4,0.0,36.0,34.35,65.263
007_matrix_run_06_medium_spoof_high_flood,142,142.0,143.0,baseline,normal,normal,no_rule_triggered,63,4,0.0,33.0,31.65,66.316
007_matrix_run_06_medium_spoof_high_flood,143,143.0,144.0,baseline,normal,normal,no_rule_triggered,62,4,0.0,30.0,29.45,65.263
007_matrix_run_06_medium_spoof_high_flood,144,144.0,145.0,baseline,normal,normal,no_rule_triggered,63,4,0.0,28.0,27.8,66.316
007_matrix_run_06_medium_spoof_high_flood,145,145.0,146.0,baseline,normal,normal,no_rule_triggered,62,4,0.0,27.0,27.0,65.263
007_matrix_run_06_medium_spoof_high_flood,146,146.0,147.0,baseline,normal,normal,no_rule_triggered,63,4,0.0,28.0,27.5,66.316
007_matrix_run_06_medium_spoof_high_flood,147,147.0,148.0,baseline,normal,normal,no_rule_triggered,62,4,0.0,30.0,28.85,65.263
007_matrix_run_06_medium_spoof_high_flood,148,148.0,149.0,baseline,normal,normal,no_rule_triggered,63,4,0.0,33.0,31.15,66.316
007_matrix_run_06_medium_spoof_high_flood,149,149.0,150.0,baseline,normal,normal,no_rule_triggered,62,4,0.0,36.0,34.2,65.263
007_matrix_run_06_medium_spoof_high_flood,150,150.0,151.0,baseline,normal,normal,no_rule_triggered,63,4,0.0,40.0,37.75,66.316
007_matrix_run_06_medium_spoof_high_flood,151,151.0,152.0,baseline,normal,normal,no_rule_triggered,62,4,0.0,43.0,41.5,65.263
007_matrix_run_06_medium_spoof_high_flood,152,152.0,153.0,baseline,normal,normal,no_rule_triggered,63,4,0.0,47.0,45.15,66.316
007_matrix_run_06_medium_spoof_high_flood,153,153.0,154.0,baseline,normal,normal,no_rule_triggered,62,4,0.0,50.0,48.45,65.263
007_matrix_run_06_medium_spoof_high_flood,154,154.0,155.0,baseline,normal,normal,no_rule_triggered,63,4,0.0,52.0,51.2,66.316
007_matrix_run_06_medium_spoof_high_flood,155,155.0,156.0,baseline,normal,normal,no_rule_triggered,62,4,0.0,54.0,53.25,65.263
007_matrix_run_06_medium_spoof_high_flood,156,156.0,157.0,baseline,normal,normal,no_rule_triggered,63,4,0.0,55.0,54.45,66.316
007_matrix_run_06_medium_spoof_high_flood,157,157.0,158.0,baseline,normal,normal,no_rule_triggered,62,4,0.0,55.0,55.0,65.263
007_matrix_run_06_medium_spoof_high_flood,158,158.0,159.0,baseline,normal,normal,no_rule_triggered,63,4,0.0,55.0,54.9,66.316
007_matrix_run_06_medium_spoof_high_flood,159,159.0,160.0,baseline,normal,normal,no_rule_triggered,62,4,0.0,54.0,54.0,65.263
007_matrix_run_06_medium_spoof_high_flood,160,160.0,161.0,baseline,normal,normal,no_rule_triggered,63,4,0.0,54.0,53.25,66.316
007_matrix_run_06_medium_spoof_high_flood,161,161.0,162.0,baseline,normal,normal,no_rule_triggered,62,4,0.0,53.0,52.8,65.263
007_matrix_run_06_medium_spoof_high_flood,162,162.0,163.0,baseline,normal,normal,no_rule_triggered,63,4,0.0,52.0,52.0,66.316
007_matrix_run_06_medium_spoof_high_flood,163,163.0,164.0,baseline,normal,normal,no_rule_triggered,62,4,0.0,53.0,52.75,65.263
007_matrix_run_06_medium_spoof_high_flood,164,164.0,165.0,baseline,normal,normal,no_rule_triggered,63,4,0.0,55.0,53.7,66.316
007_matrix_run_06_medium_spoof_high_flood,165,165.0,166.0,baseline,normal,normal,no_rule_triggered,62,4,0.0,57.0,55.7,65.263
007_matrix_run_06_medium_spoof_high_flood,166,166.0,167.0,baseline,normal,normal,no_rule_triggered,63,4,0.0,60.0,58.5,66.316
007_matrix_run_06_medium_spoof_high_flood,167,167.0,168.0,baseline,normal,normal,no_rule_triggered,62,4,0.0,64.0,62.0,65.263
007_matrix_run_06_medium_spoof_high_flood,168,168.0,169.0,baseline,normal,normal,no_rule_triggered,63,4,0.0,68.0,66.05,66.316
007_matrix_run_06_medium_spoof_high_flood,169,169.0,170.0,baseline,normal,normal,no_rule_triggered,62,4,0.0,72.0,70.35,65.263
007_matrix_run_06_medium_spoof_high_flood,170,170.0,171.0,baseline,normal,normal,no_rule_triggered,63,4,0.0,77.0,74.7,66.316
007_matrix_run_06_medium_spoof_high_flood,171,171.0,172.0,baseline,normal,normal,no_rule_triggered,62,4,0.0,80.0,78.65,65.263
007_matrix_run_06_medium_spoof_high_flood,172,172.0,173.0,baseline,normal,normal,no_rule_triggered,63,4,0.0,83.0,82.05,66.316
007_matrix_run_06_medium_spoof_high_flood,173,173.0,174.0,baseline,normal,normal,no_rule_triggered,62,4,0.0,86.0,84.7,65.263
007_matrix_run_06_medium_spoof_high_flood,174,174.0,175.0,baseline,normal,normal,no_rule_triggered,63,4,0.0,87.0,86.35,66.316
007_matrix_run_06_medium_spoof_high_flood,175,175.0,176.0,baseline,normal,normal,no_rule_triggered,62,4,0.0,87.0,87.0,65.263
007_matrix_run_06_medium_spoof_high_flood,176,176.0,177.0,baseline,normal,normal,no_rule_triggered,63,4,0.0,87.0,86.8,66.316
007_matrix_run_06_medium_spoof_high_flood,177,177.0,178.0,baseline,normal,normal,no_rule_triggered,62,4,0.0,86.0,85.6,65.263
007_matrix_run_06_medium_spoof_high_flood,178,178.0,179.0,baseline,normal,normal,no_rule_triggered,63,4,0.0,85.0,84.05,66.316
007_matrix_run_06_medium_spoof_high_flood,179,179.0,180.0,baseline,normal,normal,no_rule_triggered,62,4,0.0,83.0,82.1,65.263
007_matrix_run_06_medium_spoof_high_flood,180,180.0,181.0,spoofing,spoofing,spoofing,decoded_speed_threshold_exceeded,53,3,0.0,200.0,190.52,55.208
007_matrix_run_06_medium_spoof_high_flood,181,181.0,182.0,spoofing,spoofing,spoofing,decoded_speed_threshold_exceeded,52,3,0.0,200.0,190.64,54.167
007_matrix_run_06_medium_spoof_high_flood,182,182.0,183.0,spoofing,spoofing,spoofing,decoded_speed_threshold_exceeded,53,3,0.0,200.0,190.64,55.208
007_matrix_run_06_medium_spoof_high_flood,183,183.0,184.0,spoofing,spoofing,spoofing,decoded_speed_threshold_exceeded,52,3,0.0,200.0,187.56,54.167
007_matrix_run_06_medium_spoof_high_flood,184,184.0,185.0,spoofing,spoofing,spoofing,decoded_speed_threshold_exceeded,53,3,0.0,200.0,190.16,55.208
007_matrix_run_06_medium_spoof_high_flood,185,185.0,186.0,spoofing,spoofing,spoofing,decoded_speed_threshold_exceeded,52,3,0.0,199.0,188.44,54.167
007_matrix_run_06_medium_spoof_high_flood,186,186.0,187.0,spoofing,spoofing,spoofing,decoded_speed_threshold_exceeded,53,3,0.0,200.0,189.92,55.208
007_matrix_run_06_medium_spoof_high_flood,187,187.0,188.0,spoofing,spoofing,spoofing,decoded_speed_threshold_exceeded,52,3,0.0,199.0,191.24,54.167
007_matrix_run_06_medium_spoof_high_flood,188,188.0,189.0,spoofing,spoofing,spoofing,decoded_speed_threshold_exceeded,53,3,0.0,200.0,189.96,55.208
007_matrix_run_06_medium_spoof_high_flood,189,189.0,190.0,spoofing,spoofing,spoofing,decoded_speed_threshold_exceeded,52,3,0.0,199.0,190.48,54.167
007_matrix_run_06_medium_spoof_high_flood,190,190.0,191.0,spoofing,spoofing,spoofing,decoded_speed_threshold_exceeded,53,3,0.0,199.0,190.28,55.208
007_matrix_run_06_medium_spoof_high_flood,191,191.0,192.0,spoofing,spoofing,spoofing,decoded_speed_threshold_exceeded,52,3,0.0,200.0,189.88,54.167
007_matrix_run_06_medium_spoof_high_flood,192,192.0,193.0,spoofing,spoofing,spoofing,decoded_speed_threshold_exceeded,53,3,0.0,200.0,189.36,55.208
007_matrix_run_06_medium_spoof_high_flood,193,193.0,194.0,spoofing,spoofing,spoofing,decoded_speed_threshold_exceeded,52,3,0.0,200.0,190.48,54.167
007_matrix_run_06_medium_spoof_high_flood,194,194.0,195.0,spoofing,spoofing,spoofing,decoded_speed_threshold_exceeded,53,3,0.0,200.0,189.04,55.208
007_matrix_run_06_medium_spoof_high_flood,195,195.0,196.0,spoofing,spoofing,spoofing,decoded_speed_threshold_exceeded,52,3,0.0,196.0,189.76,54.167
007_matrix_run_06_medium_spoof_high_flood,196,196.0,197.0,spoofing,spoofing,spoofing,decoded_speed_threshold_exceeded,53,3,0.0,200.0,190.24,55.208
007_matrix_run_06_medium_spoof_high_flood,197,197.0,198.0,spoofing,spoofing,spoofing,decoded_speed_threshold_exceeded,52,3,0.0,200.0,189.12,54.167
007_matrix_run_06_medium_spoof_high_flood,198,198.0,199.0,spoofing,spoofing,spoofing,decoded_speed_threshold_exceeded,53,3,0.0,199.0,188.84,55.208
007_matrix_run_06_medium_spoof_high_flood,199,199.0,200.0,spoofing,spoofing,spoofing,decoded_speed_threshold_exceeded,52,3,0.0,200.0,188.12,54.167
007_matrix_run_06_medium_spoof_high_flood,200,200.0,201.0,spoofing,spoofing,spoofing,decoded_speed_threshold_exceeded,53,3,0.0,200.0,189.68,55.208
007_matrix_run_06_medium_spoof_high_flood,201,201.0,202.0,spoofing,spoofing,spoofing,decoded_speed_threshold_exceeded,52,3,0.0,199.0,190.48,54.167
007_matrix_run_06_medium_spoof_high_flood,202,202.0,203.0,spoofing,spoofing,spoofing,decoded_speed_threshold_exceeded,53,3,0.0,200.0,188.48,55.208
007_matrix_run_06_medium_spoof_high_flood,203,203.0,204.0,spoofing,spoofing,spoofing,decoded_speed_threshold_exceeded,52,3,0.0,199.0,191.0,54.167
007_matrix_run_06_medium_spoof_high_flood,204,204.0,205.0,spoofing,spoofing,spoofing,decoded_speed_threshold_exceeded,53,3,0.0,199.0,188.92,55.208
007_matrix_run_06_medium_spoof_high_flood,205,205.0,206.0,spoofing,spoofing,spoofing,decoded_speed_threshold_exceeded,52,3,0.0,200.0,188.96,54.167
007_matrix_run_06_medium_spoof_high_flood,206,206.0,207.0,spoofing,spoofing,spoofing,decoded_speed_threshold_exceeded,53,3,0.0,200.0,190.8,55.208
007_matrix_run_06_medium_spoof_high_flood,207,207.0,208.0,spoofing,spoofing,spoofing,decoded_speed_threshold_exceeded,52,3,0.0,200.0,190.76,54.167
007_matrix_run_06_medium_spoof_high_flood,208,208.0,209.0,spoofing,spoofing,spoofing,decoded_speed_threshold_exceeded,53,3,0.0,200.0,192.2,55.208
007_matrix_run_06_medium_spoof_high_flood,209,209.0,210.0,spoofing,spoofing,spoofing,decoded_speed_threshold_exceeded,52,3,0.0,199.0,189.64,54.167
007_matrix_run_06_medium_spoof_high_flood,210,210.0,211.0,spoofing,spoofing,spoofing,decoded_speed_threshold_exceeded,53,3,0.0,200.0,189.2,55.208
007_matrix_run_06_medium_spoof_high_flood,211,211.0,212.0,spoofing,spoofing,spoofing,decoded_speed_threshold_exceeded,52,3,0.0,200.0,191.04,54.167
007_matrix_run_06_medium_spoof_high_flood,212,212.0,213.0,spoofing,spoofing,spoofing,decoded_speed_threshold_exceeded,53,3,0.0,200.0,190.72,55.208
007_matrix_run_06_medium_spoof_high_flood,213,213.0,214.0,spoofing,spoofing,spoofing,decoded_speed_threshold_exceeded,52,3,0.0,200.0,190.84,54.167
007_matrix_run_06_medium_spoof_high_flood,214,214.0,215.0,spoofing,spoofing,spoofing,decoded_speed_threshold_exceeded,53,3,0.0,199.0,190.64,55.208
007_matrix_run_06_medium_spoof_high_flood,215,215.0,216.0,spoofing,spoofing,spoofing,decoded_speed_threshold_exceeded,52,3,0.0,200.0,190.88,54.167
007_matrix_run_06_medium_spoof_high_flood,216,216.0,217.0,spoofing,spoofing,spoofing,decoded_speed_threshold_exceeded,53,3,0.0,199.0,190.2,55.208
007_matrix_run_06_medium_spoof_high_flood,217,217.0,218.0,spoofing,spoofing,spoofing,decoded_speed_threshold_exceeded,52,3,0.0,198.0,191.24,54.167
007_matrix_run_06_medium_spoof_high_flood,218,218.0,219.0,spoofing,spoofing,spoofing,decoded_speed_threshold_exceeded,53,3,0.0,198.0,188.84,55.208
007_matrix_run_06_medium_spoof_high_flood,219,219.0,220.0,spoofing,spoofing,spoofing,decoded_speed_threshold_exceeded,52,3,0.0,200.0,191.84,54.167
007_matrix_run_06_medium_spoof_high_flood,220,220.0,221.0,spoofing,spoofing,spoofing,decoded_speed_threshold_exceeded,53,3,0.0,200.0,192.32,55.208
007_matrix_run_06_medium_spoof_high_flood,221,221.0,222.0,spoofing,spoofing,spoofing,decoded_speed_threshold_exceeded,52,3,0.0,199.0,190.04,54.167
007_matrix_run_06_medium_spoof_high_flood,222,222.0,223.0,spoofing,spoofing,spoofing,decoded_speed_threshold_exceeded,53,3,0.0,200.0,190.04,55.208
007_matrix_run_06_medium_spoof_high_flood,223,223.0,224.0,spoofing,spoofing,spoofing,decoded_speed_threshold_exceeded,52,3,0.0,200.0,190.48,54.167
007_matrix_run_06_medium_spoof_high_flood,224,224.0,225.0,spoofing,spoofing,spoofing,decoded_speed_threshold_exceeded,53,3,0.0,200.0,190.12,55.208
007_matrix_run_06_medium_spoof_high_flood,225,225.0,226.0,spoofing,spoofing,spoofing,decoded_speed_threshold_exceeded,52,3,0.0,200.0,188.36,54.167
007_matrix_run_06_medium_spoof_high_flood,226,226.0,227.0,spoofing,spoofing,spoofing,decoded_speed_threshold_exceeded,53,3,0.0,199.0,187.96,55.208
007_matrix_run_06_medium_spoof_high_flood,227,227.0,228.0,spoofing,spoofing,spoofing,decoded_speed_threshold_exceeded,52,3,0.0,200.0,191.56,54.167
007_matrix_run_06_medium_spoof_high_flood,228,228.0,229.0,spoofing,spoofing,spoofing,decoded_speed_threshold_exceeded,53,3,0.0,200.0,190.32,55.208
007_matrix_run_06_medium_spoof_high_flood,229,229.0,230.0,spoofing,spoofing,spoofing,decoded_speed_threshold_exceeded,52,3,0.0,199.0,190.32,54.167
007_matrix_run_06_medium_spoof_high_flood,230,230.0,231.0,spoofing,spoofing,spoofing,decoded_speed_threshold_exceeded,53,3,0.0,199.0,189.6,55.208
007_matrix_run_06_medium_spoof_high_flood,231,231.0,232.0,spoofing,spoofing,spoofing,decoded_speed_threshold_exceeded,52,3,0.0,200.0,190.64,54.167
007_matrix_run_06_medium_spoof_high_flood,232,232.0,233.0,spoofing,spoofing,spoofing,decoded_speed_threshold_exceeded,53,3,0.0,200.0,190.56,55.208
007_matrix_run_06_medium_spoof_high_flood,233,233.0,234.0,spoofing,spoofing,spoofing,decoded_speed_threshold_exceeded,52,3,0.0,200.0,190.16,54.167
007_matrix_run_06_medium_spoof_high_flood,234,234.0,235.0,spoofing,spoofing,spoofing,decoded_speed_threshold_exceeded,53,3,0.0,200.0,190.24,55.208
007_matrix_run_06_medium_spoof_high_flood,235,235.0,236.0,spoofing,spoofing,spoofing,decoded_speed_threshold_exceeded,52,3,0.0,195.0,188.16,54.167
007_matrix_run_06_medium_spoof_high_flood,236,236.0,237.0,spoofing,spoofing,spoofing,decoded_speed_threshold_exceeded,53,3,0.0,200.0,189.96,55.208
007_matrix_run_06_medium_spoof_high_flood,237,237.0,238.0,spoofing,spoofing,spoofing,decoded_speed_threshold_exceeded,52,3,0.0,198.0,189.24,54.167
007_matrix_run_06_medium_spoof_high_flood,238,238.0,239.0,spoofing,spoofing,spoofing,decoded_speed_threshold_exceeded,53,3,0.0,199.0,190.64,55.208
007_matrix_run_06_medium_spoof_high_flood,239,239.0,240.0,spoofing,spoofing,spoofing,decoded_speed_threshold_exceeded,52,3,0.0,200.0,190.68,54.167
007_matrix_run_06_medium_spoof_high_flood,240,240.0,241.0,spoofing,spoofing,spoofing,decoded_speed_threshold_exceeded,53,3,0.0,199.0,192.12,55.208
007_matrix_run_06_medium_spoof_high_flood,241,241.0,242.0,spoofing,spoofing,spoofing,decoded_speed_threshold_exceeded,52,3,0.0,200.0,193.2,54.167
007_matrix_run_06_medium_spoof_high_flood,242,242.0,243.0,spoofing,spoofing,spoofing,decoded_speed_threshold_exceeded,53,3,0.0,200.0,192.28,55.208
007_matrix_run_06_medium_spoof_high_flood,243,243.0,244.0,spoofing,spoofing,spoofing,decoded_speed_threshold_exceeded,52,3,0.0,200.0,188.52,54.167
007_matrix_run_06_medium_spoof_high_flood,244,244.0,245.0,spoofing,spoofing,spoofing,decoded_speed_threshold_exceeded,53,3,0.0,200.0,189.28,55.208
007_matrix_run_06_medium_spoof_high_flood,245,245.0,246.0,spoofing,spoofing,spoofing,decoded_speed_threshold_exceeded,52,3,0.0,198.0,189.16,54.167
007_matrix_run_06_medium_spoof_high_flood,246,246.0,247.0,spoofing,spoofing,spoofing,decoded_speed_threshold_exceeded,53,3,0.0,200.0,190.28,55.208
007_matrix_run_06_medium_spoof_high_flood,247,247.0,248.0,spoofing,spoofing,spoofing,decoded_speed_threshold_exceeded,52,3,0.0,200.0,191.2,54.167
007_matrix_run_06_medium_spoof_high_flood,248,248.0,249.0,spoofing,spoofing,spoofing,decoded_speed_threshold_exceeded,53,3,0.0,200.0,189.92,55.208
007_matrix_run_06_medium_spoof_high_flood,249,249.0,250.0,spoofing,spoofing,spoofing,decoded_speed_threshold_exceeded,52,3,0.0,200.0,190.84,54.167
007_matrix_run_06_medium_spoof_high_flood,250,250.0,251.0,spoofing,spoofing,spoofing,decoded_speed_threshold_exceeded,53,3,0.0,200.0,189.12,55.208
007_matrix_run_06_medium_spoof_high_flood,251,251.0,252.0,spoofing,spoofing,spoofing,decoded_speed_threshold_exceeded,52,3,0.0,200.0,190.96,54.167
007_matrix_run_06_medium_spoof_high_flood,252,252.0,253.0,spoofing,spoofing,spoofing,decoded_speed_threshold_exceeded,53,3,0.0,200.0,191.08,55.208
007_matrix_run_06_medium_spoof_high_flood,253,253.0,254.0,spoofing,spoofing,spoofing,decoded_speed_threshold_exceeded,52,3,0.0,200.0,191.0,54.167
007_matrix_run_06_medium_spoof_high_flood,254,254.0,255.0,spoofing,spoofing,spoofing,decoded_speed_threshold_exceeded,53,3,0.0,200.0,190.76,55.208
007_matrix_run_06_medium_spoof_high_flood,255,255.0,256.0,spoofing,spoofing,spoofing,decoded_speed_threshold_exceeded,52,3,0.0,199.0,189.76,54.167
007_matrix_run_06_medium_spoof_high_flood,256,256.0,257.0,spoofing,spoofing,spoofing,decoded_speed_threshold_exceeded,53,3,0.0,200.0,191.44,55.208
007_matrix_run_06_medium_spoof_high_flood,257,257.0,258.0,spoofing,spoofing,spoofing,decoded_speed_threshold_exceeded,52,3,0.0,200.0,188.92,54.167
007_matrix_run_06_medium_spoof_high_flood,258,258.0,259.0,spoofing,spoofing,spoofing,decoded_speed_threshold_exceeded,53,3,0.0,200.0,189.4,55.208
007_matrix_run_06_medium_spoof_high_flood,259,259.0,260.0,spoofing,spoofing,spoofing,decoded_speed_threshold_exceeded,52,3,0.0,199.0,188.44,54.167
007_matrix_run_06_medium_spoof_high_flood,260,260.0,261.0,spoofing,spoofing,spoofing,decoded_speed_threshold_exceeded,53,3,0.0,199.0,188.52,55.208
007_matrix_run_06_medium_spoof_high_flood,261,261.0,262.0,spoofing,spoofing,spoofing,decoded_speed_threshold_exceeded,52,3,0.0,200.0,190.8,54.167
007_matrix_run_06_medium_spoof_high_flood,262,262.0,263.0,spoofing,spoofing,spoofing,decoded_speed_threshold_exceeded,53,3,0.0,200.0,192.12,55.208
007_matrix_run_06_medium_spoof_high_flood,263,263.0,264.0,spoofing,spoofing,spoofing,decoded_speed_threshold_exceeded,52,3,0.0,200.0,189.92,54.167
007_matrix_run_06_medium_spoof_high_flood,264,264.0,265.0,spoofing,spoofing,spoofing,decoded_speed_threshold_exceeded,53,3,0.0,200.0,190.8,55.208
007_matrix_run_06_medium_spoof_high_flood,265,265.0,266.0,spoofing,spoofing,spoofing,decoded_speed_threshold_exceeded,52,3,0.0,200.0,191.0,54.167
007_matrix_run_06_medium_spoof_high_flood,266,266.0,267.0,spoofing,spoofing,spoofing,decoded_speed_threshold_exceeded,53,3,0.0,199.0,189.28,55.208
007_matrix_run_06_medium_spoof_high_flood,267,267.0,268.0,spoofing,spoofing,spoofing,decoded_speed_threshold_exceeded,52,3,0.0,199.0,189.12,54.167
007_matrix_run_06_medium_spoof_high_flood,268,268.0,269.0,spoofing,spoofing,spoofing,decoded_speed_threshold_exceeded,53,3,0.0,199.0,191.12,55.208
007_matrix_run_06_medium_spoof_high_flood,269,269.0,270.0,spoofing,spoofing,spoofing,decoded_speed_threshold_exceeded,52,3,0.0,200.0,189.84,54.167
007_matrix_run_06_medium_spoof_high_flood,270,270.0,271.0,spoofing,spoofing,spoofing,decoded_speed_threshold_exceeded,53,3,0.0,200.0,189.72,55.208
007_matrix_run_06_medium_spoof_high_flood,271,271.0,272.0,spoofing,spoofing,spoofing,decoded_speed_threshold_exceeded,52,3,0.0,200.0,186.88,54.167
007_matrix_run_06_medium_spoof_high_flood,272,272.0,273.0,spoofing,spoofing,spoofing,decoded_speed_threshold_exceeded,53,3,0.0,199.0,191.96,55.208
007_matrix_run_06_medium_spoof_high_flood,273,273.0,274.0,spoofing,spoofing,spoofing,decoded_speed_threshold_exceeded,52,3,0.0,200.0,191.68,54.167
007_matrix_run_06_medium_spoof_high_flood,274,274.0,275.0,spoofing,spoofing,spoofing,decoded_speed_threshold_exceeded,53,3,0.0,200.0,190.44,55.208
007_matrix_run_06_medium_spoof_high_flood,275,275.0,276.0,spoofing,spoofing,spoofing,decoded_speed_threshold_exceeded,52,3,0.0,197.0,188.92,54.167
007_matrix_run_06_medium_spoof_high_flood,276,276.0,277.0,spoofing,spoofing,spoofing,decoded_speed_threshold_exceeded,53,3,0.0,198.0,189.68,55.208
007_matrix_run_06_medium_spoof_high_flood,277,277.0,278.0,spoofing,spoofing,spoofing,decoded_speed_threshold_exceeded,52,3,0.0,198.0,188.36,54.167
007_matrix_run_06_medium_spoof_high_flood,278,278.0,279.0,spoofing,spoofing,spoofing,decoded_speed_threshold_exceeded,53,3,0.0,198.0,188.24,55.208
007_matrix_run_06_medium_spoof_high_flood,279,279.0,280.0,spoofing,spoofing,spoofing,decoded_speed_threshold_exceeded,52,3,0.0,200.0,191.16,54.167
007_matrix_run_06_medium_spoof_high_flood,280,280.0,281.0,spoofing,spoofing,spoofing,decoded_speed_threshold_exceeded,53,3,0.0,200.0,190.48,55.208
007_matrix_run_06_medium_spoof_high_flood,281,281.0,282.0,spoofing,spoofing,spoofing,decoded_speed_threshold_exceeded,52,3,0.0,200.0,191.44,54.167
007_matrix_run_06_medium_spoof_high_flood,282,282.0,283.0,spoofing,spoofing,spoofing,decoded_speed_threshold_exceeded,53,3,0.0,199.0,190.72,55.208
007_matrix_run_06_medium_spoof_high_flood,283,283.0,284.0,spoofing,spoofing,spoofing,decoded_speed_threshold_exceeded,52,3,0.0,200.0,189.56,54.167
007_matrix_run_06_medium_spoof_high_flood,284,284.0,285.0,spoofing,spoofing,spoofing,decoded_speed_threshold_exceeded,53,3,0.0,198.0,188.76,55.208
007_matrix_run_06_medium_spoof_high_flood,285,285.0,286.0,spoofing,spoofing,spoofing,decoded_speed_threshold_exceeded,52,3,0.0,200.0,188.56,54.167
007_matrix_run_06_medium_spoof_high_flood,286,286.0,287.0,spoofing,spoofing,spoofing,decoded_speed_threshold_exceeded,53,3,0.0,200.0,190.44,55.208
007_matrix_run_06_medium_spoof_high_flood,287,287.0,288.0,spoofing,spoofing,spoofing,decoded_speed_threshold_exceeded,52,3,0.0,200.0,189.2,54.167
007_matrix_run_06_medium_spoof_high_flood,288,288.0,289.0,spoofing,spoofing,spoofing,decoded_speed_threshold_exceeded,53,3,0.0,199.0,188.36,55.208
007_matrix_run_06_medium_spoof_high_flood,289,289.0,290.0,spoofing,spoofing,spoofing,decoded_speed_threshold_exceeded,52,3,0.0,200.0,188.92,54.167
007_matrix_run_06_medium_spoof_high_flood,290,290.0,291.0,spoofing,spoofing,spoofing,decoded_speed_threshold_exceeded,53,3,0.0,200.0,191.92,55.208
007_matrix_run_06_medium_spoof_high_flood,291,291.0,292.0,spoofing,spoofing,spoofing,decoded_speed_threshold_exceeded,52,3,0.0,200.0,191.88,54.167
007_matrix_run_06_medium_spoof_high_flood,292,292.0,293.0,spoofing,spoofing,spoofing,decoded_speed_threshold_exceeded,53,3,0.0,200.0,189.04,55.208
007_matrix_run_06_medium_spoof_high_flood,293,293.0,294.0,spoofing,spoofing,spoofing,decoded_speed_threshold_exceeded,52,3,0.0,200.0,188.32,54.167
007_matrix_run_06_medium_spoof_high_flood,294,294.0,295.0,spoofing,spoofing,spoofing,decoded_speed_threshold_exceeded,53,3,0.0,200.0,188.84,55.208
007_matrix_run_06_medium_spoof_high_flood,295,295.0,296.0,spoofing,spoofing,spoofing,decoded_speed_threshold_exceeded,52,3,0.0,199.0,189.64,54.167
007_matrix_run_06_medium_spoof_high_flood,296,296.0,297.0,spoofing,spoofing,spoofing,decoded_speed_threshold_exceeded,53,3,0.0,199.0,189.24,55.208
007_matrix_run_06_medium_spoof_high_flood,297,297.0,298.0,spoofing,spoofing,spoofing,decoded_speed_threshold_exceeded,52,3,0.0,198.0,190.4,54.167
007_matrix_run_06_medium_spoof_high_flood,298,298.0,299.0,spoofing,spoofing,spoofing,decoded_speed_threshold_exceeded,53,3,0.0,197.0,189.64,55.208
007_matrix_run_06_medium_spoof_high_flood,299,299.0,300.0,spoofing,spoofing,spoofing,decoded_speed_threshold_exceeded,52,3,0.0,199.0,189.32,54.167
007_matrix_run_06_medium_spoof_high_flood,300,300.0,301.0,flooding,flooding,flooding,high_id_cardinality_or_unknown_id_ratio,200,191,1.0,,,201.005
007_matrix_run_06_medium_spoof_high_flood,301,301.0,302.0,flooding,flooding,flooding,high_id_cardinality_or_unknown_id_ratio,200,186,0.995,,,201.005
007_matrix_run_06_medium_spoof_high_flood,302,302.0,303.0,flooding,flooding,flooding,high_id_cardinality_or_unknown_id_ratio,200,190,0.995,,,201.005
007_matrix_run_06_medium_spoof_high_flood,303,303.0,304.0,flooding,flooding,flooding,high_id_cardinality_or_unknown_id_ratio,200,190,1.0,,,201.005
007_matrix_run_06_medium_spoof_high_flood,304,304.0,305.0,flooding,flooding,flooding,high_id_cardinality_or_unknown_id_ratio,200,197,1.0,,,201.005
007_matrix_run_06_medium_spoof_high_flood,305,305.0,306.0,flooding,flooding,flooding,high_id_cardinality_or_unknown_id_ratio,200,186,1.0,,,201.005
007_matrix_run_06_medium_spoof_high_flood,306,306.0,307.0,flooding,flooding,flooding,high_id_cardinality_or_unknown_id_ratio,200,193,0.995,,,201.005
007_matrix_run_06_medium_spoof_high_flood,307,307.0,308.0,flooding,flooding,flooding,high_id_cardinality_or_unknown_id_ratio,200,190,1.0,,,201.005
007_matrix_run_06_medium_spoof_high_flood,308,308.0,309.0,flooding,flooding,flooding,high_id_cardinality_or_unknown_id_ratio,200,196,0.99,,,201.005
007_matrix_run_06_medium_spoof_high_flood,309,309.0,310.0,flooding,flooding,flooding,high_id_cardinality_or_unknown_id_ratio,200,193,0.995,,,201.005
007_matrix_run_06_medium_spoof_high_flood,310,310.0,311.0,flooding,flooding,flooding,high_id_cardinality_or_unknown_id_ratio,200,190,1.0,,,201.005
007_matrix_run_06_medium_spoof_high_flood,311,311.0,312.0,flooding,flooding,flooding,high_id_cardinality_or_unknown_id_ratio,200,190,0.995,,,201.005
007_matrix_run_06_medium_spoof_high_flood,312,312.0,313.0,flooding,flooding,flooding,high_id_cardinality_or_unknown_id_ratio,200,190,1.0,,,201.005
007_matrix_run_06_medium_spoof_high_flood,313,313.0,314.0,flooding,flooding,flooding,high_id_cardinality_or_unknown_id_ratio,200,191,0.995,,,201.005
007_matrix_run_06_medium_spoof_high_flood,314,314.0,315.0,flooding,flooding,flooding,high_id_cardinality_or_unknown_id_ratio,200,189,1.0,,,201.005
007_matrix_run_06_medium_spoof_high_flood,315,315.0,316.0,flooding,flooding,flooding,high_id_cardinality_or_unknown_id_ratio,200,189,1.0,,,201.005
007_matrix_run_06_medium_spoof_high_flood,316,316.0,317.0,flooding,flooding,flooding,high_id_cardinality_or_unknown_id_ratio,200,191,1.0,,,201.005
007_matrix_run_06_medium_spoof_high_flood,317,317.0,318.0,flooding,flooding,flooding,high_id_cardinality_or_unknown_id_ratio,200,192,1.0,,,201.005
007_matrix_run_06_medium_spoof_high_flood,318,318.0,319.0,flooding,flooding,flooding,high_id_cardinality_or_unknown_id_ratio,200,187,1.0,,,201.005
007_matrix_run_06_medium_spoof_high_flood,319,319.0,320.0,flooding,flooding,flooding,high_id_cardinality_or_unknown_id_ratio,200,189,0.98,,,201.005
007_matrix_run_06_medium_spoof_high_flood,320,320.0,321.0,flooding,flooding,flooding,high_id_cardinality_or_unknown_id_ratio,200,189,0.995,,,201.005
007_matrix_run_06_medium_spoof_high_flood,321,321.0,322.0,flooding,flooding,flooding,high_id_cardinality_or_unknown_id_ratio,200,193,1.0,,,201.005
007_matrix_run_06_medium_spoof_high_flood,322,322.0,323.0,flooding,flooding,flooding,high_id_cardinality_or_unknown_id_ratio,200,188,1.0,,,201.005
007_matrix_run_06_medium_spoof_high_flood,323,323.0,324.0,flooding,flooding,flooding,high_id_cardinality_or_unknown_id_ratio,200,189,1.0,,,201.005
007_matrix_run_06_medium_spoof_high_flood,324,324.0,325.0,flooding,flooding,flooding,high_id_cardinality_or_unknown_id_ratio,200,189,1.0,,,201.005
007_matrix_run_06_medium_spoof_high_flood,325,325.0,326.0,flooding,flooding,flooding,high_id_cardinality_or_unknown_id_ratio,200,187,0.995,,,201.005
007_matrix_run_06_medium_spoof_high_flood,326,326.0,327.0,flooding,flooding,flooding,high_id_cardinality_or_unknown_id_ratio,200,192,1.0,,,201.005
007_matrix_run_06_medium_spoof_high_flood,327,327.0,328.0,flooding,flooding,flooding,high_id_cardinality_or_unknown_id_ratio,200,191,1.0,,,201.005
007_matrix_run_06_medium_spoof_high_flood,328,328.0,329.0,flooding,flooding,flooding,high_id_cardinality_or_unknown_id_ratio,200,196,0.995,,,201.005
007_matrix_run_06_medium_spoof_high_flood,329,329.0,330.0,flooding,flooding,flooding,high_id_cardinality_or_unknown_id_ratio,200,189,1.0,,,201.005
007_matrix_run_06_medium_spoof_high_flood,330,330.0,331.0,flooding,flooding,flooding,high_id_cardinality_or_unknown_id_ratio,200,186,1.0,,,201.005
007_matrix_run_06_medium_spoof_high_flood,331,331.0,332.0,flooding,flooding,flooding,high_id_cardinality_or_unknown_id_ratio,200,188,1.0,,,201.005
007_matrix_run_06_medium_spoof_high_flood,332,332.0,333.0,flooding,flooding,flooding,high_id_cardinality_or_unknown_id_ratio,200,188,0.995,,,201.005
007_matrix_run_06_medium_spoof_high_flood,333,333.0,334.0,flooding,flooding,flooding,high_id_cardinality_or_unknown_id_ratio,200,186,1.0,,,201.005
007_matrix_run_06_medium_spoof_high_flood,334,334.0,335.0,flooding,flooding,flooding,high_id_cardinality_or_unknown_id_ratio,200,188,0.99,,,201.005
007_matrix_run_06_medium_spoof_high_flood,335,335.0,336.0,flooding,flooding,flooding,high_id_cardinality_or_unknown_id_ratio,200,189,1.0,,,201.005
007_matrix_run_06_medium_spoof_high_flood,336,336.0,337.0,flooding,flooding,flooding,high_id_cardinality_or_unknown_id_ratio,200,190,1.0,,,201.005
007_matrix_run_06_medium_spoof_high_flood,337,337.0,338.0,flooding,flooding,flooding,high_id_cardinality_or_unknown_id_ratio,200,188,1.0,,,201.005
007_matrix_run_06_medium_spoof_high_flood,338,338.0,339.0,flooding,flooding,flooding,high_id_cardinality_or_unknown_id_ratio,200,192,1.0,,,201.005
007_matrix_run_06_medium_spoof_high_flood,339,339.0,340.0,flooding,flooding,flooding,high_id_cardinality_or_unknown_id_ratio,200,192,1.0,,,201.005
007_matrix_run_06_medium_spoof_high_flood,340,340.0,341.0,flooding,flooding,flooding,high_id_cardinality_or_unknown_id_ratio,200,192,1.0,,,201.005
007_matrix_run_06_medium_spoof_high_flood,341,341.0,342.0,flooding,flooding,flooding,high_id_cardinality_or_unknown_id_ratio,200,189,0.995,,,201.005
007_matrix_run_06_medium_spoof_high_flood,342,342.0,343.0,flooding,flooding,flooding,high_id_cardinality_or_unknown_id_ratio,200,189,1.0,,,201.005
007_matrix_run_06_medium_spoof_high_flood,343,343.0,344.0,flooding,flooding,flooding,high_id_cardinality_or_unknown_id_ratio,200,191,0.995,,,201.005
007_matrix_run_06_medium_spoof_high_flood,344,344.0,345.0,flooding,flooding,flooding,high_id_cardinality_or_unknown_id_ratio,200,191,0.995,,,201.005
007_matrix_run_06_medium_spoof_high_flood,345,345.0,346.0,flooding,flooding,flooding,high_id_cardinality_or_unknown_id_ratio,200,191,1.0,,,201.005
007_matrix_run_06_medium_spoof_high_flood,346,346.0,347.0,flooding,flooding,flooding,high_id_cardinality_or_unknown_id_ratio,200,188,1.0,,,201.005
007_matrix_run_06_medium_spoof_high_flood,347,347.0,348.0,flooding,flooding,flooding,high_id_cardinality_or_unknown_id_ratio,200,190,1.0,,,201.005
007_matrix_run_06_medium_spoof_high_flood,348,348.0,349.0,flooding,flooding,flooding,high_id_cardinality_or_unknown_id_ratio,200,193,1.0,,,201.005
007_matrix_run_06_medium_spoof_high_flood,349,349.0,350.0,flooding,flooding,flooding,high_id_cardinality_or_unknown_id_ratio,200,189,0.995,,,201.005
007_matrix_run_06_medium_spoof_high_flood,350,350.0,351.0,flooding,flooding,flooding,high_id_cardinality_or_unknown_id_ratio,200,190,1.0,,,201.005
007_matrix_run_06_medium_spoof_high_flood,351,351.0,352.0,flooding,flooding,flooding,high_id_cardinality_or_unknown_id_ratio,200,195,1.0,,,201.005
007_matrix_run_06_medium_spoof_high_flood,352,352.0,353.0,flooding,flooding,flooding,high_id_cardinality_or_unknown_id_ratio,200,191,1.0,,,201.005
007_matrix_run_06_medium_spoof_high_flood,353,353.0,354.0,flooding,flooding,flooding,high_id_cardinality_or_unknown_id_ratio,200,186,1.0,,,201.005
007_matrix_run_06_medium_spoof_high_flood,354,354.0,355.0,flooding,flooding,flooding,high_id_cardinality_or_unknown_id_ratio,200,195,1.0,,,201.005
007_matrix_run_06_medium_spoof_high_flood,355,355.0,356.0,flooding,flooding,flooding,high_id_cardinality_or_unknown_id_ratio,200,186,1.0,,,201.005
007_matrix_run_06_medium_spoof_high_flood,356,356.0,357.0,flooding,flooding,flooding,high_id_cardinality_or_unknown_id_ratio,200,194,0.995,,,201.005
007_matrix_run_06_medium_spoof_high_flood,357,357.0,358.0,flooding,flooding,flooding,high_id_cardinality_or_unknown_id_ratio,200,183,0.995,,,201.005
007_matrix_run_06_medium_spoof_high_flood,358,358.0,359.0,flooding,flooding,flooding,high_id_cardinality_or_unknown_id_ratio,200,193,0.995,,,201.005
007_matrix_run_06_medium_spoof_high_flood,359,359.0,360.0,flooding,flooding,flooding,high_id_cardinality_or_unknown_id_ratio,200,198,1.0,,,201.005
007_matrix_run_06_medium_spoof_high_flood,360,360.0,361.0,flooding,flooding,flooding,high_id_cardinality_or_unknown_id_ratio,200,192,1.0,,,201.005
007_matrix_run_06_medium_spoof_high_flood,361,361.0,362.0,flooding,flooding,flooding,high_id_cardinality_or_unknown_id_ratio,200,190,1.0,,,201.005
007_matrix_run_06_medium_spoof_high_flood,362,362.0,363.0,flooding,flooding,flooding,high_id_cardinality_or_unknown_id_ratio,200,192,0.995,,,201.005
007_matrix_run_06_medium_spoof_high_flood,363,363.0,364.0,flooding,flooding,flooding,high_id_cardinality_or_unknown_id_ratio,200,189,1.0,,,201.005
007_matrix_run_06_medium_spoof_high_flood,364,364.0,365.0,flooding,flooding,flooding,high_id_cardinality_or_unknown_id_ratio,200,191,1.0,,,201.005
007_matrix_run_06_medium_spoof_high_flood,365,365.0,366.0,flooding,flooding,flooding,high_id_cardinality_or_unknown_id_ratio,200,194,1.0,,,201.005
007_matrix_run_06_medium_spoof_high_flood,366,366.0,367.0,flooding,flooding,flooding,high_id_cardinality_or_unknown_id_ratio,200,185,1.0,,,201.005
007_matrix_run_06_medium_spoof_high_flood,367,367.0,368.0,flooding,flooding,flooding,high_id_cardinality_or_unknown_id_ratio,200,189,0.995,,,201.005
007_matrix_run_06_medium_spoof_high_flood,368,368.0,369.0,flooding,flooding,flooding,high_id_cardinality_or_unknown_id_ratio,200,186,1.0,,,201.005
007_matrix_run_06_medium_spoof_high_flood,369,369.0,370.0,flooding,flooding,flooding,high_id_cardinality_or_unknown_id_ratio,200,188,1.0,,,201.005
007_matrix_run_06_medium_spoof_high_flood,370,370.0,371.0,flooding,flooding,flooding,high_id_cardinality_or_unknown_id_ratio,200,193,1.0,,,201.005
007_matrix_run_06_medium_spoof_high_flood,371,371.0,372.0,flooding,flooding,flooding,high_id_cardinality_or_unknown_id_ratio,200,193,1.0,,,201.005
007_matrix_run_06_medium_spoof_high_flood,372,372.0,373.0,flooding,flooding,flooding,high_id_cardinality_or_unknown_id_ratio,200,187,0.995,,,201.005
007_matrix_run_06_medium_spoof_high_flood,373,373.0,374.0,flooding,flooding,flooding,high_id_cardinality_or_unknown_id_ratio,200,196,1.0,,,201.005
007_matrix_run_06_medium_spoof_high_flood,374,374.0,375.0,flooding,flooding,flooding,high_id_cardinality_or_unknown_id_ratio,200,186,0.995,,,201.005
007_matrix_run_06_medium_spoof_high_flood,375,375.0,376.0,flooding,flooding,flooding,high_id_cardinality_or_unknown_id_ratio,200,193,1.0,,,201.005
007_matrix_run_06_medium_spoof_high_flood,376,376.0,377.0,flooding,flooding,flooding,high_id_cardinality_or_unknown_id_ratio,200,187,1.0,,,201.005
007_matrix_run_06_medium_spoof_high_flood,377,377.0,378.0,flooding,flooding,flooding,high_id_cardinality_or_unknown_id_ratio,200,190,1.0,,,201.005
007_matrix_run_06_medium_spoof_high_flood,378,378.0,379.0,flooding,flooding,flooding,high_id_cardinality_or_unknown_id_ratio,200,191,1.0,,,201.005
007_matrix_run_06_medium_spoof_high_flood,379,379.0,380.0,flooding,flooding,flooding,high_id_cardinality_or_unknown_id_ratio,200,193,0.99,,,201.005
007_matrix_run_06_medium_spoof_high_flood,380,380.0,381.0,flooding,flooding,flooding,high_id_cardinality_or_unknown_id_ratio,200,191,1.0,,,201.005
007_matrix_run_06_medium_spoof_high_flood,381,381.0,382.0,flooding,flooding,flooding,high_id_cardinality_or_unknown_id_ratio,200,191,1.0,,,201.005
007_matrix_run_06_medium_spoof_high_flood,382,382.0,383.0,flooding,flooding,flooding,high_id_cardinality_or_unknown_id_ratio,200,189,1.0,,,201.005
007_matrix_run_06_medium_spoof_high_flood,383,383.0,384.0,flooding,flooding,flooding,high_id_cardinality_or_unknown_id_ratio,200,189,0.995,,,201.005
007_matrix_run_06_medium_spoof_high_flood,384,384.0,385.0,flooding,flooding,flooding,high_id_cardinality_or_unknown_id_ratio,200,193,1.0,,,201.005
007_matrix_run_06_medium_spoof_high_flood,385,385.0,386.0,flooding,flooding,flooding,high_id_cardinality_or_unknown_id_ratio,200,189,1.0,,,201.005
007_matrix_run_06_medium_spoof_high_flood,386,386.0,387.0,flooding,flooding,flooding,high_id_cardinality_or_unknown_id_ratio,200,187,1.0,,,201.005
007_matrix_run_06_medium_spoof_high_flood,387,387.0,388.0,flooding,flooding,flooding,high_id_cardinality_or_unknown_id_ratio,200,188,0.995,,,201.005
007_matrix_run_06_medium_spoof_high_flood,388,388.0,389.0,flooding,flooding,flooding,high_id_cardinality_or_unknown_id_ratio,200,185,0.995,,,201.005
007_matrix_run_06_medium_spoof_high_flood,389,389.0,390.0,flooding,flooding,flooding,high_id_cardinality_or_unknown_id_ratio,200,189,0.995,,,201.005
007_matrix_run_06_medium_spoof_high_flood,390,390.0,391.0,flooding,flooding,flooding,high_id_cardinality_or_unknown_id_ratio,200,186,1.0,,,201.005
007_matrix_run_06_medium_spoof_high_flood,391,391.0,392.0,flooding,flooding,flooding,high_id_cardinality_or_unknown_id_ratio,200,187,1.0,,,201.005
007_matrix_run_06_medium_spoof_high_flood,392,392.0,393.0,flooding,flooding,flooding,high_id_cardinality_or_unknown_id_ratio,200,192,1.0,,,201.005
007_matrix_run_06_medium_spoof_high_flood,393,393.0,394.0,flooding,flooding,flooding,high_id_cardinality_or_unknown_id_ratio,200,193,1.0,,,201.005
007_matrix_run_06_medium_spoof_high_flood,394,394.0,395.0,flooding,flooding,flooding,high_id_cardinality_or_unknown_id_ratio,200,194,1.0,,,201.005
007_matrix_run_06_medium_spoof_high_flood,395,395.0,396.0,flooding,flooding,flooding,high_id_cardinality_or_unknown_id_ratio,200,193,1.0,,,201.005
007_matrix_run_06_medium_spoof_high_flood,396,396.0,397.0,flooding,flooding,flooding,high_id_cardinality_or_unknown_id_ratio,200,196,1.0,,,201.005
007_matrix_run_06_medium_spoof_high_flood,397,397.0,398.0,flooding,flooding,flooding,high_id_cardinality_or_unknown_id_ratio,200,191,1.0,,,201.005
007_matrix_run_06_medium_spoof_high_flood,398,398.0,399.0,flooding,flooding,flooding,high_id_cardinality_or_unknown_id_ratio,200,196,1.0,,,201.005
007_matrix_run_06_medium_spoof_high_flood,399,399.0,400.0,flooding,flooding,flooding,high_id_cardinality_or_unknown_id_ratio,200,191,0.995,,,201.005
007_matrix_run_06_medium_spoof_high_flood,400,400.0,401.0,flooding,flooding,flooding,high_id_cardinality_or_unknown_id_ratio,200,191,1.0,,,201.005
007_matrix_run_06_medium_spoof_high_flood,401,401.0,402.0,flooding,flooding,flooding,high_id_cardinality_or_unknown_id_ratio,200,192,1.0,,,201.005
007_matrix_run_06_medium_spoof_high_flood,402,402.0,403.0,flooding,flooding,flooding,high_id_cardinality_or_unknown_id_ratio,200,191,1.0,,,201.005
007_matrix_run_06_medium_spoof_high_flood,403,403.0,404.0,flooding,flooding,flooding,high_id_cardinality_or_unknown_id_ratio,200,185,1.0,,,201.005
007_matrix_run_06_medium_spoof_high_flood,404,404.0,405.0,flooding,flooding,flooding,high_id_cardinality_or_unknown_id_ratio,200,191,0.99,,,201.005
007_matrix_run_06_medium_spoof_high_flood,405,405.0,406.0,flooding,flooding,flooding,high_id_cardinality_or_unknown_id_ratio,200,190,1.0,,,201.005
007_matrix_run_06_medium_spoof_high_flood,406,406.0,407.0,flooding,flooding,flooding,high_id_cardinality_or_unknown_id_ratio,200,191,1.0,,,201.005
007_matrix_run_06_medium_spoof_high_flood,407,407.0,408.0,flooding,flooding,flooding,high_id_cardinality_or_unknown_id_ratio,200,193,0.995,,,201.005
007_matrix_run_06_medium_spoof_high_flood,408,408.0,409.0,flooding,flooding,flooding,high_id_cardinality_or_unknown_id_ratio,200,192,0.995,,,201.005
007_matrix_run_06_medium_spoof_high_flood,409,409.0,410.0,flooding,flooding,flooding,high_id_cardinality_or_unknown_id_ratio,200,192,0.995,,,201.005
007_matrix_run_06_medium_spoof_high_flood,410,410.0,411.0,flooding,flooding,flooding,high_id_cardinality_or_unknown_id_ratio,200,191,0.99,,,201.005
007_matrix_run_06_medium_spoof_high_flood,411,411.0,412.0,flooding,flooding,flooding,high_id_cardinality_or_unknown_id_ratio,200,193,1.0,,,201.005
007_matrix_run_06_medium_spoof_high_flood,412,412.0,413.0,flooding,flooding,flooding,high_id_cardinality_or_unknown_id_ratio,200,189,1.0,,,201.005
007_matrix_run_06_medium_spoof_high_flood,413,413.0,414.0,flooding,flooding,flooding,high_id_cardinality_or_unknown_id_ratio,200,185,0.995,,,201.005
007_matrix_run_06_medium_spoof_high_flood,414,414.0,415.0,flooding,flooding,flooding,high_id_cardinality_or_unknown_id_ratio,200,191,1.0,,,201.005
007_matrix_run_06_medium_spoof_high_flood,415,415.0,416.0,flooding,flooding,flooding,high_id_cardinality_or_unknown_id_ratio,200,184,0.995,,,201.005
007_matrix_run_06_medium_spoof_high_flood,416,416.0,417.0,flooding,flooding,flooding,high_id_cardinality_or_unknown_id_ratio,200,197,0.995,,,201.005
007_matrix_run_06_medium_spoof_high_flood,417,417.0,418.0,flooding,flooding,flooding,high_id_cardinality_or_unknown_id_ratio,200,191,1.0,,,201.005
007_matrix_run_06_medium_spoof_high_flood,418,418.0,419.0,flooding,flooding,flooding,high_id_cardinality_or_unknown_id_ratio,200,192,0.995,,,201.005
007_matrix_run_06_medium_spoof_high_flood,419,419.0,420.0,flooding,flooding,flooding,high_id_cardinality_or_unknown_id_ratio,200,189,1.0,,,201.005
007_matrix_run_06_medium_spoof_high_flood,420,420.0,421.0,recovery,normal,normal,no_rule_triggered,63,4,0.0,87.0,87.0,66.316
007_matrix_run_06_medium_spoof_high_flood,421,421.0,422.0,recovery,normal,normal,no_rule_triggered,62,4,0.0,87.0,86.85,65.263
007_matrix_run_06_medium_spoof_high_flood,422,422.0,423.0,recovery,normal,normal,no_rule_triggered,63,4,0.0,86.0,85.65,66.316
007_matrix_run_06_medium_spoof_high_flood,423,423.0,424.0,recovery,normal,normal,no_rule_triggered,62,4,0.0,85.0,84.1,65.263
007_matrix_run_06_medium_spoof_high_flood,424,424.0,425.0,recovery,normal,normal,no_rule_triggered,63,4,0.0,83.0,82.15,66.316
007_matrix_run_06_medium_spoof_high_flood,425,425.0,426.0,recovery,normal,normal,no_rule_triggered,62,4,0.0,81.0,80.2,65.263
007_matrix_run_06_medium_spoof_high_flood,426,426.0,427.0,recovery,normal,normal,no_rule_triggered,63,4,0.0,79.0,78.45,66.316
007_matrix_run_06_medium_spoof_high_flood,427,427.0,428.0,recovery,normal,normal,no_rule_triggered,62,4,0.0,78.0,77.2,65.263
007_matrix_run_06_medium_spoof_high_flood,428,428.0,429.0,recovery,normal,normal,no_rule_triggered,63,4,0.0,77.0,77.0,66.316
007_matrix_run_06_medium_spoof_high_flood,429,429.0,430.0,recovery,normal,normal,no_rule_triggered,62,4,0.0,77.0,77.0,65.263
007_matrix_run_06_medium_spoof_high_flood,430,430.0,431.0,recovery,normal,normal,no_rule_triggered,63,4,0.0,78.0,77.5,66.316
007_matrix_run_06_medium_spoof_high_flood,431,431.0,432.0,recovery,normal,normal,no_rule_triggered,62,4,0.0,80.0,78.9,65.263
007_matrix_run_06_medium_spoof_high_flood,432,432.0,433.0,recovery,normal,normal,no_rule_triggered,63,4,0.0,82.0,80.7,66.316
007_matrix_run_06_medium_spoof_high_flood,433,433.0,434.0,recovery,normal,normal,no_rule_triggered,62,4,0.0,84.0,82.7,65.263
007_matrix_run_06_medium_spoof_high_flood,434,434.0,435.0,recovery,normal,normal,no_rule_triggered,63,4,0.0,85.0,84.6,66.316
007_matrix_run_06_medium_spoof_high_flood,435,435.0,436.0,recovery,normal,normal,no_rule_triggered,62,4,0.0,87.0,86.1,65.263
007_matrix_run_06_medium_spoof_high_flood,436,436.0,437.0,recovery,normal,normal,no_rule_triggered,63,4,0.0,87.0,87.0,66.316
007_matrix_run_06_medium_spoof_high_flood,437,437.0,438.0,recovery,normal,normal,no_rule_triggered,62,4,0.0,87.0,87.0,65.263
007_matrix_run_06_medium_spoof_high_flood,438,438.0,439.0,recovery,normal,normal,no_rule_triggered,63,4,0.0,87.0,85.8,66.316
007_matrix_run_06_medium_spoof_high_flood,439,439.0,440.0,recovery,normal,normal,no_rule_triggered,62,4,0.0,85.0,83.9,65.263
007_matrix_run_06_medium_spoof_high_flood,440,440.0,441.0,recovery,normal,normal,no_rule_triggered,63,4,0.0,83.0,81.0,66.316
007_matrix_run_06_medium_spoof_high_flood,441,441.0,442.0,recovery,normal,normal,no_rule_triggered,62,4,0.0,79.0,77.3,65.263
007_matrix_run_06_medium_spoof_high_flood,442,442.0,443.0,recovery,normal,normal,no_rule_triggered,63,4,0.0,75.0,73.2,66.316
007_matrix_run_06_medium_spoof_high_flood,443,443.0,444.0,recovery,normal,normal,no_rule_triggered,62,4,0.0,71.0,68.9,65.263
007_matrix_run_06_medium_spoof_high_flood,444,444.0,445.0,recovery,normal,normal,no_rule_triggered,63,4,0.0,67.0,64.65,66.316
007_matrix_run_06_medium_spoof_high_flood,445,445.0,446.0,recovery,normal,normal,no_rule_triggered,62,4,0.0,63.0,60.75,65.263
007_matrix_run_06_medium_spoof_high_flood,446,446.0,447.0,recovery,normal,normal,no_rule_triggered,63,4,0.0,59.0,57.45,66.316
007_matrix_run_06_medium_spoof_high_flood,447,447.0,448.0,recovery,normal,normal,no_rule_triggered,62,4,0.0,56.0,54.95,65.263
007_matrix_run_06_medium_spoof_high_flood,448,448.0,449.0,recovery,normal,normal,no_rule_triggered,63,4,0.0,54.0,53.3,66.316
007_matrix_run_06_medium_spoof_high_flood,449,449.0,450.0,recovery,normal,normal,no_rule_triggered,62,4,0.0,53.0,52.4,65.263
007_matrix_run_06_medium_spoof_high_flood,450,450.0,451.0,recovery,normal,normal,no_rule_triggered,63,4,0.0,53.0,52.1,66.316
007_matrix_run_06_medium_spoof_high_flood,451,451.0,452.0,recovery,normal,normal,no_rule_triggered,62,4,0.0,53.0,53.0,65.263
007_matrix_run_06_medium_spoof_high_flood,452,452.0,453.0,recovery,normal,normal,no_rule_triggered,63,4,0.0,54.0,53.6,66.316
007_matrix_run_06_medium_spoof_high_flood,453,453.0,454.0,recovery,normal,normal,no_rule_triggered,62,4,0.0,55.0,54.25,65.263
007_matrix_run_06_medium_spoof_high_flood,454,454.0,455.0,recovery,normal,normal,no_rule_triggered,63,4,0.0,55.0,55.0,66.316
007_matrix_run_06_medium_spoof_high_flood,455,455.0,456.0,recovery,normal,normal,no_rule_triggered,62,4,0.0,55.0,55.0,65.263
007_matrix_run_06_medium_spoof_high_flood,456,456.0,457.0,recovery,normal,normal,no_rule_triggered,63,4,0.0,55.0,54.1,66.316
007_matrix_run_06_medium_spoof_high_flood,457,457.0,458.0,recovery,normal,normal,no_rule_triggered,62,4,0.0,53.0,52.6,65.263
007_matrix_run_06_medium_spoof_high_flood,458,458.0,459.0,recovery,normal,normal,no_rule_triggered,63,4,0.0,52.0,50.3,66.316
007_matrix_run_06_medium_spoof_high_flood,459,459.0,460.0,recovery,normal,normal,no_rule_triggered,62,4,0.0,49.0,47.45,65.263
007_matrix_run_06_medium_spoof_high_flood,460,460.0,461.0,recovery,normal,normal,no_rule_triggered,63,4,0.0,46.0,43.9,66.316
007_matrix_run_06_medium_spoof_high_flood,461,461.0,462.0,recovery,normal,normal,no_rule_triggered,62,4,0.0,42.0,40.2,65.263
007_matrix_run_06_medium_spoof_high_flood,462,462.0,463.0,recovery,normal,normal,no_rule_triggered,63,4,0.0,38.0,36.5,66.316
007_matrix_run_06_medium_spoof_high_flood,463,463.0,464.0,recovery,normal,normal,no_rule_triggered,62,4,0.0,35.0,33.1,65.263
007_matrix_run_06_medium_spoof_high_flood,464,464.0,465.0,recovery,normal,normal,no_rule_triggered,63,4,0.0,32.0,30.3,66.316
007_matrix_run_06_medium_spoof_high_flood,465,465.0,466.0,recovery,normal,normal,no_rule_triggered,62,4,0.0,29.0,28.35,65.263
007_matrix_run_06_medium_spoof_high_flood,466,466.0,467.0,recovery,normal,normal,no_rule_triggered,63,4,0.0,28.0,27.15,66.316
007_matrix_run_06_medium_spoof_high_flood,467,467.0,468.0,recovery,normal,normal,no_rule_triggered,62,4,0.0,28.0,27.15,65.263
007_matrix_run_06_medium_spoof_high_flood,468,468.0,469.0,recovery,normal,normal,no_rule_triggered,63,4,0.0,29.0,28.3,66.316
007_matrix_run_06_medium_spoof_high_flood,469,469.0,470.0,recovery,normal,normal,no_rule_triggered,62,4,0.0,31.0,30.05,65.263
007_matrix_run_06_medium_spoof_high_flood,470,470.0,471.0,recovery,normal,normal,no_rule_triggered,63,4,0.0,34.0,32.55,66.316
007_matrix_run_06_medium_spoof_high_flood,471,471.0,472.0,recovery,normal,normal,no_rule_triggered,62,4,0.0,37.0,35.35,65.263
007_matrix_run_06_medium_spoof_high_flood,472,472.0,473.0,recovery,normal,normal,no_rule_triggered,63,4,0.0,40.0,38.2,66.316
007_matrix_run_06_medium_spoof_high_flood,473,473.0,474.0,recovery,normal,normal,no_rule_triggered,62,4,0.0,42.0,41.0,65.263
007_matrix_run_06_medium_spoof_high_flood,474,474.0,475.0,recovery,normal,normal,no_rule_triggered,63,4,0.0,44.0,43.2,66.316
007_matrix_run_06_medium_spoof_high_flood,475,475.0,476.0,recovery,normal,normal,no_rule_triggered,62,4,0.0,45.0,44.75,65.263
007_matrix_run_06_medium_spoof_high_flood,476,476.0,477.0,recovery,normal,normal,no_rule_triggered,63,4,0.0,46.0,45.85,66.316
007_matrix_run_06_medium_spoof_high_flood,477,477.0,478.0,recovery,normal,normal,no_rule_triggered,62,4,0.0,46.0,46.0,65.263
007_matrix_run_06_medium_spoof_high_flood,478,478.0,479.0,recovery,normal,normal,no_rule_triggered,63,4,0.0,46.0,45.3,66.316
007_matrix_run_06_medium_spoof_high_flood,479,479.0,480.0,recovery,normal,normal,no_rule_triggered,62,4,0.0,45.0,44.4,65.263
007_matrix_run_06_medium_spoof_high_flood,480,480.0,481.0,recovery,normal,normal,no_rule_triggered,63,4,0.0,44.0,43.2,66.316
007_matrix_run_06_medium_spoof_high_flood,481,481.0,482.0,recovery,normal,normal,no_rule_triggered,62,4,0.0,43.0,42.05,65.263
007_matrix_run_06_medium_spoof_high_flood,482,482.0,483.0,recovery,normal,normal,no_rule_triggered,63,4,0.0,41.0,41.0,66.316
007_matrix_run_06_medium_spoof_high_flood,483,483.0,484.0,recovery,normal,normal,no_rule_triggered,62,4,0.0,41.0,41.0,65.263
007_matrix_run_06_medium_spoof_high_flood,484,484.0,485.0,recovery,normal,normal,no_rule_triggered,63,4,0.0,42.0,41.4,66.316
007_matrix_run_06_medium_spoof_high_flood,485,485.0,486.0,recovery,normal,normal,no_rule_triggered,62,4,0.0,44.0,42.85,65.263
007_matrix_run_06_medium_spoof_high_flood,486,486.0,487.0,recovery,normal,normal,no_rule_triggered,63,4,0.0,47.0,45.2,66.316
007_matrix_run_06_medium_spoof_high_flood,487,487.0,488.0,recovery,normal,normal,no_rule_triggered,62,4,0.0,50.0,48.4,65.263
007_matrix_run_06_medium_spoof_high_flood,488,488.0,489.0,recovery,normal,normal,no_rule_triggered,63,4,0.0,54.0,52.3,66.316
007_matrix_run_06_medium_spoof_high_flood,489,489.0,490.0,recovery,normal,normal,no_rule_triggered,62,4,0.0,59.0,56.7,65.263
007_matrix_run_06_medium_spoof_high_flood,490,490.0,491.0,recovery,normal,normal,no_rule_triggered,63,4,0.0,63.0,61.25,66.316
007_matrix_run_06_medium_spoof_high_flood,491,491.0,492.0,recovery,normal,normal,no_rule_triggered,62,4,0.0,68.0,65.75,65.263
007_matrix_run_06_medium_spoof_high_flood,492,492.0,493.0,recovery,normal,normal,no_rule_triggered,63,4,0.0,71.0,69.7,66.316
007_matrix_run_06_medium_spoof_high_flood,493,493.0,494.0,recovery,normal,normal,no_rule_triggered,62,4,0.0,74.0,73.1,65.263
007_matrix_run_06_medium_spoof_high_flood,494,494.0,495.0,recovery,normal,normal,no_rule_triggered,63,4,0.0,77.0,75.7,66.316
007_matrix_run_06_medium_spoof_high_flood,495,495.0,496.0,recovery,normal,normal,no_rule_triggered,62,4,0.0,78.0,77.4,65.263
007_matrix_run_06_medium_spoof_high_flood,496,496.0,497.0,recovery,normal,normal,no_rule_triggered,63,4,0.0,78.0,78.0,66.316
007_matrix_run_06_medium_spoof_high_flood,497,497.0,498.0,recovery,normal,normal,no_rule_triggered,62,4,0.0,78.0,78.0,65.263
007_matrix_run_06_medium_spoof_high_flood,498,498.0,499.0,recovery,normal,normal,no_rule_triggered,63,4,0.0,78.0,77.2,66.316
007_matrix_run_06_medium_spoof_high_flood,499,499.0,500.0,recovery,normal,normal,no_rule_triggered,62,4,0.0,77.0,76.2,65.263
007_matrix_run_06_medium_spoof_high_flood,500,500.0,501.0,recovery,normal,normal,no_rule_triggered,63,4,0.0,75.0,74.85,66.316
007_matrix_run_06_medium_spoof_high_flood,501,501.0,502.0,recovery,normal,normal,no_rule_triggered,62,4,0.0,74.0,73.95,65.263
007_matrix_run_06_medium_spoof_high_flood,502,502.0,503.0,recovery,normal,normal,no_rule_triggered,63,4,0.0,73.0,73.0,66.316
007_matrix_run_06_medium_spoof_high_flood,503,503.0,504.0,recovery,normal,normal,no_rule_triggered,62,4,0.0,73.0,73.0,65.263
007_matrix_run_06_medium_spoof_high_flood,504,504.0,505.0,recovery,normal,normal,no_rule_triggered,63,4,0.0,74.0,73.9,66.316
007_matrix_run_06_medium_spoof_high_flood,505,505.0,506.0,recovery,normal,normal,no_rule_triggered,62,4,0.0,76.0,75.4,65.263
007_matrix_run_06_medium_spoof_high_flood,506,506.0,507.0,recovery,normal,normal,no_rule_triggered,63,4,0.0,79.0,77.5,66.316
007_matrix_run_06_medium_spoof_high_flood,507,507.0,508.0,recovery,normal,normal,no_rule_triggered,62,4,0.0,81.0,80.05,65.263
007_matrix_run_06_medium_spoof_high_flood,508,508.0,509.0,recovery,normal,normal,no_rule_triggered,63,4,0.0,84.0,82.95,66.316
007_matrix_run_06_medium_spoof_high_flood,509,509.0,510.0,recovery,normal,normal,no_rule_triggered,62,4,0.0,87.0,85.8,65.263
007_matrix_run_06_medium_spoof_high_flood,510,510.0,511.0,recovery,normal,normal,no_rule_triggered,63,4,0.0,89.0,88.35,66.316
007_matrix_run_06_medium_spoof_high_flood,511,511.0,512.0,recovery,normal,normal,no_rule_triggered,62,4,0.0,91.0,90.45,65.263
007_matrix_run_06_medium_spoof_high_flood,512,512.0,513.0,recovery,normal,normal,no_rule_triggered,63,4,0.0,92.0,91.65,66.316
007_matrix_run_06_medium_spoof_high_flood,513,513.0,514.0,recovery,normal,normal,no_rule_triggered,62,4,0.0,92.0,92.0,65.263
007_matrix_run_06_medium_spoof_high_flood,514,514.0,515.0,recovery,normal,normal,no_rule_triggered,63,4,0.0,92.0,90.95,66.316
007_matrix_run_06_medium_spoof_high_flood,515,515.0,516.0,recovery,normal,normal,no_rule_triggered,62,4,0.0,90.0,89.2,65.263
007_matrix_run_06_medium_spoof_high_flood,516,516.0,517.0,recovery,normal,normal,no_rule_triggered,63,4,0.0,88.0,86.6,66.316
007_matrix_run_06_medium_spoof_high_flood,517,517.0,518.0,recovery,normal,normal,no_rule_triggered,62,4,0.0,85.0,83.35,65.263
007_matrix_run_06_medium_spoof_high_flood,518,518.0,519.0,recovery,normal,normal,no_rule_triggered,63,4,0.0,81.0,79.6,66.316
007_matrix_run_06_medium_spoof_high_flood,519,519.0,520.0,recovery,normal,normal,no_rule_triggered,62,4,0.0,78.0,75.9,65.263
007_matrix_run_06_medium_spoof_high_flood,520,520.0,521.0,recovery,normal,normal,no_rule_triggered,63,4,0.0,74.0,72.35,66.316
007_matrix_run_06_medium_spoof_high_flood,521,521.0,522.0,recovery,normal,normal,no_rule_triggered,62,4,0.0,71.0,69.2,65.263
007_matrix_run_06_medium_spoof_high_flood,522,522.0,523.0,recovery,normal,normal,no_rule_triggered,63,4,0.0,68.0,66.85,66.316
007_matrix_run_06_medium_spoof_high_flood,523,523.0,524.0,recovery,normal,normal,no_rule_triggered,62,4,0.0,66.0,65.25,65.263
007_matrix_run_06_medium_spoof_high_flood,524,524.0,525.0,recovery,normal,normal,no_rule_triggered,63,4,0.0,65.0,64.1,66.316
007_matrix_run_06_medium_spoof_high_flood,525,525.0,526.0,recovery,normal,normal,no_rule_triggered,62,4,0.0,64.0,64.0,65.263
007_matrix_run_06_medium_spoof_high_flood,526,526.0,527.0,recovery,normal,normal,no_rule_triggered,63,4,0.0,65.0,64.5,66.316
007_matrix_run_06_medium_spoof_high_flood,527,527.0,528.0,recovery,normal,normal,no_rule_triggered,62,4,0.0,66.0,65.15,65.263
007_matrix_run_06_medium_spoof_high_flood,528,528.0,529.0,recovery,normal,normal,no_rule_triggered,63,4,0.0,66.0,66.0,66.316
007_matrix_run_06_medium_spoof_high_flood,529,529.0,530.0,recovery,normal,normal,no_rule_triggered,62,4,0.0,67.0,66.65,65.263
007_matrix_run_06_medium_spoof_high_flood,530,530.0,531.0,recovery,normal,normal,no_rule_triggered,63,4,0.0,67.0,66.8,66.316
007_matrix_run_06_medium_spoof_high_flood,531,531.0,532.0,recovery,normal,normal,no_rule_triggered,62,4,0.0,66.0,65.9,65.263
007_matrix_run_06_medium_spoof_high_flood,532,532.0,533.0,recovery,normal,normal,no_rule_triggered,63,4,0.0,65.0,64.5,66.316
007_matrix_run_06_medium_spoof_high_flood,533,533.0,534.0,recovery,normal,normal,no_rule_triggered,62,4,0.0,63.0,62.15,65.263
007_matrix_run_06_medium_spoof_high_flood,534,534.0,535.0,recovery,normal,normal,no_rule_triggered,63,4,0.0,61.0,59.1,66.316
007_matrix_run_06_medium_spoof_high_flood,535,535.0,536.0,recovery,normal,normal,no_rule_triggered,62,4,0.0,57.0,55.3,65.263
007_matrix_run_06_medium_spoof_high_flood,536,536.0,537.0,recovery,normal,normal,no_rule_triggered,63,4,0.0,53.0,51.1,66.316
007_matrix_run_06_medium_spoof_high_flood,537,537.0,538.0,recovery,normal,normal,no_rule_triggered,62,4,0.0,49.0,46.75,65.263
007_matrix_run_06_medium_spoof_high_flood,538,538.0,539.0,recovery,normal,normal,no_rule_triggered,63,4,0.0,44.0,42.5,66.316
007_matrix_run_06_medium_spoof_high_flood,539,539.0,540.0,recovery,normal,normal,no_rule_triggered,62,4,0.0,40.0,38.7,65.263
007_matrix_run_06_medium_spoof_high_flood,540,540.0,541.0,recovery,normal,normal,no_rule_triggered,63,4,0.0,37.0,35.75,66.316
007_matrix_run_06_medium_spoof_high_flood,541,541.0,542.0,recovery,normal,normal,no_rule_triggered,62,4,0.0,34.0,33.5,65.263
007_matrix_run_06_medium_spoof_high_flood,542,542.0,543.0,recovery,normal,normal,no_rule_triggered,63,4,0.0,33.0,32.2,66.316
007_matrix_run_06_medium_spoof_high_flood,543,543.0,544.0,recovery,normal,normal,no_rule_triggered,62,4,0.0,32.0,32.0,65.263
007_matrix_run_06_medium_spoof_high_flood,544,544.0,545.0,recovery,normal,normal,no_rule_triggered,63,4,0.0,33.0,32.65,66.316
007_matrix_run_06_medium_spoof_high_flood,545,545.0,546.0,recovery,normal,normal,no_rule_triggered,62,4,0.0,35.0,34.0,65.263
007_matrix_run_06_medium_spoof_high_flood,546,546.0,547.0,recovery,normal,normal,no_rule_triggered,63,4,0.0,37.0,35.8,66.316
007_matrix_run_06_medium_spoof_high_flood,547,547.0,548.0,recovery,normal,normal,no_rule_triggered,62,4,0.0,39.0,37.8,65.263
007_matrix_run_06_medium_spoof_high_flood,548,548.0,549.0,recovery,normal,normal,no_rule_triggered,63,4,0.0,40.0,39.6,66.316
007_matrix_run_06_medium_spoof_high_flood,549,549.0,550.0,recovery,normal,normal,no_rule_triggered,62,4,0.0,42.0,41.3,65.263
007_matrix_run_06_medium_spoof_high_flood,550,550.0,551.0,recovery,normal,normal,no_rule_triggered,63,4,0.0,42.0,42.0,66.316
007_matrix_run_06_medium_spoof_high_flood,551,551.0,552.0,recovery,normal,normal,no_rule_triggered,62,4,0.0,42.0,42.0,65.263
007_matrix_run_06_medium_spoof_high_flood,552,552.0,553.0,recovery,normal,normal,no_rule_triggered,63,4,0.0,42.0,42.0,66.316
007_matrix_run_06_medium_spoof_high_flood,553,553.0,554.0,recovery,normal,normal,no_rule_triggered,62,4,0.0,42.0,40.8,65.263
007_matrix_run_06_medium_spoof_high_flood,554,554.0,555.0,recovery,normal,normal,no_rule_triggered,63,4,0.0,40.0,39.25,66.316
007_matrix_run_06_medium_spoof_high_flood,555,555.0,556.0,recovery,normal,normal,no_rule_triggered,62,4,0.0,38.0,37.3,65.263
007_matrix_run_06_medium_spoof_high_flood,556,556.0,557.0,recovery,normal,normal,no_rule_triggered,63,4,0.0,36.0,35.35,66.316
007_matrix_run_06_medium_spoof_high_flood,557,557.0,558.0,recovery,normal,normal,no_rule_triggered,62,4,0.0,34.0,33.55,65.263
007_matrix_run_06_medium_spoof_high_flood,558,558.0,559.0,recovery,normal,normal,no_rule_triggered,63,4,0.0,33.0,32.4,66.316
007_matrix_run_06_medium_spoof_high_flood,559,559.0,560.0,recovery,normal,normal,no_rule_triggered,62,4,0.0,32.0,32.0,65.263
007_matrix_run_06_medium_spoof_high_flood,560,560.0,561.0,recovery,normal,normal,no_rule_triggered,63,4,0.0,33.0,32.45,66.316
007_matrix_run_06_medium_spoof_high_flood,561,561.0,562.0,recovery,normal,normal,no_rule_triggered,62,4,0.0,35.0,34.0,65.263
007_matrix_run_06_medium_spoof_high_flood,562,562.0,563.0,recovery,normal,normal,no_rule_triggered,63,4,0.0,38.0,36.4,66.316
007_matrix_run_06_medium_spoof_high_flood,563,563.0,564.0,recovery,normal,normal,no_rule_triggered,62,4,0.0,41.0,39.6,65.263
007_matrix_run_06_medium_spoof_high_flood,564,564.0,565.0,recovery,normal,normal,no_rule_triggered,63,4,0.0,46.0,43.55,66.316
007_matrix_run_06_medium_spoof_high_flood,565,565.0,566.0,recovery,normal,normal,no_rule_triggered,62,4,0.0,50.0,47.85,65.263
007_matrix_run_06_medium_spoof_high_flood,566,566.0,567.0,recovery,normal,normal,no_rule_triggered,63,4,0.0,54.0,52.2,66.316
007_matrix_run_06_medium_spoof_high_flood,567,567.0,568.0,recovery,normal,normal,no_rule_triggered,62,4,0.0,58.0,56.3,65.263
007_matrix_run_06_medium_spoof_high_flood,568,568.0,569.0,recovery,normal,normal,no_rule_triggered,63,4,0.0,61.0,59.9,66.316
007_matrix_run_06_medium_spoof_high_flood,569,569.0,570.0,recovery,normal,normal,no_rule_triggered,62,4,0.0,64.0,62.9,65.263
007_matrix_run_06_medium_spoof_high_flood,570,570.0,571.0,recovery,normal,normal,no_rule_triggered,63,4,0.0,66.0,64.9,66.316
007_matrix_run_06_medium_spoof_high_flood,571,571.0,572.0,recovery,normal,normal,no_rule_triggered,62,4,0.0,67.0,66.05,65.263
007_matrix_run_06_medium_spoof_high_flood,572,572.0,573.0,recovery,normal,normal,no_rule_triggered,63,4,0.0,67.0,67.0,66.316
007_matrix_run_06_medium_spoof_high_flood,573,573.0,574.0,recovery,normal,normal,no_rule_triggered,62,4,0.0,67.0,66.4,65.263
007_matrix_run_06_medium_spoof_high_flood,574,574.0,575.0,recovery,normal,normal,no_rule_triggered,63,4,0.0,66.0,65.9,66.316
007_matrix_run_06_medium_spoof_high_flood,575,575.0,576.0,recovery,normal,normal,no_rule_triggered,62,4,0.0,65.0,65.0,65.263
007_matrix_run_06_medium_spoof_high_flood,576,576.0,577.0,recovery,normal,normal,no_rule_triggered,63,4,0.0,65.0,64.25,66.316
007_matrix_run_06_medium_spoof_high_flood,577,577.0,578.0,recovery,normal,normal,no_rule_triggered,62,4,0.0,64.0,64.0,65.263
007_matrix_run_06_medium_spoof_high_flood,578,578.0,579.0,recovery,normal,normal,no_rule_triggered,63,4,0.0,65.0,64.4,66.316
007_matrix_run_06_medium_spoof_high_flood,579,579.0,580.0,recovery,normal,normal,no_rule_triggered,62,4,0.0,66.0,65.5,65.263
007_matrix_run_06_medium_spoof_high_flood,580,580.0,581.0,recovery,normal,normal,no_rule_triggered,63,4,0.0,68.0,67.35,66.316
007_matrix_run_06_medium_spoof_high_flood,581,581.0,582.0,recovery,normal,normal,no_rule_triggered,62,4,0.0,71.0,69.95,65.263
007_matrix_run_06_medium_spoof_high_flood,582,582.0,583.0,recovery,normal,normal,no_rule_triggered,63,4,0.0,75.0,73.25,66.316
007_matrix_run_06_medium_spoof_high_flood,583,583.0,584.0,recovery,normal,normal,no_rule_triggered,62,4,0.0,79.0,76.8,65.263
007_matrix_run_06_medium_spoof_high_flood,584,584.0,585.0,recovery,normal,normal,no_rule_triggered,63,4,0.0,82.0,80.6,66.316
007_matrix_run_06_medium_spoof_high_flood,585,585.0,586.0,recovery,normal,normal,no_rule_triggered,62,4,0.0,86.0,84.2,65.263
007_matrix_run_06_medium_spoof_high_flood,586,586.0,587.0,recovery,normal,normal,no_rule_triggered,63,4,0.0,89.0,87.3,66.316
007_matrix_run_06_medium_spoof_high_flood,587,587.0,588.0,recovery,normal,normal,no_rule_triggered,62,4,0.0,91.0,89.75,65.263
007_matrix_run_06_medium_spoof_high_flood,588,588.0,589.0,recovery,normal,normal,no_rule_triggered,63,4,0.0,92.0,91.35,66.316
007_matrix_run_06_medium_spoof_high_flood,589,589.0,590.0,recovery,normal,normal,no_rule_triggered,62,4,0.0,92.0,92.0,65.263
007_matrix_run_06_medium_spoof_high_flood,590,590.0,591.0,recovery,normal,normal,no_rule_triggered,63,4,0.0,92.0,91.4,66.316
007_matrix_run_06_medium_spoof_high_flood,591,591.0,592.0,recovery,normal,normal,no_rule_triggered,62,4,0.0,91.0,89.95,65.263
007_matrix_run_06_medium_spoof_high_flood,592,592.0,593.0,recovery,normal,normal,no_rule_triggered,63,4,0.0,89.0,87.85,66.316
007_matrix_run_06_medium_spoof_high_flood,593,593.0,594.0,recovery,normal,normal,no_rule_triggered,62,4,0.0,86.0,85.05,65.263
007_matrix_run_06_medium_spoof_high_flood,594,594.0,595.0,recovery,normal,normal,no_rule_triggered,63,4,0.0,84.0,82.2,66.316
007_matrix_run_06_medium_spoof_high_flood,595,595.0,596.0,recovery,normal,normal,no_rule_triggered,62,4,0.0,81.0,79.4,65.263
007_matrix_run_06_medium_spoof_high_flood,596,596.0,597.0,recovery,normal,normal,no_rule_triggered,63,4,0.0,78.0,76.9,66.316
007_matrix_run_06_medium_spoof_high_flood,597,597.0,598.0,recovery,normal,normal,no_rule_triggered,62,4,0.0,76.0,74.9,65.263
007_matrix_run_06_medium_spoof_high_flood,598,598.0,599.0,recovery,normal,normal,no_rule_triggered,63,4,0.0,74.0,73.65,66.316
007_matrix_run_06_medium_spoof_high_flood,599,599.0,600.0,recovery,normal,normal,no_rule_triggered,62,4,0.0,73.0,73.0,65.263
007_matrix_run_07_high_spoof_low_flood,0,0.0,1.0,baseline,normal,normal,no_rule_triggered,63,4,0.0,64.0,61.7,66.316
007_matrix_run_07_high_spoof_low_flood,1,1.0,2.0,baseline,normal,normal,no_rule_triggered,62,4,0.0,68.0,66.05,65.263
007_matrix_run_07_high_spoof_low_flood,2,2.0,3.0,baseline,normal,normal,no_rule_triggered,63,4,0.0,72.0,70.05,66.316
007_matrix_run_07_high_spoof_low_flood,3,3.0,4.0,baseline,normal,normal,no_rule_triggered,62,4,0.0,75.0,73.4,65.263
007_matrix_run_07_high_spoof_low_flood,4,4.0,5.0,baseline,normal,normal,no_rule_triggered,63,4,0.0,77.0,75.9,66.316
007_matrix_run_07_high_spoof_low_flood,5,5.0,6.0,baseline,normal,normal,no_rule_triggered,62,4,0.0,78.0,77.45,65.263
007_matrix_run_07_high_spoof_low_flood,6,6.0,7.0,baseline,normal,normal,no_rule_triggered,63,4,0.0,78.0,78.0,66.316
007_matrix_run_07_high_spoof_low_flood,7,7.0,8.0,baseline,normal,normal,no_rule_triggered,62,4,0.0,78.0,78.0,65.263
007_matrix_run_07_high_spoof_low_flood,8,8.0,9.0,baseline,normal,normal,no_rule_triggered,63,4,0.0,78.0,77.15,66.316
007_matrix_run_07_high_spoof_low_flood,9,9.0,10.0,baseline,normal,normal,no_rule_triggered,62,4,0.0,77.0,76.0,65.263
007_matrix_run_07_high_spoof_low_flood,10,10.0,11.0,baseline,normal,normal,no_rule_triggered,63,4,0.0,75.0,74.75,66.316
007_matrix_run_07_high_spoof_low_flood,11,11.0,12.0,baseline,normal,normal,no_rule_triggered,62,4,0.0,74.0,73.85,65.263
007_matrix_run_07_high_spoof_low_flood,12,12.0,13.0,baseline,normal,normal,no_rule_triggered,63,4,0.0,73.0,73.0,66.316
007_matrix_run_07_high_spoof_low_flood,13,13.0,14.0,baseline,normal,normal,no_rule_triggered,62,4,0.0,73.0,73.0,65.263
007_matrix_run_07_high_spoof_low_flood,14,14.0,15.0,baseline,normal,normal,no_rule_triggered,63,4,0.0,75.0,74.1,66.316
007_matrix_run_07_high_spoof_low_flood,15,15.0,16.0,baseline,normal,normal,no_rule_triggered,62,4,0.0,76.0,75.5,65.263
007_matrix_run_07_high_spoof_low_flood,16,16.0,17.0,baseline,normal,normal,no_rule_triggered,63,4,0.0,79.0,77.7,66.316
007_matrix_run_07_high_spoof_low_flood,17,17.0,18.0,baseline,normal,normal,no_rule_triggered,62,4,0.0,82.0,80.35,65.263
007_matrix_run_07_high_spoof_low_flood,18,18.0,19.0,baseline,normal,normal,no_rule_triggered,63,4,0.0,85.0,83.2,66.316
007_matrix_run_07_high_spoof_low_flood,19,19.0,20.0,baseline,normal,normal,no_rule_triggered,62,4,0.0,87.0,86.05,65.263
007_matrix_run_07_high_spoof_low_flood,20,20.0,21.0,baseline,normal,normal,no_rule_triggered,63,4,0.0,90.0,88.6,66.316
007_matrix_run_07_high_spoof_low_flood,21,21.0,22.0,baseline,normal,normal,no_rule_triggered,62,4,0.0,91.0,90.55,65.263
007_matrix_run_07_high_spoof_low_flood,22,22.0,23.0,baseline,normal,normal,no_rule_triggered,63,4,0.0,92.0,91.7,66.316
007_matrix_run_07_high_spoof_low_flood,23,23.0,24.0,baseline,normal,normal,no_rule_triggered,62,4,0.0,92.0,92.0,65.263
007_matrix_run_07_high_spoof_low_flood,24,24.0,25.0,baseline,normal,normal,no_rule_triggered,63,4,0.0,91.0,90.8,66.316
007_matrix_run_07_high_spoof_low_flood,25,25.0,26.0,baseline,normal,normal,no_rule_triggered,62,4,0.0,90.0,89.05,65.263
007_matrix_run_07_high_spoof_low_flood,26,26.0,27.0,baseline,normal,normal,no_rule_triggered,63,4,0.0,88.0,86.3,66.316
007_matrix_run_07_high_spoof_low_flood,27,27.0,28.0,baseline,normal,normal,no_rule_triggered,62,4,0.0,85.0,82.95,65.263
007_matrix_run_07_high_spoof_low_flood,28,28.0,29.0,baseline,normal,normal,no_rule_triggered,63,4,0.0,81.0,79.35,66.316
007_matrix_run_07_high_spoof_low_flood,29,29.0,30.0,baseline,normal,normal,no_rule_triggered,62,4,0.0,77.0,75.55,65.263
007_matrix_run_07_high_spoof_low_flood,30,30.0,31.0,baseline,normal,normal,no_rule_triggered,63,4,0.0,74.0,72.05,66.316
007_matrix_run_07_high_spoof_low_flood,31,31.0,32.0,baseline,normal,normal,no_rule_triggered,62,4,0.0,70.0,69.0,65.263
007_matrix_run_07_high_spoof_low_flood,32,32.0,33.0,baseline,normal,normal,no_rule_triggered,63,4,0.0,68.0,66.65,66.316
007_matrix_run_07_high_spoof_low_flood,33,33.0,34.0,baseline,normal,normal,no_rule_triggered,62,4,0.0,66.0,65.15,65.263
007_matrix_run_07_high_spoof_low_flood,34,34.0,35.0,baseline,normal,normal,no_rule_triggered,63,4,0.0,65.0,64.05,66.316
007_matrix_run_07_high_spoof_low_flood,35,35.0,36.0,baseline,normal,normal,no_rule_triggered,62,4,0.0,64.0,64.0,65.263
007_matrix_run_07_high_spoof_low_flood,36,36.0,37.0,baseline,normal,normal,no_rule_triggered,63,4,0.0,65.0,64.6,66.316
007_matrix_run_07_high_spoof_low_flood,37,37.0,38.0,baseline,normal,normal,no_rule_triggered,62,4,0.0,66.0,65.25,65.263
007_matrix_run_07_high_spoof_low_flood,38,38.0,39.0,baseline,normal,normal,no_rule_triggered,63,4,0.0,66.0,66.0,66.316
007_matrix_run_07_high_spoof_low_flood,39,39.0,40.0,baseline,normal,normal,no_rule_triggered,62,4,0.0,67.0,66.75,65.263
007_matrix_run_07_high_spoof_low_flood,40,40.0,41.0,baseline,normal,normal,no_rule_triggered,63,4,0.0,67.0,66.75,66.316
007_matrix_run_07_high_spoof_low_flood,41,41.0,42.0,baseline,normal,normal,no_rule_triggered,62,4,0.0,66.0,65.8,65.263
007_matrix_run_07_high_spoof_low_flood,42,42.0,43.0,baseline,normal,normal,no_rule_triggered,63,4,0.0,65.0,64.35,66.316
007_matrix_run_07_high_spoof_low_flood,43,43.0,44.0,baseline,normal,normal,no_rule_triggered,62,4,0.0,63.0,61.95,65.263
007_matrix_run_07_high_spoof_low_flood,44,44.0,45.0,baseline,normal,normal,no_rule_triggered,63,4,0.0,60.0,58.75,66.316
007_matrix_run_07_high_spoof_low_flood,45,45.0,46.0,baseline,normal,normal,no_rule_triggered,62,4,0.0,57.0,54.9,65.263
007_matrix_run_07_high_spoof_low_flood,46,46.0,47.0,baseline,normal,normal,no_rule_triggered,63,4,0.0,53.0,50.75,66.316
007_matrix_run_07_high_spoof_low_flood,47,47.0,48.0,baseline,normal,normal,no_rule_triggered,62,4,0.0,48.0,46.35,65.263
007_matrix_run_07_high_spoof_low_flood,48,48.0,49.0,baseline,normal,normal,no_rule_triggered,63,4,0.0,44.0,42.15,66.316
007_matrix_run_07_high_spoof_low_flood,49,49.0,50.0,baseline,normal,normal,no_rule_triggered,62,4,0.0,40.0,38.5,65.263
007_matrix_run_07_high_spoof_low_flood,50,50.0,51.0,baseline,normal,normal,no_rule_triggered,63,4,0.0,37.0,35.45,66.316
007_matrix_run_07_high_spoof_low_flood,51,51.0,52.0,baseline,normal,normal,no_rule_triggered,62,4,0.0,34.0,33.4,65.263
007_matrix_run_07_high_spoof_low_flood,52,52.0,53.0,baseline,normal,normal,no_rule_triggered,63,4,0.0,33.0,32.1,66.316
007_matrix_run_07_high_spoof_low_flood,53,53.0,54.0,baseline,normal,normal,no_rule_triggered,62,4,0.0,32.0,32.0,65.263
007_matrix_run_07_high_spoof_low_flood,54,54.0,55.0,baseline,normal,normal,no_rule_triggered,63,4,0.0,33.0,32.75,66.316
007_matrix_run_07_high_spoof_low_flood,55,55.0,56.0,baseline,normal,normal,no_rule_triggered,62,4,0.0,35.0,34.2,65.263
007_matrix_run_07_high_spoof_low_flood,56,56.0,57.0,baseline,normal,normal,no_rule_triggered,63,4,0.0,37.0,36.0,66.316
007_matrix_run_07_high_spoof_low_flood,57,57.0,58.0,baseline,normal,normal,no_rule_triggered,62,4,0.0,39.0,38.0,65.263
007_matrix_run_07_high_spoof_low_flood,58,58.0,59.0,baseline,normal,normal,no_rule_triggered,63,4,0.0,41.0,39.8,66.316
007_matrix_run_07_high_spoof_low_flood,59,59.0,60.0,baseline,normal,normal,no_rule_triggered,62,4,0.0,42.0,41.4,65.263
007_matrix_run_07_high_spoof_low_flood,60,60.0,61.0,baseline,normal,normal,no_rule_triggered,63,4,0.0,42.0,42.0,66.316
007_matrix_run_07_high_spoof_low_flood,61,61.0,62.0,baseline,normal,normal,no_rule_triggered,62,4,0.0,42.0,42.0,65.263
007_matrix_run_07_high_spoof_low_flood,62,62.0,63.0,baseline,normal,normal,no_rule_triggered,63,4,0.0,42.0,41.95,66.316
007_matrix_run_07_high_spoof_low_flood,63,63.0,64.0,baseline,normal,normal,no_rule_triggered,62,4,0.0,41.0,40.7,65.263
007_matrix_run_07_high_spoof_low_flood,64,64.0,65.0,baseline,normal,normal,no_rule_triggered,63,4,0.0,40.0,39.1,66.316
007_matrix_run_07_high_spoof_low_flood,65,65.0,66.0,baseline,normal,normal,no_rule_triggered,62,4,0.0,38.0,37.1,65.263
007_matrix_run_07_high_spoof_low_flood,66,66.0,67.0,baseline,normal,normal,no_rule_triggered,63,4,0.0,36.0,35.15,66.316
007_matrix_run_07_high_spoof_low_flood,67,67.0,68.0,baseline,normal,normal,no_rule_triggered,62,4,0.0,34.0,33.45,65.263
007_matrix_run_07_high_spoof_low_flood,68,68.0,69.0,baseline,normal,normal,no_rule_triggered,63,4,0.0,33.0,32.3,66.316
007_matrix_run_07_high_spoof_low_flood,69,69.0,70.0,baseline,normal,normal,no_rule_triggered,62,4,0.0,32.0,32.0,65.263
007_matrix_run_07_high_spoof_low_flood,70,70.0,71.0,baseline,normal,normal,no_rule_triggered,63,4,0.0,33.0,32.55,66.316
007_matrix_run_07_high_spoof_low_flood,71,71.0,72.0,baseline,normal,normal,no_rule_triggered,62,4,0.0,35.0,34.1,65.263
007_matrix_run_07_high_spoof_low_flood,72,72.0,73.0,baseline,normal,normal,no_rule_triggered,63,4,0.0,38.0,36.65,66.316
007_matrix_run_07_high_spoof_low_flood,73,73.0,74.0,baseline,normal,normal,no_rule_triggered,62,4,0.0,42.0,40.0,65.263
007_matrix_run_07_high_spoof_low_flood,74,74.0,75.0,baseline,normal,normal,no_rule_triggered,63,4,0.0,46.0,43.95,66.316
007_matrix_run_07_high_spoof_low_flood,75,75.0,76.0,baseline,normal,normal,no_rule_triggered,62,4,0.0,50.0,48.2,65.263
007_matrix_run_07_high_spoof_low_flood,76,76.0,77.0,baseline,normal,normal,no_rule_triggered,63,4,0.0,55.0,52.6,66.316
007_matrix_run_07_high_spoof_low_flood,77,77.0,78.0,baseline,normal,normal,no_rule_triggered,62,4,0.0,58.0,56.65,65.263
007_matrix_run_07_high_spoof_low_flood,78,78.0,79.0,baseline,normal,normal,no_rule_triggered,63,4,0.0,62.0,60.2,66.316
007_matrix_run_07_high_spoof_low_flood,79,79.0,80.0,baseline,normal,normal,no_rule_triggered,62,4,0.0,64.0,63.1,65.263
007_matrix_run_07_high_spoof_low_flood,80,80.0,81.0,baseline,normal,normal,no_rule_triggered,63,4,0.0,66.0,65.1,66.316
007_matrix_run_07_high_spoof_low_flood,81,81.0,82.0,baseline,normal,normal,no_rule_triggered,62,4,0.0,67.0,66.15,65.263
007_matrix_run_07_high_spoof_low_flood,82,82.0,83.0,baseline,normal,normal,no_rule_triggered,63,4,0.0,67.0,67.0,66.316
007_matrix_run_07_high_spoof_low_flood,83,83.0,84.0,baseline,normal,normal,no_rule_triggered,62,4,0.0,67.0,66.3,65.263
007_matrix_run_07_high_spoof_low_flood,84,84.0,85.0,baseline,normal,normal,no_rule_triggered,63,4,0.0,66.0,65.85,66.316
007_matrix_run_07_high_spoof_low_flood,85,85.0,86.0,baseline,normal,normal,no_rule_triggered,62,4,0.0,65.0,65.0,65.263
007_matrix_run_07_high_spoof_low_flood,86,86.0,87.0,baseline,normal,normal,no_rule_triggered,63,4,0.0,65.0,64.2,66.316
007_matrix_run_07_high_spoof_low_flood,87,87.0,88.0,baseline,normal,normal,no_rule_triggered,62,4,0.0,64.0,64.0,65.263
007_matrix_run_07_high_spoof_low_flood,88,88.0,89.0,baseline,normal,normal,no_rule_triggered,63,4,0.0,65.0,64.45,66.316
007_matrix_run_07_high_spoof_low_flood,89,89.0,90.0,baseline,normal,normal,no_rule_triggered,62,4,0.0,66.0,65.55,65.263
007_matrix_run_07_high_spoof_low_flood,90,90.0,91.0,baseline,normal,normal,no_rule_triggered,63,4,0.0,69.0,67.6,66.316
007_matrix_run_07_high_spoof_low_flood,91,91.0,92.0,baseline,normal,normal,no_rule_triggered,62,4,0.0,72.0,70.25,65.263
007_matrix_run_07_high_spoof_low_flood,92,92.0,93.0,baseline,normal,normal,no_rule_triggered,63,4,0.0,75.0,73.5,66.316
007_matrix_run_07_high_spoof_low_flood,93,93.0,94.0,baseline,normal,normal,no_rule_triggered,62,4,0.0,79.0,77.15,65.263
007_matrix_run_07_high_spoof_low_flood,94,94.0,95.0,baseline,normal,normal,no_rule_triggered,63,4,0.0,83.0,80.9,66.316
007_matrix_run_07_high_spoof_low_flood,95,95.0,96.0,baseline,normal,normal,no_rule_triggered,62,4,0.0,86.0,84.5,65.263
007_matrix_run_07_high_spoof_low_flood,96,96.0,97.0,baseline,normal,normal,no_rule_triggered,63,4,0.0,89.0,87.6,66.316
007_matrix_run_07_high_spoof_low_flood,97,97.0,98.0,baseline,normal,normal,no_rule_triggered,62,4,0.0,91.0,89.95,65.263
007_matrix_run_07_high_spoof_low_flood,98,98.0,99.0,baseline,normal,normal,no_rule_triggered,63,4,0.0,92.0,91.4,66.316
007_matrix_run_07_high_spoof_low_flood,99,99.0,100.0,baseline,normal,normal,no_rule_triggered,62,4,0.0,92.0,92.0,65.263
007_matrix_run_07_high_spoof_low_flood,100,100.0,101.0,baseline,normal,normal,no_rule_triggered,63,4,0.0,92.0,91.3,66.316
007_matrix_run_07_high_spoof_low_flood,101,101.0,102.0,baseline,normal,normal,no_rule_triggered,62,4,0.0,91.0,89.75,65.263
007_matrix_run_07_high_spoof_low_flood,102,102.0,103.0,baseline,normal,normal,no_rule_triggered,63,4,0.0,89.0,87.6,66.316
007_matrix_run_07_high_spoof_low_flood,103,103.0,104.0,baseline,normal,normal,no_rule_triggered,62,4,0.0,86.0,84.95,65.263
007_matrix_run_07_high_spoof_low_flood,104,104.0,105.0,baseline,normal,normal,no_rule_triggered,63,4,0.0,83.0,81.95,66.316
007_matrix_run_07_high_spoof_low_flood,105,105.0,106.0,baseline,normal,normal,no_rule_triggered,62,4,0.0,80.0,79.1,65.263
007_matrix_run_07_high_spoof_low_flood,106,106.0,107.0,baseline,normal,normal,no_rule_triggered,63,4,0.0,78.0,76.75,66.316
007_matrix_run_07_high_spoof_low_flood,107,107.0,108.0,baseline,normal,normal,no_rule_triggered,62,4,0.0,76.0,74.7,65.263
007_matrix_run_07_high_spoof_low_flood,108,108.0,109.0,baseline,normal,normal,no_rule_triggered,63,4,0.0,74.0,73.55,66.316
007_matrix_run_07_high_spoof_low_flood,109,109.0,110.0,baseline,normal,normal,no_rule_triggered,62,4,0.0,73.0,73.0,65.263
007_matrix_run_07_high_spoof_low_flood,110,110.0,111.0,baseline,normal,normal,no_rule_triggered,63,4,0.0,74.0,73.25,66.316
007_matrix_run_07_high_spoof_low_flood,111,111.0,112.0,baseline,normal,normal,no_rule_triggered,62,4,0.0,75.0,74.2,65.263
007_matrix_run_07_high_spoof_low_flood,112,112.0,113.0,baseline,normal,normal,no_rule_triggered,63,4,0.0,76.0,75.35,66.316
007_matrix_run_07_high_spoof_low_flood,113,113.0,114.0,baseline,normal,normal,no_rule_triggered,62,4,0.0,77.0,76.55,65.263
007_matrix_run_07_high_spoof_low_flood,114,114.0,115.0,baseline,normal,normal,no_rule_triggered,63,4,0.0,78.0,77.55,66.316
007_matrix_run_07_high_spoof_low_flood,115,115.0,116.0,baseline,normal,normal,no_rule_triggered,62,4,0.0,78.0,78.0,65.263
007_matrix_run_07_high_spoof_low_flood,116,116.0,117.0,baseline,normal,normal,no_rule_triggered,63,4,0.0,78.0,78.0,66.316
007_matrix_run_07_high_spoof_low_flood,117,117.0,118.0,baseline,normal,normal,no_rule_triggered,62,4,0.0,78.0,76.8,65.263
007_matrix_run_07_high_spoof_low_flood,118,118.0,119.0,baseline,normal,normal,no_rule_triggered,63,4,0.0,76.0,74.95,66.316
007_matrix_run_07_high_spoof_low_flood,119,119.0,120.0,baseline,normal,normal,no_rule_triggered,62,4,0.0,74.0,72.1,65.263
007_matrix_run_07_high_spoof_low_flood,120,120.0,121.0,baseline,normal,normal,no_rule_triggered,63,4,0.0,70.0,68.5,66.316
007_matrix_run_07_high_spoof_low_flood,121,121.0,122.0,baseline,normal,normal,no_rule_triggered,62,4,0.0,66.0,64.2,65.263
007_matrix_run_07_high_spoof_low_flood,122,122.0,123.0,baseline,normal,normal,no_rule_triggered,63,4,0.0,62.0,59.75,66.316
007_matrix_run_07_high_spoof_low_flood,123,123.0,124.0,baseline,normal,normal,no_rule_triggered,62,4,0.0,57.0,55.2,65.263
007_matrix_run_07_high_spoof_low_flood,124,124.0,125.0,baseline,normal,normal,no_rule_triggered,63,4,0.0,53.0,50.9,66.316
007_matrix_run_07_high_spoof_low_flood,125,125.0,126.0,baseline,normal,normal,no_rule_triggered,62,4,0.0,49.0,47.25,65.263
007_matrix_run_07_high_spoof_low_flood,126,126.0,127.0,baseline,normal,normal,no_rule_triggered,63,4,0.0,46.0,44.3,66.316
007_matrix_run_07_high_spoof_low_flood,127,127.0,128.0,baseline,normal,normal,no_rule_triggered,62,4,0.0,43.0,42.35,65.263
007_matrix_run_07_high_spoof_low_flood,128,128.0,129.0,baseline,normal,normal,no_rule_triggered,63,4,0.0,42.0,41.05,66.316
007_matrix_run_07_high_spoof_low_flood,129,129.0,130.0,baseline,normal,normal,no_rule_triggered,62,4,0.0,41.0,41.0,65.263
007_matrix_run_07_high_spoof_low_flood,130,130.0,131.0,baseline,normal,normal,no_rule_triggered,63,4,0.0,42.0,41.35,66.316
007_matrix_run_07_high_spoof_low_flood,131,131.0,132.0,baseline,normal,normal,no_rule_triggered,62,4,0.0,43.0,42.4,65.263
007_matrix_run_07_high_spoof_low_flood,132,132.0,133.0,baseline,normal,normal,no_rule_triggered,63,4,0.0,44.0,43.55,66.316
007_matrix_run_07_high_spoof_low_flood,133,133.0,134.0,baseline,normal,normal,no_rule_triggered,62,4,0.0,45.0,44.7,65.263
007_matrix_run_07_high_spoof_low_flood,134,134.0,135.0,baseline,normal,normal,no_rule_triggered,63,4,0.0,46.0,45.65,66.316
007_matrix_run_07_high_spoof_low_flood,135,135.0,136.0,baseline,normal,normal,no_rule_triggered,62,4,0.0,46.0,46.0,65.263
007_matrix_run_07_high_spoof_low_flood,136,136.0,137.0,baseline,normal,normal,no_rule_triggered,63,4,0.0,46.0,45.5,66.316
007_matrix_run_07_high_spoof_low_flood,137,137.0,138.0,baseline,normal,normal,no_rule_triggered,62,4,0.0,45.0,44.4,65.263
007_matrix_run_07_high_spoof_low_flood,138,138.0,139.0,baseline,normal,normal,no_rule_triggered,63,4,0.0,43.0,42.45,66.316
007_matrix_run_07_high_spoof_low_flood,139,139.0,140.0,baseline,normal,normal,no_rule_triggered,62,4,0.0,41.0,40.1,65.263
007_matrix_run_07_high_spoof_low_flood,140,140.0,141.0,baseline,normal,normal,no_rule_triggered,63,4,0.0,39.0,37.35,66.316
007_matrix_run_07_high_spoof_low_flood,141,141.0,142.0,baseline,normal,normal,no_rule_triggered,62,4,0.0,36.0,34.35,65.263
007_matrix_run_07_high_spoof_low_flood,142,142.0,143.0,baseline,normal,normal,no_rule_triggered,63,4,0.0,33.0,31.65,66.316
007_matrix_run_07_high_spoof_low_flood,143,143.0,144.0,baseline,normal,normal,no_rule_triggered,62,4,0.0,30.0,29.45,65.263
007_matrix_run_07_high_spoof_low_flood,144,144.0,145.0,baseline,normal,normal,no_rule_triggered,63,4,0.0,28.0,27.8,66.316
007_matrix_run_07_high_spoof_low_flood,145,145.0,146.0,baseline,normal,normal,no_rule_triggered,62,4,0.0,27.0,27.0,65.263
007_matrix_run_07_high_spoof_low_flood,146,146.0,147.0,baseline,normal,normal,no_rule_triggered,63,4,0.0,28.0,27.5,66.316
007_matrix_run_07_high_spoof_low_flood,147,147.0,148.0,baseline,normal,normal,no_rule_triggered,62,4,0.0,30.0,28.85,65.263
007_matrix_run_07_high_spoof_low_flood,148,148.0,149.0,baseline,normal,normal,no_rule_triggered,63,4,0.0,33.0,31.15,66.316
007_matrix_run_07_high_spoof_low_flood,149,149.0,150.0,baseline,normal,normal,no_rule_triggered,62,4,0.0,36.0,34.2,65.263
007_matrix_run_07_high_spoof_low_flood,150,150.0,151.0,baseline,normal,normal,no_rule_triggered,63,4,0.0,40.0,37.75,66.316
007_matrix_run_07_high_spoof_low_flood,151,151.0,152.0,baseline,normal,normal,no_rule_triggered,62,4,0.0,43.0,41.5,65.263
007_matrix_run_07_high_spoof_low_flood,152,152.0,153.0,baseline,normal,normal,no_rule_triggered,63,4,0.0,47.0,45.15,66.316
007_matrix_run_07_high_spoof_low_flood,153,153.0,154.0,baseline,normal,normal,no_rule_triggered,62,4,0.0,50.0,48.45,65.263
007_matrix_run_07_high_spoof_low_flood,154,154.0,155.0,baseline,normal,normal,no_rule_triggered,63,4,0.0,52.0,51.2,66.316
007_matrix_run_07_high_spoof_low_flood,155,155.0,156.0,baseline,normal,normal,no_rule_triggered,62,4,0.0,54.0,53.25,65.263
007_matrix_run_07_high_spoof_low_flood,156,156.0,157.0,baseline,normal,normal,no_rule_triggered,63,4,0.0,55.0,54.45,66.316
007_matrix_run_07_high_spoof_low_flood,157,157.0,158.0,baseline,normal,normal,no_rule_triggered,62,4,0.0,55.0,55.0,65.263
007_matrix_run_07_high_spoof_low_flood,158,158.0,159.0,baseline,normal,normal,no_rule_triggered,63,4,0.0,55.0,54.9,66.316
007_matrix_run_07_high_spoof_low_flood,159,159.0,160.0,baseline,normal,normal,no_rule_triggered,62,4,0.0,54.0,54.0,65.263
007_matrix_run_07_high_spoof_low_flood,160,160.0,161.0,baseline,normal,normal,no_rule_triggered,63,4,0.0,54.0,53.25,66.316
007_matrix_run_07_high_spoof_low_flood,161,161.0,162.0,baseline,normal,normal,no_rule_triggered,62,4,0.0,53.0,52.8,65.263
007_matrix_run_07_high_spoof_low_flood,162,162.0,163.0,baseline,normal,normal,no_rule_triggered,63,4,0.0,52.0,52.0,66.316
007_matrix_run_07_high_spoof_low_flood,163,163.0,164.0,baseline,normal,normal,no_rule_triggered,62,4,0.0,53.0,52.75,65.263
007_matrix_run_07_high_spoof_low_flood,164,164.0,165.0,baseline,normal,normal,no_rule_triggered,63,4,0.0,55.0,53.7,66.316
007_matrix_run_07_high_spoof_low_flood,165,165.0,166.0,baseline,normal,normal,no_rule_triggered,62,4,0.0,57.0,55.7,65.263
007_matrix_run_07_high_spoof_low_flood,166,166.0,167.0,baseline,normal,normal,no_rule_triggered,63,4,0.0,60.0,58.5,66.316
007_matrix_run_07_high_spoof_low_flood,167,167.0,168.0,baseline,normal,normal,no_rule_triggered,62,4,0.0,64.0,62.0,65.263
007_matrix_run_07_high_spoof_low_flood,168,168.0,169.0,baseline,normal,normal,no_rule_triggered,63,4,0.0,68.0,66.05,66.316
007_matrix_run_07_high_spoof_low_flood,169,169.0,170.0,baseline,normal,normal,no_rule_triggered,62,4,0.0,72.0,70.35,65.263
007_matrix_run_07_high_spoof_low_flood,170,170.0,171.0,baseline,normal,normal,no_rule_triggered,63,4,0.0,77.0,74.7,66.316
007_matrix_run_07_high_spoof_low_flood,171,171.0,172.0,baseline,normal,normal,no_rule_triggered,62,4,0.0,80.0,78.65,65.263
007_matrix_run_07_high_spoof_low_flood,172,172.0,173.0,baseline,normal,normal,no_rule_triggered,63,4,0.0,83.0,82.05,66.316
007_matrix_run_07_high_spoof_low_flood,173,173.0,174.0,baseline,normal,normal,no_rule_triggered,62,4,0.0,86.0,84.7,65.263
007_matrix_run_07_high_spoof_low_flood,174,174.0,175.0,baseline,normal,normal,no_rule_triggered,63,4,0.0,87.0,86.35,66.316
007_matrix_run_07_high_spoof_low_flood,175,175.0,176.0,baseline,normal,normal,no_rule_triggered,62,4,0.0,87.0,87.0,65.263
007_matrix_run_07_high_spoof_low_flood,176,176.0,177.0,baseline,normal,normal,no_rule_triggered,63,4,0.0,87.0,86.8,66.316
007_matrix_run_07_high_spoof_low_flood,177,177.0,178.0,baseline,normal,normal,no_rule_triggered,62,4,0.0,86.0,85.6,65.263
007_matrix_run_07_high_spoof_low_flood,178,178.0,179.0,baseline,normal,normal,no_rule_triggered,63,4,0.0,85.0,84.05,66.316
007_matrix_run_07_high_spoof_low_flood,179,179.0,180.0,baseline,normal,normal,no_rule_triggered,62,4,0.0,83.0,82.1,65.263
007_matrix_run_07_high_spoof_low_flood,180,180.0,181.0,spoofing,spoofing,spoofing,decoded_speed_threshold_exceeded,105,3,0.0,240.0,224.28,107.143
007_matrix_run_07_high_spoof_low_flood,181,181.0,182.0,spoofing,spoofing,spoofing,decoded_speed_threshold_exceeded,105,3,0.0,239.0,225.1,107.143
007_matrix_run_07_high_spoof_low_flood,182,182.0,183.0,spoofing,spoofing,spoofing,decoded_speed_threshold_exceeded,105,3,0.0,240.0,223.58,107.143
007_matrix_run_07_high_spoof_low_flood,183,183.0,184.0,spoofing,spoofing,spoofing,decoded_speed_threshold_exceeded,105,3,0.0,238.0,223.6,107.143
007_matrix_run_07_high_spoof_low_flood,184,184.0,185.0,spoofing,spoofing,spoofing,decoded_speed_threshold_exceeded,105,3,0.0,239.0,224.52,107.143
007_matrix_run_07_high_spoof_low_flood,185,185.0,186.0,spoofing,spoofing,spoofing,decoded_speed_threshold_exceeded,105,3,0.0,240.0,226.16,107.143
007_matrix_run_07_high_spoof_low_flood,186,186.0,187.0,spoofing,spoofing,spoofing,decoded_speed_threshold_exceeded,105,3,0.0,240.0,225.5,107.143
007_matrix_run_07_high_spoof_low_flood,187,187.0,188.0,spoofing,spoofing,spoofing,decoded_speed_threshold_exceeded,105,3,0.0,239.0,224.04,107.143
007_matrix_run_07_high_spoof_low_flood,188,188.0,189.0,spoofing,spoofing,spoofing,decoded_speed_threshold_exceeded,105,3,0.0,240.0,227.0,107.143
007_matrix_run_07_high_spoof_low_flood,189,189.0,190.0,spoofing,spoofing,spoofing,decoded_speed_threshold_exceeded,105,3,0.0,240.0,225.94,107.143
007_matrix_run_07_high_spoof_low_flood,190,190.0,191.0,spoofing,spoofing,spoofing,decoded_speed_threshold_exceeded,105,3,0.0,240.0,224.54,107.143
007_matrix_run_07_high_spoof_low_flood,191,191.0,192.0,spoofing,spoofing,spoofing,decoded_speed_threshold_exceeded,105,3,0.0,239.0,224.62,107.143
007_matrix_run_07_high_spoof_low_flood,192,192.0,193.0,spoofing,spoofing,spoofing,decoded_speed_threshold_exceeded,105,3,0.0,240.0,225.14,107.143
007_matrix_run_07_high_spoof_low_flood,193,193.0,194.0,spoofing,spoofing,spoofing,decoded_speed_threshold_exceeded,105,3,0.0,240.0,224.92,107.143
007_matrix_run_07_high_spoof_low_flood,194,194.0,195.0,spoofing,spoofing,spoofing,decoded_speed_threshold_exceeded,105,3,0.0,240.0,225.48,107.143
007_matrix_run_07_high_spoof_low_flood,195,195.0,196.0,spoofing,spoofing,spoofing,decoded_speed_threshold_exceeded,105,3,0.0,240.0,226.02,107.143
007_matrix_run_07_high_spoof_low_flood,196,196.0,197.0,spoofing,spoofing,spoofing,decoded_speed_threshold_exceeded,105,3,0.0,240.0,224.02,107.143
007_matrix_run_07_high_spoof_low_flood,197,197.0,198.0,spoofing,spoofing,spoofing,decoded_speed_threshold_exceeded,105,3,0.0,240.0,225.0,107.143
007_matrix_run_07_high_spoof_low_flood,198,198.0,199.0,spoofing,spoofing,spoofing,decoded_speed_threshold_exceeded,105,3,0.0,240.0,225.44,107.143
007_matrix_run_07_high_spoof_low_flood,199,199.0,200.0,spoofing,spoofing,spoofing,decoded_speed_threshold_exceeded,105,3,0.0,240.0,227.72,107.143
007_matrix_run_07_high_spoof_low_flood,200,200.0,201.0,spoofing,spoofing,spoofing,decoded_speed_threshold_exceeded,105,3,0.0,239.0,226.44,107.143
007_matrix_run_07_high_spoof_low_flood,201,201.0,202.0,spoofing,spoofing,spoofing,decoded_speed_threshold_exceeded,105,3,0.0,240.0,227.66,107.143
007_matrix_run_07_high_spoof_low_flood,202,202.0,203.0,spoofing,spoofing,spoofing,decoded_speed_threshold_exceeded,105,3,0.0,240.0,223.24,107.143
007_matrix_run_07_high_spoof_low_flood,203,203.0,204.0,spoofing,spoofing,spoofing,decoded_speed_threshold_exceeded,105,3,0.0,240.0,223.56,107.143
007_matrix_run_07_high_spoof_low_flood,204,204.0,205.0,spoofing,spoofing,spoofing,decoded_speed_threshold_exceeded,105,3,0.0,239.0,224.36,107.143
007_matrix_run_07_high_spoof_low_flood,205,205.0,206.0,spoofing,spoofing,spoofing,decoded_speed_threshold_exceeded,105,3,0.0,238.0,223.5,107.143
007_matrix_run_07_high_spoof_low_flood,206,206.0,207.0,spoofing,spoofing,spoofing,decoded_speed_threshold_exceeded,105,3,0.0,240.0,225.88,107.143
007_matrix_run_07_high_spoof_low_flood,207,207.0,208.0,spoofing,spoofing,spoofing,decoded_speed_threshold_exceeded,105,3,0.0,238.0,223.0,107.143
007_matrix_run_07_high_spoof_low_flood,208,208.0,209.0,spoofing,spoofing,spoofing,decoded_speed_threshold_exceeded,105,3,0.0,239.0,224.46,107.143
007_matrix_run_07_high_spoof_low_flood,209,209.0,210.0,spoofing,spoofing,spoofing,decoded_speed_threshold_exceeded,105,3,0.0,240.0,225.76,107.143
007_matrix_run_07_high_spoof_low_flood,210,210.0,211.0,spoofing,spoofing,spoofing,decoded_speed_threshold_exceeded,105,3,0.0,239.0,223.64,107.143
007_matrix_run_07_high_spoof_low_flood,211,211.0,212.0,spoofing,spoofing,spoofing,decoded_speed_threshold_exceeded,105,3,0.0,240.0,225.04,107.143
007_matrix_run_07_high_spoof_low_flood,212,212.0,213.0,spoofing,spoofing,spoofing,decoded_speed_threshold_exceeded,105,3,0.0,240.0,224.36,107.143
007_matrix_run_07_high_spoof_low_flood,213,213.0,214.0,spoofing,spoofing,spoofing,decoded_speed_threshold_exceeded,105,3,0.0,240.0,223.24,107.143
007_matrix_run_07_high_spoof_low_flood,214,214.0,215.0,spoofing,spoofing,spoofing,decoded_speed_threshold_exceeded,105,3,0.0,240.0,224.98,107.143
007_matrix_run_07_high_spoof_low_flood,215,215.0,216.0,spoofing,spoofing,spoofing,decoded_speed_threshold_exceeded,105,3,0.0,240.0,226.08,107.143
007_matrix_run_07_high_spoof_low_flood,216,216.0,217.0,spoofing,spoofing,spoofing,decoded_speed_threshold_exceeded,105,3,0.0,240.0,225.08,107.143
007_matrix_run_07_high_spoof_low_flood,217,217.0,218.0,spoofing,spoofing,spoofing,decoded_speed_threshold_exceeded,105,3,0.0,240.0,225.6,107.143
007_matrix_run_07_high_spoof_low_flood,218,218.0,219.0,spoofing,spoofing,spoofing,decoded_speed_threshold_exceeded,105,3,0.0,240.0,225.8,107.143
007_matrix_run_07_high_spoof_low_flood,219,219.0,220.0,spoofing,spoofing,spoofing,decoded_speed_threshold_exceeded,105,3,0.0,240.0,224.14,107.143
007_matrix_run_07_high_spoof_low_flood,220,220.0,221.0,spoofing,spoofing,spoofing,decoded_speed_threshold_exceeded,105,3,0.0,240.0,225.96,107.143
007_matrix_run_07_high_spoof_low_flood,221,221.0,222.0,spoofing,spoofing,spoofing,decoded_speed_threshold_exceeded,105,3,0.0,240.0,224.14,107.143
007_matrix_run_07_high_spoof_low_flood,222,222.0,223.0,spoofing,spoofing,spoofing,decoded_speed_threshold_exceeded,105,3,0.0,240.0,226.86,107.143
007_matrix_run_07_high_spoof_low_flood,223,223.0,224.0,spoofing,spoofing,spoofing,decoded_speed_threshold_exceeded,105,3,0.0,240.0,223.76,107.143
007_matrix_run_07_high_spoof_low_flood,224,224.0,225.0,spoofing,spoofing,spoofing,decoded_speed_threshold_exceeded,105,3,0.0,240.0,224.64,107.143
007_matrix_run_07_high_spoof_low_flood,225,225.0,226.0,spoofing,spoofing,spoofing,decoded_speed_threshold_exceeded,105,3,0.0,239.0,222.56,107.143
007_matrix_run_07_high_spoof_low_flood,226,226.0,227.0,spoofing,spoofing,spoofing,decoded_speed_threshold_exceeded,105,3,0.0,240.0,226.16,107.143
007_matrix_run_07_high_spoof_low_flood,227,227.0,228.0,spoofing,spoofing,spoofing,decoded_speed_threshold_exceeded,105,3,0.0,240.0,225.72,107.143
007_matrix_run_07_high_spoof_low_flood,228,228.0,229.0,spoofing,spoofing,spoofing,decoded_speed_threshold_exceeded,105,3,0.0,240.0,226.38,107.143
007_matrix_run_07_high_spoof_low_flood,229,229.0,230.0,spoofing,spoofing,spoofing,decoded_speed_threshold_exceeded,105,3,0.0,240.0,225.08,107.143
007_matrix_run_07_high_spoof_low_flood,230,230.0,231.0,spoofing,spoofing,spoofing,decoded_speed_threshold_exceeded,105,3,0.0,240.0,226.72,107.143
007_matrix_run_07_high_spoof_low_flood,231,231.0,232.0,spoofing,spoofing,spoofing,decoded_speed_threshold_exceeded,105,3,0.0,240.0,224.88,107.143
007_matrix_run_07_high_spoof_low_flood,232,232.0,233.0,spoofing,spoofing,spoofing,decoded_speed_threshold_exceeded,105,3,0.0,240.0,226.82,107.143
007_matrix_run_07_high_spoof_low_flood,233,233.0,234.0,spoofing,spoofing,spoofing,decoded_speed_threshold_exceeded,105,3,0.0,240.0,224.66,107.143
007_matrix_run_07_high_spoof_low_flood,234,234.0,235.0,spoofing,spoofing,spoofing,decoded_speed_threshold_exceeded,105,3,0.0,240.0,224.26,107.143
007_matrix_run_07_high_spoof_low_flood,235,235.0,236.0,spoofing,spoofing,spoofing,decoded_speed_threshold_exceeded,105,3,0.0,240.0,225.42,107.143
007_matrix_run_07_high_spoof_low_flood,236,236.0,237.0,spoofing,spoofing,spoofing,decoded_speed_threshold_exceeded,105,3,0.0,240.0,225.52,107.143
007_matrix_run_07_high_spoof_low_flood,237,237.0,238.0,spoofing,spoofing,spoofing,decoded_speed_threshold_exceeded,105,3,0.0,240.0,224.78,107.143
007_matrix_run_07_high_spoof_low_flood,238,238.0,239.0,spoofing,spoofing,spoofing,decoded_speed_threshold_exceeded,105,3,0.0,240.0,224.12,107.143
007_matrix_run_07_high_spoof_low_flood,239,239.0,240.0,spoofing,spoofing,spoofing,decoded_speed_threshold_exceeded,105,3,0.0,240.0,225.16,107.143
007_matrix_run_07_high_spoof_low_flood,240,240.0,241.0,spoofing,spoofing,spoofing,decoded_speed_threshold_exceeded,105,3,0.0,239.0,222.78,107.143
007_matrix_run_07_high_spoof_low_flood,241,241.0,242.0,spoofing,spoofing,spoofing,decoded_speed_threshold_exceeded,105,3,0.0,240.0,225.86,107.143
007_matrix_run_07_high_spoof_low_flood,242,242.0,243.0,spoofing,spoofing,spoofing,decoded_speed_threshold_exceeded,105,3,0.0,240.0,225.02,107.143
007_matrix_run_07_high_spoof_low_flood,243,243.0,244.0,spoofing,spoofing,spoofing,decoded_speed_threshold_exceeded,105,3,0.0,240.0,225.12,107.143
007_matrix_run_07_high_spoof_low_flood,244,244.0,245.0,spoofing,spoofing,spoofing,decoded_speed_threshold_exceeded,105,3,0.0,240.0,223.96,107.143
007_matrix_run_07_high_spoof_low_flood,245,245.0,246.0,spoofing,spoofing,spoofing,decoded_speed_threshold_exceeded,105,3,0.0,240.0,225.88,107.143
007_matrix_run_07_high_spoof_low_flood,246,246.0,247.0,spoofing,spoofing,spoofing,decoded_speed_threshold_exceeded,105,3,0.0,240.0,224.3,107.143
007_matrix_run_07_high_spoof_low_flood,247,247.0,248.0,spoofing,spoofing,spoofing,decoded_speed_threshold_exceeded,105,3,0.0,239.0,224.24,107.143
007_matrix_run_07_high_spoof_low_flood,248,248.0,249.0,spoofing,spoofing,spoofing,decoded_speed_threshold_exceeded,105,3,0.0,240.0,224.72,107.143
007_matrix_run_07_high_spoof_low_flood,249,249.0,250.0,spoofing,spoofing,spoofing,decoded_speed_threshold_exceeded,105,3,0.0,240.0,225.38,107.143
007_matrix_run_07_high_spoof_low_flood,250,250.0,251.0,spoofing,spoofing,spoofing,decoded_speed_threshold_exceeded,105,3,0.0,240.0,226.42,107.143
007_matrix_run_07_high_spoof_low_flood,251,251.0,252.0,spoofing,spoofing,spoofing,decoded_speed_threshold_exceeded,105,3,0.0,240.0,224.64,107.143
007_matrix_run_07_high_spoof_low_flood,252,252.0,253.0,spoofing,spoofing,spoofing,decoded_speed_threshold_exceeded,105,3,0.0,240.0,224.98,107.143
007_matrix_run_07_high_spoof_low_flood,253,253.0,254.0,spoofing,spoofing,spoofing,decoded_speed_threshold_exceeded,105,3,0.0,238.0,225.16,107.143
007_matrix_run_07_high_spoof_low_flood,254,254.0,255.0,spoofing,spoofing,spoofing,decoded_speed_threshold_exceeded,105,3,0.0,240.0,223.46,107.143
007_matrix_run_07_high_spoof_low_flood,255,255.0,256.0,spoofing,spoofing,spoofing,decoded_speed_threshold_exceeded,105,3,0.0,240.0,226.92,107.143
007_matrix_run_07_high_spoof_low_flood,256,256.0,257.0,spoofing,spoofing,spoofing,decoded_speed_threshold_exceeded,105,3,0.0,240.0,224.54,107.143
007_matrix_run_07_high_spoof_low_flood,257,257.0,258.0,spoofing,spoofing,spoofing,decoded_speed_threshold_exceeded,105,3,0.0,238.0,221.9,107.143
007_matrix_run_07_high_spoof_low_flood,258,258.0,259.0,spoofing,spoofing,spoofing,decoded_speed_threshold_exceeded,105,3,0.0,239.0,223.56,107.143
007_matrix_run_07_high_spoof_low_flood,259,259.0,260.0,spoofing,spoofing,spoofing,decoded_speed_threshold_exceeded,105,3,0.0,240.0,223.42,107.143
007_matrix_run_07_high_spoof_low_flood,260,260.0,261.0,spoofing,spoofing,spoofing,decoded_speed_threshold_exceeded,105,3,0.0,240.0,227.62,107.143
007_matrix_run_07_high_spoof_low_flood,261,261.0,262.0,spoofing,spoofing,spoofing,decoded_speed_threshold_exceeded,105,3,0.0,240.0,226.48,107.143
007_matrix_run_07_high_spoof_low_flood,262,262.0,263.0,spoofing,spoofing,spoofing,decoded_speed_threshold_exceeded,105,3,0.0,238.0,225.0,107.143
007_matrix_run_07_high_spoof_low_flood,263,263.0,264.0,spoofing,spoofing,spoofing,decoded_speed_threshold_exceeded,105,3,0.0,240.0,222.58,107.143
007_matrix_run_07_high_spoof_low_flood,264,264.0,265.0,spoofing,spoofing,spoofing,decoded_speed_threshold_exceeded,105,3,0.0,240.0,224.46,107.143
007_matrix_run_07_high_spoof_low_flood,265,265.0,266.0,spoofing,spoofing,spoofing,decoded_speed_threshold_exceeded,105,3,0.0,240.0,224.34,107.143
007_matrix_run_07_high_spoof_low_flood,266,266.0,267.0,spoofing,spoofing,spoofing,decoded_speed_threshold_exceeded,105,3,0.0,239.0,226.86,107.143
007_matrix_run_07_high_spoof_low_flood,267,267.0,268.0,spoofing,spoofing,spoofing,decoded_speed_threshold_exceeded,105,3,0.0,240.0,225.98,107.143
007_matrix_run_07_high_spoof_low_flood,268,268.0,269.0,spoofing,spoofing,spoofing,decoded_speed_threshold_exceeded,105,3,0.0,240.0,225.4,107.143
007_matrix_run_07_high_spoof_low_flood,269,269.0,270.0,spoofing,spoofing,spoofing,decoded_speed_threshold_exceeded,105,3,0.0,240.0,226.6,107.143
007_matrix_run_07_high_spoof_low_flood,270,270.0,271.0,spoofing,spoofing,spoofing,decoded_speed_threshold_exceeded,105,3,0.0,239.0,224.28,107.143
007_matrix_run_07_high_spoof_low_flood,271,271.0,272.0,spoofing,spoofing,spoofing,decoded_speed_threshold_exceeded,105,3,0.0,240.0,225.74,107.143
007_matrix_run_07_high_spoof_low_flood,272,272.0,273.0,spoofing,spoofing,spoofing,decoded_speed_threshold_exceeded,105,3,0.0,240.0,222.44,107.143
007_matrix_run_07_high_spoof_low_flood,273,273.0,274.0,spoofing,spoofing,spoofing,decoded_speed_threshold_exceeded,105,3,0.0,240.0,224.94,107.143
007_matrix_run_07_high_spoof_low_flood,274,274.0,275.0,spoofing,spoofing,spoofing,decoded_speed_threshold_exceeded,105,3,0.0,240.0,224.66,107.143
007_matrix_run_07_high_spoof_low_flood,275,275.0,276.0,spoofing,spoofing,spoofing,decoded_speed_threshold_exceeded,105,3,0.0,240.0,224.72,107.143
007_matrix_run_07_high_spoof_low_flood,276,276.0,277.0,spoofing,spoofing,spoofing,decoded_speed_threshold_exceeded,105,3,0.0,240.0,223.24,107.143
007_matrix_run_07_high_spoof_low_flood,277,277.0,278.0,spoofing,spoofing,spoofing,decoded_speed_threshold_exceeded,105,3,0.0,240.0,223.88,107.143
007_matrix_run_07_high_spoof_low_flood,278,278.0,279.0,spoofing,spoofing,spoofing,decoded_speed_threshold_exceeded,105,3,0.0,240.0,225.84,107.143
007_matrix_run_07_high_spoof_low_flood,279,279.0,280.0,spoofing,spoofing,spoofing,decoded_speed_threshold_exceeded,105,3,0.0,239.0,223.7,107.143
007_matrix_run_07_high_spoof_low_flood,280,280.0,281.0,spoofing,spoofing,spoofing,decoded_speed_threshold_exceeded,105,3,0.0,239.0,224.58,107.143
007_matrix_run_07_high_spoof_low_flood,281,281.0,282.0,spoofing,spoofing,spoofing,decoded_speed_threshold_exceeded,105,3,0.0,239.0,225.5,107.143
007_matrix_run_07_high_spoof_low_flood,282,282.0,283.0,spoofing,spoofing,spoofing,decoded_speed_threshold_exceeded,105,3,0.0,239.0,225.66,107.143
007_matrix_run_07_high_spoof_low_flood,283,283.0,284.0,spoofing,spoofing,spoofing,decoded_speed_threshold_exceeded,105,3,0.0,239.0,225.1,107.143
007_matrix_run_07_high_spoof_low_flood,284,284.0,285.0,spoofing,spoofing,spoofing,decoded_speed_threshold_exceeded,105,3,0.0,239.0,226.02,107.143
007_matrix_run_07_high_spoof_low_flood,285,285.0,286.0,spoofing,spoofing,spoofing,decoded_speed_threshold_exceeded,105,3,0.0,240.0,227.08,107.143
007_matrix_run_07_high_spoof_low_flood,286,286.0,287.0,spoofing,spoofing,spoofing,decoded_speed_threshold_exceeded,105,3,0.0,240.0,224.68,107.143
007_matrix_run_07_high_spoof_low_flood,287,287.0,288.0,spoofing,spoofing,spoofing,decoded_speed_threshold_exceeded,105,3,0.0,240.0,223.9,107.143
007_matrix_run_07_high_spoof_low_flood,288,288.0,289.0,spoofing,spoofing,spoofing,decoded_speed_threshold_exceeded,105,3,0.0,240.0,225.66,107.143
007_matrix_run_07_high_spoof_low_flood,289,289.0,290.0,spoofing,spoofing,spoofing,decoded_speed_threshold_exceeded,105,3,0.0,240.0,222.46,107.143
007_matrix_run_07_high_spoof_low_flood,290,290.0,291.0,spoofing,spoofing,spoofing,decoded_speed_threshold_exceeded,105,3,0.0,237.0,222.16,107.143
007_matrix_run_07_high_spoof_low_flood,291,291.0,292.0,spoofing,spoofing,spoofing,decoded_speed_threshold_exceeded,105,3,0.0,240.0,223.52,107.143
007_matrix_run_07_high_spoof_low_flood,292,292.0,293.0,spoofing,spoofing,spoofing,decoded_speed_threshold_exceeded,105,3,0.0,240.0,226.1,107.143
007_matrix_run_07_high_spoof_low_flood,293,293.0,294.0,spoofing,spoofing,spoofing,decoded_speed_threshold_exceeded,105,3,0.0,240.0,223.76,107.143
007_matrix_run_07_high_spoof_low_flood,294,294.0,295.0,spoofing,spoofing,spoofing,decoded_speed_threshold_exceeded,105,3,0.0,240.0,225.46,107.143
007_matrix_run_07_high_spoof_low_flood,295,295.0,296.0,spoofing,spoofing,spoofing,decoded_speed_threshold_exceeded,105,3,0.0,240.0,224.92,107.143
007_matrix_run_07_high_spoof_low_flood,296,296.0,297.0,spoofing,spoofing,spoofing,decoded_speed_threshold_exceeded,105,3,0.0,240.0,225.42,107.143
007_matrix_run_07_high_spoof_low_flood,297,297.0,298.0,spoofing,spoofing,spoofing,decoded_speed_threshold_exceeded,105,3,0.0,238.0,223.32,107.143
007_matrix_run_07_high_spoof_low_flood,298,298.0,299.0,spoofing,spoofing,spoofing,decoded_speed_threshold_exceeded,105,3,0.0,240.0,225.5,107.143
007_matrix_run_07_high_spoof_low_flood,299,299.0,300.0,spoofing,spoofing,spoofing,decoded_speed_threshold_exceeded,105,3,0.0,240.0,225.06,107.143
007_matrix_run_07_high_spoof_low_flood,300,300.0,301.0,flooding,flooding,flooding,high_id_cardinality_or_unknown_id_ratio,50,50,1.0,,,51.02
007_matrix_run_07_high_spoof_low_flood,301,301.0,302.0,flooding,flooding,flooding,high_id_cardinality_or_unknown_id_ratio,50,50,1.0,,,51.02
007_matrix_run_07_high_spoof_low_flood,302,302.0,303.0,flooding,flooding,flooding,high_id_cardinality_or_unknown_id_ratio,50,49,1.0,,,51.02
007_matrix_run_07_high_spoof_low_flood,303,303.0,304.0,flooding,flooding,flooding,high_id_cardinality_or_unknown_id_ratio,50,49,1.0,,,51.02
007_matrix_run_07_high_spoof_low_flood,304,304.0,305.0,flooding,flooding,flooding,high_id_cardinality_or_unknown_id_ratio,50,50,0.96,,,51.02
007_matrix_run_07_high_spoof_low_flood,305,305.0,306.0,flooding,flooding,flooding,high_id_cardinality_or_unknown_id_ratio,50,50,1.0,,,51.02
007_matrix_run_07_high_spoof_low_flood,306,306.0,307.0,flooding,flooding,flooding,high_id_cardinality_or_unknown_id_ratio,50,50,1.0,,,51.02
007_matrix_run_07_high_spoof_low_flood,307,307.0,308.0,flooding,flooding,flooding,high_id_cardinality_or_unknown_id_ratio,50,50,1.0,,,51.02
007_matrix_run_07_high_spoof_low_flood,308,308.0,309.0,flooding,flooding,flooding,high_id_cardinality_or_unknown_id_ratio,50,50,1.0,,,51.02
007_matrix_run_07_high_spoof_low_flood,309,309.0,310.0,flooding,flooding,flooding,high_id_cardinality_or_unknown_id_ratio,50,49,1.0,,,51.02
007_matrix_run_07_high_spoof_low_flood,310,310.0,311.0,flooding,flooding,flooding,high_id_cardinality_or_unknown_id_ratio,50,49,1.0,,,51.02
007_matrix_run_07_high_spoof_low_flood,311,311.0,312.0,flooding,flooding,flooding,high_id_cardinality_or_unknown_id_ratio,50,50,1.0,,,51.02
007_matrix_run_07_high_spoof_low_flood,312,312.0,313.0,flooding,flooding,flooding,high_id_cardinality_or_unknown_id_ratio,50,49,1.0,,,51.02
007_matrix_run_07_high_spoof_low_flood,313,313.0,314.0,flooding,flooding,flooding,high_id_cardinality_or_unknown_id_ratio,50,49,1.0,,,51.02
007_matrix_run_07_high_spoof_low_flood,314,314.0,315.0,flooding,flooding,flooding,high_id_cardinality_or_unknown_id_ratio,50,50,1.0,,,51.02
007_matrix_run_07_high_spoof_low_flood,315,315.0,316.0,flooding,flooding,flooding,high_id_cardinality_or_unknown_id_ratio,50,50,1.0,,,51.02
007_matrix_run_07_high_spoof_low_flood,316,316.0,317.0,flooding,flooding,flooding,high_id_cardinality_or_unknown_id_ratio,50,50,1.0,,,51.02
007_matrix_run_07_high_spoof_low_flood,317,317.0,318.0,flooding,flooding,flooding,high_id_cardinality_or_unknown_id_ratio,50,50,1.0,,,51.02
007_matrix_run_07_high_spoof_low_flood,318,318.0,319.0,flooding,flooding,flooding,high_id_cardinality_or_unknown_id_ratio,50,49,1.0,,,51.02
007_matrix_run_07_high_spoof_low_flood,319,319.0,320.0,flooding,flooding,flooding,high_id_cardinality_or_unknown_id_ratio,50,48,1.0,,,51.02
007_matrix_run_07_high_spoof_low_flood,320,320.0,321.0,flooding,flooding,flooding,high_id_cardinality_or_unknown_id_ratio,50,50,1.0,,,51.02
007_matrix_run_07_high_spoof_low_flood,321,321.0,322.0,flooding,flooding,flooding,high_id_cardinality_or_unknown_id_ratio,50,49,1.0,,,51.02
007_matrix_run_07_high_spoof_low_flood,322,322.0,323.0,flooding,flooding,flooding,high_id_cardinality_or_unknown_id_ratio,50,50,1.0,,,51.02
007_matrix_run_07_high_spoof_low_flood,323,323.0,324.0,flooding,flooding,flooding,high_id_cardinality_or_unknown_id_ratio,50,50,1.0,,,51.02
007_matrix_run_07_high_spoof_low_flood,324,324.0,325.0,flooding,flooding,flooding,high_id_cardinality_or_unknown_id_ratio,50,50,1.0,,,51.02
007_matrix_run_07_high_spoof_low_flood,325,325.0,326.0,flooding,flooding,flooding,high_id_cardinality_or_unknown_id_ratio,50,50,1.0,,,51.02
007_matrix_run_07_high_spoof_low_flood,326,326.0,327.0,flooding,flooding,flooding,high_id_cardinality_or_unknown_id_ratio,50,50,1.0,,,51.02
007_matrix_run_07_high_spoof_low_flood,327,327.0,328.0,flooding,flooding,flooding,high_id_cardinality_or_unknown_id_ratio,50,49,1.0,,,51.02
007_matrix_run_07_high_spoof_low_flood,328,328.0,329.0,flooding,flooding,flooding,high_id_cardinality_or_unknown_id_ratio,50,48,1.0,,,51.02
007_matrix_run_07_high_spoof_low_flood,329,329.0,330.0,flooding,flooding,flooding,high_id_cardinality_or_unknown_id_ratio,50,49,1.0,,,51.02
007_matrix_run_07_high_spoof_low_flood,330,330.0,331.0,flooding,flooding,flooding,high_id_cardinality_or_unknown_id_ratio,50,49,1.0,,,51.02
007_matrix_run_07_high_spoof_low_flood,331,331.0,332.0,flooding,flooding,flooding,high_id_cardinality_or_unknown_id_ratio,50,50,0.98,,,51.02
007_matrix_run_07_high_spoof_low_flood,332,332.0,333.0,flooding,flooding,flooding,high_id_cardinality_or_unknown_id_ratio,50,50,1.0,,,51.02
007_matrix_run_07_high_spoof_low_flood,333,333.0,334.0,flooding,flooding,flooding,high_id_cardinality_or_unknown_id_ratio,50,50,1.0,,,51.02
007_matrix_run_07_high_spoof_low_flood,334,334.0,335.0,flooding,flooding,flooding,high_id_cardinality_or_unknown_id_ratio,50,50,1.0,,,51.02
007_matrix_run_07_high_spoof_low_flood,335,335.0,336.0,flooding,flooding,flooding,high_id_cardinality_or_unknown_id_ratio,50,49,1.0,,,51.02
007_matrix_run_07_high_spoof_low_flood,336,336.0,337.0,flooding,flooding,flooding,high_id_cardinality_or_unknown_id_ratio,50,50,1.0,,,51.02
007_matrix_run_07_high_spoof_low_flood,337,337.0,338.0,flooding,flooding,flooding,high_id_cardinality_or_unknown_id_ratio,50,50,1.0,,,51.02
007_matrix_run_07_high_spoof_low_flood,338,338.0,339.0,flooding,flooding,flooding,high_id_cardinality_or_unknown_id_ratio,50,50,1.0,,,51.02
007_matrix_run_07_high_spoof_low_flood,339,339.0,340.0,flooding,flooding,flooding,high_id_cardinality_or_unknown_id_ratio,50,50,0.98,,,51.02
007_matrix_run_07_high_spoof_low_flood,340,340.0,341.0,flooding,flooding,flooding,high_id_cardinality_or_unknown_id_ratio,50,50,1.0,,,51.02
007_matrix_run_07_high_spoof_low_flood,341,341.0,342.0,flooding,flooding,flooding,high_id_cardinality_or_unknown_id_ratio,50,50,1.0,,,51.02
007_matrix_run_07_high_spoof_low_flood,342,342.0,343.0,flooding,flooding,flooding,high_id_cardinality_or_unknown_id_ratio,50,50,1.0,,,51.02
007_matrix_run_07_high_spoof_low_flood,343,343.0,344.0,flooding,flooding,flooding,high_id_cardinality_or_unknown_id_ratio,50,48,1.0,,,51.02
007_matrix_run_07_high_spoof_low_flood,344,344.0,345.0,flooding,flooding,flooding,high_id_cardinality_or_unknown_id_ratio,50,50,1.0,,,51.02
007_matrix_run_07_high_spoof_low_flood,345,345.0,346.0,flooding,flooding,flooding,high_id_cardinality_or_unknown_id_ratio,50,50,1.0,,,51.02
007_matrix_run_07_high_spoof_low_flood,346,346.0,347.0,flooding,flooding,flooding,high_id_cardinality_or_unknown_id_ratio,50,50,1.0,,,51.02
007_matrix_run_07_high_spoof_low_flood,347,347.0,348.0,flooding,flooding,flooding,high_id_cardinality_or_unknown_id_ratio,50,50,1.0,,,51.02
007_matrix_run_07_high_spoof_low_flood,348,348.0,349.0,flooding,flooding,flooding,high_id_cardinality_or_unknown_id_ratio,50,49,0.98,,,51.02
007_matrix_run_07_high_spoof_low_flood,349,349.0,350.0,flooding,flooding,flooding,high_id_cardinality_or_unknown_id_ratio,50,49,1.0,,,51.02
007_matrix_run_07_high_spoof_low_flood,350,350.0,351.0,flooding,flooding,flooding,high_id_cardinality_or_unknown_id_ratio,50,49,1.0,,,51.02
007_matrix_run_07_high_spoof_low_flood,351,351.0,352.0,flooding,flooding,flooding,high_id_cardinality_or_unknown_id_ratio,50,49,0.98,,,51.02
007_matrix_run_07_high_spoof_low_flood,352,352.0,353.0,flooding,flooding,flooding,high_id_cardinality_or_unknown_id_ratio,50,49,1.0,,,51.02
007_matrix_run_07_high_spoof_low_flood,353,353.0,354.0,flooding,flooding,flooding,high_id_cardinality_or_unknown_id_ratio,50,48,1.0,,,51.02
007_matrix_run_07_high_spoof_low_flood,354,354.0,355.0,flooding,flooding,flooding,high_id_cardinality_or_unknown_id_ratio,50,50,1.0,,,51.02
007_matrix_run_07_high_spoof_low_flood,355,355.0,356.0,flooding,flooding,flooding,high_id_cardinality_or_unknown_id_ratio,50,49,1.0,,,51.02
007_matrix_run_07_high_spoof_low_flood,356,356.0,357.0,flooding,flooding,flooding,high_id_cardinality_or_unknown_id_ratio,50,49,0.98,,,51.02
007_matrix_run_07_high_spoof_low_flood,357,357.0,358.0,flooding,flooding,flooding,high_id_cardinality_or_unknown_id_ratio,50,49,1.0,,,51.02
007_matrix_run_07_high_spoof_low_flood,358,358.0,359.0,flooding,flooding,flooding,high_id_cardinality_or_unknown_id_ratio,50,50,1.0,,,51.02
007_matrix_run_07_high_spoof_low_flood,359,359.0,360.0,flooding,flooding,flooding,high_id_cardinality_or_unknown_id_ratio,50,49,1.0,,,51.02
007_matrix_run_07_high_spoof_low_flood,360,360.0,361.0,flooding,flooding,flooding,high_id_cardinality_or_unknown_id_ratio,50,49,1.0,,,51.02
007_matrix_run_07_high_spoof_low_flood,361,361.0,362.0,flooding,flooding,flooding,high_id_cardinality_or_unknown_id_ratio,50,50,1.0,,,51.02
007_matrix_run_07_high_spoof_low_flood,362,362.0,363.0,flooding,flooding,flooding,high_id_cardinality_or_unknown_id_ratio,50,49,1.0,,,51.02
007_matrix_run_07_high_spoof_low_flood,363,363.0,364.0,flooding,flooding,flooding,high_id_cardinality_or_unknown_id_ratio,50,50,1.0,,,51.02
007_matrix_run_07_high_spoof_low_flood,364,364.0,365.0,flooding,flooding,flooding,high_id_cardinality_or_unknown_id_ratio,50,49,1.0,,,51.02
007_matrix_run_07_high_spoof_low_flood,365,365.0,366.0,flooding,flooding,flooding,high_id_cardinality_or_unknown_id_ratio,50,50,1.0,,,51.02
007_matrix_run_07_high_spoof_low_flood,366,366.0,367.0,flooding,flooding,flooding,high_id_cardinality_or_unknown_id_ratio,50,49,1.0,,,51.02
007_matrix_run_07_high_spoof_low_flood,367,367.0,368.0,flooding,flooding,flooding,high_id_cardinality_or_unknown_id_ratio,50,50,1.0,,,51.02
007_matrix_run_07_high_spoof_low_flood,368,368.0,369.0,flooding,flooding,flooding,high_id_cardinality_or_unknown_id_ratio,50,49,1.0,,,51.02
007_matrix_run_07_high_spoof_low_flood,369,369.0,370.0,flooding,flooding,flooding,high_id_cardinality_or_unknown_id_ratio,50,50,1.0,,,51.02
007_matrix_run_07_high_spoof_low_flood,370,370.0,371.0,flooding,flooding,flooding,high_id_cardinality_or_unknown_id_ratio,50,48,1.0,,,51.02
007_matrix_run_07_high_spoof_low_flood,371,371.0,372.0,flooding,flooding,flooding,high_id_cardinality_or_unknown_id_ratio,50,50,1.0,,,51.02
007_matrix_run_07_high_spoof_low_flood,372,372.0,373.0,flooding,flooding,flooding,high_id_cardinality_or_unknown_id_ratio,50,50,1.0,,,51.02
007_matrix_run_07_high_spoof_low_flood,373,373.0,374.0,flooding,flooding,flooding,high_id_cardinality_or_unknown_id_ratio,50,49,1.0,,,51.02
007_matrix_run_07_high_spoof_low_flood,374,374.0,375.0,flooding,flooding,flooding,high_id_cardinality_or_unknown_id_ratio,50,50,1.0,,,51.02
007_matrix_run_07_high_spoof_low_flood,375,375.0,376.0,flooding,flooding,flooding,high_id_cardinality_or_unknown_id_ratio,50,50,1.0,,,51.02
007_matrix_run_07_high_spoof_low_flood,376,376.0,377.0,flooding,flooding,flooding,high_id_cardinality_or_unknown_id_ratio,50,50,1.0,,,51.02
007_matrix_run_07_high_spoof_low_flood,377,377.0,378.0,flooding,flooding,flooding,high_id_cardinality_or_unknown_id_ratio,50,50,1.0,,,51.02
007_matrix_run_07_high_spoof_low_flood,378,378.0,379.0,flooding,flooding,flooding,high_id_cardinality_or_unknown_id_ratio,50,49,1.0,,,51.02
007_matrix_run_07_high_spoof_low_flood,379,379.0,380.0,flooding,flooding,flooding,high_id_cardinality_or_unknown_id_ratio,50,50,1.0,,,51.02
007_matrix_run_07_high_spoof_low_flood,380,380.0,381.0,flooding,flooding,flooding,high_id_cardinality_or_unknown_id_ratio,50,50,1.0,,,51.02
007_matrix_run_07_high_spoof_low_flood,381,381.0,382.0,flooding,flooding,flooding,high_id_cardinality_or_unknown_id_ratio,50,49,1.0,,,51.02
007_matrix_run_07_high_spoof_low_flood,382,382.0,383.0,flooding,flooding,flooding,high_id_cardinality_or_unknown_id_ratio,50,49,1.0,,,51.02
007_matrix_run_07_high_spoof_low_flood,383,383.0,384.0,flooding,flooding,flooding,high_id_cardinality_or_unknown_id_ratio,50,50,1.0,,,51.02
007_matrix_run_07_high_spoof_low_flood,384,384.0,385.0,flooding,flooding,flooding,high_id_cardinality_or_unknown_id_ratio,50,49,0.98,,,51.02
007_matrix_run_07_high_spoof_low_flood,385,385.0,386.0,flooding,flooding,flooding,high_id_cardinality_or_unknown_id_ratio,50,50,1.0,,,51.02
007_matrix_run_07_high_spoof_low_flood,386,386.0,387.0,flooding,flooding,flooding,high_id_cardinality_or_unknown_id_ratio,50,49,0.98,,,51.02
007_matrix_run_07_high_spoof_low_flood,387,387.0,388.0,flooding,flooding,flooding,high_id_cardinality_or_unknown_id_ratio,50,49,1.0,,,51.02
007_matrix_run_07_high_spoof_low_flood,388,388.0,389.0,flooding,flooding,flooding,high_id_cardinality_or_unknown_id_ratio,50,49,1.0,,,51.02
007_matrix_run_07_high_spoof_low_flood,389,389.0,390.0,flooding,flooding,flooding,high_id_cardinality_or_unknown_id_ratio,50,49,1.0,,,51.02
007_matrix_run_07_high_spoof_low_flood,390,390.0,391.0,flooding,flooding,flooding,high_id_cardinality_or_unknown_id_ratio,50,49,1.0,,,51.02
007_matrix_run_07_high_spoof_low_flood,391,391.0,392.0,flooding,flooding,flooding,high_id_cardinality_or_unknown_id_ratio,50,50,1.0,,,51.02
007_matrix_run_07_high_spoof_low_flood,392,392.0,393.0,flooding,flooding,flooding,high_id_cardinality_or_unknown_id_ratio,50,48,1.0,,,51.02
007_matrix_run_07_high_spoof_low_flood,393,393.0,394.0,flooding,flooding,flooding,high_id_cardinality_or_unknown_id_ratio,50,48,1.0,,,51.02
007_matrix_run_07_high_spoof_low_flood,394,394.0,395.0,flooding,flooding,flooding,high_id_cardinality_or_unknown_id_ratio,50,50,1.0,,,51.02
007_matrix_run_07_high_spoof_low_flood,395,395.0,396.0,flooding,flooding,flooding,high_id_cardinality_or_unknown_id_ratio,50,50,1.0,,,51.02
007_matrix_run_07_high_spoof_low_flood,396,396.0,397.0,flooding,flooding,flooding,high_id_cardinality_or_unknown_id_ratio,50,50,1.0,,,51.02
007_matrix_run_07_high_spoof_low_flood,397,397.0,398.0,flooding,flooding,flooding,high_id_cardinality_or_unknown_id_ratio,50,49,1.0,,,51.02
007_matrix_run_07_high_spoof_low_flood,398,398.0,399.0,flooding,flooding,flooding,high_id_cardinality_or_unknown_id_ratio,50,50,1.0,,,51.02
007_matrix_run_07_high_spoof_low_flood,399,399.0,400.0,flooding,flooding,flooding,high_id_cardinality_or_unknown_id_ratio,50,49,1.0,,,51.02
007_matrix_run_07_high_spoof_low_flood,400,400.0,401.0,flooding,flooding,flooding,high_id_cardinality_or_unknown_id_ratio,50,50,1.0,,,51.02
007_matrix_run_07_high_spoof_low_flood,401,401.0,402.0,flooding,flooding,flooding,high_id_cardinality_or_unknown_id_ratio,50,49,1.0,,,51.02
007_matrix_run_07_high_spoof_low_flood,402,402.0,403.0,flooding,flooding,flooding,high_id_cardinality_or_unknown_id_ratio,50,50,1.0,,,51.02
007_matrix_run_07_high_spoof_low_flood,403,403.0,404.0,flooding,flooding,flooding,high_id_cardinality_or_unknown_id_ratio,50,49,1.0,,,51.02
007_matrix_run_07_high_spoof_low_flood,404,404.0,405.0,flooding,flooding,flooding,high_id_cardinality_or_unknown_id_ratio,50,50,1.0,,,51.02
007_matrix_run_07_high_spoof_low_flood,405,405.0,406.0,flooding,flooding,flooding,high_id_cardinality_or_unknown_id_ratio,50,50,1.0,,,51.02
007_matrix_run_07_high_spoof_low_flood,406,406.0,407.0,flooding,flooding,flooding,high_id_cardinality_or_unknown_id_ratio,50,49,1.0,,,51.02
007_matrix_run_07_high_spoof_low_flood,407,407.0,408.0,flooding,flooding,flooding,high_id_cardinality_or_unknown_id_ratio,50,50,1.0,,,51.02
007_matrix_run_07_high_spoof_low_flood,408,408.0,409.0,flooding,flooding,flooding,high_id_cardinality_or_unknown_id_ratio,50,49,1.0,,,51.02
007_matrix_run_07_high_spoof_low_flood,409,409.0,410.0,flooding,flooding,flooding,high_id_cardinality_or_unknown_id_ratio,50,50,1.0,,,51.02
007_matrix_run_07_high_spoof_low_flood,410,410.0,411.0,flooding,flooding,flooding,high_id_cardinality_or_unknown_id_ratio,50,50,1.0,,,51.02
007_matrix_run_07_high_spoof_low_flood,411,411.0,412.0,flooding,flooding,flooding,high_id_cardinality_or_unknown_id_ratio,50,50,1.0,,,51.02
007_matrix_run_07_high_spoof_low_flood,412,412.0,413.0,flooding,flooding,flooding,high_id_cardinality_or_unknown_id_ratio,50,50,1.0,,,51.02
007_matrix_run_07_high_spoof_low_flood,413,413.0,414.0,flooding,flooding,flooding,high_id_cardinality_or_unknown_id_ratio,50,48,1.0,,,51.02
007_matrix_run_07_high_spoof_low_flood,414,414.0,415.0,flooding,flooding,flooding,high_id_cardinality_or_unknown_id_ratio,50,49,1.0,,,51.02
007_matrix_run_07_high_spoof_low_flood,415,415.0,416.0,flooding,flooding,flooding,high_id_cardinality_or_unknown_id_ratio,50,48,1.0,,,51.02
007_matrix_run_07_high_spoof_low_flood,416,416.0,417.0,flooding,flooding,flooding,high_id_cardinality_or_unknown_id_ratio,50,50,1.0,,,51.02
007_matrix_run_07_high_spoof_low_flood,417,417.0,418.0,flooding,flooding,flooding,high_id_cardinality_or_unknown_id_ratio,50,49,0.98,,,51.02
007_matrix_run_07_high_spoof_low_flood,418,418.0,419.0,flooding,flooding,flooding,high_id_cardinality_or_unknown_id_ratio,50,50,0.98,,,51.02
007_matrix_run_07_high_spoof_low_flood,419,419.0,420.0,flooding,flooding,flooding,high_id_cardinality_or_unknown_id_ratio,50,48,0.98,,,51.02
007_matrix_run_07_high_spoof_low_flood,420,420.0,421.0,recovery,normal,normal,no_rule_triggered,63,4,0.0,87.0,87.0,66.316
007_matrix_run_07_high_spoof_low_flood,421,421.0,422.0,recovery,normal,normal,no_rule_triggered,62,4,0.0,87.0,86.85,65.263
007_matrix_run_07_high_spoof_low_flood,422,422.0,423.0,recovery,normal,normal,no_rule_triggered,63,4,0.0,86.0,85.65,66.316
007_matrix_run_07_high_spoof_low_flood,423,423.0,424.0,recovery,normal,normal,no_rule_triggered,62,4,0.0,85.0,84.1,65.263
007_matrix_run_07_high_spoof_low_flood,424,424.0,425.0,recovery,normal,normal,no_rule_triggered,63,4,0.0,83.0,82.15,66.316
007_matrix_run_07_high_spoof_low_flood,425,425.0,426.0,recovery,normal,normal,no_rule_triggered,62,4,0.0,81.0,80.2,65.263
007_matrix_run_07_high_spoof_low_flood,426,426.0,427.0,recovery,normal,normal,no_rule_triggered,63,4,0.0,79.0,78.45,66.316
007_matrix_run_07_high_spoof_low_flood,427,427.0,428.0,recovery,normal,normal,no_rule_triggered,62,4,0.0,78.0,77.2,65.263
007_matrix_run_07_high_spoof_low_flood,428,428.0,429.0,recovery,normal,normal,no_rule_triggered,63,4,0.0,77.0,77.0,66.316
007_matrix_run_07_high_spoof_low_flood,429,429.0,430.0,recovery,normal,normal,no_rule_triggered,62,4,0.0,77.0,77.0,65.263
007_matrix_run_07_high_spoof_low_flood,430,430.0,431.0,recovery,normal,normal,no_rule_triggered,63,4,0.0,78.0,77.5,66.316
007_matrix_run_07_high_spoof_low_flood,431,431.0,432.0,recovery,normal,normal,no_rule_triggered,62,4,0.0,80.0,78.9,65.263
007_matrix_run_07_high_spoof_low_flood,432,432.0,433.0,recovery,normal,normal,no_rule_triggered,63,4,0.0,82.0,80.7,66.316
007_matrix_run_07_high_spoof_low_flood,433,433.0,434.0,recovery,normal,normal,no_rule_triggered,62,4,0.0,84.0,82.7,65.263
007_matrix_run_07_high_spoof_low_flood,434,434.0,435.0,recovery,normal,normal,no_rule_triggered,63,4,0.0,85.0,84.6,66.316
007_matrix_run_07_high_spoof_low_flood,435,435.0,436.0,recovery,normal,normal,no_rule_triggered,62,4,0.0,87.0,86.1,65.263
007_matrix_run_07_high_spoof_low_flood,436,436.0,437.0,recovery,normal,normal,no_rule_triggered,63,4,0.0,87.0,87.0,66.316
007_matrix_run_07_high_spoof_low_flood,437,437.0,438.0,recovery,normal,normal,no_rule_triggered,62,4,0.0,87.0,87.0,65.263
007_matrix_run_07_high_spoof_low_flood,438,438.0,439.0,recovery,normal,normal,no_rule_triggered,63,4,0.0,87.0,85.8,66.316
007_matrix_run_07_high_spoof_low_flood,439,439.0,440.0,recovery,normal,normal,no_rule_triggered,62,4,0.0,85.0,83.9,65.263
007_matrix_run_07_high_spoof_low_flood,440,440.0,441.0,recovery,normal,normal,no_rule_triggered,63,4,0.0,83.0,81.0,66.316
007_matrix_run_07_high_spoof_low_flood,441,441.0,442.0,recovery,normal,normal,no_rule_triggered,62,4,0.0,79.0,77.3,65.263
007_matrix_run_07_high_spoof_low_flood,442,442.0,443.0,recovery,normal,normal,no_rule_triggered,63,4,0.0,75.0,73.2,66.316
007_matrix_run_07_high_spoof_low_flood,443,443.0,444.0,recovery,normal,normal,no_rule_triggered,62,4,0.0,71.0,68.9,65.263
007_matrix_run_07_high_spoof_low_flood,444,444.0,445.0,recovery,normal,normal,no_rule_triggered,63,4,0.0,67.0,64.65,66.316
007_matrix_run_07_high_spoof_low_flood,445,445.0,446.0,recovery,normal,normal,no_rule_triggered,62,4,0.0,63.0,60.75,65.263
007_matrix_run_07_high_spoof_low_flood,446,446.0,447.0,recovery,normal,normal,no_rule_triggered,63,4,0.0,59.0,57.45,66.316
007_matrix_run_07_high_spoof_low_flood,447,447.0,448.0,recovery,normal,normal,no_rule_triggered,62,4,0.0,56.0,54.95,65.263
007_matrix_run_07_high_spoof_low_flood,448,448.0,449.0,recovery,normal,normal,no_rule_triggered,63,4,0.0,54.0,53.3,66.316
007_matrix_run_07_high_spoof_low_flood,449,449.0,450.0,recovery,normal,normal,no_rule_triggered,62,4,0.0,53.0,52.4,65.263
007_matrix_run_07_high_spoof_low_flood,450,450.0,451.0,recovery,normal,normal,no_rule_triggered,63,4,0.0,53.0,52.1,66.316
007_matrix_run_07_high_spoof_low_flood,451,451.0,452.0,recovery,normal,normal,no_rule_triggered,62,4,0.0,53.0,53.0,65.263
007_matrix_run_07_high_spoof_low_flood,452,452.0,453.0,recovery,normal,normal,no_rule_triggered,63,4,0.0,54.0,53.6,66.316
007_matrix_run_07_high_spoof_low_flood,453,453.0,454.0,recovery,normal,normal,no_rule_triggered,62,4,0.0,55.0,54.25,65.263
007_matrix_run_07_high_spoof_low_flood,454,454.0,455.0,recovery,normal,normal,no_rule_triggered,63,4,0.0,55.0,55.0,66.316
007_matrix_run_07_high_spoof_low_flood,455,455.0,456.0,recovery,normal,normal,no_rule_triggered,62,4,0.0,55.0,55.0,65.263
007_matrix_run_07_high_spoof_low_flood,456,456.0,457.0,recovery,normal,normal,no_rule_triggered,63,4,0.0,55.0,54.1,66.316
007_matrix_run_07_high_spoof_low_flood,457,457.0,458.0,recovery,normal,normal,no_rule_triggered,62,4,0.0,53.0,52.6,65.263
007_matrix_run_07_high_spoof_low_flood,458,458.0,459.0,recovery,normal,normal,no_rule_triggered,63,4,0.0,52.0,50.3,66.316
007_matrix_run_07_high_spoof_low_flood,459,459.0,460.0,recovery,normal,normal,no_rule_triggered,62,4,0.0,49.0,47.45,65.263
007_matrix_run_07_high_spoof_low_flood,460,460.0,461.0,recovery,normal,normal,no_rule_triggered,63,4,0.0,46.0,43.9,66.316
007_matrix_run_07_high_spoof_low_flood,461,461.0,462.0,recovery,normal,normal,no_rule_triggered,62,4,0.0,42.0,40.2,65.263
007_matrix_run_07_high_spoof_low_flood,462,462.0,463.0,recovery,normal,normal,no_rule_triggered,63,4,0.0,38.0,36.5,66.316
007_matrix_run_07_high_spoof_low_flood,463,463.0,464.0,recovery,normal,normal,no_rule_triggered,62,4,0.0,35.0,33.1,65.263
007_matrix_run_07_high_spoof_low_flood,464,464.0,465.0,recovery,normal,normal,no_rule_triggered,63,4,0.0,32.0,30.3,66.316
007_matrix_run_07_high_spoof_low_flood,465,465.0,466.0,recovery,normal,normal,no_rule_triggered,62,4,0.0,29.0,28.35,65.263
007_matrix_run_07_high_spoof_low_flood,466,466.0,467.0,recovery,normal,normal,no_rule_triggered,63,4,0.0,28.0,27.15,66.316
007_matrix_run_07_high_spoof_low_flood,467,467.0,468.0,recovery,normal,normal,no_rule_triggered,62,4,0.0,28.0,27.15,65.263
007_matrix_run_07_high_spoof_low_flood,468,468.0,469.0,recovery,normal,normal,no_rule_triggered,63,4,0.0,29.0,28.3,66.316
007_matrix_run_07_high_spoof_low_flood,469,469.0,470.0,recovery,normal,normal,no_rule_triggered,62,4,0.0,31.0,30.05,65.263
007_matrix_run_07_high_spoof_low_flood,470,470.0,471.0,recovery,normal,normal,no_rule_triggered,63,4,0.0,34.0,32.55,66.316
007_matrix_run_07_high_spoof_low_flood,471,471.0,472.0,recovery,normal,normal,no_rule_triggered,62,4,0.0,37.0,35.35,65.263
007_matrix_run_07_high_spoof_low_flood,472,472.0,473.0,recovery,normal,normal,no_rule_triggered,63,4,0.0,40.0,38.2,66.316
007_matrix_run_07_high_spoof_low_flood,473,473.0,474.0,recovery,normal,normal,no_rule_triggered,62,4,0.0,42.0,41.0,65.263
007_matrix_run_07_high_spoof_low_flood,474,474.0,475.0,recovery,normal,normal,no_rule_triggered,63,4,0.0,44.0,43.2,66.316
007_matrix_run_07_high_spoof_low_flood,475,475.0,476.0,recovery,normal,normal,no_rule_triggered,62,4,0.0,45.0,44.75,65.263
007_matrix_run_07_high_spoof_low_flood,476,476.0,477.0,recovery,normal,normal,no_rule_triggered,63,4,0.0,46.0,45.85,66.316
007_matrix_run_07_high_spoof_low_flood,477,477.0,478.0,recovery,normal,normal,no_rule_triggered,62,4,0.0,46.0,46.0,65.263
007_matrix_run_07_high_spoof_low_flood,478,478.0,479.0,recovery,normal,normal,no_rule_triggered,63,4,0.0,46.0,45.3,66.316
007_matrix_run_07_high_spoof_low_flood,479,479.0,480.0,recovery,normal,normal,no_rule_triggered,62,4,0.0,45.0,44.4,65.263
007_matrix_run_07_high_spoof_low_flood,480,480.0,481.0,recovery,normal,normal,no_rule_triggered,63,4,0.0,44.0,43.2,66.316
007_matrix_run_07_high_spoof_low_flood,481,481.0,482.0,recovery,normal,normal,no_rule_triggered,62,4,0.0,43.0,42.05,65.263
007_matrix_run_07_high_spoof_low_flood,482,482.0,483.0,recovery,normal,normal,no_rule_triggered,63,4,0.0,41.0,41.0,66.316
007_matrix_run_07_high_spoof_low_flood,483,483.0,484.0,recovery,normal,normal,no_rule_triggered,62,4,0.0,41.0,41.0,65.263
007_matrix_run_07_high_spoof_low_flood,484,484.0,485.0,recovery,normal,normal,no_rule_triggered,63,4,0.0,42.0,41.4,66.316
007_matrix_run_07_high_spoof_low_flood,485,485.0,486.0,recovery,normal,normal,no_rule_triggered,62,4,0.0,44.0,42.85,65.263
007_matrix_run_07_high_spoof_low_flood,486,486.0,487.0,recovery,normal,normal,no_rule_triggered,63,4,0.0,47.0,45.2,66.316
007_matrix_run_07_high_spoof_low_flood,487,487.0,488.0,recovery,normal,normal,no_rule_triggered,62,4,0.0,50.0,48.4,65.263
007_matrix_run_07_high_spoof_low_flood,488,488.0,489.0,recovery,normal,normal,no_rule_triggered,63,4,0.0,54.0,52.3,66.316
007_matrix_run_07_high_spoof_low_flood,489,489.0,490.0,recovery,normal,normal,no_rule_triggered,62,4,0.0,59.0,56.7,65.263
007_matrix_run_07_high_spoof_low_flood,490,490.0,491.0,recovery,normal,normal,no_rule_triggered,63,4,0.0,63.0,61.25,66.316
007_matrix_run_07_high_spoof_low_flood,491,491.0,492.0,recovery,normal,normal,no_rule_triggered,62,4,0.0,68.0,65.75,65.263
007_matrix_run_07_high_spoof_low_flood,492,492.0,493.0,recovery,normal,normal,no_rule_triggered,63,4,0.0,71.0,69.7,66.316
007_matrix_run_07_high_spoof_low_flood,493,493.0,494.0,recovery,normal,normal,no_rule_triggered,62,4,0.0,74.0,73.1,65.263
007_matrix_run_07_high_spoof_low_flood,494,494.0,495.0,recovery,normal,normal,no_rule_triggered,63,4,0.0,77.0,75.7,66.316
007_matrix_run_07_high_spoof_low_flood,495,495.0,496.0,recovery,normal,normal,no_rule_triggered,62,4,0.0,78.0,77.4,65.263
007_matrix_run_07_high_spoof_low_flood,496,496.0,497.0,recovery,normal,normal,no_rule_triggered,63,4,0.0,78.0,78.0,66.316
007_matrix_run_07_high_spoof_low_flood,497,497.0,498.0,recovery,normal,normal,no_rule_triggered,62,4,0.0,78.0,78.0,65.263
007_matrix_run_07_high_spoof_low_flood,498,498.0,499.0,recovery,normal,normal,no_rule_triggered,63,4,0.0,78.0,77.2,66.316
007_matrix_run_07_high_spoof_low_flood,499,499.0,500.0,recovery,normal,normal,no_rule_triggered,62,4,0.0,77.0,76.2,65.263
007_matrix_run_07_high_spoof_low_flood,500,500.0,501.0,recovery,normal,normal,no_rule_triggered,63,4,0.0,75.0,74.85,66.316
007_matrix_run_07_high_spoof_low_flood,501,501.0,502.0,recovery,normal,normal,no_rule_triggered,62,4,0.0,74.0,73.95,65.263
007_matrix_run_07_high_spoof_low_flood,502,502.0,503.0,recovery,normal,normal,no_rule_triggered,63,4,0.0,73.0,73.0,66.316
007_matrix_run_07_high_spoof_low_flood,503,503.0,504.0,recovery,normal,normal,no_rule_triggered,62,4,0.0,73.0,73.0,65.263
007_matrix_run_07_high_spoof_low_flood,504,504.0,505.0,recovery,normal,normal,no_rule_triggered,63,4,0.0,74.0,73.9,66.316
007_matrix_run_07_high_spoof_low_flood,505,505.0,506.0,recovery,normal,normal,no_rule_triggered,62,4,0.0,76.0,75.4,65.263
007_matrix_run_07_high_spoof_low_flood,506,506.0,507.0,recovery,normal,normal,no_rule_triggered,63,4,0.0,79.0,77.5,66.316
007_matrix_run_07_high_spoof_low_flood,507,507.0,508.0,recovery,normal,normal,no_rule_triggered,62,4,0.0,81.0,80.05,65.263
007_matrix_run_07_high_spoof_low_flood,508,508.0,509.0,recovery,normal,normal,no_rule_triggered,63,4,0.0,84.0,82.95,66.316
007_matrix_run_07_high_spoof_low_flood,509,509.0,510.0,recovery,normal,normal,no_rule_triggered,62,4,0.0,87.0,85.8,65.263
007_matrix_run_07_high_spoof_low_flood,510,510.0,511.0,recovery,normal,normal,no_rule_triggered,63,4,0.0,89.0,88.35,66.316
007_matrix_run_07_high_spoof_low_flood,511,511.0,512.0,recovery,normal,normal,no_rule_triggered,62,4,0.0,91.0,90.45,65.263
007_matrix_run_07_high_spoof_low_flood,512,512.0,513.0,recovery,normal,normal,no_rule_triggered,63,4,0.0,92.0,91.65,66.316
007_matrix_run_07_high_spoof_low_flood,513,513.0,514.0,recovery,normal,normal,no_rule_triggered,62,4,0.0,92.0,92.0,65.263
007_matrix_run_07_high_spoof_low_flood,514,514.0,515.0,recovery,normal,normal,no_rule_triggered,63,4,0.0,92.0,90.95,66.316
007_matrix_run_07_high_spoof_low_flood,515,515.0,516.0,recovery,normal,normal,no_rule_triggered,62,4,0.0,90.0,89.2,65.263
007_matrix_run_07_high_spoof_low_flood,516,516.0,517.0,recovery,normal,normal,no_rule_triggered,63,4,0.0,88.0,86.6,66.316
007_matrix_run_07_high_spoof_low_flood,517,517.0,518.0,recovery,normal,normal,no_rule_triggered,62,4,0.0,85.0,83.35,65.263
007_matrix_run_07_high_spoof_low_flood,518,518.0,519.0,recovery,normal,normal,no_rule_triggered,63,4,0.0,81.0,79.6,66.316
007_matrix_run_07_high_spoof_low_flood,519,519.0,520.0,recovery,normal,normal,no_rule_triggered,62,4,0.0,78.0,75.9,65.263
007_matrix_run_07_high_spoof_low_flood,520,520.0,521.0,recovery,normal,normal,no_rule_triggered,63,4,0.0,74.0,72.35,66.316
007_matrix_run_07_high_spoof_low_flood,521,521.0,522.0,recovery,normal,normal,no_rule_triggered,62,4,0.0,71.0,69.2,65.263
007_matrix_run_07_high_spoof_low_flood,522,522.0,523.0,recovery,normal,normal,no_rule_triggered,63,4,0.0,68.0,66.85,66.316
007_matrix_run_07_high_spoof_low_flood,523,523.0,524.0,recovery,normal,normal,no_rule_triggered,62,4,0.0,66.0,65.25,65.263
007_matrix_run_07_high_spoof_low_flood,524,524.0,525.0,recovery,normal,normal,no_rule_triggered,63,4,0.0,65.0,64.1,66.316
007_matrix_run_07_high_spoof_low_flood,525,525.0,526.0,recovery,normal,normal,no_rule_triggered,62,4,0.0,64.0,64.0,65.263
007_matrix_run_07_high_spoof_low_flood,526,526.0,527.0,recovery,normal,normal,no_rule_triggered,63,4,0.0,65.0,64.5,66.316
007_matrix_run_07_high_spoof_low_flood,527,527.0,528.0,recovery,normal,normal,no_rule_triggered,62,4,0.0,66.0,65.15,65.263
007_matrix_run_07_high_spoof_low_flood,528,528.0,529.0,recovery,normal,normal,no_rule_triggered,63,4,0.0,66.0,66.0,66.316
007_matrix_run_07_high_spoof_low_flood,529,529.0,530.0,recovery,normal,normal,no_rule_triggered,62,4,0.0,67.0,66.65,65.263
007_matrix_run_07_high_spoof_low_flood,530,530.0,531.0,recovery,normal,normal,no_rule_triggered,63,4,0.0,67.0,66.8,66.316
007_matrix_run_07_high_spoof_low_flood,531,531.0,532.0,recovery,normal,normal,no_rule_triggered,62,4,0.0,66.0,65.9,65.263
007_matrix_run_07_high_spoof_low_flood,532,532.0,533.0,recovery,normal,normal,no_rule_triggered,63,4,0.0,65.0,64.5,66.316
007_matrix_run_07_high_spoof_low_flood,533,533.0,534.0,recovery,normal,normal,no_rule_triggered,62,4,0.0,63.0,62.15,65.263
007_matrix_run_07_high_spoof_low_flood,534,534.0,535.0,recovery,normal,normal,no_rule_triggered,63,4,0.0,61.0,59.1,66.316
007_matrix_run_07_high_spoof_low_flood,535,535.0,536.0,recovery,normal,normal,no_rule_triggered,62,4,0.0,57.0,55.3,65.263
007_matrix_run_07_high_spoof_low_flood,536,536.0,537.0,recovery,normal,normal,no_rule_triggered,63,4,0.0,53.0,51.1,66.316
007_matrix_run_07_high_spoof_low_flood,537,537.0,538.0,recovery,normal,normal,no_rule_triggered,62,4,0.0,49.0,46.75,65.263
007_matrix_run_07_high_spoof_low_flood,538,538.0,539.0,recovery,normal,normal,no_rule_triggered,63,4,0.0,44.0,42.5,66.316
007_matrix_run_07_high_spoof_low_flood,539,539.0,540.0,recovery,normal,normal,no_rule_triggered,62,4,0.0,40.0,38.7,65.263
007_matrix_run_07_high_spoof_low_flood,540,540.0,541.0,recovery,normal,normal,no_rule_triggered,63,4,0.0,37.0,35.75,66.316
007_matrix_run_07_high_spoof_low_flood,541,541.0,542.0,recovery,normal,normal,no_rule_triggered,62,4,0.0,34.0,33.5,65.263
007_matrix_run_07_high_spoof_low_flood,542,542.0,543.0,recovery,normal,normal,no_rule_triggered,63,4,0.0,33.0,32.2,66.316
007_matrix_run_07_high_spoof_low_flood,543,543.0,544.0,recovery,normal,normal,no_rule_triggered,62,4,0.0,32.0,32.0,65.263
007_matrix_run_07_high_spoof_low_flood,544,544.0,545.0,recovery,normal,normal,no_rule_triggered,63,4,0.0,33.0,32.65,66.316
007_matrix_run_07_high_spoof_low_flood,545,545.0,546.0,recovery,normal,normal,no_rule_triggered,62,4,0.0,35.0,34.0,65.263
007_matrix_run_07_high_spoof_low_flood,546,546.0,547.0,recovery,normal,normal,no_rule_triggered,63,4,0.0,37.0,35.8,66.316
007_matrix_run_07_high_spoof_low_flood,547,547.0,548.0,recovery,normal,normal,no_rule_triggered,62,4,0.0,39.0,37.8,65.263
007_matrix_run_07_high_spoof_low_flood,548,548.0,549.0,recovery,normal,normal,no_rule_triggered,63,4,0.0,40.0,39.6,66.316
007_matrix_run_07_high_spoof_low_flood,549,549.0,550.0,recovery,normal,normal,no_rule_triggered,62,4,0.0,42.0,41.3,65.263
007_matrix_run_07_high_spoof_low_flood,550,550.0,551.0,recovery,normal,normal,no_rule_triggered,63,4,0.0,42.0,42.0,66.316
007_matrix_run_07_high_spoof_low_flood,551,551.0,552.0,recovery,normal,normal,no_rule_triggered,62,4,0.0,42.0,42.0,65.263
007_matrix_run_07_high_spoof_low_flood,552,552.0,553.0,recovery,normal,normal,no_rule_triggered,63,4,0.0,42.0,42.0,66.316
007_matrix_run_07_high_spoof_low_flood,553,553.0,554.0,recovery,normal,normal,no_rule_triggered,62,4,0.0,42.0,40.8,65.263
007_matrix_run_07_high_spoof_low_flood,554,554.0,555.0,recovery,normal,normal,no_rule_triggered,63,4,0.0,40.0,39.25,66.316
007_matrix_run_07_high_spoof_low_flood,555,555.0,556.0,recovery,normal,normal,no_rule_triggered,62,4,0.0,38.0,37.3,65.263
007_matrix_run_07_high_spoof_low_flood,556,556.0,557.0,recovery,normal,normal,no_rule_triggered,63,4,0.0,36.0,35.35,66.316
007_matrix_run_07_high_spoof_low_flood,557,557.0,558.0,recovery,normal,normal,no_rule_triggered,62,4,0.0,34.0,33.55,65.263
007_matrix_run_07_high_spoof_low_flood,558,558.0,559.0,recovery,normal,normal,no_rule_triggered,63,4,0.0,33.0,32.4,66.316
007_matrix_run_07_high_spoof_low_flood,559,559.0,560.0,recovery,normal,normal,no_rule_triggered,62,4,0.0,32.0,32.0,65.263
007_matrix_run_07_high_spoof_low_flood,560,560.0,561.0,recovery,normal,normal,no_rule_triggered,63,4,0.0,33.0,32.45,66.316
007_matrix_run_07_high_spoof_low_flood,561,561.0,562.0,recovery,normal,normal,no_rule_triggered,62,4,0.0,35.0,34.0,65.263
007_matrix_run_07_high_spoof_low_flood,562,562.0,563.0,recovery,normal,normal,no_rule_triggered,63,4,0.0,38.0,36.4,66.316
007_matrix_run_07_high_spoof_low_flood,563,563.0,564.0,recovery,normal,normal,no_rule_triggered,62,4,0.0,41.0,39.6,65.263
007_matrix_run_07_high_spoof_low_flood,564,564.0,565.0,recovery,normal,normal,no_rule_triggered,63,4,0.0,46.0,43.55,66.316
007_matrix_run_07_high_spoof_low_flood,565,565.0,566.0,recovery,normal,normal,no_rule_triggered,62,4,0.0,50.0,47.85,65.263
007_matrix_run_07_high_spoof_low_flood,566,566.0,567.0,recovery,normal,normal,no_rule_triggered,63,4,0.0,54.0,52.2,66.316
007_matrix_run_07_high_spoof_low_flood,567,567.0,568.0,recovery,normal,normal,no_rule_triggered,62,4,0.0,58.0,56.3,65.263
007_matrix_run_07_high_spoof_low_flood,568,568.0,569.0,recovery,normal,normal,no_rule_triggered,63,4,0.0,61.0,59.9,66.316
007_matrix_run_07_high_spoof_low_flood,569,569.0,570.0,recovery,normal,normal,no_rule_triggered,62,4,0.0,64.0,62.9,65.263
007_matrix_run_07_high_spoof_low_flood,570,570.0,571.0,recovery,normal,normal,no_rule_triggered,63,4,0.0,66.0,64.9,66.316
007_matrix_run_07_high_spoof_low_flood,571,571.0,572.0,recovery,normal,normal,no_rule_triggered,62,4,0.0,67.0,66.05,65.263
007_matrix_run_07_high_spoof_low_flood,572,572.0,573.0,recovery,normal,normal,no_rule_triggered,63,4,0.0,67.0,67.0,66.316
007_matrix_run_07_high_spoof_low_flood,573,573.0,574.0,recovery,normal,normal,no_rule_triggered,62,4,0.0,67.0,66.4,65.263
007_matrix_run_07_high_spoof_low_flood,574,574.0,575.0,recovery,normal,normal,no_rule_triggered,63,4,0.0,66.0,65.9,66.316
007_matrix_run_07_high_spoof_low_flood,575,575.0,576.0,recovery,normal,normal,no_rule_triggered,62,4,0.0,65.0,65.0,65.263
007_matrix_run_07_high_spoof_low_flood,576,576.0,577.0,recovery,normal,normal,no_rule_triggered,63,4,0.0,65.0,64.25,66.316
007_matrix_run_07_high_spoof_low_flood,577,577.0,578.0,recovery,normal,normal,no_rule_triggered,62,4,0.0,64.0,64.0,65.263
007_matrix_run_07_high_spoof_low_flood,578,578.0,579.0,recovery,normal,normal,no_rule_triggered,63,4,0.0,65.0,64.4,66.316
007_matrix_run_07_high_spoof_low_flood,579,579.0,580.0,recovery,normal,normal,no_rule_triggered,62,4,0.0,66.0,65.5,65.263
007_matrix_run_07_high_spoof_low_flood,580,580.0,581.0,recovery,normal,normal,no_rule_triggered,63,4,0.0,68.0,67.35,66.316
007_matrix_run_07_high_spoof_low_flood,581,581.0,582.0,recovery,normal,normal,no_rule_triggered,62,4,0.0,71.0,69.95,65.263
007_matrix_run_07_high_spoof_low_flood,582,582.0,583.0,recovery,normal,normal,no_rule_triggered,63,4,0.0,75.0,73.25,66.316
007_matrix_run_07_high_spoof_low_flood,583,583.0,584.0,recovery,normal,normal,no_rule_triggered,62,4,0.0,79.0,76.8,65.263
007_matrix_run_07_high_spoof_low_flood,584,584.0,585.0,recovery,normal,normal,no_rule_triggered,63,4,0.0,82.0,80.6,66.316
007_matrix_run_07_high_spoof_low_flood,585,585.0,586.0,recovery,normal,normal,no_rule_triggered,62,4,0.0,86.0,84.2,65.263
007_matrix_run_07_high_spoof_low_flood,586,586.0,587.0,recovery,normal,normal,no_rule_triggered,63,4,0.0,89.0,87.3,66.316
007_matrix_run_07_high_spoof_low_flood,587,587.0,588.0,recovery,normal,normal,no_rule_triggered,62,4,0.0,91.0,89.75,65.263
007_matrix_run_07_high_spoof_low_flood,588,588.0,589.0,recovery,normal,normal,no_rule_triggered,63,4,0.0,92.0,91.35,66.316
007_matrix_run_07_high_spoof_low_flood,589,589.0,590.0,recovery,normal,normal,no_rule_triggered,62,4,0.0,92.0,92.0,65.263
007_matrix_run_07_high_spoof_low_flood,590,590.0,591.0,recovery,normal,normal,no_rule_triggered,63,4,0.0,92.0,91.4,66.316
007_matrix_run_07_high_spoof_low_flood,591,591.0,592.0,recovery,normal,normal,no_rule_triggered,62,4,0.0,91.0,89.95,65.263
007_matrix_run_07_high_spoof_low_flood,592,592.0,593.0,recovery,normal,normal,no_rule_triggered,63,4,0.0,89.0,87.85,66.316
007_matrix_run_07_high_spoof_low_flood,593,593.0,594.0,recovery,normal,normal,no_rule_triggered,62,4,0.0,86.0,85.05,65.263
007_matrix_run_07_high_spoof_low_flood,594,594.0,595.0,recovery,normal,normal,no_rule_triggered,63,4,0.0,84.0,82.2,66.316
007_matrix_run_07_high_spoof_low_flood,595,595.0,596.0,recovery,normal,normal,no_rule_triggered,62,4,0.0,81.0,79.4,65.263
007_matrix_run_07_high_spoof_low_flood,596,596.0,597.0,recovery,normal,normal,no_rule_triggered,63,4,0.0,78.0,76.9,66.316
007_matrix_run_07_high_spoof_low_flood,597,597.0,598.0,recovery,normal,normal,no_rule_triggered,62,4,0.0,76.0,74.9,65.263
007_matrix_run_07_high_spoof_low_flood,598,598.0,599.0,recovery,normal,normal,no_rule_triggered,63,4,0.0,74.0,73.65,66.316
007_matrix_run_07_high_spoof_low_flood,599,599.0,600.0,recovery,normal,normal,no_rule_triggered,62,4,0.0,73.0,73.0,65.263
007_matrix_run_08_high_spoof_medium_flood,0,0.0,1.0,baseline,normal,normal,no_rule_triggered,63,4,0.0,64.0,61.7,66.316
007_matrix_run_08_high_spoof_medium_flood,1,1.0,2.0,baseline,normal,normal,no_rule_triggered,62,4,0.0,68.0,66.05,65.263
007_matrix_run_08_high_spoof_medium_flood,2,2.0,3.0,baseline,normal,normal,no_rule_triggered,63,4,0.0,72.0,70.05,66.316
007_matrix_run_08_high_spoof_medium_flood,3,3.0,4.0,baseline,normal,normal,no_rule_triggered,62,4,0.0,75.0,73.4,65.263
007_matrix_run_08_high_spoof_medium_flood,4,4.0,5.0,baseline,normal,normal,no_rule_triggered,63,4,0.0,77.0,75.9,66.316
007_matrix_run_08_high_spoof_medium_flood,5,5.0,6.0,baseline,normal,normal,no_rule_triggered,62,4,0.0,78.0,77.45,65.263
007_matrix_run_08_high_spoof_medium_flood,6,6.0,7.0,baseline,normal,normal,no_rule_triggered,63,4,0.0,78.0,78.0,66.316
007_matrix_run_08_high_spoof_medium_flood,7,7.0,8.0,baseline,normal,normal,no_rule_triggered,62,4,0.0,78.0,78.0,65.263
007_matrix_run_08_high_spoof_medium_flood,8,8.0,9.0,baseline,normal,normal,no_rule_triggered,63,4,0.0,78.0,77.15,66.316
007_matrix_run_08_high_spoof_medium_flood,9,9.0,10.0,baseline,normal,normal,no_rule_triggered,62,4,0.0,77.0,76.0,65.263
007_matrix_run_08_high_spoof_medium_flood,10,10.0,11.0,baseline,normal,normal,no_rule_triggered,63,4,0.0,75.0,74.75,66.316
007_matrix_run_08_high_spoof_medium_flood,11,11.0,12.0,baseline,normal,normal,no_rule_triggered,62,4,0.0,74.0,73.85,65.263
007_matrix_run_08_high_spoof_medium_flood,12,12.0,13.0,baseline,normal,normal,no_rule_triggered,63,4,0.0,73.0,73.0,66.316
007_matrix_run_08_high_spoof_medium_flood,13,13.0,14.0,baseline,normal,normal,no_rule_triggered,62,4,0.0,73.0,73.0,65.263
007_matrix_run_08_high_spoof_medium_flood,14,14.0,15.0,baseline,normal,normal,no_rule_triggered,63,4,0.0,75.0,74.1,66.316
007_matrix_run_08_high_spoof_medium_flood,15,15.0,16.0,baseline,normal,normal,no_rule_triggered,62,4,0.0,76.0,75.5,65.263
007_matrix_run_08_high_spoof_medium_flood,16,16.0,17.0,baseline,normal,normal,no_rule_triggered,63,4,0.0,79.0,77.7,66.316
007_matrix_run_08_high_spoof_medium_flood,17,17.0,18.0,baseline,normal,normal,no_rule_triggered,62,4,0.0,82.0,80.35,65.263
007_matrix_run_08_high_spoof_medium_flood,18,18.0,19.0,baseline,normal,normal,no_rule_triggered,63,4,0.0,85.0,83.2,66.316
007_matrix_run_08_high_spoof_medium_flood,19,19.0,20.0,baseline,normal,normal,no_rule_triggered,62,4,0.0,87.0,86.05,65.263
007_matrix_run_08_high_spoof_medium_flood,20,20.0,21.0,baseline,normal,normal,no_rule_triggered,63,4,0.0,90.0,88.6,66.316
007_matrix_run_08_high_spoof_medium_flood,21,21.0,22.0,baseline,normal,normal,no_rule_triggered,62,4,0.0,91.0,90.55,65.263
007_matrix_run_08_high_spoof_medium_flood,22,22.0,23.0,baseline,normal,normal,no_rule_triggered,63,4,0.0,92.0,91.7,66.316
007_matrix_run_08_high_spoof_medium_flood,23,23.0,24.0,baseline,normal,normal,no_rule_triggered,62,4,0.0,92.0,92.0,65.263
007_matrix_run_08_high_spoof_medium_flood,24,24.0,25.0,baseline,normal,normal,no_rule_triggered,63,4,0.0,91.0,90.8,66.316
007_matrix_run_08_high_spoof_medium_flood,25,25.0,26.0,baseline,normal,normal,no_rule_triggered,62,4,0.0,90.0,89.05,65.263
007_matrix_run_08_high_spoof_medium_flood,26,26.0,27.0,baseline,normal,normal,no_rule_triggered,63,4,0.0,88.0,86.3,66.316
007_matrix_run_08_high_spoof_medium_flood,27,27.0,28.0,baseline,normal,normal,no_rule_triggered,62,4,0.0,85.0,82.95,65.263
007_matrix_run_08_high_spoof_medium_flood,28,28.0,29.0,baseline,normal,normal,no_rule_triggered,63,4,0.0,81.0,79.35,66.316
007_matrix_run_08_high_spoof_medium_flood,29,29.0,30.0,baseline,normal,normal,no_rule_triggered,62,4,0.0,77.0,75.55,65.263
007_matrix_run_08_high_spoof_medium_flood,30,30.0,31.0,baseline,normal,normal,no_rule_triggered,63,4,0.0,74.0,72.05,66.316
007_matrix_run_08_high_spoof_medium_flood,31,31.0,32.0,baseline,normal,normal,no_rule_triggered,62,4,0.0,70.0,69.0,65.263
007_matrix_run_08_high_spoof_medium_flood,32,32.0,33.0,baseline,normal,normal,no_rule_triggered,63,4,0.0,68.0,66.65,66.316
007_matrix_run_08_high_spoof_medium_flood,33,33.0,34.0,baseline,normal,normal,no_rule_triggered,62,4,0.0,66.0,65.15,65.263
007_matrix_run_08_high_spoof_medium_flood,34,34.0,35.0,baseline,normal,normal,no_rule_triggered,63,4,0.0,65.0,64.05,66.316
007_matrix_run_08_high_spoof_medium_flood,35,35.0,36.0,baseline,normal,normal,no_rule_triggered,62,4,0.0,64.0,64.0,65.263
007_matrix_run_08_high_spoof_medium_flood,36,36.0,37.0,baseline,normal,normal,no_rule_triggered,63,4,0.0,65.0,64.6,66.316
007_matrix_run_08_high_spoof_medium_flood,37,37.0,38.0,baseline,normal,normal,no_rule_triggered,62,4,0.0,66.0,65.25,65.263
007_matrix_run_08_high_spoof_medium_flood,38,38.0,39.0,baseline,normal,normal,no_rule_triggered,63,4,0.0,66.0,66.0,66.316
007_matrix_run_08_high_spoof_medium_flood,39,39.0,40.0,baseline,normal,normal,no_rule_triggered,62,4,0.0,67.0,66.75,65.263
007_matrix_run_08_high_spoof_medium_flood,40,40.0,41.0,baseline,normal,normal,no_rule_triggered,63,4,0.0,67.0,66.75,66.316
007_matrix_run_08_high_spoof_medium_flood,41,41.0,42.0,baseline,normal,normal,no_rule_triggered,62,4,0.0,66.0,65.8,65.263
007_matrix_run_08_high_spoof_medium_flood,42,42.0,43.0,baseline,normal,normal,no_rule_triggered,63,4,0.0,65.0,64.35,66.316
007_matrix_run_08_high_spoof_medium_flood,43,43.0,44.0,baseline,normal,normal,no_rule_triggered,62,4,0.0,63.0,61.95,65.263
007_matrix_run_08_high_spoof_medium_flood,44,44.0,45.0,baseline,normal,normal,no_rule_triggered,63,4,0.0,60.0,58.75,66.316
007_matrix_run_08_high_spoof_medium_flood,45,45.0,46.0,baseline,normal,normal,no_rule_triggered,62,4,0.0,57.0,54.9,65.263
007_matrix_run_08_high_spoof_medium_flood,46,46.0,47.0,baseline,normal,normal,no_rule_triggered,63,4,0.0,53.0,50.75,66.316
007_matrix_run_08_high_spoof_medium_flood,47,47.0,48.0,baseline,normal,normal,no_rule_triggered,62,4,0.0,48.0,46.35,65.263
007_matrix_run_08_high_spoof_medium_flood,48,48.0,49.0,baseline,normal,normal,no_rule_triggered,63,4,0.0,44.0,42.15,66.316
007_matrix_run_08_high_spoof_medium_flood,49,49.0,50.0,baseline,normal,normal,no_rule_triggered,62,4,0.0,40.0,38.5,65.263
007_matrix_run_08_high_spoof_medium_flood,50,50.0,51.0,baseline,normal,normal,no_rule_triggered,63,4,0.0,37.0,35.45,66.316
007_matrix_run_08_high_spoof_medium_flood,51,51.0,52.0,baseline,normal,normal,no_rule_triggered,62,4,0.0,34.0,33.4,65.263
007_matrix_run_08_high_spoof_medium_flood,52,52.0,53.0,baseline,normal,normal,no_rule_triggered,63,4,0.0,33.0,32.1,66.316
007_matrix_run_08_high_spoof_medium_flood,53,53.0,54.0,baseline,normal,normal,no_rule_triggered,62,4,0.0,32.0,32.0,65.263
007_matrix_run_08_high_spoof_medium_flood,54,54.0,55.0,baseline,normal,normal,no_rule_triggered,63,4,0.0,33.0,32.75,66.316
007_matrix_run_08_high_spoof_medium_flood,55,55.0,56.0,baseline,normal,normal,no_rule_triggered,62,4,0.0,35.0,34.2,65.263
007_matrix_run_08_high_spoof_medium_flood,56,56.0,57.0,baseline,normal,normal,no_rule_triggered,63,4,0.0,37.0,36.0,66.316
007_matrix_run_08_high_spoof_medium_flood,57,57.0,58.0,baseline,normal,normal,no_rule_triggered,62,4,0.0,39.0,38.0,65.263
007_matrix_run_08_high_spoof_medium_flood,58,58.0,59.0,baseline,normal,normal,no_rule_triggered,63,4,0.0,41.0,39.8,66.316
007_matrix_run_08_high_spoof_medium_flood,59,59.0,60.0,baseline,normal,normal,no_rule_triggered,62,4,0.0,42.0,41.4,65.263
007_matrix_run_08_high_spoof_medium_flood,60,60.0,61.0,baseline,normal,normal,no_rule_triggered,63,4,0.0,42.0,42.0,66.316
007_matrix_run_08_high_spoof_medium_flood,61,61.0,62.0,baseline,normal,normal,no_rule_triggered,62,4,0.0,42.0,42.0,65.263
007_matrix_run_08_high_spoof_medium_flood,62,62.0,63.0,baseline,normal,normal,no_rule_triggered,63,4,0.0,42.0,41.95,66.316
007_matrix_run_08_high_spoof_medium_flood,63,63.0,64.0,baseline,normal,normal,no_rule_triggered,62,4,0.0,41.0,40.7,65.263
007_matrix_run_08_high_spoof_medium_flood,64,64.0,65.0,baseline,normal,normal,no_rule_triggered,63,4,0.0,40.0,39.1,66.316
007_matrix_run_08_high_spoof_medium_flood,65,65.0,66.0,baseline,normal,normal,no_rule_triggered,62,4,0.0,38.0,37.1,65.263
007_matrix_run_08_high_spoof_medium_flood,66,66.0,67.0,baseline,normal,normal,no_rule_triggered,63,4,0.0,36.0,35.15,66.316
007_matrix_run_08_high_spoof_medium_flood,67,67.0,68.0,baseline,normal,normal,no_rule_triggered,62,4,0.0,34.0,33.45,65.263
007_matrix_run_08_high_spoof_medium_flood,68,68.0,69.0,baseline,normal,normal,no_rule_triggered,63,4,0.0,33.0,32.3,66.316
007_matrix_run_08_high_spoof_medium_flood,69,69.0,70.0,baseline,normal,normal,no_rule_triggered,62,4,0.0,32.0,32.0,65.263
007_matrix_run_08_high_spoof_medium_flood,70,70.0,71.0,baseline,normal,normal,no_rule_triggered,63,4,0.0,33.0,32.55,66.316
007_matrix_run_08_high_spoof_medium_flood,71,71.0,72.0,baseline,normal,normal,no_rule_triggered,62,4,0.0,35.0,34.1,65.263
007_matrix_run_08_high_spoof_medium_flood,72,72.0,73.0,baseline,normal,normal,no_rule_triggered,63,4,0.0,38.0,36.65,66.316
007_matrix_run_08_high_spoof_medium_flood,73,73.0,74.0,baseline,normal,normal,no_rule_triggered,62,4,0.0,42.0,40.0,65.263
007_matrix_run_08_high_spoof_medium_flood,74,74.0,75.0,baseline,normal,normal,no_rule_triggered,63,4,0.0,46.0,43.95,66.316
007_matrix_run_08_high_spoof_medium_flood,75,75.0,76.0,baseline,normal,normal,no_rule_triggered,62,4,0.0,50.0,48.2,65.263
007_matrix_run_08_high_spoof_medium_flood,76,76.0,77.0,baseline,normal,normal,no_rule_triggered,63,4,0.0,55.0,52.6,66.316
007_matrix_run_08_high_spoof_medium_flood,77,77.0,78.0,baseline,normal,normal,no_rule_triggered,62,4,0.0,58.0,56.65,65.263
007_matrix_run_08_high_spoof_medium_flood,78,78.0,79.0,baseline,normal,normal,no_rule_triggered,63,4,0.0,62.0,60.2,66.316
007_matrix_run_08_high_spoof_medium_flood,79,79.0,80.0,baseline,normal,normal,no_rule_triggered,62,4,0.0,64.0,63.1,65.263
007_matrix_run_08_high_spoof_medium_flood,80,80.0,81.0,baseline,normal,normal,no_rule_triggered,63,4,0.0,66.0,65.1,66.316
007_matrix_run_08_high_spoof_medium_flood,81,81.0,82.0,baseline,normal,normal,no_rule_triggered,62,4,0.0,67.0,66.15,65.263
007_matrix_run_08_high_spoof_medium_flood,82,82.0,83.0,baseline,normal,normal,no_rule_triggered,63,4,0.0,67.0,67.0,66.316
007_matrix_run_08_high_spoof_medium_flood,83,83.0,84.0,baseline,normal,normal,no_rule_triggered,62,4,0.0,67.0,66.3,65.263
007_matrix_run_08_high_spoof_medium_flood,84,84.0,85.0,baseline,normal,normal,no_rule_triggered,63,4,0.0,66.0,65.85,66.316
007_matrix_run_08_high_spoof_medium_flood,85,85.0,86.0,baseline,normal,normal,no_rule_triggered,62,4,0.0,65.0,65.0,65.263
007_matrix_run_08_high_spoof_medium_flood,86,86.0,87.0,baseline,normal,normal,no_rule_triggered,63,4,0.0,65.0,64.2,66.316
007_matrix_run_08_high_spoof_medium_flood,87,87.0,88.0,baseline,normal,normal,no_rule_triggered,62,4,0.0,64.0,64.0,65.263
007_matrix_run_08_high_spoof_medium_flood,88,88.0,89.0,baseline,normal,normal,no_rule_triggered,63,4,0.0,65.0,64.45,66.316
007_matrix_run_08_high_spoof_medium_flood,89,89.0,90.0,baseline,normal,normal,no_rule_triggered,62,4,0.0,66.0,65.55,65.263
007_matrix_run_08_high_spoof_medium_flood,90,90.0,91.0,baseline,normal,normal,no_rule_triggered,63,4,0.0,69.0,67.6,66.316
007_matrix_run_08_high_spoof_medium_flood,91,91.0,92.0,baseline,normal,normal,no_rule_triggered,62,4,0.0,72.0,70.25,65.263
007_matrix_run_08_high_spoof_medium_flood,92,92.0,93.0,baseline,normal,normal,no_rule_triggered,63,4,0.0,75.0,73.5,66.316
007_matrix_run_08_high_spoof_medium_flood,93,93.0,94.0,baseline,normal,normal,no_rule_triggered,62,4,0.0,79.0,77.15,65.263
007_matrix_run_08_high_spoof_medium_flood,94,94.0,95.0,baseline,normal,normal,no_rule_triggered,63,4,0.0,83.0,80.9,66.316
007_matrix_run_08_high_spoof_medium_flood,95,95.0,96.0,baseline,normal,normal,no_rule_triggered,62,4,0.0,86.0,84.5,65.263
007_matrix_run_08_high_spoof_medium_flood,96,96.0,97.0,baseline,normal,normal,no_rule_triggered,63,4,0.0,89.0,87.6,66.316
007_matrix_run_08_high_spoof_medium_flood,97,97.0,98.0,baseline,normal,normal,no_rule_triggered,62,4,0.0,91.0,89.95,65.263
007_matrix_run_08_high_spoof_medium_flood,98,98.0,99.0,baseline,normal,normal,no_rule_triggered,63,4,0.0,92.0,91.4,66.316
007_matrix_run_08_high_spoof_medium_flood,99,99.0,100.0,baseline,normal,normal,no_rule_triggered,62,4,0.0,92.0,92.0,65.263
007_matrix_run_08_high_spoof_medium_flood,100,100.0,101.0,baseline,normal,normal,no_rule_triggered,63,4,0.0,92.0,91.3,66.316
007_matrix_run_08_high_spoof_medium_flood,101,101.0,102.0,baseline,normal,normal,no_rule_triggered,62,4,0.0,91.0,89.75,65.263
007_matrix_run_08_high_spoof_medium_flood,102,102.0,103.0,baseline,normal,normal,no_rule_triggered,63,4,0.0,89.0,87.6,66.316
007_matrix_run_08_high_spoof_medium_flood,103,103.0,104.0,baseline,normal,normal,no_rule_triggered,62,4,0.0,86.0,84.95,65.263
007_matrix_run_08_high_spoof_medium_flood,104,104.0,105.0,baseline,normal,normal,no_rule_triggered,63,4,0.0,83.0,81.95,66.316
007_matrix_run_08_high_spoof_medium_flood,105,105.0,106.0,baseline,normal,normal,no_rule_triggered,62,4,0.0,80.0,79.1,65.263
007_matrix_run_08_high_spoof_medium_flood,106,106.0,107.0,baseline,normal,normal,no_rule_triggered,63,4,0.0,78.0,76.75,66.316
007_matrix_run_08_high_spoof_medium_flood,107,107.0,108.0,baseline,normal,normal,no_rule_triggered,62,4,0.0,76.0,74.7,65.263
007_matrix_run_08_high_spoof_medium_flood,108,108.0,109.0,baseline,normal,normal,no_rule_triggered,63,4,0.0,74.0,73.55,66.316
007_matrix_run_08_high_spoof_medium_flood,109,109.0,110.0,baseline,normal,normal,no_rule_triggered,62,4,0.0,73.0,73.0,65.263
007_matrix_run_08_high_spoof_medium_flood,110,110.0,111.0,baseline,normal,normal,no_rule_triggered,63,4,0.0,74.0,73.25,66.316
007_matrix_run_08_high_spoof_medium_flood,111,111.0,112.0,baseline,normal,normal,no_rule_triggered,62,4,0.0,75.0,74.2,65.263
007_matrix_run_08_high_spoof_medium_flood,112,112.0,113.0,baseline,normal,normal,no_rule_triggered,63,4,0.0,76.0,75.35,66.316
007_matrix_run_08_high_spoof_medium_flood,113,113.0,114.0,baseline,normal,normal,no_rule_triggered,62,4,0.0,77.0,76.55,65.263
007_matrix_run_08_high_spoof_medium_flood,114,114.0,115.0,baseline,normal,normal,no_rule_triggered,63,4,0.0,78.0,77.55,66.316
007_matrix_run_08_high_spoof_medium_flood,115,115.0,116.0,baseline,normal,normal,no_rule_triggered,62,4,0.0,78.0,78.0,65.263
007_matrix_run_08_high_spoof_medium_flood,116,116.0,117.0,baseline,normal,normal,no_rule_triggered,63,4,0.0,78.0,78.0,66.316
007_matrix_run_08_high_spoof_medium_flood,117,117.0,118.0,baseline,normal,normal,no_rule_triggered,62,4,0.0,78.0,76.8,65.263
007_matrix_run_08_high_spoof_medium_flood,118,118.0,119.0,baseline,normal,normal,no_rule_triggered,63,4,0.0,76.0,74.95,66.316
007_matrix_run_08_high_spoof_medium_flood,119,119.0,120.0,baseline,normal,normal,no_rule_triggered,62,4,0.0,74.0,72.1,65.263
007_matrix_run_08_high_spoof_medium_flood,120,120.0,121.0,baseline,normal,normal,no_rule_triggered,63,4,0.0,70.0,68.5,66.316
007_matrix_run_08_high_spoof_medium_flood,121,121.0,122.0,baseline,normal,normal,no_rule_triggered,62,4,0.0,66.0,64.2,65.263
007_matrix_run_08_high_spoof_medium_flood,122,122.0,123.0,baseline,normal,normal,no_rule_triggered,63,4,0.0,62.0,59.75,66.316
007_matrix_run_08_high_spoof_medium_flood,123,123.0,124.0,baseline,normal,normal,no_rule_triggered,62,4,0.0,57.0,55.2,65.263
007_matrix_run_08_high_spoof_medium_flood,124,124.0,125.0,baseline,normal,normal,no_rule_triggered,63,4,0.0,53.0,50.9,66.316
007_matrix_run_08_high_spoof_medium_flood,125,125.0,126.0,baseline,normal,normal,no_rule_triggered,62,4,0.0,49.0,47.25,65.263
007_matrix_run_08_high_spoof_medium_flood,126,126.0,127.0,baseline,normal,normal,no_rule_triggered,63,4,0.0,46.0,44.3,66.316
007_matrix_run_08_high_spoof_medium_flood,127,127.0,128.0,baseline,normal,normal,no_rule_triggered,62,4,0.0,43.0,42.35,65.263
007_matrix_run_08_high_spoof_medium_flood,128,128.0,129.0,baseline,normal,normal,no_rule_triggered,63,4,0.0,42.0,41.05,66.316
007_matrix_run_08_high_spoof_medium_flood,129,129.0,130.0,baseline,normal,normal,no_rule_triggered,62,4,0.0,41.0,41.0,65.263
007_matrix_run_08_high_spoof_medium_flood,130,130.0,131.0,baseline,normal,normal,no_rule_triggered,63,4,0.0,42.0,41.35,66.316
007_matrix_run_08_high_spoof_medium_flood,131,131.0,132.0,baseline,normal,normal,no_rule_triggered,62,4,0.0,43.0,42.4,65.263
007_matrix_run_08_high_spoof_medium_flood,132,132.0,133.0,baseline,normal,normal,no_rule_triggered,63,4,0.0,44.0,43.55,66.316
007_matrix_run_08_high_spoof_medium_flood,133,133.0,134.0,baseline,normal,normal,no_rule_triggered,62,4,0.0,45.0,44.7,65.263
007_matrix_run_08_high_spoof_medium_flood,134,134.0,135.0,baseline,normal,normal,no_rule_triggered,63,4,0.0,46.0,45.65,66.316
007_matrix_run_08_high_spoof_medium_flood,135,135.0,136.0,baseline,normal,normal,no_rule_triggered,62,4,0.0,46.0,46.0,65.263
007_matrix_run_08_high_spoof_medium_flood,136,136.0,137.0,baseline,normal,normal,no_rule_triggered,63,4,0.0,46.0,45.5,66.316
007_matrix_run_08_high_spoof_medium_flood,137,137.0,138.0,baseline,normal,normal,no_rule_triggered,62,4,0.0,45.0,44.4,65.263
007_matrix_run_08_high_spoof_medium_flood,138,138.0,139.0,baseline,normal,normal,no_rule_triggered,63,4,0.0,43.0,42.45,66.316
007_matrix_run_08_high_spoof_medium_flood,139,139.0,140.0,baseline,normal,normal,no_rule_triggered,62,4,0.0,41.0,40.1,65.263
007_matrix_run_08_high_spoof_medium_flood,140,140.0,141.0,baseline,normal,normal,no_rule_triggered,63,4,0.0,39.0,37.35,66.316
007_matrix_run_08_high_spoof_medium_flood,141,141.0,142.0,baseline,normal,normal,no_rule_triggered,62,4,0.0,36.0,34.35,65.263
007_matrix_run_08_high_spoof_medium_flood,142,142.0,143.0,baseline,normal,normal,no_rule_triggered,63,4,0.0,33.0,31.65,66.316
007_matrix_run_08_high_spoof_medium_flood,143,143.0,144.0,baseline,normal,normal,no_rule_triggered,62,4,0.0,30.0,29.45,65.263
007_matrix_run_08_high_spoof_medium_flood,144,144.0,145.0,baseline,normal,normal,no_rule_triggered,63,4,0.0,28.0,27.8,66.316
007_matrix_run_08_high_spoof_medium_flood,145,145.0,146.0,baseline,normal,normal,no_rule_triggered,62,4,0.0,27.0,27.0,65.263
007_matrix_run_08_high_spoof_medium_flood,146,146.0,147.0,baseline,normal,normal,no_rule_triggered,63,4,0.0,28.0,27.5,66.316
007_matrix_run_08_high_spoof_medium_flood,147,147.0,148.0,baseline,normal,normal,no_rule_triggered,62,4,0.0,30.0,28.85,65.263
007_matrix_run_08_high_spoof_medium_flood,148,148.0,149.0,baseline,normal,normal,no_rule_triggered,63,4,0.0,33.0,31.15,66.316
007_matrix_run_08_high_spoof_medium_flood,149,149.0,150.0,baseline,normal,normal,no_rule_triggered,62,4,0.0,36.0,34.2,65.263
007_matrix_run_08_high_spoof_medium_flood,150,150.0,151.0,baseline,normal,normal,no_rule_triggered,63,4,0.0,40.0,37.75,66.316
007_matrix_run_08_high_spoof_medium_flood,151,151.0,152.0,baseline,normal,normal,no_rule_triggered,62,4,0.0,43.0,41.5,65.263
007_matrix_run_08_high_spoof_medium_flood,152,152.0,153.0,baseline,normal,normal,no_rule_triggered,63,4,0.0,47.0,45.15,66.316
007_matrix_run_08_high_spoof_medium_flood,153,153.0,154.0,baseline,normal,normal,no_rule_triggered,62,4,0.0,50.0,48.45,65.263
007_matrix_run_08_high_spoof_medium_flood,154,154.0,155.0,baseline,normal,normal,no_rule_triggered,63,4,0.0,52.0,51.2,66.316
007_matrix_run_08_high_spoof_medium_flood,155,155.0,156.0,baseline,normal,normal,no_rule_triggered,62,4,0.0,54.0,53.25,65.263
007_matrix_run_08_high_spoof_medium_flood,156,156.0,157.0,baseline,normal,normal,no_rule_triggered,63,4,0.0,55.0,54.45,66.316
007_matrix_run_08_high_spoof_medium_flood,157,157.0,158.0,baseline,normal,normal,no_rule_triggered,62,4,0.0,55.0,55.0,65.263
007_matrix_run_08_high_spoof_medium_flood,158,158.0,159.0,baseline,normal,normal,no_rule_triggered,63,4,0.0,55.0,54.9,66.316
007_matrix_run_08_high_spoof_medium_flood,159,159.0,160.0,baseline,normal,normal,no_rule_triggered,62,4,0.0,54.0,54.0,65.263
007_matrix_run_08_high_spoof_medium_flood,160,160.0,161.0,baseline,normal,normal,no_rule_triggered,63,4,0.0,54.0,53.25,66.316
007_matrix_run_08_high_spoof_medium_flood,161,161.0,162.0,baseline,normal,normal,no_rule_triggered,62,4,0.0,53.0,52.8,65.263
007_matrix_run_08_high_spoof_medium_flood,162,162.0,163.0,baseline,normal,normal,no_rule_triggered,63,4,0.0,52.0,52.0,66.316
007_matrix_run_08_high_spoof_medium_flood,163,163.0,164.0,baseline,normal,normal,no_rule_triggered,62,4,0.0,53.0,52.75,65.263
007_matrix_run_08_high_spoof_medium_flood,164,164.0,165.0,baseline,normal,normal,no_rule_triggered,63,4,0.0,55.0,53.7,66.316
007_matrix_run_08_high_spoof_medium_flood,165,165.0,166.0,baseline,normal,normal,no_rule_triggered,62,4,0.0,57.0,55.7,65.263
007_matrix_run_08_high_spoof_medium_flood,166,166.0,167.0,baseline,normal,normal,no_rule_triggered,63,4,0.0,60.0,58.5,66.316
007_matrix_run_08_high_spoof_medium_flood,167,167.0,168.0,baseline,normal,normal,no_rule_triggered,62,4,0.0,64.0,62.0,65.263
007_matrix_run_08_high_spoof_medium_flood,168,168.0,169.0,baseline,normal,normal,no_rule_triggered,63,4,0.0,68.0,66.05,66.316
007_matrix_run_08_high_spoof_medium_flood,169,169.0,170.0,baseline,normal,normal,no_rule_triggered,62,4,0.0,72.0,70.35,65.263
007_matrix_run_08_high_spoof_medium_flood,170,170.0,171.0,baseline,normal,normal,no_rule_triggered,63,4,0.0,77.0,74.7,66.316
007_matrix_run_08_high_spoof_medium_flood,171,171.0,172.0,baseline,normal,normal,no_rule_triggered,62,4,0.0,80.0,78.65,65.263
007_matrix_run_08_high_spoof_medium_flood,172,172.0,173.0,baseline,normal,normal,no_rule_triggered,63,4,0.0,83.0,82.05,66.316
007_matrix_run_08_high_spoof_medium_flood,173,173.0,174.0,baseline,normal,normal,no_rule_triggered,62,4,0.0,86.0,84.7,65.263
007_matrix_run_08_high_spoof_medium_flood,174,174.0,175.0,baseline,normal,normal,no_rule_triggered,63,4,0.0,87.0,86.35,66.316
007_matrix_run_08_high_spoof_medium_flood,175,175.0,176.0,baseline,normal,normal,no_rule_triggered,62,4,0.0,87.0,87.0,65.263
007_matrix_run_08_high_spoof_medium_flood,176,176.0,177.0,baseline,normal,normal,no_rule_triggered,63,4,0.0,87.0,86.8,66.316
007_matrix_run_08_high_spoof_medium_flood,177,177.0,178.0,baseline,normal,normal,no_rule_triggered,62,4,0.0,86.0,85.6,65.263
007_matrix_run_08_high_spoof_medium_flood,178,178.0,179.0,baseline,normal,normal,no_rule_triggered,63,4,0.0,85.0,84.05,66.316
007_matrix_run_08_high_spoof_medium_flood,179,179.0,180.0,baseline,normal,normal,no_rule_triggered,62,4,0.0,83.0,82.1,65.263
007_matrix_run_08_high_spoof_medium_flood,180,180.0,181.0,spoofing,spoofing,spoofing,decoded_speed_threshold_exceeded,105,3,0.0,240.0,224.7,107.143
007_matrix_run_08_high_spoof_medium_flood,181,181.0,182.0,spoofing,spoofing,spoofing,decoded_speed_threshold_exceeded,105,3,0.0,239.0,224.14,107.143
007_matrix_run_08_high_spoof_medium_flood,182,182.0,183.0,spoofing,spoofing,spoofing,decoded_speed_threshold_exceeded,105,3,0.0,239.0,223.26,107.143
007_matrix_run_08_high_spoof_medium_flood,183,183.0,184.0,spoofing,spoofing,spoofing,decoded_speed_threshold_exceeded,105,3,0.0,240.0,224.86,107.143
007_matrix_run_08_high_spoof_medium_flood,184,184.0,185.0,spoofing,spoofing,spoofing,decoded_speed_threshold_exceeded,105,3,0.0,240.0,225.76,107.143
007_matrix_run_08_high_spoof_medium_flood,185,185.0,186.0,spoofing,spoofing,spoofing,decoded_speed_threshold_exceeded,105,3,0.0,240.0,226.5,107.143
007_matrix_run_08_high_spoof_medium_flood,186,186.0,187.0,spoofing,spoofing,spoofing,decoded_speed_threshold_exceeded,105,3,0.0,240.0,225.78,107.143
007_matrix_run_08_high_spoof_medium_flood,187,187.0,188.0,spoofing,spoofing,spoofing,decoded_speed_threshold_exceeded,105,3,0.0,240.0,226.46,107.143
007_matrix_run_08_high_spoof_medium_flood,188,188.0,189.0,spoofing,spoofing,spoofing,decoded_speed_threshold_exceeded,105,3,0.0,240.0,225.08,107.143
007_matrix_run_08_high_spoof_medium_flood,189,189.0,190.0,spoofing,spoofing,spoofing,decoded_speed_threshold_exceeded,105,3,0.0,240.0,227.68,107.143
007_matrix_run_08_high_spoof_medium_flood,190,190.0,191.0,spoofing,spoofing,spoofing,decoded_speed_threshold_exceeded,105,3,0.0,240.0,226.44,107.143
007_matrix_run_08_high_spoof_medium_flood,191,191.0,192.0,spoofing,spoofing,spoofing,decoded_speed_threshold_exceeded,105,3,0.0,240.0,225.22,107.143
007_matrix_run_08_high_spoof_medium_flood,192,192.0,193.0,spoofing,spoofing,spoofing,decoded_speed_threshold_exceeded,105,3,0.0,240.0,223.16,107.143
007_matrix_run_08_high_spoof_medium_flood,193,193.0,194.0,spoofing,spoofing,spoofing,decoded_speed_threshold_exceeded,105,3,0.0,240.0,225.34,107.143
007_matrix_run_08_high_spoof_medium_flood,194,194.0,195.0,spoofing,spoofing,spoofing,decoded_speed_threshold_exceeded,105,3,0.0,240.0,225.78,107.143
007_matrix_run_08_high_spoof_medium_flood,195,195.0,196.0,spoofing,spoofing,spoofing,decoded_speed_threshold_exceeded,105,3,0.0,240.0,225.02,107.143
007_matrix_run_08_high_spoof_medium_flood,196,196.0,197.0,spoofing,spoofing,spoofing,decoded_speed_threshold_exceeded,105,3,0.0,237.0,221.78,107.143
007_matrix_run_08_high_spoof_medium_flood,197,197.0,198.0,spoofing,spoofing,spoofing,decoded_speed_threshold_exceeded,105,3,0.0,240.0,225.88,107.143
007_matrix_run_08_high_spoof_medium_flood,198,198.0,199.0,spoofing,spoofing,spoofing,decoded_speed_threshold_exceeded,105,3,0.0,240.0,225.22,107.143
007_matrix_run_08_high_spoof_medium_flood,199,199.0,200.0,spoofing,spoofing,spoofing,decoded_speed_threshold_exceeded,105,3,0.0,240.0,224.86,107.143
007_matrix_run_08_high_spoof_medium_flood,200,200.0,201.0,spoofing,spoofing,spoofing,decoded_speed_threshold_exceeded,105,3,0.0,240.0,225.04,107.143
007_matrix_run_08_high_spoof_medium_flood,201,201.0,202.0,spoofing,spoofing,spoofing,decoded_speed_threshold_exceeded,105,3,0.0,240.0,225.18,107.143
007_matrix_run_08_high_spoof_medium_flood,202,202.0,203.0,spoofing,spoofing,spoofing,decoded_speed_threshold_exceeded,105,3,0.0,240.0,226.46,107.143
007_matrix_run_08_high_spoof_medium_flood,203,203.0,204.0,spoofing,spoofing,spoofing,decoded_speed_threshold_exceeded,105,3,0.0,240.0,224.56,107.143
007_matrix_run_08_high_spoof_medium_flood,204,204.0,205.0,spoofing,spoofing,spoofing,decoded_speed_threshold_exceeded,105,3,0.0,240.0,223.98,107.143
007_matrix_run_08_high_spoof_medium_flood,205,205.0,206.0,spoofing,spoofing,spoofing,decoded_speed_threshold_exceeded,105,3,0.0,239.0,226.32,107.143
007_matrix_run_08_high_spoof_medium_flood,206,206.0,207.0,spoofing,spoofing,spoofing,decoded_speed_threshold_exceeded,105,3,0.0,240.0,226.68,107.143
007_matrix_run_08_high_spoof_medium_flood,207,207.0,208.0,spoofing,spoofing,spoofing,decoded_speed_threshold_exceeded,105,3,0.0,240.0,225.72,107.143
007_matrix_run_08_high_spoof_medium_flood,208,208.0,209.0,spoofing,spoofing,spoofing,decoded_speed_threshold_exceeded,105,3,0.0,240.0,226.48,107.143
007_matrix_run_08_high_spoof_medium_flood,209,209.0,210.0,spoofing,spoofing,spoofing,decoded_speed_threshold_exceeded,105,3,0.0,240.0,223.24,107.143
007_matrix_run_08_high_spoof_medium_flood,210,210.0,211.0,spoofing,spoofing,spoofing,decoded_speed_threshold_exceeded,105,3,0.0,240.0,224.06,107.143
007_matrix_run_08_high_spoof_medium_flood,211,211.0,212.0,spoofing,spoofing,spoofing,decoded_speed_threshold_exceeded,105,3,0.0,240.0,225.7,107.143
007_matrix_run_08_high_spoof_medium_flood,212,212.0,213.0,spoofing,spoofing,spoofing,decoded_speed_threshold_exceeded,105,3,0.0,240.0,224.28,107.143
007_matrix_run_08_high_spoof_medium_flood,213,213.0,214.0,spoofing,spoofing,spoofing,decoded_speed_threshold_exceeded,105,3,0.0,240.0,223.48,107.143
007_matrix_run_08_high_spoof_medium_flood,214,214.0,215.0,spoofing,spoofing,spoofing,decoded_speed_threshold_exceeded,105,3,0.0,240.0,224.36,107.143
007_matrix_run_08_high_spoof_medium_flood,215,215.0,216.0,spoofing,spoofing,spoofing,decoded_speed_threshold_exceeded,105,3,0.0,240.0,224.94,107.143
007_matrix_run_08_high_spoof_medium_flood,216,216.0,217.0,spoofing,spoofing,spoofing,decoded_speed_threshold_exceeded,105,3,0.0,239.0,224.0,107.143
007_matrix_run_08_high_spoof_medium_flood,217,217.0,218.0,spoofing,spoofing,spoofing,decoded_speed_threshold_exceeded,105,3,0.0,239.0,222.44,107.143
007_matrix_run_08_high_spoof_medium_flood,218,218.0,219.0,spoofing,spoofing,spoofing,decoded_speed_threshold_exceeded,105,3,0.0,239.0,226.28,107.143
007_matrix_run_08_high_spoof_medium_flood,219,219.0,220.0,spoofing,spoofing,spoofing,decoded_speed_threshold_exceeded,105,3,0.0,240.0,226.12,107.143
007_matrix_run_08_high_spoof_medium_flood,220,220.0,221.0,spoofing,spoofing,spoofing,decoded_speed_threshold_exceeded,105,3,0.0,239.0,223.54,107.143
007_matrix_run_08_high_spoof_medium_flood,221,221.0,222.0,spoofing,spoofing,spoofing,decoded_speed_threshold_exceeded,105,3,0.0,240.0,224.66,107.143
007_matrix_run_08_high_spoof_medium_flood,222,222.0,223.0,spoofing,spoofing,spoofing,decoded_speed_threshold_exceeded,105,3,0.0,240.0,225.46,107.143
007_matrix_run_08_high_spoof_medium_flood,223,223.0,224.0,spoofing,spoofing,spoofing,decoded_speed_threshold_exceeded,105,3,0.0,240.0,225.62,107.143
007_matrix_run_08_high_spoof_medium_flood,224,224.0,225.0,spoofing,spoofing,spoofing,decoded_speed_threshold_exceeded,105,3,0.0,240.0,224.84,107.143
007_matrix_run_08_high_spoof_medium_flood,225,225.0,226.0,spoofing,spoofing,spoofing,decoded_speed_threshold_exceeded,105,3,0.0,240.0,225.7,107.143
007_matrix_run_08_high_spoof_medium_flood,226,226.0,227.0,spoofing,spoofing,spoofing,decoded_speed_threshold_exceeded,105,3,0.0,240.0,224.58,107.143
007_matrix_run_08_high_spoof_medium_flood,227,227.0,228.0,spoofing,spoofing,spoofing,decoded_speed_threshold_exceeded,105,3,0.0,240.0,226.38,107.143
007_matrix_run_08_high_spoof_medium_flood,228,228.0,229.0,spoofing,spoofing,spoofing,decoded_speed_threshold_exceeded,105,3,0.0,240.0,224.74,107.143
007_matrix_run_08_high_spoof_medium_flood,229,229.0,230.0,spoofing,spoofing,spoofing,decoded_speed_threshold_exceeded,105,3,0.0,239.0,224.9,107.143
007_matrix_run_08_high_spoof_medium_flood,230,230.0,231.0,spoofing,spoofing,spoofing,decoded_speed_threshold_exceeded,105,3,0.0,240.0,224.66,107.143
007_matrix_run_08_high_spoof_medium_flood,231,231.0,232.0,spoofing,spoofing,spoofing,decoded_speed_threshold_exceeded,105,3,0.0,238.0,222.0,107.143
007_matrix_run_08_high_spoof_medium_flood,232,232.0,233.0,spoofing,spoofing,spoofing,decoded_speed_threshold_exceeded,105,3,0.0,240.0,224.54,107.143
007_matrix_run_08_high_spoof_medium_flood,233,233.0,234.0,spoofing,spoofing,spoofing,decoded_speed_threshold_exceeded,105,3,0.0,240.0,224.4,107.143
007_matrix_run_08_high_spoof_medium_flood,234,234.0,235.0,spoofing,spoofing,spoofing,decoded_speed_threshold_exceeded,105,3,0.0,240.0,225.12,107.143
007_matrix_run_08_high_spoof_medium_flood,235,235.0,236.0,spoofing,spoofing,spoofing,decoded_speed_threshold_exceeded,105,3,0.0,240.0,224.94,107.143
007_matrix_run_08_high_spoof_medium_flood,236,236.0,237.0,spoofing,spoofing,spoofing,decoded_speed_threshold_exceeded,105,3,0.0,240.0,225.02,107.143
007_matrix_run_08_high_spoof_medium_flood,237,237.0,238.0,spoofing,spoofing,spoofing,decoded_speed_threshold_exceeded,105,3,0.0,240.0,224.84,107.143
007_matrix_run_08_high_spoof_medium_flood,238,238.0,239.0,spoofing,spoofing,spoofing,decoded_speed_threshold_exceeded,105,3,0.0,240.0,225.86,107.143
007_matrix_run_08_high_spoof_medium_flood,239,239.0,240.0,spoofing,spoofing,spoofing,decoded_speed_threshold_exceeded,105,3,0.0,240.0,224.88,107.143
007_matrix_run_08_high_spoof_medium_flood,240,240.0,241.0,spoofing,spoofing,spoofing,decoded_speed_threshold_exceeded,105,3,0.0,240.0,225.0,107.143
007_matrix_run_08_high_spoof_medium_flood,241,241.0,242.0,spoofing,spoofing,spoofing,decoded_speed_threshold_exceeded,105,3,0.0,240.0,224.96,107.143
007_matrix_run_08_high_spoof_medium_flood,242,242.0,243.0,spoofing,spoofing,spoofing,decoded_speed_threshold_exceeded,105,3,0.0,240.0,224.54,107.143
007_matrix_run_08_high_spoof_medium_flood,243,243.0,244.0,spoofing,spoofing,spoofing,decoded_speed_threshold_exceeded,105,3,0.0,239.0,221.42,107.143
007_matrix_run_08_high_spoof_medium_flood,244,244.0,245.0,spoofing,spoofing,spoofing,decoded_speed_threshold_exceeded,105,3,0.0,239.0,224.96,107.143
007_matrix_run_08_high_spoof_medium_flood,245,245.0,246.0,spoofing,spoofing,spoofing,decoded_speed_threshold_exceeded,105,3,0.0,240.0,222.14,107.143
007_matrix_run_08_high_spoof_medium_flood,246,246.0,247.0,spoofing,spoofing,spoofing,decoded_speed_threshold_exceeded,105,3,0.0,240.0,225.84,107.143
007_matrix_run_08_high_spoof_medium_flood,247,247.0,248.0,spoofing,spoofing,spoofing,decoded_speed_threshold_exceeded,105,3,0.0,239.0,223.86,107.143
007_matrix_run_08_high_spoof_medium_flood,248,248.0,249.0,spoofing,spoofing,spoofing,decoded_speed_threshold_exceeded,105,3,0.0,240.0,224.9,107.143
007_matrix_run_08_high_spoof_medium_flood,249,249.0,250.0,spoofing,spoofing,spoofing,decoded_speed_threshold_exceeded,105,3,0.0,240.0,226.48,107.143
007_matrix_run_08_high_spoof_medium_flood,250,250.0,251.0,spoofing,spoofing,spoofing,decoded_speed_threshold_exceeded,105,3,0.0,240.0,224.1,107.143
007_matrix_run_08_high_spoof_medium_flood,251,251.0,252.0,spoofing,spoofing,spoofing,decoded_speed_threshold_exceeded,105,3,0.0,240.0,224.38,107.143
007_matrix_run_08_high_spoof_medium_flood,252,252.0,253.0,spoofing,spoofing,spoofing,decoded_speed_threshold_exceeded,105,3,0.0,239.0,225.98,107.143
007_matrix_run_08_high_spoof_medium_flood,253,253.0,254.0,spoofing,spoofing,spoofing,decoded_speed_threshold_exceeded,105,3,0.0,240.0,225.88,107.143
007_matrix_run_08_high_spoof_medium_flood,254,254.0,255.0,spoofing,spoofing,spoofing,decoded_speed_threshold_exceeded,105,3,0.0,240.0,223.24,107.143
007_matrix_run_08_high_spoof_medium_flood,255,255.0,256.0,spoofing,spoofing,spoofing,decoded_speed_threshold_exceeded,105,3,0.0,240.0,226.02,107.143
007_matrix_run_08_high_spoof_medium_flood,256,256.0,257.0,spoofing,spoofing,spoofing,decoded_speed_threshold_exceeded,105,3,0.0,240.0,225.14,107.143
007_matrix_run_08_high_spoof_medium_flood,257,257.0,258.0,spoofing,spoofing,spoofing,decoded_speed_threshold_exceeded,105,3,0.0,240.0,224.94,107.143
007_matrix_run_08_high_spoof_medium_flood,258,258.0,259.0,spoofing,spoofing,spoofing,decoded_speed_threshold_exceeded,105,3,0.0,238.0,224.18,107.143
007_matrix_run_08_high_spoof_medium_flood,259,259.0,260.0,spoofing,spoofing,spoofing,decoded_speed_threshold_exceeded,105,3,0.0,240.0,224.3,107.143
007_matrix_run_08_high_spoof_medium_flood,260,260.0,261.0,spoofing,spoofing,spoofing,decoded_speed_threshold_exceeded,105,3,0.0,240.0,226.82,107.143
007_matrix_run_08_high_spoof_medium_flood,261,261.0,262.0,spoofing,spoofing,spoofing,decoded_speed_threshold_exceeded,105,3,0.0,240.0,223.92,107.143
007_matrix_run_08_high_spoof_medium_flood,262,262.0,263.0,spoofing,spoofing,spoofing,decoded_speed_threshold_exceeded,105,3,0.0,239.0,224.34,107.143
007_matrix_run_08_high_spoof_medium_flood,263,263.0,264.0,spoofing,spoofing,spoofing,decoded_speed_threshold_exceeded,105,3,0.0,240.0,225.96,107.143
007_matrix_run_08_high_spoof_medium_flood,264,264.0,265.0,spoofing,spoofing,spoofing,decoded_speed_threshold_exceeded,105,3,0.0,238.0,223.76,107.143
007_matrix_run_08_high_spoof_medium_flood,265,265.0,266.0,spoofing,spoofing,spoofing,decoded_speed_threshold_exceeded,105,3,0.0,240.0,225.06,107.143
007_matrix_run_08_high_spoof_medium_flood,266,266.0,267.0,spoofing,spoofing,spoofing,decoded_speed_threshold_exceeded,105,3,0.0,240.0,224.12,107.143
007_matrix_run_08_high_spoof_medium_flood,267,267.0,268.0,spoofing,spoofing,spoofing,decoded_speed_threshold_exceeded,105,3,0.0,240.0,224.34,107.143
007_matrix_run_08_high_spoof_medium_flood,268,268.0,269.0,spoofing,spoofing,spoofing,decoded_speed_threshold_exceeded,105,3,0.0,238.0,225.34,107.143
007_matrix_run_08_high_spoof_medium_flood,269,269.0,270.0,spoofing,spoofing,spoofing,decoded_speed_threshold_exceeded,105,3,0.0,240.0,226.2,107.143
007_matrix_run_08_high_spoof_medium_flood,270,270.0,271.0,spoofing,spoofing,spoofing,decoded_speed_threshold_exceeded,105,3,0.0,240.0,225.72,107.143
007_matrix_run_08_high_spoof_medium_flood,271,271.0,272.0,spoofing,spoofing,spoofing,decoded_speed_threshold_exceeded,105,3,0.0,240.0,225.32,107.143
007_matrix_run_08_high_spoof_medium_flood,272,272.0,273.0,spoofing,spoofing,spoofing,decoded_speed_threshold_exceeded,105,3,0.0,239.0,225.96,107.143
007_matrix_run_08_high_spoof_medium_flood,273,273.0,274.0,spoofing,spoofing,spoofing,decoded_speed_threshold_exceeded,105,3,0.0,240.0,224.58,107.143
007_matrix_run_08_high_spoof_medium_flood,274,274.0,275.0,spoofing,spoofing,spoofing,decoded_speed_threshold_exceeded,105,3,0.0,240.0,224.62,107.143
007_matrix_run_08_high_spoof_medium_flood,275,275.0,276.0,spoofing,spoofing,spoofing,decoded_speed_threshold_exceeded,105,3,0.0,240.0,223.58,107.143
007_matrix_run_08_high_spoof_medium_flood,276,276.0,277.0,spoofing,spoofing,spoofing,decoded_speed_threshold_exceeded,105,3,0.0,239.0,223.84,107.143
007_matrix_run_08_high_spoof_medium_flood,277,277.0,278.0,spoofing,spoofing,spoofing,decoded_speed_threshold_exceeded,105,3,0.0,238.0,223.84,107.143
007_matrix_run_08_high_spoof_medium_flood,278,278.0,279.0,spoofing,spoofing,spoofing,decoded_speed_threshold_exceeded,105,3,0.0,240.0,226.0,107.143
007_matrix_run_08_high_spoof_medium_flood,279,279.0,280.0,spoofing,spoofing,spoofing,decoded_speed_threshold_exceeded,105,3,0.0,239.0,226.14,107.143
007_matrix_run_08_high_spoof_medium_flood,280,280.0,281.0,spoofing,spoofing,spoofing,decoded_speed_threshold_exceeded,105,3,0.0,240.0,227.3,107.143
007_matrix_run_08_high_spoof_medium_flood,281,281.0,282.0,spoofing,spoofing,spoofing,decoded_speed_threshold_exceeded,105,3,0.0,240.0,223.1,107.143
007_matrix_run_08_high_spoof_medium_flood,282,282.0,283.0,spoofing,spoofing,spoofing,decoded_speed_threshold_exceeded,105,3,0.0,240.0,222.86,107.143
007_matrix_run_08_high_spoof_medium_flood,283,283.0,284.0,spoofing,spoofing,spoofing,decoded_speed_threshold_exceeded,105,3,0.0,240.0,224.52,107.143
007_matrix_run_08_high_spoof_medium_flood,284,284.0,285.0,spoofing,spoofing,spoofing,decoded_speed_threshold_exceeded,105,3,0.0,239.0,223.84,107.143
007_matrix_run_08_high_spoof_medium_flood,285,285.0,286.0,spoofing,spoofing,spoofing,decoded_speed_threshold_exceeded,105,3,0.0,240.0,225.5,107.143
007_matrix_run_08_high_spoof_medium_flood,286,286.0,287.0,spoofing,spoofing,spoofing,decoded_speed_threshold_exceeded,105,3,0.0,240.0,224.62,107.143
007_matrix_run_08_high_spoof_medium_flood,287,287.0,288.0,spoofing,spoofing,spoofing,decoded_speed_threshold_exceeded,105,3,0.0,239.0,224.28,107.143
007_matrix_run_08_high_spoof_medium_flood,288,288.0,289.0,spoofing,spoofing,spoofing,decoded_speed_threshold_exceeded,105,3,0.0,240.0,224.76,107.143
007_matrix_run_08_high_spoof_medium_flood,289,289.0,290.0,spoofing,spoofing,spoofing,decoded_speed_threshold_exceeded,105,3,0.0,240.0,225.02,107.143
007_matrix_run_08_high_spoof_medium_flood,290,290.0,291.0,spoofing,spoofing,spoofing,decoded_speed_threshold_exceeded,105,3,0.0,240.0,226.26,107.143
007_matrix_run_08_high_spoof_medium_flood,291,291.0,292.0,spoofing,spoofing,spoofing,decoded_speed_threshold_exceeded,105,3,0.0,240.0,228.12,107.143
007_matrix_run_08_high_spoof_medium_flood,292,292.0,293.0,spoofing,spoofing,spoofing,decoded_speed_threshold_exceeded,105,3,0.0,240.0,223.98,107.143
007_matrix_run_08_high_spoof_medium_flood,293,293.0,294.0,spoofing,spoofing,spoofing,decoded_speed_threshold_exceeded,105,3,0.0,240.0,225.52,107.143
007_matrix_run_08_high_spoof_medium_flood,294,294.0,295.0,spoofing,spoofing,spoofing,decoded_speed_threshold_exceeded,105,3,0.0,240.0,226.46,107.143
007_matrix_run_08_high_spoof_medium_flood,295,295.0,296.0,spoofing,spoofing,spoofing,decoded_speed_threshold_exceeded,105,3,0.0,240.0,225.54,107.143
007_matrix_run_08_high_spoof_medium_flood,296,296.0,297.0,spoofing,spoofing,spoofing,decoded_speed_threshold_exceeded,105,3,0.0,240.0,224.9,107.143
007_matrix_run_08_high_spoof_medium_flood,297,297.0,298.0,spoofing,spoofing,spoofing,decoded_speed_threshold_exceeded,105,3,0.0,240.0,224.04,107.143
007_matrix_run_08_high_spoof_medium_flood,298,298.0,299.0,spoofing,spoofing,spoofing,decoded_speed_threshold_exceeded,105,3,0.0,240.0,224.06,107.143
007_matrix_run_08_high_spoof_medium_flood,299,299.0,300.0,spoofing,spoofing,spoofing,decoded_speed_threshold_exceeded,105,3,0.0,240.0,226.24,107.143
007_matrix_run_08_high_spoof_medium_flood,300,300.0,301.0,flooding,flooding,flooding,high_id_cardinality_or_unknown_id_ratio,100,98,1.0,,,101.01
007_matrix_run_08_high_spoof_medium_flood,301,301.0,302.0,flooding,flooding,flooding,high_id_cardinality_or_unknown_id_ratio,100,98,0.99,,,101.01
007_matrix_run_08_high_spoof_medium_flood,302,302.0,303.0,flooding,flooding,flooding,high_id_cardinality_or_unknown_id_ratio,100,97,1.0,,,101.01
007_matrix_run_08_high_spoof_medium_flood,303,303.0,304.0,flooding,flooding,flooding,high_id_cardinality_or_unknown_id_ratio,100,94,1.0,,,101.01
007_matrix_run_08_high_spoof_medium_flood,304,304.0,305.0,flooding,flooding,flooding,high_id_cardinality_or_unknown_id_ratio,100,100,1.0,,,101.01
007_matrix_run_08_high_spoof_medium_flood,305,305.0,306.0,flooding,flooding,flooding,high_id_cardinality_or_unknown_id_ratio,100,97,0.99,,,101.01
007_matrix_run_08_high_spoof_medium_flood,306,306.0,307.0,flooding,flooding,flooding,high_id_cardinality_or_unknown_id_ratio,100,95,1.0,,,101.01
007_matrix_run_08_high_spoof_medium_flood,307,307.0,308.0,flooding,flooding,flooding,high_id_cardinality_or_unknown_id_ratio,100,98,1.0,,,101.01
007_matrix_run_08_high_spoof_medium_flood,308,308.0,309.0,flooding,flooding,flooding,high_id_cardinality_or_unknown_id_ratio,100,98,1.0,,,101.01
007_matrix_run_08_high_spoof_medium_flood,309,309.0,310.0,flooding,flooding,flooding,high_id_cardinality_or_unknown_id_ratio,100,98,1.0,,,101.01
007_matrix_run_08_high_spoof_medium_flood,310,310.0,311.0,flooding,flooding,flooding,high_id_cardinality_or_unknown_id_ratio,100,96,0.99,,,101.01
007_matrix_run_08_high_spoof_medium_flood,311,311.0,312.0,flooding,flooding,flooding,high_id_cardinality_or_unknown_id_ratio,100,96,1.0,,,101.01
007_matrix_run_08_high_spoof_medium_flood,312,312.0,313.0,flooding,flooding,flooding,high_id_cardinality_or_unknown_id_ratio,100,94,0.98,,,101.01
007_matrix_run_08_high_spoof_medium_flood,313,313.0,314.0,flooding,flooding,flooding,high_id_cardinality_or_unknown_id_ratio,100,99,1.0,,,101.01
007_matrix_run_08_high_spoof_medium_flood,314,314.0,315.0,flooding,flooding,flooding,high_id_cardinality_or_unknown_id_ratio,100,98,1.0,,,101.01
007_matrix_run_08_high_spoof_medium_flood,315,315.0,316.0,flooding,flooding,flooding,high_id_cardinality_or_unknown_id_ratio,100,99,1.0,,,101.01
007_matrix_run_08_high_spoof_medium_flood,316,316.0,317.0,flooding,flooding,flooding,high_id_cardinality_or_unknown_id_ratio,100,98,1.0,,,101.01
007_matrix_run_08_high_spoof_medium_flood,317,317.0,318.0,flooding,flooding,flooding,high_id_cardinality_or_unknown_id_ratio,100,99,0.98,,,101.01
007_matrix_run_08_high_spoof_medium_flood,318,318.0,319.0,flooding,flooding,flooding,high_id_cardinality_or_unknown_id_ratio,100,100,1.0,,,101.01
007_matrix_run_08_high_spoof_medium_flood,319,319.0,320.0,flooding,flooding,flooding,high_id_cardinality_or_unknown_id_ratio,100,98,1.0,,,101.01
007_matrix_run_08_high_spoof_medium_flood,320,320.0,321.0,flooding,flooding,flooding,high_id_cardinality_or_unknown_id_ratio,100,99,1.0,,,101.01
007_matrix_run_08_high_spoof_medium_flood,321,321.0,322.0,flooding,flooding,flooding,high_id_cardinality_or_unknown_id_ratio,100,97,1.0,,,101.01
007_matrix_run_08_high_spoof_medium_flood,322,322.0,323.0,flooding,flooding,flooding,high_id_cardinality_or_unknown_id_ratio,100,95,1.0,,,101.01
007_matrix_run_08_high_spoof_medium_flood,323,323.0,324.0,flooding,flooding,flooding,high_id_cardinality_or_unknown_id_ratio,100,97,1.0,,,101.01
007_matrix_run_08_high_spoof_medium_flood,324,324.0,325.0,flooding,flooding,flooding,high_id_cardinality_or_unknown_id_ratio,100,100,1.0,,,101.01
007_matrix_run_08_high_spoof_medium_flood,325,325.0,326.0,flooding,flooding,flooding,high_id_cardinality_or_unknown_id_ratio,100,97,1.0,,,101.01
007_matrix_run_08_high_spoof_medium_flood,326,326.0,327.0,flooding,flooding,flooding,high_id_cardinality_or_unknown_id_ratio,100,98,1.0,,,101.01
007_matrix_run_08_high_spoof_medium_flood,327,327.0,328.0,flooding,flooding,flooding,high_id_cardinality_or_unknown_id_ratio,100,98,0.99,,,101.01
007_matrix_run_08_high_spoof_medium_flood,328,328.0,329.0,flooding,flooding,flooding,high_id_cardinality_or_unknown_id_ratio,100,98,0.99,,,101.01
007_matrix_run_08_high_spoof_medium_flood,329,329.0,330.0,flooding,flooding,flooding,high_id_cardinality_or_unknown_id_ratio,100,98,1.0,,,101.01
007_matrix_run_08_high_spoof_medium_flood,330,330.0,331.0,flooding,flooding,flooding,high_id_cardinality_or_unknown_id_ratio,100,97,1.0,,,101.01
007_matrix_run_08_high_spoof_medium_flood,331,331.0,332.0,flooding,flooding,flooding,high_id_cardinality_or_unknown_id_ratio,100,100,1.0,,,101.01
007_matrix_run_08_high_spoof_medium_flood,332,332.0,333.0,flooding,flooding,flooding,high_id_cardinality_or_unknown_id_ratio,100,97,1.0,,,101.01
007_matrix_run_08_high_spoof_medium_flood,333,333.0,334.0,flooding,flooding,flooding,high_id_cardinality_or_unknown_id_ratio,100,96,1.0,,,101.01
007_matrix_run_08_high_spoof_medium_flood,334,334.0,335.0,flooding,flooding,flooding,high_id_cardinality_or_unknown_id_ratio,100,99,1.0,,,101.01
007_matrix_run_08_high_spoof_medium_flood,335,335.0,336.0,flooding,flooding,flooding,high_id_cardinality_or_unknown_id_ratio,100,98,1.0,,,101.01
007_matrix_run_08_high_spoof_medium_flood,336,336.0,337.0,flooding,flooding,flooding,high_id_cardinality_or_unknown_id_ratio,100,98,1.0,,,101.01
007_matrix_run_08_high_spoof_medium_flood,337,337.0,338.0,flooding,flooding,flooding,high_id_cardinality_or_unknown_id_ratio,100,97,1.0,,,101.01
007_matrix_run_08_high_spoof_medium_flood,338,338.0,339.0,flooding,flooding,flooding,high_id_cardinality_or_unknown_id_ratio,100,100,1.0,,,101.01
007_matrix_run_08_high_spoof_medium_flood,339,339.0,340.0,flooding,flooding,flooding,high_id_cardinality_or_unknown_id_ratio,100,98,1.0,,,101.01
007_matrix_run_08_high_spoof_medium_flood,340,340.0,341.0,flooding,flooding,flooding,high_id_cardinality_or_unknown_id_ratio,100,99,1.0,,,101.01
007_matrix_run_08_high_spoof_medium_flood,341,341.0,342.0,flooding,flooding,flooding,high_id_cardinality_or_unknown_id_ratio,100,99,1.0,,,101.01
007_matrix_run_08_high_spoof_medium_flood,342,342.0,343.0,flooding,flooding,flooding,high_id_cardinality_or_unknown_id_ratio,100,97,0.99,,,101.01
007_matrix_run_08_high_spoof_medium_flood,343,343.0,344.0,flooding,flooding,flooding,high_id_cardinality_or_unknown_id_ratio,100,99,1.0,,,101.01
007_matrix_run_08_high_spoof_medium_flood,344,344.0,345.0,flooding,flooding,flooding,high_id_cardinality_or_unknown_id_ratio,100,99,0.99,,,101.01
007_matrix_run_08_high_spoof_medium_flood,345,345.0,346.0,flooding,flooding,flooding,high_id_cardinality_or_unknown_id_ratio,100,97,0.99,,,101.01
007_matrix_run_08_high_spoof_medium_flood,346,346.0,347.0,flooding,flooding,flooding,high_id_cardinality_or_unknown_id_ratio,100,97,1.0,,,101.01
007_matrix_run_08_high_spoof_medium_flood,347,347.0,348.0,flooding,flooding,flooding,high_id_cardinality_or_unknown_id_ratio,100,99,1.0,,,101.01
007_matrix_run_08_high_spoof_medium_flood,348,348.0,349.0,flooding,flooding,flooding,high_id_cardinality_or_unknown_id_ratio,100,99,0.99,,,101.01
007_matrix_run_08_high_spoof_medium_flood,349,349.0,350.0,flooding,flooding,flooding,high_id_cardinality_or_unknown_id_ratio,100,97,1.0,,,101.01
007_matrix_run_08_high_spoof_medium_flood,350,350.0,351.0,flooding,flooding,flooding,high_id_cardinality_or_unknown_id_ratio,100,98,1.0,,,101.01
007_matrix_run_08_high_spoof_medium_flood,351,351.0,352.0,flooding,flooding,flooding,high_id_cardinality_or_unknown_id_ratio,100,98,1.0,,,101.01
007_matrix_run_08_high_spoof_medium_flood,352,352.0,353.0,flooding,flooding,flooding,high_id_cardinality_or_unknown_id_ratio,100,100,1.0,,,101.01
007_matrix_run_08_high_spoof_medium_flood,353,353.0,354.0,flooding,flooding,flooding,high_id_cardinality_or_unknown_id_ratio,100,96,1.0,,,101.01
007_matrix_run_08_high_spoof_medium_flood,354,354.0,355.0,flooding,flooding,flooding,high_id_cardinality_or_unknown_id_ratio,100,98,1.0,,,101.01
007_matrix_run_08_high_spoof_medium_flood,355,355.0,356.0,flooding,flooding,flooding,high_id_cardinality_or_unknown_id_ratio,100,95,1.0,,,101.01
007_matrix_run_08_high_spoof_medium_flood,356,356.0,357.0,flooding,flooding,flooding,high_id_cardinality_or_unknown_id_ratio,100,99,1.0,,,101.01
007_matrix_run_08_high_spoof_medium_flood,357,357.0,358.0,flooding,flooding,flooding,high_id_cardinality_or_unknown_id_ratio,100,98,1.0,,,101.01
007_matrix_run_08_high_spoof_medium_flood,358,358.0,359.0,flooding,flooding,flooding,high_id_cardinality_or_unknown_id_ratio,100,97,1.0,,,101.01
007_matrix_run_08_high_spoof_medium_flood,359,359.0,360.0,flooding,flooding,flooding,high_id_cardinality_or_unknown_id_ratio,100,98,1.0,,,101.01
007_matrix_run_08_high_spoof_medium_flood,360,360.0,361.0,flooding,flooding,flooding,high_id_cardinality_or_unknown_id_ratio,100,98,1.0,,,101.01
007_matrix_run_08_high_spoof_medium_flood,361,361.0,362.0,flooding,flooding,flooding,high_id_cardinality_or_unknown_id_ratio,100,97,1.0,,,101.01
007_matrix_run_08_high_spoof_medium_flood,362,362.0,363.0,flooding,flooding,flooding,high_id_cardinality_or_unknown_id_ratio,100,99,1.0,,,101.01
007_matrix_run_08_high_spoof_medium_flood,363,363.0,364.0,flooding,flooding,flooding,high_id_cardinality_or_unknown_id_ratio,100,98,1.0,,,101.01
007_matrix_run_08_high_spoof_medium_flood,364,364.0,365.0,flooding,flooding,flooding,high_id_cardinality_or_unknown_id_ratio,100,99,1.0,,,101.01
007_matrix_run_08_high_spoof_medium_flood,365,365.0,366.0,flooding,flooding,flooding,high_id_cardinality_or_unknown_id_ratio,100,99,0.99,,,101.01
007_matrix_run_08_high_spoof_medium_flood,366,366.0,367.0,flooding,flooding,flooding,high_id_cardinality_or_unknown_id_ratio,100,96,0.99,,,101.01
007_matrix_run_08_high_spoof_medium_flood,367,367.0,368.0,flooding,flooding,flooding,high_id_cardinality_or_unknown_id_ratio,100,98,1.0,,,101.01
007_matrix_run_08_high_spoof_medium_flood,368,368.0,369.0,flooding,flooding,flooding,high_id_cardinality_or_unknown_id_ratio,100,95,1.0,,,101.01
007_matrix_run_08_high_spoof_medium_flood,369,369.0,370.0,flooding,flooding,flooding,high_id_cardinality_or_unknown_id_ratio,100,97,1.0,,,101.01
007_matrix_run_08_high_spoof_medium_flood,370,370.0,371.0,flooding,flooding,flooding,high_id_cardinality_or_unknown_id_ratio,100,98,1.0,,,101.01
007_matrix_run_08_high_spoof_medium_flood,371,371.0,372.0,flooding,flooding,flooding,high_id_cardinality_or_unknown_id_ratio,100,97,1.0,,,101.01
007_matrix_run_08_high_spoof_medium_flood,372,372.0,373.0,flooding,flooding,flooding,high_id_cardinality_or_unknown_id_ratio,100,99,1.0,,,101.01
007_matrix_run_08_high_spoof_medium_flood,373,373.0,374.0,flooding,flooding,flooding,high_id_cardinality_or_unknown_id_ratio,100,97,1.0,,,101.01
007_matrix_run_08_high_spoof_medium_flood,374,374.0,375.0,flooding,flooding,flooding,high_id_cardinality_or_unknown_id_ratio,100,95,0.98,,,101.01
007_matrix_run_08_high_spoof_medium_flood,375,375.0,376.0,flooding,flooding,flooding,high_id_cardinality_or_unknown_id_ratio,100,98,0.99,,,101.01
007_matrix_run_08_high_spoof_medium_flood,376,376.0,377.0,flooding,flooding,flooding,high_id_cardinality_or_unknown_id_ratio,100,96,1.0,,,101.01
007_matrix_run_08_high_spoof_medium_flood,377,377.0,378.0,flooding,flooding,flooding,high_id_cardinality_or_unknown_id_ratio,100,99,1.0,,,101.01
007_matrix_run_08_high_spoof_medium_flood,378,378.0,379.0,flooding,flooding,flooding,high_id_cardinality_or_unknown_id_ratio,100,99,1.0,,,101.01
007_matrix_run_08_high_spoof_medium_flood,379,379.0,380.0,flooding,flooding,flooding,high_id_cardinality_or_unknown_id_ratio,100,99,1.0,,,101.01
007_matrix_run_08_high_spoof_medium_flood,380,380.0,381.0,flooding,flooding,flooding,high_id_cardinality_or_unknown_id_ratio,100,97,1.0,,,101.01
007_matrix_run_08_high_spoof_medium_flood,381,381.0,382.0,flooding,flooding,flooding,high_id_cardinality_or_unknown_id_ratio,100,98,0.98,,,101.01
007_matrix_run_08_high_spoof_medium_flood,382,382.0,383.0,flooding,flooding,flooding,high_id_cardinality_or_unknown_id_ratio,100,99,1.0,,,101.01
007_matrix_run_08_high_spoof_medium_flood,383,383.0,384.0,flooding,flooding,flooding,high_id_cardinality_or_unknown_id_ratio,100,100,0.99,,,101.01
007_matrix_run_08_high_spoof_medium_flood,384,384.0,385.0,flooding,flooding,flooding,high_id_cardinality_or_unknown_id_ratio,100,97,0.99,,,101.01
007_matrix_run_08_high_spoof_medium_flood,385,385.0,386.0,flooding,flooding,flooding,high_id_cardinality_or_unknown_id_ratio,100,99,1.0,,,101.01
007_matrix_run_08_high_spoof_medium_flood,386,386.0,387.0,flooding,flooding,flooding,high_id_cardinality_or_unknown_id_ratio,100,97,0.99,,,101.01
007_matrix_run_08_high_spoof_medium_flood,387,387.0,388.0,flooding,flooding,flooding,high_id_cardinality_or_unknown_id_ratio,100,98,1.0,,,101.01
007_matrix_run_08_high_spoof_medium_flood,388,388.0,389.0,flooding,flooding,flooding,high_id_cardinality_or_unknown_id_ratio,100,99,1.0,,,101.01
007_matrix_run_08_high_spoof_medium_flood,389,389.0,390.0,flooding,flooding,flooding,high_id_cardinality_or_unknown_id_ratio,100,96,1.0,,,101.01
007_matrix_run_08_high_spoof_medium_flood,390,390.0,391.0,flooding,flooding,flooding,high_id_cardinality_or_unknown_id_ratio,100,100,1.0,,,101.01
007_matrix_run_08_high_spoof_medium_flood,391,391.0,392.0,flooding,flooding,flooding,high_id_cardinality_or_unknown_id_ratio,100,98,1.0,,,101.01
007_matrix_run_08_high_spoof_medium_flood,392,392.0,393.0,flooding,flooding,flooding,high_id_cardinality_or_unknown_id_ratio,100,97,1.0,,,101.01
007_matrix_run_08_high_spoof_medium_flood,393,393.0,394.0,flooding,flooding,flooding,high_id_cardinality_or_unknown_id_ratio,100,98,1.0,,,101.01
007_matrix_run_08_high_spoof_medium_flood,394,394.0,395.0,flooding,flooding,flooding,high_id_cardinality_or_unknown_id_ratio,100,98,1.0,,,101.01
007_matrix_run_08_high_spoof_medium_flood,395,395.0,396.0,flooding,flooding,flooding,high_id_cardinality_or_unknown_id_ratio,100,97,1.0,,,101.01
007_matrix_run_08_high_spoof_medium_flood,396,396.0,397.0,flooding,flooding,flooding,high_id_cardinality_or_unknown_id_ratio,100,98,0.99,,,101.01
007_matrix_run_08_high_spoof_medium_flood,397,397.0,398.0,flooding,flooding,flooding,high_id_cardinality_or_unknown_id_ratio,100,100,1.0,,,101.01
007_matrix_run_08_high_spoof_medium_flood,398,398.0,399.0,flooding,flooding,flooding,high_id_cardinality_or_unknown_id_ratio,100,100,1.0,,,101.01
007_matrix_run_08_high_spoof_medium_flood,399,399.0,400.0,flooding,flooding,flooding,high_id_cardinality_or_unknown_id_ratio,100,100,1.0,,,101.01
007_matrix_run_08_high_spoof_medium_flood,400,400.0,401.0,flooding,flooding,flooding,high_id_cardinality_or_unknown_id_ratio,100,97,1.0,,,101.01
007_matrix_run_08_high_spoof_medium_flood,401,401.0,402.0,flooding,flooding,flooding,high_id_cardinality_or_unknown_id_ratio,100,98,0.99,,,101.01
007_matrix_run_08_high_spoof_medium_flood,402,402.0,403.0,flooding,flooding,flooding,high_id_cardinality_or_unknown_id_ratio,100,98,1.0,,,101.01
007_matrix_run_08_high_spoof_medium_flood,403,403.0,404.0,flooding,flooding,flooding,high_id_cardinality_or_unknown_id_ratio,100,97,0.98,,,101.01
007_matrix_run_08_high_spoof_medium_flood,404,404.0,405.0,flooding,flooding,flooding,high_id_cardinality_or_unknown_id_ratio,100,97,1.0,,,101.01
007_matrix_run_08_high_spoof_medium_flood,405,405.0,406.0,flooding,flooding,flooding,high_id_cardinality_or_unknown_id_ratio,100,97,1.0,,,101.01
007_matrix_run_08_high_spoof_medium_flood,406,406.0,407.0,flooding,flooding,flooding,high_id_cardinality_or_unknown_id_ratio,100,98,0.99,,,101.01
007_matrix_run_08_high_spoof_medium_flood,407,407.0,408.0,flooding,flooding,flooding,high_id_cardinality_or_unknown_id_ratio,100,94,1.0,,,101.01
007_matrix_run_08_high_spoof_medium_flood,408,408.0,409.0,flooding,flooding,flooding,high_id_cardinality_or_unknown_id_ratio,100,98,0.99,,,101.01
007_matrix_run_08_high_spoof_medium_flood,409,409.0,410.0,flooding,flooding,flooding,high_id_cardinality_or_unknown_id_ratio,100,99,1.0,,,101.01
007_matrix_run_08_high_spoof_medium_flood,410,410.0,411.0,flooding,flooding,flooding,high_id_cardinality_or_unknown_id_ratio,100,96,1.0,,,101.01
007_matrix_run_08_high_spoof_medium_flood,411,411.0,412.0,flooding,flooding,flooding,high_id_cardinality_or_unknown_id_ratio,100,99,1.0,,,101.01
007_matrix_run_08_high_spoof_medium_flood,412,412.0,413.0,flooding,flooding,flooding,high_id_cardinality_or_unknown_id_ratio,100,98,1.0,,,101.01
007_matrix_run_08_high_spoof_medium_flood,413,413.0,414.0,flooding,flooding,flooding,high_id_cardinality_or_unknown_id_ratio,100,98,1.0,,,101.01
007_matrix_run_08_high_spoof_medium_flood,414,414.0,415.0,flooding,flooding,flooding,high_id_cardinality_or_unknown_id_ratio,100,100,1.0,,,101.01
007_matrix_run_08_high_spoof_medium_flood,415,415.0,416.0,flooding,flooding,flooding,high_id_cardinality_or_unknown_id_ratio,100,99,1.0,,,101.01
007_matrix_run_08_high_spoof_medium_flood,416,416.0,417.0,flooding,flooding,flooding,high_id_cardinality_or_unknown_id_ratio,100,98,1.0,,,101.01
007_matrix_run_08_high_spoof_medium_flood,417,417.0,418.0,flooding,flooding,flooding,high_id_cardinality_or_unknown_id_ratio,100,99,0.99,,,101.01
007_matrix_run_08_high_spoof_medium_flood,418,418.0,419.0,flooding,flooding,flooding,high_id_cardinality_or_unknown_id_ratio,100,96,1.0,,,101.01
007_matrix_run_08_high_spoof_medium_flood,419,419.0,420.0,flooding,flooding,flooding,high_id_cardinality_or_unknown_id_ratio,100,99,1.0,,,101.01
007_matrix_run_08_high_spoof_medium_flood,420,420.0,421.0,recovery,normal,normal,no_rule_triggered,63,4,0.0,87.0,87.0,66.316
007_matrix_run_08_high_spoof_medium_flood,421,421.0,422.0,recovery,normal,normal,no_rule_triggered,62,4,0.0,87.0,86.85,65.263
007_matrix_run_08_high_spoof_medium_flood,422,422.0,423.0,recovery,normal,normal,no_rule_triggered,63,4,0.0,86.0,85.65,66.316
007_matrix_run_08_high_spoof_medium_flood,423,423.0,424.0,recovery,normal,normal,no_rule_triggered,62,4,0.0,85.0,84.1,65.263
007_matrix_run_08_high_spoof_medium_flood,424,424.0,425.0,recovery,normal,normal,no_rule_triggered,63,4,0.0,83.0,82.15,66.316
007_matrix_run_08_high_spoof_medium_flood,425,425.0,426.0,recovery,normal,normal,no_rule_triggered,62,4,0.0,81.0,80.2,65.263
007_matrix_run_08_high_spoof_medium_flood,426,426.0,427.0,recovery,normal,normal,no_rule_triggered,63,4,0.0,79.0,78.45,66.316
007_matrix_run_08_high_spoof_medium_flood,427,427.0,428.0,recovery,normal,normal,no_rule_triggered,62,4,0.0,78.0,77.2,65.263
007_matrix_run_08_high_spoof_medium_flood,428,428.0,429.0,recovery,normal,normal,no_rule_triggered,63,4,0.0,77.0,77.0,66.316
007_matrix_run_08_high_spoof_medium_flood,429,429.0,430.0,recovery,normal,normal,no_rule_triggered,62,4,0.0,77.0,77.0,65.263
007_matrix_run_08_high_spoof_medium_flood,430,430.0,431.0,recovery,normal,normal,no_rule_triggered,63,4,0.0,78.0,77.5,66.316
007_matrix_run_08_high_spoof_medium_flood,431,431.0,432.0,recovery,normal,normal,no_rule_triggered,62,4,0.0,80.0,78.9,65.263
007_matrix_run_08_high_spoof_medium_flood,432,432.0,433.0,recovery,normal,normal,no_rule_triggered,63,4,0.0,82.0,80.7,66.316
007_matrix_run_08_high_spoof_medium_flood,433,433.0,434.0,recovery,normal,normal,no_rule_triggered,62,4,0.0,84.0,82.7,65.263
007_matrix_run_08_high_spoof_medium_flood,434,434.0,435.0,recovery,normal,normal,no_rule_triggered,63,4,0.0,85.0,84.6,66.316
007_matrix_run_08_high_spoof_medium_flood,435,435.0,436.0,recovery,normal,normal,no_rule_triggered,62,4,0.0,87.0,86.1,65.263
007_matrix_run_08_high_spoof_medium_flood,436,436.0,437.0,recovery,normal,normal,no_rule_triggered,63,4,0.0,87.0,87.0,66.316
007_matrix_run_08_high_spoof_medium_flood,437,437.0,438.0,recovery,normal,normal,no_rule_triggered,62,4,0.0,87.0,87.0,65.263
007_matrix_run_08_high_spoof_medium_flood,438,438.0,439.0,recovery,normal,normal,no_rule_triggered,63,4,0.0,87.0,85.8,66.316
007_matrix_run_08_high_spoof_medium_flood,439,439.0,440.0,recovery,normal,normal,no_rule_triggered,62,4,0.0,85.0,83.9,65.263
007_matrix_run_08_high_spoof_medium_flood,440,440.0,441.0,recovery,normal,normal,no_rule_triggered,63,4,0.0,83.0,81.0,66.316
007_matrix_run_08_high_spoof_medium_flood,441,441.0,442.0,recovery,normal,normal,no_rule_triggered,62,4,0.0,79.0,77.3,65.263
007_matrix_run_08_high_spoof_medium_flood,442,442.0,443.0,recovery,normal,normal,no_rule_triggered,63,4,0.0,75.0,73.2,66.316
007_matrix_run_08_high_spoof_medium_flood,443,443.0,444.0,recovery,normal,normal,no_rule_triggered,62,4,0.0,71.0,68.9,65.263
007_matrix_run_08_high_spoof_medium_flood,444,444.0,445.0,recovery,normal,normal,no_rule_triggered,63,4,0.0,67.0,64.65,66.316
007_matrix_run_08_high_spoof_medium_flood,445,445.0,446.0,recovery,normal,normal,no_rule_triggered,62,4,0.0,63.0,60.75,65.263
007_matrix_run_08_high_spoof_medium_flood,446,446.0,447.0,recovery,normal,normal,no_rule_triggered,63,4,0.0,59.0,57.45,66.316
007_matrix_run_08_high_spoof_medium_flood,447,447.0,448.0,recovery,normal,normal,no_rule_triggered,62,4,0.0,56.0,54.95,65.263
007_matrix_run_08_high_spoof_medium_flood,448,448.0,449.0,recovery,normal,normal,no_rule_triggered,63,4,0.0,54.0,53.3,66.316
007_matrix_run_08_high_spoof_medium_flood,449,449.0,450.0,recovery,normal,normal,no_rule_triggered,62,4,0.0,53.0,52.4,65.263
007_matrix_run_08_high_spoof_medium_flood,450,450.0,451.0,recovery,normal,normal,no_rule_triggered,63,4,0.0,53.0,52.1,66.316
007_matrix_run_08_high_spoof_medium_flood,451,451.0,452.0,recovery,normal,normal,no_rule_triggered,62,4,0.0,53.0,53.0,65.263
007_matrix_run_08_high_spoof_medium_flood,452,452.0,453.0,recovery,normal,normal,no_rule_triggered,63,4,0.0,54.0,53.6,66.316
007_matrix_run_08_high_spoof_medium_flood,453,453.0,454.0,recovery,normal,normal,no_rule_triggered,62,4,0.0,55.0,54.25,65.263
007_matrix_run_08_high_spoof_medium_flood,454,454.0,455.0,recovery,normal,normal,no_rule_triggered,63,4,0.0,55.0,55.0,66.316
007_matrix_run_08_high_spoof_medium_flood,455,455.0,456.0,recovery,normal,normal,no_rule_triggered,62,4,0.0,55.0,55.0,65.263
007_matrix_run_08_high_spoof_medium_flood,456,456.0,457.0,recovery,normal,normal,no_rule_triggered,63,4,0.0,55.0,54.1,66.316
007_matrix_run_08_high_spoof_medium_flood,457,457.0,458.0,recovery,normal,normal,no_rule_triggered,62,4,0.0,53.0,52.6,65.263
007_matrix_run_08_high_spoof_medium_flood,458,458.0,459.0,recovery,normal,normal,no_rule_triggered,63,4,0.0,52.0,50.3,66.316
007_matrix_run_08_high_spoof_medium_flood,459,459.0,460.0,recovery,normal,normal,no_rule_triggered,62,4,0.0,49.0,47.45,65.263
007_matrix_run_08_high_spoof_medium_flood,460,460.0,461.0,recovery,normal,normal,no_rule_triggered,63,4,0.0,46.0,43.9,66.316
007_matrix_run_08_high_spoof_medium_flood,461,461.0,462.0,recovery,normal,normal,no_rule_triggered,62,4,0.0,42.0,40.2,65.263
007_matrix_run_08_high_spoof_medium_flood,462,462.0,463.0,recovery,normal,normal,no_rule_triggered,63,4,0.0,38.0,36.5,66.316
007_matrix_run_08_high_spoof_medium_flood,463,463.0,464.0,recovery,normal,normal,no_rule_triggered,62,4,0.0,35.0,33.1,65.263
007_matrix_run_08_high_spoof_medium_flood,464,464.0,465.0,recovery,normal,normal,no_rule_triggered,63,4,0.0,32.0,30.3,66.316
007_matrix_run_08_high_spoof_medium_flood,465,465.0,466.0,recovery,normal,normal,no_rule_triggered,62,4,0.0,29.0,28.35,65.263
007_matrix_run_08_high_spoof_medium_flood,466,466.0,467.0,recovery,normal,normal,no_rule_triggered,63,4,0.0,28.0,27.15,66.316
007_matrix_run_08_high_spoof_medium_flood,467,467.0,468.0,recovery,normal,normal,no_rule_triggered,62,4,0.0,28.0,27.15,65.263
007_matrix_run_08_high_spoof_medium_flood,468,468.0,469.0,recovery,normal,normal,no_rule_triggered,63,4,0.0,29.0,28.3,66.316
007_matrix_run_08_high_spoof_medium_flood,469,469.0,470.0,recovery,normal,normal,no_rule_triggered,62,4,0.0,31.0,30.05,65.263
007_matrix_run_08_high_spoof_medium_flood,470,470.0,471.0,recovery,normal,normal,no_rule_triggered,63,4,0.0,34.0,32.55,66.316
007_matrix_run_08_high_spoof_medium_flood,471,471.0,472.0,recovery,normal,normal,no_rule_triggered,62,4,0.0,37.0,35.35,65.263
007_matrix_run_08_high_spoof_medium_flood,472,472.0,473.0,recovery,normal,normal,no_rule_triggered,63,4,0.0,40.0,38.2,66.316
007_matrix_run_08_high_spoof_medium_flood,473,473.0,474.0,recovery,normal,normal,no_rule_triggered,62,4,0.0,42.0,41.0,65.263
007_matrix_run_08_high_spoof_medium_flood,474,474.0,475.0,recovery,normal,normal,no_rule_triggered,63,4,0.0,44.0,43.2,66.316
007_matrix_run_08_high_spoof_medium_flood,475,475.0,476.0,recovery,normal,normal,no_rule_triggered,62,4,0.0,45.0,44.75,65.263
007_matrix_run_08_high_spoof_medium_flood,476,476.0,477.0,recovery,normal,normal,no_rule_triggered,63,4,0.0,46.0,45.85,66.316
007_matrix_run_08_high_spoof_medium_flood,477,477.0,478.0,recovery,normal,normal,no_rule_triggered,62,4,0.0,46.0,46.0,65.263
007_matrix_run_08_high_spoof_medium_flood,478,478.0,479.0,recovery,normal,normal,no_rule_triggered,63,4,0.0,46.0,45.3,66.316
007_matrix_run_08_high_spoof_medium_flood,479,479.0,480.0,recovery,normal,normal,no_rule_triggered,62,4,0.0,45.0,44.4,65.263
007_matrix_run_08_high_spoof_medium_flood,480,480.0,481.0,recovery,normal,normal,no_rule_triggered,63,4,0.0,44.0,43.2,66.316
007_matrix_run_08_high_spoof_medium_flood,481,481.0,482.0,recovery,normal,normal,no_rule_triggered,62,4,0.0,43.0,42.05,65.263
007_matrix_run_08_high_spoof_medium_flood,482,482.0,483.0,recovery,normal,normal,no_rule_triggered,63,4,0.0,41.0,41.0,66.316
007_matrix_run_08_high_spoof_medium_flood,483,483.0,484.0,recovery,normal,normal,no_rule_triggered,62,4,0.0,41.0,41.0,65.263
007_matrix_run_08_high_spoof_medium_flood,484,484.0,485.0,recovery,normal,normal,no_rule_triggered,63,4,0.0,42.0,41.4,66.316
007_matrix_run_08_high_spoof_medium_flood,485,485.0,486.0,recovery,normal,normal,no_rule_triggered,62,4,0.0,44.0,42.85,65.263
007_matrix_run_08_high_spoof_medium_flood,486,486.0,487.0,recovery,normal,normal,no_rule_triggered,63,4,0.0,47.0,45.2,66.316
007_matrix_run_08_high_spoof_medium_flood,487,487.0,488.0,recovery,normal,normal,no_rule_triggered,62,4,0.0,50.0,48.4,65.263
007_matrix_run_08_high_spoof_medium_flood,488,488.0,489.0,recovery,normal,normal,no_rule_triggered,63,4,0.0,54.0,52.3,66.316
007_matrix_run_08_high_spoof_medium_flood,489,489.0,490.0,recovery,normal,normal,no_rule_triggered,62,4,0.0,59.0,56.7,65.263
007_matrix_run_08_high_spoof_medium_flood,490,490.0,491.0,recovery,normal,normal,no_rule_triggered,63,4,0.0,63.0,61.25,66.316
007_matrix_run_08_high_spoof_medium_flood,491,491.0,492.0,recovery,normal,normal,no_rule_triggered,62,4,0.0,68.0,65.75,65.263
007_matrix_run_08_high_spoof_medium_flood,492,492.0,493.0,recovery,normal,normal,no_rule_triggered,63,4,0.0,71.0,69.7,66.316
007_matrix_run_08_high_spoof_medium_flood,493,493.0,494.0,recovery,normal,normal,no_rule_triggered,62,4,0.0,74.0,73.1,65.263
007_matrix_run_08_high_spoof_medium_flood,494,494.0,495.0,recovery,normal,normal,no_rule_triggered,63,4,0.0,77.0,75.7,66.316
007_matrix_run_08_high_spoof_medium_flood,495,495.0,496.0,recovery,normal,normal,no_rule_triggered,62,4,0.0,78.0,77.4,65.263
007_matrix_run_08_high_spoof_medium_flood,496,496.0,497.0,recovery,normal,normal,no_rule_triggered,63,4,0.0,78.0,78.0,66.316
007_matrix_run_08_high_spoof_medium_flood,497,497.0,498.0,recovery,normal,normal,no_rule_triggered,62,4,0.0,78.0,78.0,65.263
007_matrix_run_08_high_spoof_medium_flood,498,498.0,499.0,recovery,normal,normal,no_rule_triggered,63,4,0.0,78.0,77.2,66.316
007_matrix_run_08_high_spoof_medium_flood,499,499.0,500.0,recovery,normal,normal,no_rule_triggered,62,4,0.0,77.0,76.2,65.263
007_matrix_run_08_high_spoof_medium_flood,500,500.0,501.0,recovery,normal,normal,no_rule_triggered,63,4,0.0,75.0,74.85,66.316
007_matrix_run_08_high_spoof_medium_flood,501,501.0,502.0,recovery,normal,normal,no_rule_triggered,62,4,0.0,74.0,73.95,65.263
007_matrix_run_08_high_spoof_medium_flood,502,502.0,503.0,recovery,normal,normal,no_rule_triggered,63,4,0.0,73.0,73.0,66.316
007_matrix_run_08_high_spoof_medium_flood,503,503.0,504.0,recovery,normal,normal,no_rule_triggered,62,4,0.0,73.0,73.0,65.263
007_matrix_run_08_high_spoof_medium_flood,504,504.0,505.0,recovery,normal,normal,no_rule_triggered,63,4,0.0,74.0,73.9,66.316
007_matrix_run_08_high_spoof_medium_flood,505,505.0,506.0,recovery,normal,normal,no_rule_triggered,62,4,0.0,76.0,75.4,65.263
007_matrix_run_08_high_spoof_medium_flood,506,506.0,507.0,recovery,normal,normal,no_rule_triggered,63,4,0.0,79.0,77.5,66.316
007_matrix_run_08_high_spoof_medium_flood,507,507.0,508.0,recovery,normal,normal,no_rule_triggered,62,4,0.0,81.0,80.05,65.263
007_matrix_run_08_high_spoof_medium_flood,508,508.0,509.0,recovery,normal,normal,no_rule_triggered,63,4,0.0,84.0,82.95,66.316
007_matrix_run_08_high_spoof_medium_flood,509,509.0,510.0,recovery,normal,normal,no_rule_triggered,62,4,0.0,87.0,85.8,65.263
007_matrix_run_08_high_spoof_medium_flood,510,510.0,511.0,recovery,normal,normal,no_rule_triggered,63,4,0.0,89.0,88.35,66.316
007_matrix_run_08_high_spoof_medium_flood,511,511.0,512.0,recovery,normal,normal,no_rule_triggered,62,4,0.0,91.0,90.45,65.263
007_matrix_run_08_high_spoof_medium_flood,512,512.0,513.0,recovery,normal,normal,no_rule_triggered,63,4,0.0,92.0,91.65,66.316
007_matrix_run_08_high_spoof_medium_flood,513,513.0,514.0,recovery,normal,normal,no_rule_triggered,62,4,0.0,92.0,92.0,65.263
007_matrix_run_08_high_spoof_medium_flood,514,514.0,515.0,recovery,normal,normal,no_rule_triggered,63,4,0.0,92.0,90.95,66.316
007_matrix_run_08_high_spoof_medium_flood,515,515.0,516.0,recovery,normal,normal,no_rule_triggered,62,4,0.0,90.0,89.2,65.263
007_matrix_run_08_high_spoof_medium_flood,516,516.0,517.0,recovery,normal,normal,no_rule_triggered,63,4,0.0,88.0,86.6,66.316
007_matrix_run_08_high_spoof_medium_flood,517,517.0,518.0,recovery,normal,normal,no_rule_triggered,62,4,0.0,85.0,83.35,65.263
007_matrix_run_08_high_spoof_medium_flood,518,518.0,519.0,recovery,normal,normal,no_rule_triggered,63,4,0.0,81.0,79.6,66.316
007_matrix_run_08_high_spoof_medium_flood,519,519.0,520.0,recovery,normal,normal,no_rule_triggered,62,4,0.0,78.0,75.9,65.263
007_matrix_run_08_high_spoof_medium_flood,520,520.0,521.0,recovery,normal,normal,no_rule_triggered,63,4,0.0,74.0,72.35,66.316
007_matrix_run_08_high_spoof_medium_flood,521,521.0,522.0,recovery,normal,normal,no_rule_triggered,62,4,0.0,71.0,69.2,65.263
007_matrix_run_08_high_spoof_medium_flood,522,522.0,523.0,recovery,normal,normal,no_rule_triggered,63,4,0.0,68.0,66.85,66.316
007_matrix_run_08_high_spoof_medium_flood,523,523.0,524.0,recovery,normal,normal,no_rule_triggered,62,4,0.0,66.0,65.25,65.263
007_matrix_run_08_high_spoof_medium_flood,524,524.0,525.0,recovery,normal,normal,no_rule_triggered,63,4,0.0,65.0,64.1,66.316
007_matrix_run_08_high_spoof_medium_flood,525,525.0,526.0,recovery,normal,normal,no_rule_triggered,62,4,0.0,64.0,64.0,65.263
007_matrix_run_08_high_spoof_medium_flood,526,526.0,527.0,recovery,normal,normal,no_rule_triggered,63,4,0.0,65.0,64.5,66.316
007_matrix_run_08_high_spoof_medium_flood,527,527.0,528.0,recovery,normal,normal,no_rule_triggered,62,4,0.0,66.0,65.15,65.263
007_matrix_run_08_high_spoof_medium_flood,528,528.0,529.0,recovery,normal,normal,no_rule_triggered,63,4,0.0,66.0,66.0,66.316
007_matrix_run_08_high_spoof_medium_flood,529,529.0,530.0,recovery,normal,normal,no_rule_triggered,62,4,0.0,67.0,66.65,65.263
007_matrix_run_08_high_spoof_medium_flood,530,530.0,531.0,recovery,normal,normal,no_rule_triggered,63,4,0.0,67.0,66.8,66.316
007_matrix_run_08_high_spoof_medium_flood,531,531.0,532.0,recovery,normal,normal,no_rule_triggered,62,4,0.0,66.0,65.9,65.263
007_matrix_run_08_high_spoof_medium_flood,532,532.0,533.0,recovery,normal,normal,no_rule_triggered,63,4,0.0,65.0,64.5,66.316
007_matrix_run_08_high_spoof_medium_flood,533,533.0,534.0,recovery,normal,normal,no_rule_triggered,62,4,0.0,63.0,62.15,65.263
007_matrix_run_08_high_spoof_medium_flood,534,534.0,535.0,recovery,normal,normal,no_rule_triggered,63,4,0.0,61.0,59.1,66.316
007_matrix_run_08_high_spoof_medium_flood,535,535.0,536.0,recovery,normal,normal,no_rule_triggered,62,4,0.0,57.0,55.3,65.263
007_matrix_run_08_high_spoof_medium_flood,536,536.0,537.0,recovery,normal,normal,no_rule_triggered,63,4,0.0,53.0,51.1,66.316
007_matrix_run_08_high_spoof_medium_flood,537,537.0,538.0,recovery,normal,normal,no_rule_triggered,62,4,0.0,49.0,46.75,65.263
007_matrix_run_08_high_spoof_medium_flood,538,538.0,539.0,recovery,normal,normal,no_rule_triggered,63,4,0.0,44.0,42.5,66.316
007_matrix_run_08_high_spoof_medium_flood,539,539.0,540.0,recovery,normal,normal,no_rule_triggered,62,4,0.0,40.0,38.7,65.263
007_matrix_run_08_high_spoof_medium_flood,540,540.0,541.0,recovery,normal,normal,no_rule_triggered,63,4,0.0,37.0,35.75,66.316
007_matrix_run_08_high_spoof_medium_flood,541,541.0,542.0,recovery,normal,normal,no_rule_triggered,62,4,0.0,34.0,33.5,65.263
007_matrix_run_08_high_spoof_medium_flood,542,542.0,543.0,recovery,normal,normal,no_rule_triggered,63,4,0.0,33.0,32.2,66.316
007_matrix_run_08_high_spoof_medium_flood,543,543.0,544.0,recovery,normal,normal,no_rule_triggered,62,4,0.0,32.0,32.0,65.263
007_matrix_run_08_high_spoof_medium_flood,544,544.0,545.0,recovery,normal,normal,no_rule_triggered,63,4,0.0,33.0,32.65,66.316
007_matrix_run_08_high_spoof_medium_flood,545,545.0,546.0,recovery,normal,normal,no_rule_triggered,62,4,0.0,35.0,34.0,65.263
007_matrix_run_08_high_spoof_medium_flood,546,546.0,547.0,recovery,normal,normal,no_rule_triggered,63,4,0.0,37.0,35.8,66.316
007_matrix_run_08_high_spoof_medium_flood,547,547.0,548.0,recovery,normal,normal,no_rule_triggered,62,4,0.0,39.0,37.8,65.263
007_matrix_run_08_high_spoof_medium_flood,548,548.0,549.0,recovery,normal,normal,no_rule_triggered,63,4,0.0,40.0,39.6,66.316
007_matrix_run_08_high_spoof_medium_flood,549,549.0,550.0,recovery,normal,normal,no_rule_triggered,62,4,0.0,42.0,41.3,65.263
007_matrix_run_08_high_spoof_medium_flood,550,550.0,551.0,recovery,normal,normal,no_rule_triggered,63,4,0.0,42.0,42.0,66.316
007_matrix_run_08_high_spoof_medium_flood,551,551.0,552.0,recovery,normal,normal,no_rule_triggered,62,4,0.0,42.0,42.0,65.263
007_matrix_run_08_high_spoof_medium_flood,552,552.0,553.0,recovery,normal,normal,no_rule_triggered,63,4,0.0,42.0,42.0,66.316
007_matrix_run_08_high_spoof_medium_flood,553,553.0,554.0,recovery,normal,normal,no_rule_triggered,62,4,0.0,42.0,40.8,65.263
007_matrix_run_08_high_spoof_medium_flood,554,554.0,555.0,recovery,normal,normal,no_rule_triggered,63,4,0.0,40.0,39.25,66.316
007_matrix_run_08_high_spoof_medium_flood,555,555.0,556.0,recovery,normal,normal,no_rule_triggered,62,4,0.0,38.0,37.3,65.263
007_matrix_run_08_high_spoof_medium_flood,556,556.0,557.0,recovery,normal,normal,no_rule_triggered,63,4,0.0,36.0,35.35,66.316
007_matrix_run_08_high_spoof_medium_flood,557,557.0,558.0,recovery,normal,normal,no_rule_triggered,62,4,0.0,34.0,33.55,65.263
007_matrix_run_08_high_spoof_medium_flood,558,558.0,559.0,recovery,normal,normal,no_rule_triggered,63,4,0.0,33.0,32.4,66.316
007_matrix_run_08_high_spoof_medium_flood,559,559.0,560.0,recovery,normal,normal,no_rule_triggered,62,4,0.0,32.0,32.0,65.263
007_matrix_run_08_high_spoof_medium_flood,560,560.0,561.0,recovery,normal,normal,no_rule_triggered,63,4,0.0,33.0,32.45,66.316
007_matrix_run_08_high_spoof_medium_flood,561,561.0,562.0,recovery,normal,normal,no_rule_triggered,62,4,0.0,35.0,34.0,65.263
007_matrix_run_08_high_spoof_medium_flood,562,562.0,563.0,recovery,normal,normal,no_rule_triggered,63,4,0.0,38.0,36.4,66.316
007_matrix_run_08_high_spoof_medium_flood,563,563.0,564.0,recovery,normal,normal,no_rule_triggered,62,4,0.0,41.0,39.6,65.263
007_matrix_run_08_high_spoof_medium_flood,564,564.0,565.0,recovery,normal,normal,no_rule_triggered,63,4,0.0,46.0,43.55,66.316
007_matrix_run_08_high_spoof_medium_flood,565,565.0,566.0,recovery,normal,normal,no_rule_triggered,62,4,0.0,50.0,47.85,65.263
007_matrix_run_08_high_spoof_medium_flood,566,566.0,567.0,recovery,normal,normal,no_rule_triggered,63,4,0.0,54.0,52.2,66.316
007_matrix_run_08_high_spoof_medium_flood,567,567.0,568.0,recovery,normal,normal,no_rule_triggered,62,4,0.0,58.0,56.3,65.263
007_matrix_run_08_high_spoof_medium_flood,568,568.0,569.0,recovery,normal,normal,no_rule_triggered,63,4,0.0,61.0,59.9,66.316
007_matrix_run_08_high_spoof_medium_flood,569,569.0,570.0,recovery,normal,normal,no_rule_triggered,62,4,0.0,64.0,62.9,65.263
007_matrix_run_08_high_spoof_medium_flood,570,570.0,571.0,recovery,normal,normal,no_rule_triggered,63,4,0.0,66.0,64.9,66.316
007_matrix_run_08_high_spoof_medium_flood,571,571.0,572.0,recovery,normal,normal,no_rule_triggered,62,4,0.0,67.0,66.05,65.263
007_matrix_run_08_high_spoof_medium_flood,572,572.0,573.0,recovery,normal,normal,no_rule_triggered,63,4,0.0,67.0,67.0,66.316
007_matrix_run_08_high_spoof_medium_flood,573,573.0,574.0,recovery,normal,normal,no_rule_triggered,62,4,0.0,67.0,66.4,65.263
007_matrix_run_08_high_spoof_medium_flood,574,574.0,575.0,recovery,normal,normal,no_rule_triggered,63,4,0.0,66.0,65.9,66.316
007_matrix_run_08_high_spoof_medium_flood,575,575.0,576.0,recovery,normal,normal,no_rule_triggered,62,4,0.0,65.0,65.0,65.263
007_matrix_run_08_high_spoof_medium_flood,576,576.0,577.0,recovery,normal,normal,no_rule_triggered,63,4,0.0,65.0,64.25,66.316
007_matrix_run_08_high_spoof_medium_flood,577,577.0,578.0,recovery,normal,normal,no_rule_triggered,62,4,0.0,64.0,64.0,65.263
007_matrix_run_08_high_spoof_medium_flood,578,578.0,579.0,recovery,normal,normal,no_rule_triggered,63,4,0.0,65.0,64.4,66.316
007_matrix_run_08_high_spoof_medium_flood,579,579.0,580.0,recovery,normal,normal,no_rule_triggered,62,4,0.0,66.0,65.5,65.263
007_matrix_run_08_high_spoof_medium_flood,580,580.0,581.0,recovery,normal,normal,no_rule_triggered,63,4,0.0,68.0,67.35,66.316
007_matrix_run_08_high_spoof_medium_flood,581,581.0,582.0,recovery,normal,normal,no_rule_triggered,62,4,0.0,71.0,69.95,65.263
007_matrix_run_08_high_spoof_medium_flood,582,582.0,583.0,recovery,normal,normal,no_rule_triggered,63,4,0.0,75.0,73.25,66.316
007_matrix_run_08_high_spoof_medium_flood,583,583.0,584.0,recovery,normal,normal,no_rule_triggered,62,4,0.0,79.0,76.8,65.263
007_matrix_run_08_high_spoof_medium_flood,584,584.0,585.0,recovery,normal,normal,no_rule_triggered,63,4,0.0,82.0,80.6,66.316
007_matrix_run_08_high_spoof_medium_flood,585,585.0,586.0,recovery,normal,normal,no_rule_triggered,62,4,0.0,86.0,84.2,65.263
007_matrix_run_08_high_spoof_medium_flood,586,586.0,587.0,recovery,normal,normal,no_rule_triggered,63,4,0.0,89.0,87.3,66.316
007_matrix_run_08_high_spoof_medium_flood,587,587.0,588.0,recovery,normal,normal,no_rule_triggered,62,4,0.0,91.0,89.75,65.263
007_matrix_run_08_high_spoof_medium_flood,588,588.0,589.0,recovery,normal,normal,no_rule_triggered,63,4,0.0,92.0,91.35,66.316
007_matrix_run_08_high_spoof_medium_flood,589,589.0,590.0,recovery,normal,normal,no_rule_triggered,62,4,0.0,92.0,92.0,65.263
007_matrix_run_08_high_spoof_medium_flood,590,590.0,591.0,recovery,normal,normal,no_rule_triggered,63,4,0.0,92.0,91.4,66.316
007_matrix_run_08_high_spoof_medium_flood,591,591.0,592.0,recovery,normal,normal,no_rule_triggered,62,4,0.0,91.0,89.95,65.263
007_matrix_run_08_high_spoof_medium_flood,592,592.0,593.0,recovery,normal,normal,no_rule_triggered,63,4,0.0,89.0,87.85,66.316
007_matrix_run_08_high_spoof_medium_flood,593,593.0,594.0,recovery,normal,normal,no_rule_triggered,62,4,0.0,86.0,85.05,65.263
007_matrix_run_08_high_spoof_medium_flood,594,594.0,595.0,recovery,normal,normal,no_rule_triggered,63,4,0.0,84.0,82.2,66.316
007_matrix_run_08_high_spoof_medium_flood,595,595.0,596.0,recovery,normal,normal,no_rule_triggered,62,4,0.0,81.0,79.4,65.263
007_matrix_run_08_high_spoof_medium_flood,596,596.0,597.0,recovery,normal,normal,no_rule_triggered,63,4,0.0,78.0,76.9,66.316
007_matrix_run_08_high_spoof_medium_flood,597,597.0,598.0,recovery,normal,normal,no_rule_triggered,62,4,0.0,76.0,74.9,65.263
007_matrix_run_08_high_spoof_medium_flood,598,598.0,599.0,recovery,normal,normal,no_rule_triggered,63,4,0.0,74.0,73.65,66.316
007_matrix_run_08_high_spoof_medium_flood,599,599.0,600.0,recovery,normal,normal,no_rule_triggered,62,4,0.0,73.0,73.0,65.263
007_matrix_run_09_high_spoof_high_flood,0,0.0,1.0,baseline,normal,normal,no_rule_triggered,63,4,0.0,64.0,61.7,66.316
007_matrix_run_09_high_spoof_high_flood,1,1.0,2.0,baseline,normal,normal,no_rule_triggered,62,4,0.0,68.0,66.05,65.263
007_matrix_run_09_high_spoof_high_flood,2,2.0,3.0,baseline,normal,normal,no_rule_triggered,63,4,0.0,72.0,70.05,66.316
007_matrix_run_09_high_spoof_high_flood,3,3.0,4.0,baseline,normal,normal,no_rule_triggered,62,4,0.0,75.0,73.4,65.263
007_matrix_run_09_high_spoof_high_flood,4,4.0,5.0,baseline,normal,normal,no_rule_triggered,63,4,0.0,77.0,75.9,66.316
007_matrix_run_09_high_spoof_high_flood,5,5.0,6.0,baseline,normal,normal,no_rule_triggered,62,4,0.0,78.0,77.45,65.263
007_matrix_run_09_high_spoof_high_flood,6,6.0,7.0,baseline,normal,normal,no_rule_triggered,63,4,0.0,78.0,78.0,66.316
007_matrix_run_09_high_spoof_high_flood,7,7.0,8.0,baseline,normal,normal,no_rule_triggered,62,4,0.0,78.0,78.0,65.263
007_matrix_run_09_high_spoof_high_flood,8,8.0,9.0,baseline,normal,normal,no_rule_triggered,63,4,0.0,78.0,77.15,66.316
007_matrix_run_09_high_spoof_high_flood,9,9.0,10.0,baseline,normal,normal,no_rule_triggered,62,4,0.0,77.0,76.0,65.263
007_matrix_run_09_high_spoof_high_flood,10,10.0,11.0,baseline,normal,normal,no_rule_triggered,63,4,0.0,75.0,74.75,66.316
007_matrix_run_09_high_spoof_high_flood,11,11.0,12.0,baseline,normal,normal,no_rule_triggered,62,4,0.0,74.0,73.85,65.263
007_matrix_run_09_high_spoof_high_flood,12,12.0,13.0,baseline,normal,normal,no_rule_triggered,63,4,0.0,73.0,73.0,66.316
007_matrix_run_09_high_spoof_high_flood,13,13.0,14.0,baseline,normal,normal,no_rule_triggered,62,4,0.0,73.0,73.0,65.263
007_matrix_run_09_high_spoof_high_flood,14,14.0,15.0,baseline,normal,normal,no_rule_triggered,63,4,0.0,75.0,74.1,66.316
007_matrix_run_09_high_spoof_high_flood,15,15.0,16.0,baseline,normal,normal,no_rule_triggered,62,4,0.0,76.0,75.5,65.263
007_matrix_run_09_high_spoof_high_flood,16,16.0,17.0,baseline,normal,normal,no_rule_triggered,63,4,0.0,79.0,77.7,66.316
007_matrix_run_09_high_spoof_high_flood,17,17.0,18.0,baseline,normal,normal,no_rule_triggered,62,4,0.0,82.0,80.35,65.263
007_matrix_run_09_high_spoof_high_flood,18,18.0,19.0,baseline,normal,normal,no_rule_triggered,63,4,0.0,85.0,83.2,66.316
007_matrix_run_09_high_spoof_high_flood,19,19.0,20.0,baseline,normal,normal,no_rule_triggered,62,4,0.0,87.0,86.05,65.263
007_matrix_run_09_high_spoof_high_flood,20,20.0,21.0,baseline,normal,normal,no_rule_triggered,63,4,0.0,90.0,88.6,66.316
007_matrix_run_09_high_spoof_high_flood,21,21.0,22.0,baseline,normal,normal,no_rule_triggered,62,4,0.0,91.0,90.55,65.263
007_matrix_run_09_high_spoof_high_flood,22,22.0,23.0,baseline,normal,normal,no_rule_triggered,63,4,0.0,92.0,91.7,66.316
007_matrix_run_09_high_spoof_high_flood,23,23.0,24.0,baseline,normal,normal,no_rule_triggered,62,4,0.0,92.0,92.0,65.263
007_matrix_run_09_high_spoof_high_flood,24,24.0,25.0,baseline,normal,normal,no_rule_triggered,63,4,0.0,91.0,90.8,66.316
007_matrix_run_09_high_spoof_high_flood,25,25.0,26.0,baseline,normal,normal,no_rule_triggered,62,4,0.0,90.0,89.05,65.263
007_matrix_run_09_high_spoof_high_flood,26,26.0,27.0,baseline,normal,normal,no_rule_triggered,63,4,0.0,88.0,86.3,66.316
007_matrix_run_09_high_spoof_high_flood,27,27.0,28.0,baseline,normal,normal,no_rule_triggered,62,4,0.0,85.0,82.95,65.263
007_matrix_run_09_high_spoof_high_flood,28,28.0,29.0,baseline,normal,normal,no_rule_triggered,63,4,0.0,81.0,79.35,66.316
007_matrix_run_09_high_spoof_high_flood,29,29.0,30.0,baseline,normal,normal,no_rule_triggered,62,4,0.0,77.0,75.55,65.263
007_matrix_run_09_high_spoof_high_flood,30,30.0,31.0,baseline,normal,normal,no_rule_triggered,63,4,0.0,74.0,72.05,66.316
007_matrix_run_09_high_spoof_high_flood,31,31.0,32.0,baseline,normal,normal,no_rule_triggered,62,4,0.0,70.0,69.0,65.263
007_matrix_run_09_high_spoof_high_flood,32,32.0,33.0,baseline,normal,normal,no_rule_triggered,63,4,0.0,68.0,66.65,66.316
007_matrix_run_09_high_spoof_high_flood,33,33.0,34.0,baseline,normal,normal,no_rule_triggered,62,4,0.0,66.0,65.15,65.263
007_matrix_run_09_high_spoof_high_flood,34,34.0,35.0,baseline,normal,normal,no_rule_triggered,63,4,0.0,65.0,64.05,66.316
007_matrix_run_09_high_spoof_high_flood,35,35.0,36.0,baseline,normal,normal,no_rule_triggered,62,4,0.0,64.0,64.0,65.263
007_matrix_run_09_high_spoof_high_flood,36,36.0,37.0,baseline,normal,normal,no_rule_triggered,63,4,0.0,65.0,64.6,66.316
007_matrix_run_09_high_spoof_high_flood,37,37.0,38.0,baseline,normal,normal,no_rule_triggered,62,4,0.0,66.0,65.25,65.263
007_matrix_run_09_high_spoof_high_flood,38,38.0,39.0,baseline,normal,normal,no_rule_triggered,63,4,0.0,66.0,66.0,66.316
007_matrix_run_09_high_spoof_high_flood,39,39.0,40.0,baseline,normal,normal,no_rule_triggered,62,4,0.0,67.0,66.75,65.263
007_matrix_run_09_high_spoof_high_flood,40,40.0,41.0,baseline,normal,normal,no_rule_triggered,63,4,0.0,67.0,66.75,66.316
007_matrix_run_09_high_spoof_high_flood,41,41.0,42.0,baseline,normal,normal,no_rule_triggered,62,4,0.0,66.0,65.8,65.263
007_matrix_run_09_high_spoof_high_flood,42,42.0,43.0,baseline,normal,normal,no_rule_triggered,63,4,0.0,65.0,64.35,66.316
007_matrix_run_09_high_spoof_high_flood,43,43.0,44.0,baseline,normal,normal,no_rule_triggered,62,4,0.0,63.0,61.95,65.263
007_matrix_run_09_high_spoof_high_flood,44,44.0,45.0,baseline,normal,normal,no_rule_triggered,63,4,0.0,60.0,58.75,66.316
007_matrix_run_09_high_spoof_high_flood,45,45.0,46.0,baseline,normal,normal,no_rule_triggered,62,4,0.0,57.0,54.9,65.263
007_matrix_run_09_high_spoof_high_flood,46,46.0,47.0,baseline,normal,normal,no_rule_triggered,63,4,0.0,53.0,50.75,66.316
007_matrix_run_09_high_spoof_high_flood,47,47.0,48.0,baseline,normal,normal,no_rule_triggered,62,4,0.0,48.0,46.35,65.263
007_matrix_run_09_high_spoof_high_flood,48,48.0,49.0,baseline,normal,normal,no_rule_triggered,63,4,0.0,44.0,42.15,66.316
007_matrix_run_09_high_spoof_high_flood,49,49.0,50.0,baseline,normal,normal,no_rule_triggered,62,4,0.0,40.0,38.5,65.263
007_matrix_run_09_high_spoof_high_flood,50,50.0,51.0,baseline,normal,normal,no_rule_triggered,63,4,0.0,37.0,35.45,66.316
007_matrix_run_09_high_spoof_high_flood,51,51.0,52.0,baseline,normal,normal,no_rule_triggered,62,4,0.0,34.0,33.4,65.263
007_matrix_run_09_high_spoof_high_flood,52,52.0,53.0,baseline,normal,normal,no_rule_triggered,63,4,0.0,33.0,32.1,66.316
007_matrix_run_09_high_spoof_high_flood,53,53.0,54.0,baseline,normal,normal,no_rule_triggered,62,4,0.0,32.0,32.0,65.263
007_matrix_run_09_high_spoof_high_flood,54,54.0,55.0,baseline,normal,normal,no_rule_triggered,63,4,0.0,33.0,32.75,66.316
007_matrix_run_09_high_spoof_high_flood,55,55.0,56.0,baseline,normal,normal,no_rule_triggered,62,4,0.0,35.0,34.2,65.263
007_matrix_run_09_high_spoof_high_flood,56,56.0,57.0,baseline,normal,normal,no_rule_triggered,63,4,0.0,37.0,36.0,66.316
007_matrix_run_09_high_spoof_high_flood,57,57.0,58.0,baseline,normal,normal,no_rule_triggered,62,4,0.0,39.0,38.0,65.263
007_matrix_run_09_high_spoof_high_flood,58,58.0,59.0,baseline,normal,normal,no_rule_triggered,63,4,0.0,41.0,39.8,66.316
007_matrix_run_09_high_spoof_high_flood,59,59.0,60.0,baseline,normal,normal,no_rule_triggered,62,4,0.0,42.0,41.4,65.263
007_matrix_run_09_high_spoof_high_flood,60,60.0,61.0,baseline,normal,normal,no_rule_triggered,63,4,0.0,42.0,42.0,66.316
007_matrix_run_09_high_spoof_high_flood,61,61.0,62.0,baseline,normal,normal,no_rule_triggered,62,4,0.0,42.0,42.0,65.263
007_matrix_run_09_high_spoof_high_flood,62,62.0,63.0,baseline,normal,normal,no_rule_triggered,63,4,0.0,42.0,41.95,66.316
007_matrix_run_09_high_spoof_high_flood,63,63.0,64.0,baseline,normal,normal,no_rule_triggered,62,4,0.0,41.0,40.7,65.263
007_matrix_run_09_high_spoof_high_flood,64,64.0,65.0,baseline,normal,normal,no_rule_triggered,63,4,0.0,40.0,39.1,66.316
007_matrix_run_09_high_spoof_high_flood,65,65.0,66.0,baseline,normal,normal,no_rule_triggered,62,4,0.0,38.0,37.1,65.263
007_matrix_run_09_high_spoof_high_flood,66,66.0,67.0,baseline,normal,normal,no_rule_triggered,63,4,0.0,36.0,35.15,66.316
007_matrix_run_09_high_spoof_high_flood,67,67.0,68.0,baseline,normal,normal,no_rule_triggered,62,4,0.0,34.0,33.45,65.263
007_matrix_run_09_high_spoof_high_flood,68,68.0,69.0,baseline,normal,normal,no_rule_triggered,63,4,0.0,33.0,32.3,66.316
007_matrix_run_09_high_spoof_high_flood,69,69.0,70.0,baseline,normal,normal,no_rule_triggered,62,4,0.0,32.0,32.0,65.263
007_matrix_run_09_high_spoof_high_flood,70,70.0,71.0,baseline,normal,normal,no_rule_triggered,63,4,0.0,33.0,32.55,66.316
007_matrix_run_09_high_spoof_high_flood,71,71.0,72.0,baseline,normal,normal,no_rule_triggered,62,4,0.0,35.0,34.1,65.263
007_matrix_run_09_high_spoof_high_flood,72,72.0,73.0,baseline,normal,normal,no_rule_triggered,63,4,0.0,38.0,36.65,66.316
007_matrix_run_09_high_spoof_high_flood,73,73.0,74.0,baseline,normal,normal,no_rule_triggered,62,4,0.0,42.0,40.0,65.263
007_matrix_run_09_high_spoof_high_flood,74,74.0,75.0,baseline,normal,normal,no_rule_triggered,63,4,0.0,46.0,43.95,66.316
007_matrix_run_09_high_spoof_high_flood,75,75.0,76.0,baseline,normal,normal,no_rule_triggered,62,4,0.0,50.0,48.2,65.263
007_matrix_run_09_high_spoof_high_flood,76,76.0,77.0,baseline,normal,normal,no_rule_triggered,63,4,0.0,55.0,52.6,66.316
007_matrix_run_09_high_spoof_high_flood,77,77.0,78.0,baseline,normal,normal,no_rule_triggered,62,4,0.0,58.0,56.65,65.263
007_matrix_run_09_high_spoof_high_flood,78,78.0,79.0,baseline,normal,normal,no_rule_triggered,63,4,0.0,62.0,60.2,66.316
007_matrix_run_09_high_spoof_high_flood,79,79.0,80.0,baseline,normal,normal,no_rule_triggered,62,4,0.0,64.0,63.1,65.263
007_matrix_run_09_high_spoof_high_flood,80,80.0,81.0,baseline,normal,normal,no_rule_triggered,63,4,0.0,66.0,65.1,66.316
007_matrix_run_09_high_spoof_high_flood,81,81.0,82.0,baseline,normal,normal,no_rule_triggered,62,4,0.0,67.0,66.15,65.263
007_matrix_run_09_high_spoof_high_flood,82,82.0,83.0,baseline,normal,normal,no_rule_triggered,63,4,0.0,67.0,67.0,66.316
007_matrix_run_09_high_spoof_high_flood,83,83.0,84.0,baseline,normal,normal,no_rule_triggered,62,4,0.0,67.0,66.3,65.263
007_matrix_run_09_high_spoof_high_flood,84,84.0,85.0,baseline,normal,normal,no_rule_triggered,63,4,0.0,66.0,65.85,66.316
007_matrix_run_09_high_spoof_high_flood,85,85.0,86.0,baseline,normal,normal,no_rule_triggered,62,4,0.0,65.0,65.0,65.263
007_matrix_run_09_high_spoof_high_flood,86,86.0,87.0,baseline,normal,normal,no_rule_triggered,63,4,0.0,65.0,64.2,66.316
007_matrix_run_09_high_spoof_high_flood,87,87.0,88.0,baseline,normal,normal,no_rule_triggered,62,4,0.0,64.0,64.0,65.263
007_matrix_run_09_high_spoof_high_flood,88,88.0,89.0,baseline,normal,normal,no_rule_triggered,63,4,0.0,65.0,64.45,66.316
007_matrix_run_09_high_spoof_high_flood,89,89.0,90.0,baseline,normal,normal,no_rule_triggered,62,4,0.0,66.0,65.55,65.263
007_matrix_run_09_high_spoof_high_flood,90,90.0,91.0,baseline,normal,normal,no_rule_triggered,63,4,0.0,69.0,67.6,66.316
007_matrix_run_09_high_spoof_high_flood,91,91.0,92.0,baseline,normal,normal,no_rule_triggered,62,4,0.0,72.0,70.25,65.263
007_matrix_run_09_high_spoof_high_flood,92,92.0,93.0,baseline,normal,normal,no_rule_triggered,63,4,0.0,75.0,73.5,66.316
007_matrix_run_09_high_spoof_high_flood,93,93.0,94.0,baseline,normal,normal,no_rule_triggered,62,4,0.0,79.0,77.15,65.263
007_matrix_run_09_high_spoof_high_flood,94,94.0,95.0,baseline,normal,normal,no_rule_triggered,63,4,0.0,83.0,80.9,66.316
007_matrix_run_09_high_spoof_high_flood,95,95.0,96.0,baseline,normal,normal,no_rule_triggered,62,4,0.0,86.0,84.5,65.263
007_matrix_run_09_high_spoof_high_flood,96,96.0,97.0,baseline,normal,normal,no_rule_triggered,63,4,0.0,89.0,87.6,66.316
007_matrix_run_09_high_spoof_high_flood,97,97.0,98.0,baseline,normal,normal,no_rule_triggered,62,4,0.0,91.0,89.95,65.263
007_matrix_run_09_high_spoof_high_flood,98,98.0,99.0,baseline,normal,normal,no_rule_triggered,63,4,0.0,92.0,91.4,66.316
007_matrix_run_09_high_spoof_high_flood,99,99.0,100.0,baseline,normal,normal,no_rule_triggered,62,4,0.0,92.0,92.0,65.263
007_matrix_run_09_high_spoof_high_flood,100,100.0,101.0,baseline,normal,normal,no_rule_triggered,63,4,0.0,92.0,91.3,66.316
007_matrix_run_09_high_spoof_high_flood,101,101.0,102.0,baseline,normal,normal,no_rule_triggered,62,4,0.0,91.0,89.75,65.263
007_matrix_run_09_high_spoof_high_flood,102,102.0,103.0,baseline,normal,normal,no_rule_triggered,63,4,0.0,89.0,87.6,66.316
007_matrix_run_09_high_spoof_high_flood,103,103.0,104.0,baseline,normal,normal,no_rule_triggered,62,4,0.0,86.0,84.95,65.263
007_matrix_run_09_high_spoof_high_flood,104,104.0,105.0,baseline,normal,normal,no_rule_triggered,63,4,0.0,83.0,81.95,66.316
007_matrix_run_09_high_spoof_high_flood,105,105.0,106.0,baseline,normal,normal,no_rule_triggered,62,4,0.0,80.0,79.1,65.263
007_matrix_run_09_high_spoof_high_flood,106,106.0,107.0,baseline,normal,normal,no_rule_triggered,63,4,0.0,78.0,76.75,66.316
007_matrix_run_09_high_spoof_high_flood,107,107.0,108.0,baseline,normal,normal,no_rule_triggered,62,4,0.0,76.0,74.7,65.263
007_matrix_run_09_high_spoof_high_flood,108,108.0,109.0,baseline,normal,normal,no_rule_triggered,63,4,0.0,74.0,73.55,66.316
007_matrix_run_09_high_spoof_high_flood,109,109.0,110.0,baseline,normal,normal,no_rule_triggered,62,4,0.0,73.0,73.0,65.263
007_matrix_run_09_high_spoof_high_flood,110,110.0,111.0,baseline,normal,normal,no_rule_triggered,63,4,0.0,74.0,73.25,66.316
007_matrix_run_09_high_spoof_high_flood,111,111.0,112.0,baseline,normal,normal,no_rule_triggered,62,4,0.0,75.0,74.2,65.263
007_matrix_run_09_high_spoof_high_flood,112,112.0,113.0,baseline,normal,normal,no_rule_triggered,63,4,0.0,76.0,75.35,66.316
007_matrix_run_09_high_spoof_high_flood,113,113.0,114.0,baseline,normal,normal,no_rule_triggered,62,4,0.0,77.0,76.55,65.263
007_matrix_run_09_high_spoof_high_flood,114,114.0,115.0,baseline,normal,normal,no_rule_triggered,63,4,0.0,78.0,77.55,66.316
007_matrix_run_09_high_spoof_high_flood,115,115.0,116.0,baseline,normal,normal,no_rule_triggered,62,4,0.0,78.0,78.0,65.263
007_matrix_run_09_high_spoof_high_flood,116,116.0,117.0,baseline,normal,normal,no_rule_triggered,63,4,0.0,78.0,78.0,66.316
007_matrix_run_09_high_spoof_high_flood,117,117.0,118.0,baseline,normal,normal,no_rule_triggered,62,4,0.0,78.0,76.8,65.263
007_matrix_run_09_high_spoof_high_flood,118,118.0,119.0,baseline,normal,normal,no_rule_triggered,63,4,0.0,76.0,74.95,66.316
007_matrix_run_09_high_spoof_high_flood,119,119.0,120.0,baseline,normal,normal,no_rule_triggered,62,4,0.0,74.0,72.1,65.263
007_matrix_run_09_high_spoof_high_flood,120,120.0,121.0,baseline,normal,normal,no_rule_triggered,63,4,0.0,70.0,68.5,66.316
007_matrix_run_09_high_spoof_high_flood,121,121.0,122.0,baseline,normal,normal,no_rule_triggered,62,4,0.0,66.0,64.2,65.263
007_matrix_run_09_high_spoof_high_flood,122,122.0,123.0,baseline,normal,normal,no_rule_triggered,63,4,0.0,62.0,59.75,66.316
007_matrix_run_09_high_spoof_high_flood,123,123.0,124.0,baseline,normal,normal,no_rule_triggered,62,4,0.0,57.0,55.2,65.263
007_matrix_run_09_high_spoof_high_flood,124,124.0,125.0,baseline,normal,normal,no_rule_triggered,63,4,0.0,53.0,50.9,66.316
007_matrix_run_09_high_spoof_high_flood,125,125.0,126.0,baseline,normal,normal,no_rule_triggered,62,4,0.0,49.0,47.25,65.263
007_matrix_run_09_high_spoof_high_flood,126,126.0,127.0,baseline,normal,normal,no_rule_triggered,63,4,0.0,46.0,44.3,66.316
007_matrix_run_09_high_spoof_high_flood,127,127.0,128.0,baseline,normal,normal,no_rule_triggered,62,4,0.0,43.0,42.35,65.263
007_matrix_run_09_high_spoof_high_flood,128,128.0,129.0,baseline,normal,normal,no_rule_triggered,63,4,0.0,42.0,41.05,66.316
007_matrix_run_09_high_spoof_high_flood,129,129.0,130.0,baseline,normal,normal,no_rule_triggered,62,4,0.0,41.0,41.0,65.263
007_matrix_run_09_high_spoof_high_flood,130,130.0,131.0,baseline,normal,normal,no_rule_triggered,63,4,0.0,42.0,41.35,66.316
007_matrix_run_09_high_spoof_high_flood,131,131.0,132.0,baseline,normal,normal,no_rule_triggered,62,4,0.0,43.0,42.4,65.263
007_matrix_run_09_high_spoof_high_flood,132,132.0,133.0,baseline,normal,normal,no_rule_triggered,63,4,0.0,44.0,43.55,66.316
007_matrix_run_09_high_spoof_high_flood,133,133.0,134.0,baseline,normal,normal,no_rule_triggered,62,4,0.0,45.0,44.7,65.263
007_matrix_run_09_high_spoof_high_flood,134,134.0,135.0,baseline,normal,normal,no_rule_triggered,63,4,0.0,46.0,45.65,66.316
007_matrix_run_09_high_spoof_high_flood,135,135.0,136.0,baseline,normal,normal,no_rule_triggered,62,4,0.0,46.0,46.0,65.263
007_matrix_run_09_high_spoof_high_flood,136,136.0,137.0,baseline,normal,normal,no_rule_triggered,63,4,0.0,46.0,45.5,66.316
007_matrix_run_09_high_spoof_high_flood,137,137.0,138.0,baseline,normal,normal,no_rule_triggered,62,4,0.0,45.0,44.4,65.263
007_matrix_run_09_high_spoof_high_flood,138,138.0,139.0,baseline,normal,normal,no_rule_triggered,63,4,0.0,43.0,42.45,66.316
007_matrix_run_09_high_spoof_high_flood,139,139.0,140.0,baseline,normal,normal,no_rule_triggered,62,4,0.0,41.0,40.1,65.263
007_matrix_run_09_high_spoof_high_flood,140,140.0,141.0,baseline,normal,normal,no_rule_triggered,63,4,0.0,39.0,37.35,66.316
007_matrix_run_09_high_spoof_high_flood,141,141.0,142.0,baseline,normal,normal,no_rule_triggered,62,4,0.0,36.0,34.35,65.263
007_matrix_run_09_high_spoof_high_flood,142,142.0,143.0,baseline,normal,normal,no_rule_triggered,63,4,0.0,33.0,31.65,66.316
007_matrix_run_09_high_spoof_high_flood,143,143.0,144.0,baseline,normal,normal,no_rule_triggered,62,4,0.0,30.0,29.45,65.263
007_matrix_run_09_high_spoof_high_flood,144,144.0,145.0,baseline,normal,normal,no_rule_triggered,63,4,0.0,28.0,27.8,66.316
007_matrix_run_09_high_spoof_high_flood,145,145.0,146.0,baseline,normal,normal,no_rule_triggered,62,4,0.0,27.0,27.0,65.263
007_matrix_run_09_high_spoof_high_flood,146,146.0,147.0,baseline,normal,normal,no_rule_triggered,63,4,0.0,28.0,27.5,66.316
007_matrix_run_09_high_spoof_high_flood,147,147.0,148.0,baseline,normal,normal,no_rule_triggered,62,4,0.0,30.0,28.85,65.263
007_matrix_run_09_high_spoof_high_flood,148,148.0,149.0,baseline,normal,normal,no_rule_triggered,63,4,0.0,33.0,31.15,66.316
007_matrix_run_09_high_spoof_high_flood,149,149.0,150.0,baseline,normal,normal,no_rule_triggered,62,4,0.0,36.0,34.2,65.263
007_matrix_run_09_high_spoof_high_flood,150,150.0,151.0,baseline,normal,normal,no_rule_triggered,63,4,0.0,40.0,37.75,66.316
007_matrix_run_09_high_spoof_high_flood,151,151.0,152.0,baseline,normal,normal,no_rule_triggered,62,4,0.0,43.0,41.5,65.263
007_matrix_run_09_high_spoof_high_flood,152,152.0,153.0,baseline,normal,normal,no_rule_triggered,63,4,0.0,47.0,45.15,66.316
007_matrix_run_09_high_spoof_high_flood,153,153.0,154.0,baseline,normal,normal,no_rule_triggered,62,4,0.0,50.0,48.45,65.263
007_matrix_run_09_high_spoof_high_flood,154,154.0,155.0,baseline,normal,normal,no_rule_triggered,63,4,0.0,52.0,51.2,66.316
007_matrix_run_09_high_spoof_high_flood,155,155.0,156.0,baseline,normal,normal,no_rule_triggered,62,4,0.0,54.0,53.25,65.263
007_matrix_run_09_high_spoof_high_flood,156,156.0,157.0,baseline,normal,normal,no_rule_triggered,63,4,0.0,55.0,54.45,66.316
007_matrix_run_09_high_spoof_high_flood,157,157.0,158.0,baseline,normal,normal,no_rule_triggered,62,4,0.0,55.0,55.0,65.263
007_matrix_run_09_high_spoof_high_flood,158,158.0,159.0,baseline,normal,normal,no_rule_triggered,63,4,0.0,55.0,54.9,66.316
007_matrix_run_09_high_spoof_high_flood,159,159.0,160.0,baseline,normal,normal,no_rule_triggered,62,4,0.0,54.0,54.0,65.263
007_matrix_run_09_high_spoof_high_flood,160,160.0,161.0,baseline,normal,normal,no_rule_triggered,63,4,0.0,54.0,53.25,66.316
007_matrix_run_09_high_spoof_high_flood,161,161.0,162.0,baseline,normal,normal,no_rule_triggered,62,4,0.0,53.0,52.8,65.263
007_matrix_run_09_high_spoof_high_flood,162,162.0,163.0,baseline,normal,normal,no_rule_triggered,63,4,0.0,52.0,52.0,66.316
007_matrix_run_09_high_spoof_high_flood,163,163.0,164.0,baseline,normal,normal,no_rule_triggered,62,4,0.0,53.0,52.75,65.263
007_matrix_run_09_high_spoof_high_flood,164,164.0,165.0,baseline,normal,normal,no_rule_triggered,63,4,0.0,55.0,53.7,66.316
007_matrix_run_09_high_spoof_high_flood,165,165.0,166.0,baseline,normal,normal,no_rule_triggered,62,4,0.0,57.0,55.7,65.263
007_matrix_run_09_high_spoof_high_flood,166,166.0,167.0,baseline,normal,normal,no_rule_triggered,63,4,0.0,60.0,58.5,66.316
007_matrix_run_09_high_spoof_high_flood,167,167.0,168.0,baseline,normal,normal,no_rule_triggered,62,4,0.0,64.0,62.0,65.263
007_matrix_run_09_high_spoof_high_flood,168,168.0,169.0,baseline,normal,normal,no_rule_triggered,63,4,0.0,68.0,66.05,66.316
007_matrix_run_09_high_spoof_high_flood,169,169.0,170.0,baseline,normal,normal,no_rule_triggered,62,4,0.0,72.0,70.35,65.263
007_matrix_run_09_high_spoof_high_flood,170,170.0,171.0,baseline,normal,normal,no_rule_triggered,63,4,0.0,77.0,74.7,66.316
007_matrix_run_09_high_spoof_high_flood,171,171.0,172.0,baseline,normal,normal,no_rule_triggered,62,4,0.0,80.0,78.65,65.263
007_matrix_run_09_high_spoof_high_flood,172,172.0,173.0,baseline,normal,normal,no_rule_triggered,63,4,0.0,83.0,82.05,66.316
007_matrix_run_09_high_spoof_high_flood,173,173.0,174.0,baseline,normal,normal,no_rule_triggered,62,4,0.0,86.0,84.7,65.263
007_matrix_run_09_high_spoof_high_flood,174,174.0,175.0,baseline,normal,normal,no_rule_triggered,63,4,0.0,87.0,86.35,66.316
007_matrix_run_09_high_spoof_high_flood,175,175.0,176.0,baseline,normal,normal,no_rule_triggered,62,4,0.0,87.0,87.0,65.263
007_matrix_run_09_high_spoof_high_flood,176,176.0,177.0,baseline,normal,normal,no_rule_triggered,63,4,0.0,87.0,86.8,66.316
007_matrix_run_09_high_spoof_high_flood,177,177.0,178.0,baseline,normal,normal,no_rule_triggered,62,4,0.0,86.0,85.6,65.263
007_matrix_run_09_high_spoof_high_flood,178,178.0,179.0,baseline,normal,normal,no_rule_triggered,63,4,0.0,85.0,84.05,66.316
007_matrix_run_09_high_spoof_high_flood,179,179.0,180.0,baseline,normal,normal,no_rule_triggered,62,4,0.0,83.0,82.1,65.263
007_matrix_run_09_high_spoof_high_flood,180,180.0,181.0,spoofing,spoofing,spoofing,decoded_speed_threshold_exceeded,105,3,0.0,240.0,227.06,107.143
007_matrix_run_09_high_spoof_high_flood,181,181.0,182.0,spoofing,spoofing,spoofing,decoded_speed_threshold_exceeded,105,3,0.0,240.0,224.64,107.143
007_matrix_run_09_high_spoof_high_flood,182,182.0,183.0,spoofing,spoofing,spoofing,decoded_speed_threshold_exceeded,105,3,0.0,240.0,224.42,107.143
007_matrix_run_09_high_spoof_high_flood,183,183.0,184.0,spoofing,spoofing,spoofing,decoded_speed_threshold_exceeded,105,3,0.0,240.0,226.14,107.143
007_matrix_run_09_high_spoof_high_flood,184,184.0,185.0,spoofing,spoofing,spoofing,decoded_speed_threshold_exceeded,105,3,0.0,240.0,224.3,107.143
007_matrix_run_09_high_spoof_high_flood,185,185.0,186.0,spoofing,spoofing,spoofing,decoded_speed_threshold_exceeded,105,3,0.0,240.0,223.96,107.143
007_matrix_run_09_high_spoof_high_flood,186,186.0,187.0,spoofing,spoofing,spoofing,decoded_speed_threshold_exceeded,105,3,0.0,240.0,223.7,107.143
007_matrix_run_09_high_spoof_high_flood,187,187.0,188.0,spoofing,spoofing,spoofing,decoded_speed_threshold_exceeded,105,3,0.0,240.0,224.94,107.143
007_matrix_run_09_high_spoof_high_flood,188,188.0,189.0,spoofing,spoofing,spoofing,decoded_speed_threshold_exceeded,105,3,0.0,240.0,225.86,107.143
007_matrix_run_09_high_spoof_high_flood,189,189.0,190.0,spoofing,spoofing,spoofing,decoded_speed_threshold_exceeded,105,3,0.0,240.0,225.36,107.143
007_matrix_run_09_high_spoof_high_flood,190,190.0,191.0,spoofing,spoofing,spoofing,decoded_speed_threshold_exceeded,105,3,0.0,240.0,226.08,107.143
007_matrix_run_09_high_spoof_high_flood,191,191.0,192.0,spoofing,spoofing,spoofing,decoded_speed_threshold_exceeded,105,3,0.0,240.0,227.86,107.143
007_matrix_run_09_high_spoof_high_flood,192,192.0,193.0,spoofing,spoofing,spoofing,decoded_speed_threshold_exceeded,105,3,0.0,240.0,226.38,107.143
007_matrix_run_09_high_spoof_high_flood,193,193.0,194.0,spoofing,spoofing,spoofing,decoded_speed_threshold_exceeded,105,3,0.0,240.0,225.28,107.143
007_matrix_run_09_high_spoof_high_flood,194,194.0,195.0,spoofing,spoofing,spoofing,decoded_speed_threshold_exceeded,105,3,0.0,240.0,227.74,107.143
007_matrix_run_09_high_spoof_high_flood,195,195.0,196.0,spoofing,spoofing,spoofing,decoded_speed_threshold_exceeded,105,3,0.0,240.0,226.08,107.143
007_matrix_run_09_high_spoof_high_flood,196,196.0,197.0,spoofing,spoofing,spoofing,decoded_speed_threshold_exceeded,105,3,0.0,239.0,225.28,107.143
007_matrix_run_09_high_spoof_high_flood,197,197.0,198.0,spoofing,spoofing,spoofing,decoded_speed_threshold_exceeded,105,3,0.0,240.0,225.28,107.143
007_matrix_run_09_high_spoof_high_flood,198,198.0,199.0,spoofing,spoofing,spoofing,decoded_speed_threshold_exceeded,105,3,0.0,237.0,223.34,107.143
007_matrix_run_09_high_spoof_high_flood,199,199.0,200.0,spoofing,spoofing,spoofing,decoded_speed_threshold_exceeded,105,3,0.0,240.0,226.6,107.143
007_matrix_run_09_high_spoof_high_flood,200,200.0,201.0,spoofing,spoofing,spoofing,decoded_speed_threshold_exceeded,105,3,0.0,240.0,224.08,107.143
007_matrix_run_09_high_spoof_high_flood,201,201.0,202.0,spoofing,spoofing,spoofing,decoded_speed_threshold_exceeded,105,3,0.0,240.0,224.4,107.143
007_matrix_run_09_high_spoof_high_flood,202,202.0,203.0,spoofing,spoofing,spoofing,decoded_speed_threshold_exceeded,105,3,0.0,240.0,225.38,107.143
007_matrix_run_09_high_spoof_high_flood,203,203.0,204.0,spoofing,spoofing,spoofing,decoded_speed_threshold_exceeded,105,3,0.0,240.0,225.4,107.143
007_matrix_run_09_high_spoof_high_flood,204,204.0,205.0,spoofing,spoofing,spoofing,decoded_speed_threshold_exceeded,105,3,0.0,240.0,224.34,107.143
007_matrix_run_09_high_spoof_high_flood,205,205.0,206.0,spoofing,spoofing,spoofing,decoded_speed_threshold_exceeded,105,3,0.0,240.0,225.92,107.143
007_matrix_run_09_high_spoof_high_flood,206,206.0,207.0,spoofing,spoofing,spoofing,decoded_speed_threshold_exceeded,105,3,0.0,240.0,226.66,107.143
007_matrix_run_09_high_spoof_high_flood,207,207.0,208.0,spoofing,spoofing,spoofing,decoded_speed_threshold_exceeded,105,3,0.0,239.0,225.3,107.143
007_matrix_run_09_high_spoof_high_flood,208,208.0,209.0,spoofing,spoofing,spoofing,decoded_speed_threshold_exceeded,105,3,0.0,240.0,228.16,107.143
007_matrix_run_09_high_spoof_high_flood,209,209.0,210.0,spoofing,spoofing,spoofing,decoded_speed_threshold_exceeded,105,3,0.0,240.0,225.52,107.143
007_matrix_run_09_high_spoof_high_flood,210,210.0,211.0,spoofing,spoofing,spoofing,decoded_speed_threshold_exceeded,105,3,0.0,240.0,225.38,107.143
007_matrix_run_09_high_spoof_high_flood,211,211.0,212.0,spoofing,spoofing,spoofing,decoded_speed_threshold_exceeded,105,3,0.0,240.0,222.44,107.143
007_matrix_run_09_high_spoof_high_flood,212,212.0,213.0,spoofing,spoofing,spoofing,decoded_speed_threshold_exceeded,105,3,0.0,240.0,223.46,107.143
007_matrix_run_09_high_spoof_high_flood,213,213.0,214.0,spoofing,spoofing,spoofing,decoded_speed_threshold_exceeded,105,3,0.0,240.0,227.46,107.143
007_matrix_run_09_high_spoof_high_flood,214,214.0,215.0,spoofing,spoofing,spoofing,decoded_speed_threshold_exceeded,105,3,0.0,240.0,225.34,107.143
007_matrix_run_09_high_spoof_high_flood,215,215.0,216.0,spoofing,spoofing,spoofing,decoded_speed_threshold_exceeded,105,3,0.0,240.0,226.02,107.143
007_matrix_run_09_high_spoof_high_flood,216,216.0,217.0,spoofing,spoofing,spoofing,decoded_speed_threshold_exceeded,105,3,0.0,240.0,227.82,107.143
007_matrix_run_09_high_spoof_high_flood,217,217.0,218.0,spoofing,spoofing,spoofing,decoded_speed_threshold_exceeded,105,3,0.0,240.0,224.28,107.143
007_matrix_run_09_high_spoof_high_flood,218,218.0,219.0,spoofing,spoofing,spoofing,decoded_speed_threshold_exceeded,105,3,0.0,240.0,222.1,107.143
007_matrix_run_09_high_spoof_high_flood,219,219.0,220.0,spoofing,spoofing,spoofing,decoded_speed_threshold_exceeded,105,3,0.0,240.0,225.2,107.143
007_matrix_run_09_high_spoof_high_flood,220,220.0,221.0,spoofing,spoofing,spoofing,decoded_speed_threshold_exceeded,105,3,0.0,240.0,223.84,107.143
007_matrix_run_09_high_spoof_high_flood,221,221.0,222.0,spoofing,spoofing,spoofing,decoded_speed_threshold_exceeded,105,3,0.0,240.0,226.98,107.143
007_matrix_run_09_high_spoof_high_flood,222,222.0,223.0,spoofing,spoofing,spoofing,decoded_speed_threshold_exceeded,105,3,0.0,240.0,224.82,107.143
007_matrix_run_09_high_spoof_high_flood,223,223.0,224.0,spoofing,spoofing,spoofing,decoded_speed_threshold_exceeded,105,3,0.0,239.0,224.48,107.143
007_matrix_run_09_high_spoof_high_flood,224,224.0,225.0,spoofing,spoofing,spoofing,decoded_speed_threshold_exceeded,105,3,0.0,240.0,225.1,107.143
007_matrix_run_09_high_spoof_high_flood,225,225.0,226.0,spoofing,spoofing,spoofing,decoded_speed_threshold_exceeded,105,3,0.0,239.0,224.78,107.143
007_matrix_run_09_high_spoof_high_flood,226,226.0,227.0,spoofing,spoofing,spoofing,decoded_speed_threshold_exceeded,105,3,0.0,240.0,226.32,107.143
007_matrix_run_09_high_spoof_high_flood,227,227.0,228.0,spoofing,spoofing,spoofing,decoded_speed_threshold_exceeded,105,3,0.0,239.0,224.44,107.143
007_matrix_run_09_high_spoof_high_flood,228,228.0,229.0,spoofing,spoofing,spoofing,decoded_speed_threshold_exceeded,105,3,0.0,240.0,224.34,107.143
007_matrix_run_09_high_spoof_high_flood,229,229.0,230.0,spoofing,spoofing,spoofing,decoded_speed_threshold_exceeded,105,3,0.0,240.0,224.6,107.143
007_matrix_run_09_high_spoof_high_flood,230,230.0,231.0,spoofing,spoofing,spoofing,decoded_speed_threshold_exceeded,105,3,0.0,240.0,225.48,107.143
007_matrix_run_09_high_spoof_high_flood,231,231.0,232.0,spoofing,spoofing,spoofing,decoded_speed_threshold_exceeded,105,3,0.0,240.0,224.92,107.143
007_matrix_run_09_high_spoof_high_flood,232,232.0,233.0,spoofing,spoofing,spoofing,decoded_speed_threshold_exceeded,105,3,0.0,239.0,224.86,107.143
007_matrix_run_09_high_spoof_high_flood,233,233.0,234.0,spoofing,spoofing,spoofing,decoded_speed_threshold_exceeded,105,3,0.0,239.0,223.38,107.143
007_matrix_run_09_high_spoof_high_flood,234,234.0,235.0,spoofing,spoofing,spoofing,decoded_speed_threshold_exceeded,105,3,0.0,240.0,226.62,107.143
007_matrix_run_09_high_spoof_high_flood,235,235.0,236.0,spoofing,spoofing,spoofing,decoded_speed_threshold_exceeded,105,3,0.0,240.0,223.5,107.143
007_matrix_run_09_high_spoof_high_flood,236,236.0,237.0,spoofing,spoofing,spoofing,decoded_speed_threshold_exceeded,105,3,0.0,240.0,225.48,107.143
007_matrix_run_09_high_spoof_high_flood,237,237.0,238.0,spoofing,spoofing,spoofing,decoded_speed_threshold_exceeded,105,3,0.0,240.0,225.92,107.143
007_matrix_run_09_high_spoof_high_flood,238,238.0,239.0,spoofing,spoofing,spoofing,decoded_speed_threshold_exceeded,105,3,0.0,240.0,223.9,107.143
007_matrix_run_09_high_spoof_high_flood,239,239.0,240.0,spoofing,spoofing,spoofing,decoded_speed_threshold_exceeded,105,3,0.0,239.0,225.34,107.143
007_matrix_run_09_high_spoof_high_flood,240,240.0,241.0,spoofing,spoofing,spoofing,decoded_speed_threshold_exceeded,105,3,0.0,238.0,225.92,107.143
007_matrix_run_09_high_spoof_high_flood,241,241.0,242.0,spoofing,spoofing,spoofing,decoded_speed_threshold_exceeded,105,3,0.0,240.0,224.54,107.143
007_matrix_run_09_high_spoof_high_flood,242,242.0,243.0,spoofing,spoofing,spoofing,decoded_speed_threshold_exceeded,105,3,0.0,239.0,224.24,107.143
007_matrix_run_09_high_spoof_high_flood,243,243.0,244.0,spoofing,spoofing,spoofing,decoded_speed_threshold_exceeded,105,3,0.0,240.0,225.82,107.143
007_matrix_run_09_high_spoof_high_flood,244,244.0,245.0,spoofing,spoofing,spoofing,decoded_speed_threshold_exceeded,105,3,0.0,240.0,225.16,107.143
007_matrix_run_09_high_spoof_high_flood,245,245.0,246.0,spoofing,spoofing,spoofing,decoded_speed_threshold_exceeded,105,3,0.0,240.0,224.3,107.143
007_matrix_run_09_high_spoof_high_flood,246,246.0,247.0,spoofing,spoofing,spoofing,decoded_speed_threshold_exceeded,105,3,0.0,240.0,226.26,107.143
007_matrix_run_09_high_spoof_high_flood,247,247.0,248.0,spoofing,spoofing,spoofing,decoded_speed_threshold_exceeded,105,3,0.0,240.0,225.8,107.143
007_matrix_run_09_high_spoof_high_flood,248,248.0,249.0,spoofing,spoofing,spoofing,decoded_speed_threshold_exceeded,105,3,0.0,240.0,224.5,107.143
007_matrix_run_09_high_spoof_high_flood,249,249.0,250.0,spoofing,spoofing,spoofing,decoded_speed_threshold_exceeded,105,3,0.0,240.0,227.66,107.143
007_matrix_run_09_high_spoof_high_flood,250,250.0,251.0,spoofing,spoofing,spoofing,decoded_speed_threshold_exceeded,105,3,0.0,240.0,222.96,107.143
007_matrix_run_09_high_spoof_high_flood,251,251.0,252.0,spoofing,spoofing,spoofing,decoded_speed_threshold_exceeded,105,3,0.0,240.0,224.68,107.143
007_matrix_run_09_high_spoof_high_flood,252,252.0,253.0,spoofing,spoofing,spoofing,decoded_speed_threshold_exceeded,105,3,0.0,238.0,226.28,107.143
007_matrix_run_09_high_spoof_high_flood,253,253.0,254.0,spoofing,spoofing,spoofing,decoded_speed_threshold_exceeded,105,3,0.0,240.0,224.5,107.143
007_matrix_run_09_high_spoof_high_flood,254,254.0,255.0,spoofing,spoofing,spoofing,decoded_speed_threshold_exceeded,105,3,0.0,240.0,222.72,107.143
007_matrix_run_09_high_spoof_high_flood,255,255.0,256.0,spoofing,spoofing,spoofing,decoded_speed_threshold_exceeded,105,3,0.0,240.0,226.26,107.143
007_matrix_run_09_high_spoof_high_flood,256,256.0,257.0,spoofing,spoofing,spoofing,decoded_speed_threshold_exceeded,105,3,0.0,240.0,223.28,107.143
007_matrix_run_09_high_spoof_high_flood,257,257.0,258.0,spoofing,spoofing,spoofing,decoded_speed_threshold_exceeded,105,3,0.0,240.0,225.36,107.143
007_matrix_run_09_high_spoof_high_flood,258,258.0,259.0,spoofing,spoofing,spoofing,decoded_speed_threshold_exceeded,105,3,0.0,240.0,225.96,107.143
007_matrix_run_09_high_spoof_high_flood,259,259.0,260.0,spoofing,spoofing,spoofing,decoded_speed_threshold_exceeded,105,3,0.0,240.0,226.62,107.143
007_matrix_run_09_high_spoof_high_flood,260,260.0,261.0,spoofing,spoofing,spoofing,decoded_speed_threshold_exceeded,105,3,0.0,240.0,225.64,107.143
007_matrix_run_09_high_spoof_high_flood,261,261.0,262.0,spoofing,spoofing,spoofing,decoded_speed_threshold_exceeded,105,3,0.0,240.0,224.18,107.143
007_matrix_run_09_high_spoof_high_flood,262,262.0,263.0,spoofing,spoofing,spoofing,decoded_speed_threshold_exceeded,105,3,0.0,240.0,223.2,107.143
007_matrix_run_09_high_spoof_high_flood,263,263.0,264.0,spoofing,spoofing,spoofing,decoded_speed_threshold_exceeded,105,3,0.0,240.0,224.36,107.143
007_matrix_run_09_high_spoof_high_flood,264,264.0,265.0,spoofing,spoofing,spoofing,decoded_speed_threshold_exceeded,105,3,0.0,239.0,223.42,107.143
007_matrix_run_09_high_spoof_high_flood,265,265.0,266.0,spoofing,spoofing,spoofing,decoded_speed_threshold_exceeded,105,3,0.0,240.0,225.82,107.143
007_matrix_run_09_high_spoof_high_flood,266,266.0,267.0,spoofing,spoofing,spoofing,decoded_speed_threshold_exceeded,105,3,0.0,239.0,225.38,107.143
007_matrix_run_09_high_spoof_high_flood,267,267.0,268.0,spoofing,spoofing,spoofing,decoded_speed_threshold_exceeded,105,3,0.0,240.0,225.44,107.143
007_matrix_run_09_high_spoof_high_flood,268,268.0,269.0,spoofing,spoofing,spoofing,decoded_speed_threshold_exceeded,105,3,0.0,240.0,226.3,107.143
007_matrix_run_09_high_spoof_high_flood,269,269.0,270.0,spoofing,spoofing,spoofing,decoded_speed_threshold_exceeded,105,3,0.0,239.0,224.28,107.143
007_matrix_run_09_high_spoof_high_flood,270,270.0,271.0,spoofing,spoofing,spoofing,decoded_speed_threshold_exceeded,105,3,0.0,240.0,225.76,107.143
007_matrix_run_09_high_spoof_high_flood,271,271.0,272.0,spoofing,spoofing,spoofing,decoded_speed_threshold_exceeded,105,3,0.0,239.0,223.48,107.143
007_matrix_run_09_high_spoof_high_flood,272,272.0,273.0,spoofing,spoofing,spoofing,decoded_speed_threshold_exceeded,105,3,0.0,238.0,225.06,107.143
007_matrix_run_09_high_spoof_high_flood,273,273.0,274.0,spoofing,spoofing,spoofing,decoded_speed_threshold_exceeded,105,3,0.0,238.0,221.82,107.143
007_matrix_run_09_high_spoof_high_flood,274,274.0,275.0,spoofing,spoofing,spoofing,decoded_speed_threshold_exceeded,105,3,0.0,240.0,227.08,107.143
007_matrix_run_09_high_spoof_high_flood,275,275.0,276.0,spoofing,spoofing,spoofing,decoded_speed_threshold_exceeded,105,3,0.0,240.0,223.12,107.143
007_matrix_run_09_high_spoof_high_flood,276,276.0,277.0,spoofing,spoofing,spoofing,decoded_speed_threshold_exceeded,105,3,0.0,238.0,224.58,107.143
007_matrix_run_09_high_spoof_high_flood,277,277.0,278.0,spoofing,spoofing,spoofing,decoded_speed_threshold_exceeded,105,3,0.0,239.0,225.28,107.143
007_matrix_run_09_high_spoof_high_flood,278,278.0,279.0,spoofing,spoofing,spoofing,decoded_speed_threshold_exceeded,105,3,0.0,240.0,224.08,107.143
007_matrix_run_09_high_spoof_high_flood,279,279.0,280.0,spoofing,spoofing,spoofing,decoded_speed_threshold_exceeded,105,3,0.0,240.0,227.44,107.143
007_matrix_run_09_high_spoof_high_flood,280,280.0,281.0,spoofing,spoofing,spoofing,decoded_speed_threshold_exceeded,105,3,0.0,237.0,223.62,107.143
007_matrix_run_09_high_spoof_high_flood,281,281.0,282.0,spoofing,spoofing,spoofing,decoded_speed_threshold_exceeded,105,3,0.0,240.0,223.3,107.143
007_matrix_run_09_high_spoof_high_flood,282,282.0,283.0,spoofing,spoofing,spoofing,decoded_speed_threshold_exceeded,105,3,0.0,239.0,223.88,107.143
007_matrix_run_09_high_spoof_high_flood,283,283.0,284.0,spoofing,spoofing,spoofing,decoded_speed_threshold_exceeded,105,3,0.0,240.0,225.18,107.143
007_matrix_run_09_high_spoof_high_flood,284,284.0,285.0,spoofing,spoofing,spoofing,decoded_speed_threshold_exceeded,105,3,0.0,240.0,225.22,107.143
007_matrix_run_09_high_spoof_high_flood,285,285.0,286.0,spoofing,spoofing,spoofing,decoded_speed_threshold_exceeded,105,3,0.0,240.0,223.42,107.143
007_matrix_run_09_high_spoof_high_flood,286,286.0,287.0,spoofing,spoofing,spoofing,decoded_speed_threshold_exceeded,105,3,0.0,240.0,227.06,107.143
007_matrix_run_09_high_spoof_high_flood,287,287.0,288.0,spoofing,spoofing,spoofing,decoded_speed_threshold_exceeded,105,3,0.0,240.0,223.44,107.143
007_matrix_run_09_high_spoof_high_flood,288,288.0,289.0,spoofing,spoofing,spoofing,decoded_speed_threshold_exceeded,105,3,0.0,240.0,226.7,107.143
007_matrix_run_09_high_spoof_high_flood,289,289.0,290.0,spoofing,spoofing,spoofing,decoded_speed_threshold_exceeded,105,3,0.0,240.0,224.38,107.143
007_matrix_run_09_high_spoof_high_flood,290,290.0,291.0,spoofing,spoofing,spoofing,decoded_speed_threshold_exceeded,105,3,0.0,240.0,225.34,107.143
007_matrix_run_09_high_spoof_high_flood,291,291.0,292.0,spoofing,spoofing,spoofing,decoded_speed_threshold_exceeded,105,3,0.0,240.0,226.78,107.143
007_matrix_run_09_high_spoof_high_flood,292,292.0,293.0,spoofing,spoofing,spoofing,decoded_speed_threshold_exceeded,105,3,0.0,240.0,226.2,107.143
007_matrix_run_09_high_spoof_high_flood,293,293.0,294.0,spoofing,spoofing,spoofing,decoded_speed_threshold_exceeded,105,3,0.0,240.0,225.5,107.143
007_matrix_run_09_high_spoof_high_flood,294,294.0,295.0,spoofing,spoofing,spoofing,decoded_speed_threshold_exceeded,105,3,0.0,238.0,222.56,107.143
007_matrix_run_09_high_spoof_high_flood,295,295.0,296.0,spoofing,spoofing,spoofing,decoded_speed_threshold_exceeded,105,3,0.0,240.0,224.6,107.143
007_matrix_run_09_high_spoof_high_flood,296,296.0,297.0,spoofing,spoofing,spoofing,decoded_speed_threshold_exceeded,105,3,0.0,239.0,225.46,107.143
007_matrix_run_09_high_spoof_high_flood,297,297.0,298.0,spoofing,spoofing,spoofing,decoded_speed_threshold_exceeded,105,3,0.0,240.0,223.98,107.143
007_matrix_run_09_high_spoof_high_flood,298,298.0,299.0,spoofing,spoofing,spoofing,decoded_speed_threshold_exceeded,105,3,0.0,240.0,224.36,107.143
007_matrix_run_09_high_spoof_high_flood,299,299.0,300.0,spoofing,spoofing,spoofing,decoded_speed_threshold_exceeded,105,3,0.0,240.0,226.28,107.143
007_matrix_run_09_high_spoof_high_flood,300,300.0,301.0,flooding,flooding,flooding,high_id_cardinality_or_unknown_id_ratio,200,190,0.98,,,201.005
007_matrix_run_09_high_spoof_high_flood,301,301.0,302.0,flooding,flooding,flooding,high_id_cardinality_or_unknown_id_ratio,200,186,1.0,,,201.005
007_matrix_run_09_high_spoof_high_flood,302,302.0,303.0,flooding,flooding,flooding,high_id_cardinality_or_unknown_id_ratio,200,192,0.99,,,201.005
007_matrix_run_09_high_spoof_high_flood,303,303.0,304.0,flooding,flooding,flooding,high_id_cardinality_or_unknown_id_ratio,200,191,1.0,,,201.005
007_matrix_run_09_high_spoof_high_flood,304,304.0,305.0,flooding,flooding,flooding,high_id_cardinality_or_unknown_id_ratio,200,191,1.0,,,201.005
007_matrix_run_09_high_spoof_high_flood,305,305.0,306.0,flooding,flooding,flooding,high_id_cardinality_or_unknown_id_ratio,200,187,1.0,,,201.005
007_matrix_run_09_high_spoof_high_flood,306,306.0,307.0,flooding,flooding,flooding,high_id_cardinality_or_unknown_id_ratio,200,190,1.0,,,201.005
007_matrix_run_09_high_spoof_high_flood,307,307.0,308.0,flooding,flooding,flooding,high_id_cardinality_or_unknown_id_ratio,200,192,0.99,,,201.005
007_matrix_run_09_high_spoof_high_flood,308,308.0,309.0,flooding,flooding,flooding,high_id_cardinality_or_unknown_id_ratio,200,185,1.0,,,201.005
007_matrix_run_09_high_spoof_high_flood,309,309.0,310.0,flooding,flooding,flooding,high_id_cardinality_or_unknown_id_ratio,200,194,1.0,,,201.005
007_matrix_run_09_high_spoof_high_flood,310,310.0,311.0,flooding,flooding,flooding,high_id_cardinality_or_unknown_id_ratio,200,192,1.0,,,201.005
007_matrix_run_09_high_spoof_high_flood,311,311.0,312.0,flooding,flooding,flooding,high_id_cardinality_or_unknown_id_ratio,200,188,1.0,,,201.005
007_matrix_run_09_high_spoof_high_flood,312,312.0,313.0,flooding,flooding,flooding,high_id_cardinality_or_unknown_id_ratio,200,187,1.0,,,201.005
007_matrix_run_09_high_spoof_high_flood,313,313.0,314.0,flooding,flooding,flooding,high_id_cardinality_or_unknown_id_ratio,200,188,0.99,,,201.005
007_matrix_run_09_high_spoof_high_flood,314,314.0,315.0,flooding,flooding,flooding,high_id_cardinality_or_unknown_id_ratio,200,193,1.0,,,201.005
007_matrix_run_09_high_spoof_high_flood,315,315.0,316.0,flooding,flooding,flooding,high_id_cardinality_or_unknown_id_ratio,200,194,1.0,,,201.005
007_matrix_run_09_high_spoof_high_flood,316,316.0,317.0,flooding,flooding,flooding,high_id_cardinality_or_unknown_id_ratio,200,189,1.0,,,201.005
007_matrix_run_09_high_spoof_high_flood,317,317.0,318.0,flooding,flooding,flooding,high_id_cardinality_or_unknown_id_ratio,200,193,1.0,,,201.005
007_matrix_run_09_high_spoof_high_flood,318,318.0,319.0,flooding,flooding,flooding,high_id_cardinality_or_unknown_id_ratio,200,193,1.0,,,201.005
007_matrix_run_09_high_spoof_high_flood,319,319.0,320.0,flooding,flooding,flooding,high_id_cardinality_or_unknown_id_ratio,200,193,1.0,,,201.005
007_matrix_run_09_high_spoof_high_flood,320,320.0,321.0,flooding,flooding,flooding,high_id_cardinality_or_unknown_id_ratio,200,190,1.0,,,201.005
007_matrix_run_09_high_spoof_high_flood,321,321.0,322.0,flooding,flooding,flooding,high_id_cardinality_or_unknown_id_ratio,200,191,1.0,,,201.005
007_matrix_run_09_high_spoof_high_flood,322,322.0,323.0,flooding,flooding,flooding,high_id_cardinality_or_unknown_id_ratio,200,193,1.0,,,201.005
007_matrix_run_09_high_spoof_high_flood,323,323.0,324.0,flooding,flooding,flooding,high_id_cardinality_or_unknown_id_ratio,200,188,0.995,,,201.005
007_matrix_run_09_high_spoof_high_flood,324,324.0,325.0,flooding,flooding,flooding,high_id_cardinality_or_unknown_id_ratio,200,192,0.995,,,201.005
007_matrix_run_09_high_spoof_high_flood,325,325.0,326.0,flooding,flooding,flooding,high_id_cardinality_or_unknown_id_ratio,200,190,1.0,,,201.005
007_matrix_run_09_high_spoof_high_flood,326,326.0,327.0,flooding,flooding,flooding,high_id_cardinality_or_unknown_id_ratio,200,191,1.0,,,201.005
007_matrix_run_09_high_spoof_high_flood,327,327.0,328.0,flooding,flooding,flooding,high_id_cardinality_or_unknown_id_ratio,200,190,0.995,,,201.005
007_matrix_run_09_high_spoof_high_flood,328,328.0,329.0,flooding,flooding,flooding,high_id_cardinality_or_unknown_id_ratio,200,191,1.0,,,201.005
007_matrix_run_09_high_spoof_high_flood,329,329.0,330.0,flooding,flooding,flooding,high_id_cardinality_or_unknown_id_ratio,200,193,0.995,,,201.005
007_matrix_run_09_high_spoof_high_flood,330,330.0,331.0,flooding,flooding,flooding,high_id_cardinality_or_unknown_id_ratio,200,192,1.0,,,201.005
007_matrix_run_09_high_spoof_high_flood,331,331.0,332.0,flooding,flooding,flooding,high_id_cardinality_or_unknown_id_ratio,200,191,0.995,,,201.005
007_matrix_run_09_high_spoof_high_flood,332,332.0,333.0,flooding,flooding,flooding,high_id_cardinality_or_unknown_id_ratio,200,188,1.0,,,201.005
007_matrix_run_09_high_spoof_high_flood,333,333.0,334.0,flooding,flooding,flooding,high_id_cardinality_or_unknown_id_ratio,200,193,0.995,,,201.005
007_matrix_run_09_high_spoof_high_flood,334,334.0,335.0,flooding,flooding,flooding,high_id_cardinality_or_unknown_id_ratio,200,189,1.0,,,201.005
007_matrix_run_09_high_spoof_high_flood,335,335.0,336.0,flooding,flooding,flooding,high_id_cardinality_or_unknown_id_ratio,200,188,1.0,,,201.005
007_matrix_run_09_high_spoof_high_flood,336,336.0,337.0,flooding,flooding,flooding,high_id_cardinality_or_unknown_id_ratio,200,189,1.0,,,201.005
007_matrix_run_09_high_spoof_high_flood,337,337.0,338.0,flooding,flooding,flooding,high_id_cardinality_or_unknown_id_ratio,200,189,0.99,,,201.005
007_matrix_run_09_high_spoof_high_flood,338,338.0,339.0,flooding,flooding,flooding,high_id_cardinality_or_unknown_id_ratio,200,187,1.0,,,201.005
007_matrix_run_09_high_spoof_high_flood,339,339.0,340.0,flooding,flooding,flooding,high_id_cardinality_or_unknown_id_ratio,200,194,0.995,,,201.005
007_matrix_run_09_high_spoof_high_flood,340,340.0,341.0,flooding,flooding,flooding,high_id_cardinality_or_unknown_id_ratio,200,187,1.0,,,201.005
007_matrix_run_09_high_spoof_high_flood,341,341.0,342.0,flooding,flooding,flooding,high_id_cardinality_or_unknown_id_ratio,200,190,1.0,,,201.005
007_matrix_run_09_high_spoof_high_flood,342,342.0,343.0,flooding,flooding,flooding,high_id_cardinality_or_unknown_id_ratio,200,190,1.0,,,201.005
007_matrix_run_09_high_spoof_high_flood,343,343.0,344.0,flooding,flooding,flooding,high_id_cardinality_or_unknown_id_ratio,200,186,0.995,,,201.005
007_matrix_run_09_high_spoof_high_flood,344,344.0,345.0,flooding,flooding,flooding,high_id_cardinality_or_unknown_id_ratio,200,189,1.0,,,201.005
007_matrix_run_09_high_spoof_high_flood,345,345.0,346.0,flooding,flooding,flooding,high_id_cardinality_or_unknown_id_ratio,200,190,1.0,,,201.005
007_matrix_run_09_high_spoof_high_flood,346,346.0,347.0,flooding,flooding,flooding,high_id_cardinality_or_unknown_id_ratio,200,188,1.0,,,201.005
007_matrix_run_09_high_spoof_high_flood,347,347.0,348.0,flooding,flooding,flooding,high_id_cardinality_or_unknown_id_ratio,200,189,1.0,,,201.005
007_matrix_run_09_high_spoof_high_flood,348,348.0,349.0,flooding,flooding,flooding,high_id_cardinality_or_unknown_id_ratio,200,193,0.995,,,201.005
007_matrix_run_09_high_spoof_high_flood,349,349.0,350.0,flooding,flooding,flooding,high_id_cardinality_or_unknown_id_ratio,200,193,0.995,,,201.005
007_matrix_run_09_high_spoof_high_flood,350,350.0,351.0,flooding,flooding,flooding,high_id_cardinality_or_unknown_id_ratio,200,191,1.0,,,201.005
007_matrix_run_09_high_spoof_high_flood,351,351.0,352.0,flooding,flooding,flooding,high_id_cardinality_or_unknown_id_ratio,200,194,1.0,,,201.005
007_matrix_run_09_high_spoof_high_flood,352,352.0,353.0,flooding,flooding,flooding,high_id_cardinality_or_unknown_id_ratio,200,188,0.995,,,201.005
007_matrix_run_09_high_spoof_high_flood,353,353.0,354.0,flooding,flooding,flooding,high_id_cardinality_or_unknown_id_ratio,200,189,1.0,,,201.005
007_matrix_run_09_high_spoof_high_flood,354,354.0,355.0,flooding,flooding,flooding,high_id_cardinality_or_unknown_id_ratio,200,193,1.0,,,201.005
007_matrix_run_09_high_spoof_high_flood,355,355.0,356.0,flooding,flooding,flooding,high_id_cardinality_or_unknown_id_ratio,200,183,1.0,,,201.005
007_matrix_run_09_high_spoof_high_flood,356,356.0,357.0,flooding,flooding,flooding,high_id_cardinality_or_unknown_id_ratio,200,197,1.0,,,201.005
007_matrix_run_09_high_spoof_high_flood,357,357.0,358.0,flooding,flooding,flooding,high_id_cardinality_or_unknown_id_ratio,200,194,1.0,,,201.005
007_matrix_run_09_high_spoof_high_flood,358,358.0,359.0,flooding,flooding,flooding,high_id_cardinality_or_unknown_id_ratio,200,193,1.0,,,201.005
007_matrix_run_09_high_spoof_high_flood,359,359.0,360.0,flooding,flooding,flooding,high_id_cardinality_or_unknown_id_ratio,200,190,0.995,,,201.005
007_matrix_run_09_high_spoof_high_flood,360,360.0,361.0,flooding,flooding,flooding,high_id_cardinality_or_unknown_id_ratio,200,190,1.0,,,201.005
007_matrix_run_09_high_spoof_high_flood,361,361.0,362.0,flooding,flooding,flooding,high_id_cardinality_or_unknown_id_ratio,200,191,1.0,,,201.005
007_matrix_run_09_high_spoof_high_flood,362,362.0,363.0,flooding,flooding,flooding,high_id_cardinality_or_unknown_id_ratio,200,190,1.0,,,201.005
007_matrix_run_09_high_spoof_high_flood,363,363.0,364.0,flooding,flooding,flooding,high_id_cardinality_or_unknown_id_ratio,200,189,1.0,,,201.005
007_matrix_run_09_high_spoof_high_flood,364,364.0,365.0,flooding,flooding,flooding,high_id_cardinality_or_unknown_id_ratio,200,190,0.995,,,201.005
007_matrix_run_09_high_spoof_high_flood,365,365.0,366.0,flooding,flooding,flooding,high_id_cardinality_or_unknown_id_ratio,200,190,0.995,,,201.005
007_matrix_run_09_high_spoof_high_flood,366,366.0,367.0,flooding,flooding,flooding,high_id_cardinality_or_unknown_id_ratio,200,194,1.0,,,201.005
007_matrix_run_09_high_spoof_high_flood,367,367.0,368.0,flooding,flooding,flooding,high_id_cardinality_or_unknown_id_ratio,200,189,1.0,,,201.005
007_matrix_run_09_high_spoof_high_flood,368,368.0,369.0,flooding,flooding,flooding,high_id_cardinality_or_unknown_id_ratio,200,196,1.0,,,201.005
007_matrix_run_09_high_spoof_high_flood,369,369.0,370.0,flooding,flooding,flooding,high_id_cardinality_or_unknown_id_ratio,200,191,1.0,,,201.005
007_matrix_run_09_high_spoof_high_flood,370,370.0,371.0,flooding,flooding,flooding,high_id_cardinality_or_unknown_id_ratio,200,192,0.99,,,201.005
007_matrix_run_09_high_spoof_high_flood,371,371.0,372.0,flooding,flooding,flooding,high_id_cardinality_or_unknown_id_ratio,200,189,1.0,,,201.005
007_matrix_run_09_high_spoof_high_flood,372,372.0,373.0,flooding,flooding,flooding,high_id_cardinality_or_unknown_id_ratio,200,194,0.99,,,201.005
007_matrix_run_09_high_spoof_high_flood,373,373.0,374.0,flooding,flooding,flooding,high_id_cardinality_or_unknown_id_ratio,200,189,1.0,,,201.005
007_matrix_run_09_high_spoof_high_flood,374,374.0,375.0,flooding,flooding,flooding,high_id_cardinality_or_unknown_id_ratio,200,192,1.0,,,201.005
007_matrix_run_09_high_spoof_high_flood,375,375.0,376.0,flooding,flooding,flooding,high_id_cardinality_or_unknown_id_ratio,200,194,1.0,,,201.005
007_matrix_run_09_high_spoof_high_flood,376,376.0,377.0,flooding,flooding,flooding,high_id_cardinality_or_unknown_id_ratio,200,195,1.0,,,201.005
007_matrix_run_09_high_spoof_high_flood,377,377.0,378.0,flooding,flooding,flooding,high_id_cardinality_or_unknown_id_ratio,200,195,1.0,,,201.005
007_matrix_run_09_high_spoof_high_flood,378,378.0,379.0,flooding,flooding,flooding,high_id_cardinality_or_unknown_id_ratio,200,192,1.0,,,201.005
007_matrix_run_09_high_spoof_high_flood,379,379.0,380.0,flooding,flooding,flooding,high_id_cardinality_or_unknown_id_ratio,200,193,0.995,,,201.005
007_matrix_run_09_high_spoof_high_flood,380,380.0,381.0,flooding,flooding,flooding,high_id_cardinality_or_unknown_id_ratio,200,190,0.995,,,201.005
007_matrix_run_09_high_spoof_high_flood,381,381.0,382.0,flooding,flooding,flooding,high_id_cardinality_or_unknown_id_ratio,200,192,0.995,,,201.005
007_matrix_run_09_high_spoof_high_flood,382,382.0,383.0,flooding,flooding,flooding,high_id_cardinality_or_unknown_id_ratio,200,189,0.995,,,201.005
007_matrix_run_09_high_spoof_high_flood,383,383.0,384.0,flooding,flooding,flooding,high_id_cardinality_or_unknown_id_ratio,200,190,0.995,,,201.005
007_matrix_run_09_high_spoof_high_flood,384,384.0,385.0,flooding,flooding,flooding,high_id_cardinality_or_unknown_id_ratio,200,194,1.0,,,201.005
007_matrix_run_09_high_spoof_high_flood,385,385.0,386.0,flooding,flooding,flooding,high_id_cardinality_or_unknown_id_ratio,200,191,1.0,,,201.005
007_matrix_run_09_high_spoof_high_flood,386,386.0,387.0,flooding,flooding,flooding,high_id_cardinality_or_unknown_id_ratio,200,185,1.0,,,201.005
007_matrix_run_09_high_spoof_high_flood,387,387.0,388.0,flooding,flooding,flooding,high_id_cardinality_or_unknown_id_ratio,200,188,1.0,,,201.005
007_matrix_run_09_high_spoof_high_flood,388,388.0,389.0,flooding,flooding,flooding,high_id_cardinality_or_unknown_id_ratio,200,193,1.0,,,201.005
007_matrix_run_09_high_spoof_high_flood,389,389.0,390.0,flooding,flooding,flooding,high_id_cardinality_or_unknown_id_ratio,200,194,1.0,,,201.005
007_matrix_run_09_high_spoof_high_flood,390,390.0,391.0,flooding,flooding,flooding,high_id_cardinality_or_unknown_id_ratio,200,190,1.0,,,201.005
007_matrix_run_09_high_spoof_high_flood,391,391.0,392.0,flooding,flooding,flooding,high_id_cardinality_or_unknown_id_ratio,200,189,1.0,,,201.005
007_matrix_run_09_high_spoof_high_flood,392,392.0,393.0,flooding,flooding,flooding,high_id_cardinality_or_unknown_id_ratio,200,187,0.995,,,201.005
007_matrix_run_09_high_spoof_high_flood,393,393.0,394.0,flooding,flooding,flooding,high_id_cardinality_or_unknown_id_ratio,200,190,0.995,,,201.005
007_matrix_run_09_high_spoof_high_flood,394,394.0,395.0,flooding,flooding,flooding,high_id_cardinality_or_unknown_id_ratio,200,193,1.0,,,201.005
007_matrix_run_09_high_spoof_high_flood,395,395.0,396.0,flooding,flooding,flooding,high_id_cardinality_or_unknown_id_ratio,200,193,1.0,,,201.005
007_matrix_run_09_high_spoof_high_flood,396,396.0,397.0,flooding,flooding,flooding,high_id_cardinality_or_unknown_id_ratio,200,189,0.995,,,201.005
007_matrix_run_09_high_spoof_high_flood,397,397.0,398.0,flooding,flooding,flooding,high_id_cardinality_or_unknown_id_ratio,200,190,1.0,,,201.005
007_matrix_run_09_high_spoof_high_flood,398,398.0,399.0,flooding,flooding,flooding,high_id_cardinality_or_unknown_id_ratio,200,197,1.0,,,201.005
007_matrix_run_09_high_spoof_high_flood,399,399.0,400.0,flooding,flooding,flooding,high_id_cardinality_or_unknown_id_ratio,200,189,0.995,,,201.005
007_matrix_run_09_high_spoof_high_flood,400,400.0,401.0,flooding,flooding,flooding,high_id_cardinality_or_unknown_id_ratio,200,194,1.0,,,201.005
007_matrix_run_09_high_spoof_high_flood,401,401.0,402.0,flooding,flooding,flooding,high_id_cardinality_or_unknown_id_ratio,200,187,1.0,,,201.005
007_matrix_run_09_high_spoof_high_flood,402,402.0,403.0,flooding,flooding,flooding,high_id_cardinality_or_unknown_id_ratio,200,189,1.0,,,201.005
007_matrix_run_09_high_spoof_high_flood,403,403.0,404.0,flooding,flooding,flooding,high_id_cardinality_or_unknown_id_ratio,200,190,1.0,,,201.005
007_matrix_run_09_high_spoof_high_flood,404,404.0,405.0,flooding,flooding,flooding,high_id_cardinality_or_unknown_id_ratio,200,195,1.0,,,201.005
007_matrix_run_09_high_spoof_high_flood,405,405.0,406.0,flooding,flooding,flooding,high_id_cardinality_or_unknown_id_ratio,200,190,1.0,,,201.005
007_matrix_run_09_high_spoof_high_flood,406,406.0,407.0,flooding,flooding,flooding,high_id_cardinality_or_unknown_id_ratio,200,188,0.995,,,201.005
007_matrix_run_09_high_spoof_high_flood,407,407.0,408.0,flooding,flooding,flooding,high_id_cardinality_or_unknown_id_ratio,200,188,0.995,,,201.005
007_matrix_run_09_high_spoof_high_flood,408,408.0,409.0,flooding,flooding,flooding,high_id_cardinality_or_unknown_id_ratio,200,185,1.0,,,201.005
007_matrix_run_09_high_spoof_high_flood,409,409.0,410.0,flooding,flooding,flooding,high_id_cardinality_or_unknown_id_ratio,200,192,1.0,,,201.005
007_matrix_run_09_high_spoof_high_flood,410,410.0,411.0,flooding,flooding,flooding,high_id_cardinality_or_unknown_id_ratio,200,188,0.995,,,201.005
007_matrix_run_09_high_spoof_high_flood,411,411.0,412.0,flooding,flooding,flooding,high_id_cardinality_or_unknown_id_ratio,200,192,1.0,,,201.005
007_matrix_run_09_high_spoof_high_flood,412,412.0,413.0,flooding,flooding,flooding,high_id_cardinality_or_unknown_id_ratio,200,190,1.0,,,201.005
007_matrix_run_09_high_spoof_high_flood,413,413.0,414.0,flooding,flooding,flooding,high_id_cardinality_or_unknown_id_ratio,200,187,1.0,,,201.005
007_matrix_run_09_high_spoof_high_flood,414,414.0,415.0,flooding,flooding,flooding,high_id_cardinality_or_unknown_id_ratio,200,188,1.0,,,201.005
007_matrix_run_09_high_spoof_high_flood,415,415.0,416.0,flooding,flooding,flooding,high_id_cardinality_or_unknown_id_ratio,200,186,1.0,,,201.005
007_matrix_run_09_high_spoof_high_flood,416,416.0,417.0,flooding,flooding,flooding,high_id_cardinality_or_unknown_id_ratio,200,187,1.0,,,201.005
007_matrix_run_09_high_spoof_high_flood,417,417.0,418.0,flooding,flooding,flooding,high_id_cardinality_or_unknown_id_ratio,200,188,1.0,,,201.005
007_matrix_run_09_high_spoof_high_flood,418,418.0,419.0,flooding,flooding,flooding,high_id_cardinality_or_unknown_id_ratio,200,191,0.99,,,201.005
007_matrix_run_09_high_spoof_high_flood,419,419.0,420.0,flooding,flooding,flooding,high_id_cardinality_or_unknown_id_ratio,200,189,0.995,,,201.005
007_matrix_run_09_high_spoof_high_flood,420,420.0,421.0,recovery,normal,normal,no_rule_triggered,63,4,0.0,87.0,87.0,66.316
007_matrix_run_09_high_spoof_high_flood,421,421.0,422.0,recovery,normal,normal,no_rule_triggered,62,4,0.0,87.0,86.85,65.263
007_matrix_run_09_high_spoof_high_flood,422,422.0,423.0,recovery,normal,normal,no_rule_triggered,63,4,0.0,86.0,85.65,66.316
007_matrix_run_09_high_spoof_high_flood,423,423.0,424.0,recovery,normal,normal,no_rule_triggered,62,4,0.0,85.0,84.1,65.263
007_matrix_run_09_high_spoof_high_flood,424,424.0,425.0,recovery,normal,normal,no_rule_triggered,63,4,0.0,83.0,82.15,66.316
007_matrix_run_09_high_spoof_high_flood,425,425.0,426.0,recovery,normal,normal,no_rule_triggered,62,4,0.0,81.0,80.2,65.263
007_matrix_run_09_high_spoof_high_flood,426,426.0,427.0,recovery,normal,normal,no_rule_triggered,63,4,0.0,79.0,78.45,66.316
007_matrix_run_09_high_spoof_high_flood,427,427.0,428.0,recovery,normal,normal,no_rule_triggered,62,4,0.0,78.0,77.2,65.263
007_matrix_run_09_high_spoof_high_flood,428,428.0,429.0,recovery,normal,normal,no_rule_triggered,63,4,0.0,77.0,77.0,66.316
007_matrix_run_09_high_spoof_high_flood,429,429.0,430.0,recovery,normal,normal,no_rule_triggered,62,4,0.0,77.0,77.0,65.263
007_matrix_run_09_high_spoof_high_flood,430,430.0,431.0,recovery,normal,normal,no_rule_triggered,63,4,0.0,78.0,77.5,66.316
007_matrix_run_09_high_spoof_high_flood,431,431.0,432.0,recovery,normal,normal,no_rule_triggered,62,4,0.0,80.0,78.9,65.263
007_matrix_run_09_high_spoof_high_flood,432,432.0,433.0,recovery,normal,normal,no_rule_triggered,63,4,0.0,82.0,80.7,66.316
007_matrix_run_09_high_spoof_high_flood,433,433.0,434.0,recovery,normal,normal,no_rule_triggered,62,4,0.0,84.0,82.7,65.263
007_matrix_run_09_high_spoof_high_flood,434,434.0,435.0,recovery,normal,normal,no_rule_triggered,63,4,0.0,85.0,84.6,66.316
007_matrix_run_09_high_spoof_high_flood,435,435.0,436.0,recovery,normal,normal,no_rule_triggered,62,4,0.0,87.0,86.1,65.263
007_matrix_run_09_high_spoof_high_flood,436,436.0,437.0,recovery,normal,normal,no_rule_triggered,63,4,0.0,87.0,87.0,66.316
007_matrix_run_09_high_spoof_high_flood,437,437.0,438.0,recovery,normal,normal,no_rule_triggered,62,4,0.0,87.0,87.0,65.263
007_matrix_run_09_high_spoof_high_flood,438,438.0,439.0,recovery,normal,normal,no_rule_triggered,63,4,0.0,87.0,85.8,66.316
007_matrix_run_09_high_spoof_high_flood,439,439.0,440.0,recovery,normal,normal,no_rule_triggered,62,4,0.0,85.0,83.9,65.263
007_matrix_run_09_high_spoof_high_flood,440,440.0,441.0,recovery,normal,normal,no_rule_triggered,63,4,0.0,83.0,81.0,66.316
007_matrix_run_09_high_spoof_high_flood,441,441.0,442.0,recovery,normal,normal,no_rule_triggered,62,4,0.0,79.0,77.3,65.263
007_matrix_run_09_high_spoof_high_flood,442,442.0,443.0,recovery,normal,normal,no_rule_triggered,63,4,0.0,75.0,73.2,66.316
007_matrix_run_09_high_spoof_high_flood,443,443.0,444.0,recovery,normal,normal,no_rule_triggered,62,4,0.0,71.0,68.9,65.263
007_matrix_run_09_high_spoof_high_flood,444,444.0,445.0,recovery,normal,normal,no_rule_triggered,63,4,0.0,67.0,64.65,66.316
007_matrix_run_09_high_spoof_high_flood,445,445.0,446.0,recovery,normal,normal,no_rule_triggered,62,4,0.0,63.0,60.75,65.263
007_matrix_run_09_high_spoof_high_flood,446,446.0,447.0,recovery,normal,normal,no_rule_triggered,63,4,0.0,59.0,57.45,66.316
007_matrix_run_09_high_spoof_high_flood,447,447.0,448.0,recovery,normal,normal,no_rule_triggered,62,4,0.0,56.0,54.95,65.263
007_matrix_run_09_high_spoof_high_flood,448,448.0,449.0,recovery,normal,normal,no_rule_triggered,63,4,0.0,54.0,53.3,66.316
007_matrix_run_09_high_spoof_high_flood,449,449.0,450.0,recovery,normal,normal,no_rule_triggered,62,4,0.0,53.0,52.4,65.263
007_matrix_run_09_high_spoof_high_flood,450,450.0,451.0,recovery,normal,normal,no_rule_triggered,63,4,0.0,53.0,52.1,66.316
007_matrix_run_09_high_spoof_high_flood,451,451.0,452.0,recovery,normal,normal,no_rule_triggered,62,4,0.0,53.0,53.0,65.263
007_matrix_run_09_high_spoof_high_flood,452,452.0,453.0,recovery,normal,normal,no_rule_triggered,63,4,0.0,54.0,53.6,66.316
007_matrix_run_09_high_spoof_high_flood,453,453.0,454.0,recovery,normal,normal,no_rule_triggered,62,4,0.0,55.0,54.25,65.263
007_matrix_run_09_high_spoof_high_flood,454,454.0,455.0,recovery,normal,normal,no_rule_triggered,63,4,0.0,55.0,55.0,66.316
007_matrix_run_09_high_spoof_high_flood,455,455.0,456.0,recovery,normal,normal,no_rule_triggered,62,4,0.0,55.0,55.0,65.263
007_matrix_run_09_high_spoof_high_flood,456,456.0,457.0,recovery,normal,normal,no_rule_triggered,63,4,0.0,55.0,54.1,66.316
007_matrix_run_09_high_spoof_high_flood,457,457.0,458.0,recovery,normal,normal,no_rule_triggered,62,4,0.0,53.0,52.6,65.263
007_matrix_run_09_high_spoof_high_flood,458,458.0,459.0,recovery,normal,normal,no_rule_triggered,63,4,0.0,52.0,50.3,66.316
007_matrix_run_09_high_spoof_high_flood,459,459.0,460.0,recovery,normal,normal,no_rule_triggered,62,4,0.0,49.0,47.45,65.263
007_matrix_run_09_high_spoof_high_flood,460,460.0,461.0,recovery,normal,normal,no_rule_triggered,63,4,0.0,46.0,43.9,66.316
007_matrix_run_09_high_spoof_high_flood,461,461.0,462.0,recovery,normal,normal,no_rule_triggered,62,4,0.0,42.0,40.2,65.263
007_matrix_run_09_high_spoof_high_flood,462,462.0,463.0,recovery,normal,normal,no_rule_triggered,63,4,0.0,38.0,36.5,66.316
007_matrix_run_09_high_spoof_high_flood,463,463.0,464.0,recovery,normal,normal,no_rule_triggered,62,4,0.0,35.0,33.1,65.263
007_matrix_run_09_high_spoof_high_flood,464,464.0,465.0,recovery,normal,normal,no_rule_triggered,63,4,0.0,32.0,30.3,66.316
007_matrix_run_09_high_spoof_high_flood,465,465.0,466.0,recovery,normal,normal,no_rule_triggered,62,4,0.0,29.0,28.35,65.263
007_matrix_run_09_high_spoof_high_flood,466,466.0,467.0,recovery,normal,normal,no_rule_triggered,63,4,0.0,28.0,27.15,66.316
007_matrix_run_09_high_spoof_high_flood,467,467.0,468.0,recovery,normal,normal,no_rule_triggered,62,4,0.0,28.0,27.15,65.263
007_matrix_run_09_high_spoof_high_flood,468,468.0,469.0,recovery,normal,normal,no_rule_triggered,63,4,0.0,29.0,28.3,66.316
007_matrix_run_09_high_spoof_high_flood,469,469.0,470.0,recovery,normal,normal,no_rule_triggered,62,4,0.0,31.0,30.05,65.263
007_matrix_run_09_high_spoof_high_flood,470,470.0,471.0,recovery,normal,normal,no_rule_triggered,63,4,0.0,34.0,32.55,66.316
007_matrix_run_09_high_spoof_high_flood,471,471.0,472.0,recovery,normal,normal,no_rule_triggered,62,4,0.0,37.0,35.35,65.263
007_matrix_run_09_high_spoof_high_flood,472,472.0,473.0,recovery,normal,normal,no_rule_triggered,63,4,0.0,40.0,38.2,66.316
007_matrix_run_09_high_spoof_high_flood,473,473.0,474.0,recovery,normal,normal,no_rule_triggered,62,4,0.0,42.0,41.0,65.263
007_matrix_run_09_high_spoof_high_flood,474,474.0,475.0,recovery,normal,normal,no_rule_triggered,63,4,0.0,44.0,43.2,66.316
007_matrix_run_09_high_spoof_high_flood,475,475.0,476.0,recovery,normal,normal,no_rule_triggered,62,4,0.0,45.0,44.75,65.263
007_matrix_run_09_high_spoof_high_flood,476,476.0,477.0,recovery,normal,normal,no_rule_triggered,63,4,0.0,46.0,45.85,66.316
007_matrix_run_09_high_spoof_high_flood,477,477.0,478.0,recovery,normal,normal,no_rule_triggered,62,4,0.0,46.0,46.0,65.263
007_matrix_run_09_high_spoof_high_flood,478,478.0,479.0,recovery,normal,normal,no_rule_triggered,63,4,0.0,46.0,45.3,66.316
007_matrix_run_09_high_spoof_high_flood,479,479.0,480.0,recovery,normal,normal,no_rule_triggered,62,4,0.0,45.0,44.4,65.263
007_matrix_run_09_high_spoof_high_flood,480,480.0,481.0,recovery,normal,normal,no_rule_triggered,63,4,0.0,44.0,43.2,66.316
007_matrix_run_09_high_spoof_high_flood,481,481.0,482.0,recovery,normal,normal,no_rule_triggered,62,4,0.0,43.0,42.05,65.263
007_matrix_run_09_high_spoof_high_flood,482,482.0,483.0,recovery,normal,normal,no_rule_triggered,63,4,0.0,41.0,41.0,66.316
007_matrix_run_09_high_spoof_high_flood,483,483.0,484.0,recovery,normal,normal,no_rule_triggered,62,4,0.0,41.0,41.0,65.263
007_matrix_run_09_high_spoof_high_flood,484,484.0,485.0,recovery,normal,normal,no_rule_triggered,63,4,0.0,42.0,41.4,66.316
007_matrix_run_09_high_spoof_high_flood,485,485.0,486.0,recovery,normal,normal,no_rule_triggered,62,4,0.0,44.0,42.85,65.263
007_matrix_run_09_high_spoof_high_flood,486,486.0,487.0,recovery,normal,normal,no_rule_triggered,63,4,0.0,47.0,45.2,66.316
007_matrix_run_09_high_spoof_high_flood,487,487.0,488.0,recovery,normal,normal,no_rule_triggered,62,4,0.0,50.0,48.4,65.263
007_matrix_run_09_high_spoof_high_flood,488,488.0,489.0,recovery,normal,normal,no_rule_triggered,63,4,0.0,54.0,52.3,66.316
007_matrix_run_09_high_spoof_high_flood,489,489.0,490.0,recovery,normal,normal,no_rule_triggered,62,4,0.0,59.0,56.7,65.263
007_matrix_run_09_high_spoof_high_flood,490,490.0,491.0,recovery,normal,normal,no_rule_triggered,63,4,0.0,63.0,61.25,66.316
007_matrix_run_09_high_spoof_high_flood,491,491.0,492.0,recovery,normal,normal,no_rule_triggered,62,4,0.0,68.0,65.75,65.263
007_matrix_run_09_high_spoof_high_flood,492,492.0,493.0,recovery,normal,normal,no_rule_triggered,63,4,0.0,71.0,69.7,66.316
007_matrix_run_09_high_spoof_high_flood,493,493.0,494.0,recovery,normal,normal,no_rule_triggered,62,4,0.0,74.0,73.1,65.263
007_matrix_run_09_high_spoof_high_flood,494,494.0,495.0,recovery,normal,normal,no_rule_triggered,63,4,0.0,77.0,75.7,66.316
007_matrix_run_09_high_spoof_high_flood,495,495.0,496.0,recovery,normal,normal,no_rule_triggered,62,4,0.0,78.0,77.4,65.263
007_matrix_run_09_high_spoof_high_flood,496,496.0,497.0,recovery,normal,normal,no_rule_triggered,63,4,0.0,78.0,78.0,66.316
007_matrix_run_09_high_spoof_high_flood,497,497.0,498.0,recovery,normal,normal,no_rule_triggered,62,4,0.0,78.0,78.0,65.263
007_matrix_run_09_high_spoof_high_flood,498,498.0,499.0,recovery,normal,normal,no_rule_triggered,63,4,0.0,78.0,77.2,66.316
007_matrix_run_09_high_spoof_high_flood,499,499.0,500.0,recovery,normal,normal,no_rule_triggered,62,4,0.0,77.0,76.2,65.263
007_matrix_run_09_high_spoof_high_flood,500,500.0,501.0,recovery,normal,normal,no_rule_triggered,63,4,0.0,75.0,74.85,66.316
007_matrix_run_09_high_spoof_high_flood,501,501.0,502.0,recovery,normal,normal,no_rule_triggered,62,4,0.0,74.0,73.95,65.263
007_matrix_run_09_high_spoof_high_flood,502,502.0,503.0,recovery,normal,normal,no_rule_triggered,63,4,0.0,73.0,73.0,66.316
007_matrix_run_09_high_spoof_high_flood,503,503.0,504.0,recovery,normal,normal,no_rule_triggered,62,4,0.0,73.0,73.0,65.263
007_matrix_run_09_high_spoof_high_flood,504,504.0,505.0,recovery,normal,normal,no_rule_triggered,63,4,0.0,74.0,73.9,66.316
007_matrix_run_09_high_spoof_high_flood,505,505.0,506.0,recovery,normal,normal,no_rule_triggered,62,4,0.0,76.0,75.4,65.263
007_matrix_run_09_high_spoof_high_flood,506,506.0,507.0,recovery,normal,normal,no_rule_triggered,63,4,0.0,79.0,77.5,66.316
007_matrix_run_09_high_spoof_high_flood,507,507.0,508.0,recovery,normal,normal,no_rule_triggered,62,4,0.0,81.0,80.05,65.263
007_matrix_run_09_high_spoof_high_flood,508,508.0,509.0,recovery,normal,normal,no_rule_triggered,63,4,0.0,84.0,82.95,66.316
007_matrix_run_09_high_spoof_high_flood,509,509.0,510.0,recovery,normal,normal,no_rule_triggered,62,4,0.0,87.0,85.8,65.263
007_matrix_run_09_high_spoof_high_flood,510,510.0,511.0,recovery,normal,normal,no_rule_triggered,63,4,0.0,89.0,88.35,66.316
007_matrix_run_09_high_spoof_high_flood,511,511.0,512.0,recovery,normal,normal,no_rule_triggered,62,4,0.0,91.0,90.45,65.263
007_matrix_run_09_high_spoof_high_flood,512,512.0,513.0,recovery,normal,normal,no_rule_triggered,63,4,0.0,92.0,91.65,66.316
007_matrix_run_09_high_spoof_high_flood,513,513.0,514.0,recovery,normal,normal,no_rule_triggered,62,4,0.0,92.0,92.0,65.263
007_matrix_run_09_high_spoof_high_flood,514,514.0,515.0,recovery,normal,normal,no_rule_triggered,63,4,0.0,92.0,90.95,66.316
007_matrix_run_09_high_spoof_high_flood,515,515.0,516.0,recovery,normal,normal,no_rule_triggered,62,4,0.0,90.0,89.2,65.263
007_matrix_run_09_high_spoof_high_flood,516,516.0,517.0,recovery,normal,normal,no_rule_triggered,63,4,0.0,88.0,86.6,66.316
007_matrix_run_09_high_spoof_high_flood,517,517.0,518.0,recovery,normal,normal,no_rule_triggered,62,4,0.0,85.0,83.35,65.263
007_matrix_run_09_high_spoof_high_flood,518,518.0,519.0,recovery,normal,normal,no_rule_triggered,63,4,0.0,81.0,79.6,66.316
007_matrix_run_09_high_spoof_high_flood,519,519.0,520.0,recovery,normal,normal,no_rule_triggered,62,4,0.0,78.0,75.9,65.263
007_matrix_run_09_high_spoof_high_flood,520,520.0,521.0,recovery,normal,normal,no_rule_triggered,63,4,0.0,74.0,72.35,66.316
007_matrix_run_09_high_spoof_high_flood,521,521.0,522.0,recovery,normal,normal,no_rule_triggered,62,4,0.0,71.0,69.2,65.263
007_matrix_run_09_high_spoof_high_flood,522,522.0,523.0,recovery,normal,normal,no_rule_triggered,63,4,0.0,68.0,66.85,66.316
007_matrix_run_09_high_spoof_high_flood,523,523.0,524.0,recovery,normal,normal,no_rule_triggered,62,4,0.0,66.0,65.25,65.263
007_matrix_run_09_high_spoof_high_flood,524,524.0,525.0,recovery,normal,normal,no_rule_triggered,63,4,0.0,65.0,64.1,66.316
007_matrix_run_09_high_spoof_high_flood,525,525.0,526.0,recovery,normal,normal,no_rule_triggered,62,4,0.0,64.0,64.0,65.263
007_matrix_run_09_high_spoof_high_flood,526,526.0,527.0,recovery,normal,normal,no_rule_triggered,63,4,0.0,65.0,64.5,66.316
007_matrix_run_09_high_spoof_high_flood,527,527.0,528.0,recovery,normal,normal,no_rule_triggered,62,4,0.0,66.0,65.15,65.263
007_matrix_run_09_high_spoof_high_flood,528,528.0,529.0,recovery,normal,normal,no_rule_triggered,63,4,0.0,66.0,66.0,66.316
007_matrix_run_09_high_spoof_high_flood,529,529.0,530.0,recovery,normal,normal,no_rule_triggered,62,4,0.0,67.0,66.65,65.263
007_matrix_run_09_high_spoof_high_flood,530,530.0,531.0,recovery,normal,normal,no_rule_triggered,63,4,0.0,67.0,66.8,66.316
007_matrix_run_09_high_spoof_high_flood,531,531.0,532.0,recovery,normal,normal,no_rule_triggered,62,4,0.0,66.0,65.9,65.263
007_matrix_run_09_high_spoof_high_flood,532,532.0,533.0,recovery,normal,normal,no_rule_triggered,63,4,0.0,65.0,64.5,66.316
007_matrix_run_09_high_spoof_high_flood,533,533.0,534.0,recovery,normal,normal,no_rule_triggered,62,4,0.0,63.0,62.15,65.263
007_matrix_run_09_high_spoof_high_flood,534,534.0,535.0,recovery,normal,normal,no_rule_triggered,63,4,0.0,61.0,59.1,66.316
007_matrix_run_09_high_spoof_high_flood,535,535.0,536.0,recovery,normal,normal,no_rule_triggered,62,4,0.0,57.0,55.3,65.263
007_matrix_run_09_high_spoof_high_flood,536,536.0,537.0,recovery,normal,normal,no_rule_triggered,63,4,0.0,53.0,51.1,66.316
007_matrix_run_09_high_spoof_high_flood,537,537.0,538.0,recovery,normal,normal,no_rule_triggered,62,4,0.0,49.0,46.75,65.263
007_matrix_run_09_high_spoof_high_flood,538,538.0,539.0,recovery,normal,normal,no_rule_triggered,63,4,0.0,44.0,42.5,66.316
007_matrix_run_09_high_spoof_high_flood,539,539.0,540.0,recovery,normal,normal,no_rule_triggered,62,4,0.0,40.0,38.7,65.263
007_matrix_run_09_high_spoof_high_flood,540,540.0,541.0,recovery,normal,normal,no_rule_triggered,63,4,0.0,37.0,35.75,66.316
007_matrix_run_09_high_spoof_high_flood,541,541.0,542.0,recovery,normal,normal,no_rule_triggered,62,4,0.0,34.0,33.5,65.263
007_matrix_run_09_high_spoof_high_flood,542,542.0,543.0,recovery,normal,normal,no_rule_triggered,63,4,0.0,33.0,32.2,66.316
007_matrix_run_09_high_spoof_high_flood,543,543.0,544.0,recovery,normal,normal,no_rule_triggered,62,4,0.0,32.0,32.0,65.263
007_matrix_run_09_high_spoof_high_flood,544,544.0,545.0,recovery,normal,normal,no_rule_triggered,63,4,0.0,33.0,32.65,66.316
007_matrix_run_09_high_spoof_high_flood,545,545.0,546.0,recovery,normal,normal,no_rule_triggered,62,4,0.0,35.0,34.0,65.263
007_matrix_run_09_high_spoof_high_flood,546,546.0,547.0,recovery,normal,normal,no_rule_triggered,63,4,0.0,37.0,35.8,66.316
007_matrix_run_09_high_spoof_high_flood,547,547.0,548.0,recovery,normal,normal,no_rule_triggered,62,4,0.0,39.0,37.8,65.263
007_matrix_run_09_high_spoof_high_flood,548,548.0,549.0,recovery,normal,normal,no_rule_triggered,63,4,0.0,40.0,39.6,66.316
007_matrix_run_09_high_spoof_high_flood,549,549.0,550.0,recovery,normal,normal,no_rule_triggered,62,4,0.0,42.0,41.3,65.263
007_matrix_run_09_high_spoof_high_flood,550,550.0,551.0,recovery,normal,normal,no_rule_triggered,63,4,0.0,42.0,42.0,66.316
007_matrix_run_09_high_spoof_high_flood,551,551.0,552.0,recovery,normal,normal,no_rule_triggered,62,4,0.0,42.0,42.0,65.263
007_matrix_run_09_high_spoof_high_flood,552,552.0,553.0,recovery,normal,normal,no_rule_triggered,63,4,0.0,42.0,42.0,66.316
007_matrix_run_09_high_spoof_high_flood,553,553.0,554.0,recovery,normal,normal,no_rule_triggered,62,4,0.0,42.0,40.8,65.263
007_matrix_run_09_high_spoof_high_flood,554,554.0,555.0,recovery,normal,normal,no_rule_triggered,63,4,0.0,40.0,39.25,66.316
007_matrix_run_09_high_spoof_high_flood,555,555.0,556.0,recovery,normal,normal,no_rule_triggered,62,4,0.0,38.0,37.3,65.263
007_matrix_run_09_high_spoof_high_flood,556,556.0,557.0,recovery,normal,normal,no_rule_triggered,63,4,0.0,36.0,35.35,66.316
007_matrix_run_09_high_spoof_high_flood,557,557.0,558.0,recovery,normal,normal,no_rule_triggered,62,4,0.0,34.0,33.55,65.263
007_matrix_run_09_high_spoof_high_flood,558,558.0,559.0,recovery,normal,normal,no_rule_triggered,63,4,0.0,33.0,32.4,66.316
007_matrix_run_09_high_spoof_high_flood,559,559.0,560.0,recovery,normal,normal,no_rule_triggered,62,4,0.0,32.0,32.0,65.263
007_matrix_run_09_high_spoof_high_flood,560,560.0,561.0,recovery,normal,normal,no_rule_triggered,63,4,0.0,33.0,32.45,66.316
007_matrix_run_09_high_spoof_high_flood,561,561.0,562.0,recovery,normal,normal,no_rule_triggered,62,4,0.0,35.0,34.0,65.263
007_matrix_run_09_high_spoof_high_flood,562,562.0,563.0,recovery,normal,normal,no_rule_triggered,63,4,0.0,38.0,36.4,66.316
007_matrix_run_09_high_spoof_high_flood,563,563.0,564.0,recovery,normal,normal,no_rule_triggered,62,4,0.0,41.0,39.6,65.263
007_matrix_run_09_high_spoof_high_flood,564,564.0,565.0,recovery,normal,normal,no_rule_triggered,63,4,0.0,46.0,43.55,66.316
007_matrix_run_09_high_spoof_high_flood,565,565.0,566.0,recovery,normal,normal,no_rule_triggered,62,4,0.0,50.0,47.85,65.263
007_matrix_run_09_high_spoof_high_flood,566,566.0,567.0,recovery,normal,normal,no_rule_triggered,63,4,0.0,54.0,52.2,66.316
007_matrix_run_09_high_spoof_high_flood,567,567.0,568.0,recovery,normal,normal,no_rule_triggered,62,4,0.0,58.0,56.3,65.263
007_matrix_run_09_high_spoof_high_flood,568,568.0,569.0,recovery,normal,normal,no_rule_triggered,63,4,0.0,61.0,59.9,66.316
007_matrix_run_09_high_spoof_high_flood,569,569.0,570.0,recovery,normal,normal,no_rule_triggered,62,4,0.0,64.0,62.9,65.263
007_matrix_run_09_high_spoof_high_flood,570,570.0,571.0,recovery,normal,normal,no_rule_triggered,63,4,0.0,66.0,64.9,66.316
007_matrix_run_09_high_spoof_high_flood,571,571.0,572.0,recovery,normal,normal,no_rule_triggered,62,4,0.0,67.0,66.05,65.263
007_matrix_run_09_high_spoof_high_flood,572,572.0,573.0,recovery,normal,normal,no_rule_triggered,63,4,0.0,67.0,67.0,66.316
007_matrix_run_09_high_spoof_high_flood,573,573.0,574.0,recovery,normal,normal,no_rule_triggered,62,4,0.0,67.0,66.4,65.263
007_matrix_run_09_high_spoof_high_flood,574,574.0,575.0,recovery,normal,normal,no_rule_triggered,63,4,0.0,66.0,65.9,66.316
007_matrix_run_09_high_spoof_high_flood,575,575.0,576.0,recovery,normal,normal,no_rule_triggered,62,4,0.0,65.0,65.0,65.263
007_matrix_run_09_high_spoof_high_flood,576,576.0,577.0,recovery,normal,normal,no_rule_triggered,63,4,0.0,65.0,64.25,66.316
007_matrix_run_09_high_spoof_high_flood,577,577.0,578.0,recovery,normal,normal,no_rule_triggered,62,4,0.0,64.0,64.0,65.263
007_matrix_run_09_high_spoof_high_flood,578,578.0,579.0,recovery,normal,normal,no_rule_triggered,63,4,0.0,65.0,64.4,66.316
007_matrix_run_09_high_spoof_high_flood,579,579.0,580.0,recovery,normal,normal,no_rule_triggered,62,4,0.0,66.0,65.5,65.263
007_matrix_run_09_high_spoof_high_flood,580,580.0,581.0,recovery,normal,normal,no_rule_triggered,63,4,0.0,68.0,67.35,66.316
007_matrix_run_09_high_spoof_high_flood,581,581.0,582.0,recovery,normal,normal,no_rule_triggered,62,4,0.0,71.0,69.95,65.263
007_matrix_run_09_high_spoof_high_flood,582,582.0,583.0,recovery,normal,normal,no_rule_triggered,63,4,0.0,75.0,73.25,66.316
007_matrix_run_09_high_spoof_high_flood,583,583.0,584.0,recovery,normal,normal,no_rule_triggered,62,4,0.0,79.0,76.8,65.263
007_matrix_run_09_high_spoof_high_flood,584,584.0,585.0,recovery,normal,normal,no_rule_triggered,63,4,0.0,82.0,80.6,66.316
007_matrix_run_09_high_spoof_high_flood,585,585.0,586.0,recovery,normal,normal,no_rule_triggered,62,4,0.0,86.0,84.2,65.263
007_matrix_run_09_high_spoof_high_flood,586,586.0,587.0,recovery,normal,normal,no_rule_triggered,63,4,0.0,89.0,87.3,66.316
007_matrix_run_09_high_spoof_high_flood,587,587.0,588.0,recovery,normal,normal,no_rule_triggered,62,4,0.0,91.0,89.75,65.263
007_matrix_run_09_high_spoof_high_flood,588,588.0,589.0,recovery,normal,normal,no_rule_triggered,63,4,0.0,92.0,91.35,66.316
007_matrix_run_09_high_spoof_high_flood,589,589.0,590.0,recovery,normal,normal,no_rule_triggered,62,4,0.0,92.0,92.0,65.263
007_matrix_run_09_high_spoof_high_flood,590,590.0,591.0,recovery,normal,normal,no_rule_triggered,63,4,0.0,92.0,91.4,66.316
007_matrix_run_09_high_spoof_high_flood,591,591.0,592.0,recovery,normal,normal,no_rule_triggered,62,4,0.0,91.0,89.95,65.263
007_matrix_run_09_high_spoof_high_flood,592,592.0,593.0,recovery,normal,normal,no_rule_triggered,63,4,0.0,89.0,87.85,66.316
007_matrix_run_09_high_spoof_high_flood,593,593.0,594.0,recovery,normal,normal,no_rule_triggered,62,4,0.0,86.0,85.05,65.263
007_matrix_run_09_high_spoof_high_flood,594,594.0,595.0,recovery,normal,normal,no_rule_triggered,63,4,0.0,84.0,82.2,66.316
007_matrix_run_09_high_spoof_high_flood,595,595.0,596.0,recovery,normal,normal,no_rule_triggered,62,4,0.0,81.0,79.4,65.263
007_matrix_run_09_high_spoof_high_flood,596,596.0,597.0,recovery,normal,normal,no_rule_triggered,63,4,0.0,78.0,76.9,66.316
007_matrix_run_09_high_spoof_high_flood,597,597.0,598.0,recovery,normal,normal,no_rule_triggered,62,4,0.0,76.0,74.9,65.263
007_matrix_run_09_high_spoof_high_flood,598,598.0,599.0,recovery,normal,normal,no_rule_triggered,63,4,0.0,74.0,73.65,66.316
007_matrix_run_09_high_spoof_high_flood,599,599.0,600.0,recovery,normal,normal,no_rule_triggered,62,4,0.0,73.0,73.0,65.263
007_matrix_run_10_medium_spoof_medium_flood,0,0.0,1.0,baseline,normal,normal,no_rule_triggered,63,4,0.0,64.0,61.7,66.316
007_matrix_run_10_medium_spoof_medium_flood,1,1.0,2.0,baseline,normal,normal,no_rule_triggered,62,4,0.0,68.0,66.05,65.263
007_matrix_run_10_medium_spoof_medium_flood,2,2.0,3.0,baseline,normal,normal,no_rule_triggered,63,4,0.0,72.0,70.05,66.316
007_matrix_run_10_medium_spoof_medium_flood,3,3.0,4.0,baseline,normal,normal,no_rule_triggered,62,4,0.0,75.0,73.4,65.263
007_matrix_run_10_medium_spoof_medium_flood,4,4.0,5.0,baseline,normal,normal,no_rule_triggered,63,4,0.0,77.0,75.9,66.316
007_matrix_run_10_medium_spoof_medium_flood,5,5.0,6.0,baseline,normal,normal,no_rule_triggered,62,4,0.0,78.0,77.45,65.263
007_matrix_run_10_medium_spoof_medium_flood,6,6.0,7.0,baseline,normal,normal,no_rule_triggered,63,4,0.0,78.0,78.0,66.316
007_matrix_run_10_medium_spoof_medium_flood,7,7.0,8.0,baseline,normal,normal,no_rule_triggered,62,4,0.0,78.0,78.0,65.263
007_matrix_run_10_medium_spoof_medium_flood,8,8.0,9.0,baseline,normal,normal,no_rule_triggered,63,4,0.0,78.0,77.15,66.316
007_matrix_run_10_medium_spoof_medium_flood,9,9.0,10.0,baseline,normal,normal,no_rule_triggered,62,4,0.0,77.0,76.0,65.263
007_matrix_run_10_medium_spoof_medium_flood,10,10.0,11.0,baseline,normal,normal,no_rule_triggered,63,4,0.0,75.0,74.75,66.316
007_matrix_run_10_medium_spoof_medium_flood,11,11.0,12.0,baseline,normal,normal,no_rule_triggered,62,4,0.0,74.0,73.85,65.263
007_matrix_run_10_medium_spoof_medium_flood,12,12.0,13.0,baseline,normal,normal,no_rule_triggered,63,4,0.0,73.0,73.0,66.316
007_matrix_run_10_medium_spoof_medium_flood,13,13.0,14.0,baseline,normal,normal,no_rule_triggered,62,4,0.0,73.0,73.0,65.263
007_matrix_run_10_medium_spoof_medium_flood,14,14.0,15.0,baseline,normal,normal,no_rule_triggered,63,4,0.0,75.0,74.1,66.316
007_matrix_run_10_medium_spoof_medium_flood,15,15.0,16.0,baseline,normal,normal,no_rule_triggered,62,4,0.0,76.0,75.5,65.263
007_matrix_run_10_medium_spoof_medium_flood,16,16.0,17.0,baseline,normal,normal,no_rule_triggered,63,4,0.0,79.0,77.7,66.316
007_matrix_run_10_medium_spoof_medium_flood,17,17.0,18.0,baseline,normal,normal,no_rule_triggered,62,4,0.0,82.0,80.35,65.263
007_matrix_run_10_medium_spoof_medium_flood,18,18.0,19.0,baseline,normal,normal,no_rule_triggered,63,4,0.0,85.0,83.2,66.316
007_matrix_run_10_medium_spoof_medium_flood,19,19.0,20.0,baseline,normal,normal,no_rule_triggered,62,4,0.0,87.0,86.05,65.263
007_matrix_run_10_medium_spoof_medium_flood,20,20.0,21.0,baseline,normal,normal,no_rule_triggered,63,4,0.0,90.0,88.6,66.316
007_matrix_run_10_medium_spoof_medium_flood,21,21.0,22.0,baseline,normal,normal,no_rule_triggered,62,4,0.0,91.0,90.55,65.263
007_matrix_run_10_medium_spoof_medium_flood,22,22.0,23.0,baseline,normal,normal,no_rule_triggered,63,4,0.0,92.0,91.7,66.316
007_matrix_run_10_medium_spoof_medium_flood,23,23.0,24.0,baseline,normal,normal,no_rule_triggered,62,4,0.0,92.0,92.0,65.263
007_matrix_run_10_medium_spoof_medium_flood,24,24.0,25.0,baseline,normal,normal,no_rule_triggered,63,4,0.0,91.0,90.8,66.316
007_matrix_run_10_medium_spoof_medium_flood,25,25.0,26.0,baseline,normal,normal,no_rule_triggered,62,4,0.0,90.0,89.05,65.263
007_matrix_run_10_medium_spoof_medium_flood,26,26.0,27.0,baseline,normal,normal,no_rule_triggered,63,4,0.0,88.0,86.3,66.316
007_matrix_run_10_medium_spoof_medium_flood,27,27.0,28.0,baseline,normal,normal,no_rule_triggered,62,4,0.0,85.0,82.95,65.263
007_matrix_run_10_medium_spoof_medium_flood,28,28.0,29.0,baseline,normal,normal,no_rule_triggered,63,4,0.0,81.0,79.35,66.316
007_matrix_run_10_medium_spoof_medium_flood,29,29.0,30.0,baseline,normal,normal,no_rule_triggered,62,4,0.0,77.0,75.55,65.263
007_matrix_run_10_medium_spoof_medium_flood,30,30.0,31.0,baseline,normal,normal,no_rule_triggered,63,4,0.0,74.0,72.05,66.316
007_matrix_run_10_medium_spoof_medium_flood,31,31.0,32.0,baseline,normal,normal,no_rule_triggered,62,4,0.0,70.0,69.0,65.263
007_matrix_run_10_medium_spoof_medium_flood,32,32.0,33.0,baseline,normal,normal,no_rule_triggered,63,4,0.0,68.0,66.65,66.316
007_matrix_run_10_medium_spoof_medium_flood,33,33.0,34.0,baseline,normal,normal,no_rule_triggered,62,4,0.0,66.0,65.15,65.263
007_matrix_run_10_medium_spoof_medium_flood,34,34.0,35.0,baseline,normal,normal,no_rule_triggered,63,4,0.0,65.0,64.05,66.316
007_matrix_run_10_medium_spoof_medium_flood,35,35.0,36.0,baseline,normal,normal,no_rule_triggered,62,4,0.0,64.0,64.0,65.263
007_matrix_run_10_medium_spoof_medium_flood,36,36.0,37.0,baseline,normal,normal,no_rule_triggered,63,4,0.0,65.0,64.6,66.316
007_matrix_run_10_medium_spoof_medium_flood,37,37.0,38.0,baseline,normal,normal,no_rule_triggered,62,4,0.0,66.0,65.25,65.263
007_matrix_run_10_medium_spoof_medium_flood,38,38.0,39.0,baseline,normal,normal,no_rule_triggered,63,4,0.0,66.0,66.0,66.316
007_matrix_run_10_medium_spoof_medium_flood,39,39.0,40.0,baseline,normal,normal,no_rule_triggered,62,4,0.0,67.0,66.75,65.263
007_matrix_run_10_medium_spoof_medium_flood,40,40.0,41.0,baseline,normal,normal,no_rule_triggered,63,4,0.0,67.0,66.75,66.316
007_matrix_run_10_medium_spoof_medium_flood,41,41.0,42.0,baseline,normal,normal,no_rule_triggered,62,4,0.0,66.0,65.8,65.263
007_matrix_run_10_medium_spoof_medium_flood,42,42.0,43.0,baseline,normal,normal,no_rule_triggered,63,4,0.0,65.0,64.35,66.316
007_matrix_run_10_medium_spoof_medium_flood,43,43.0,44.0,baseline,normal,normal,no_rule_triggered,62,4,0.0,63.0,61.95,65.263
007_matrix_run_10_medium_spoof_medium_flood,44,44.0,45.0,baseline,normal,normal,no_rule_triggered,63,4,0.0,60.0,58.75,66.316
007_matrix_run_10_medium_spoof_medium_flood,45,45.0,46.0,baseline,normal,normal,no_rule_triggered,62,4,0.0,57.0,54.9,65.263
007_matrix_run_10_medium_spoof_medium_flood,46,46.0,47.0,baseline,normal,normal,no_rule_triggered,63,4,0.0,53.0,50.75,66.316
007_matrix_run_10_medium_spoof_medium_flood,47,47.0,48.0,baseline,normal,normal,no_rule_triggered,62,4,0.0,48.0,46.35,65.263
007_matrix_run_10_medium_spoof_medium_flood,48,48.0,49.0,baseline,normal,normal,no_rule_triggered,63,4,0.0,44.0,42.15,66.316
007_matrix_run_10_medium_spoof_medium_flood,49,49.0,50.0,baseline,normal,normal,no_rule_triggered,62,4,0.0,40.0,38.5,65.263
007_matrix_run_10_medium_spoof_medium_flood,50,50.0,51.0,baseline,normal,normal,no_rule_triggered,63,4,0.0,37.0,35.45,66.316
007_matrix_run_10_medium_spoof_medium_flood,51,51.0,52.0,baseline,normal,normal,no_rule_triggered,62,4,0.0,34.0,33.4,65.263
007_matrix_run_10_medium_spoof_medium_flood,52,52.0,53.0,baseline,normal,normal,no_rule_triggered,63,4,0.0,33.0,32.1,66.316
007_matrix_run_10_medium_spoof_medium_flood,53,53.0,54.0,baseline,normal,normal,no_rule_triggered,62,4,0.0,32.0,32.0,65.263
007_matrix_run_10_medium_spoof_medium_flood,54,54.0,55.0,baseline,normal,normal,no_rule_triggered,63,4,0.0,33.0,32.75,66.316
007_matrix_run_10_medium_spoof_medium_flood,55,55.0,56.0,baseline,normal,normal,no_rule_triggered,62,4,0.0,35.0,34.2,65.263
007_matrix_run_10_medium_spoof_medium_flood,56,56.0,57.0,baseline,normal,normal,no_rule_triggered,63,4,0.0,37.0,36.0,66.316
007_matrix_run_10_medium_spoof_medium_flood,57,57.0,58.0,baseline,normal,normal,no_rule_triggered,62,4,0.0,39.0,38.0,65.263
007_matrix_run_10_medium_spoof_medium_flood,58,58.0,59.0,baseline,normal,normal,no_rule_triggered,63,4,0.0,41.0,39.8,66.316
007_matrix_run_10_medium_spoof_medium_flood,59,59.0,60.0,baseline,normal,normal,no_rule_triggered,62,4,0.0,42.0,41.4,65.263
007_matrix_run_10_medium_spoof_medium_flood,60,60.0,61.0,baseline,normal,normal,no_rule_triggered,63,4,0.0,42.0,42.0,66.316
007_matrix_run_10_medium_spoof_medium_flood,61,61.0,62.0,baseline,normal,normal,no_rule_triggered,62,4,0.0,42.0,42.0,65.263
007_matrix_run_10_medium_spoof_medium_flood,62,62.0,63.0,baseline,normal,normal,no_rule_triggered,63,4,0.0,42.0,41.95,66.316
007_matrix_run_10_medium_spoof_medium_flood,63,63.0,64.0,baseline,normal,normal,no_rule_triggered,62,4,0.0,41.0,40.7,65.263
007_matrix_run_10_medium_spoof_medium_flood,64,64.0,65.0,baseline,normal,normal,no_rule_triggered,63,4,0.0,40.0,39.1,66.316
007_matrix_run_10_medium_spoof_medium_flood,65,65.0,66.0,baseline,normal,normal,no_rule_triggered,62,4,0.0,38.0,37.1,65.263
007_matrix_run_10_medium_spoof_medium_flood,66,66.0,67.0,baseline,normal,normal,no_rule_triggered,63,4,0.0,36.0,35.15,66.316
007_matrix_run_10_medium_spoof_medium_flood,67,67.0,68.0,baseline,normal,normal,no_rule_triggered,62,4,0.0,34.0,33.45,65.263
007_matrix_run_10_medium_spoof_medium_flood,68,68.0,69.0,baseline,normal,normal,no_rule_triggered,63,4,0.0,33.0,32.3,66.316
007_matrix_run_10_medium_spoof_medium_flood,69,69.0,70.0,baseline,normal,normal,no_rule_triggered,62,4,0.0,32.0,32.0,65.263
007_matrix_run_10_medium_spoof_medium_flood,70,70.0,71.0,baseline,normal,normal,no_rule_triggered,63,4,0.0,33.0,32.55,66.316
007_matrix_run_10_medium_spoof_medium_flood,71,71.0,72.0,baseline,normal,normal,no_rule_triggered,62,4,0.0,35.0,34.1,65.263
007_matrix_run_10_medium_spoof_medium_flood,72,72.0,73.0,baseline,normal,normal,no_rule_triggered,63,4,0.0,38.0,36.65,66.316
007_matrix_run_10_medium_spoof_medium_flood,73,73.0,74.0,baseline,normal,normal,no_rule_triggered,62,4,0.0,42.0,40.0,65.263
007_matrix_run_10_medium_spoof_medium_flood,74,74.0,75.0,baseline,normal,normal,no_rule_triggered,63,4,0.0,46.0,43.95,66.316
007_matrix_run_10_medium_spoof_medium_flood,75,75.0,76.0,baseline,normal,normal,no_rule_triggered,62,4,0.0,50.0,48.2,65.263
007_matrix_run_10_medium_spoof_medium_flood,76,76.0,77.0,baseline,normal,normal,no_rule_triggered,63,4,0.0,55.0,52.6,66.316
007_matrix_run_10_medium_spoof_medium_flood,77,77.0,78.0,baseline,normal,normal,no_rule_triggered,62,4,0.0,58.0,56.65,65.263
007_matrix_run_10_medium_spoof_medium_flood,78,78.0,79.0,baseline,normal,normal,no_rule_triggered,63,4,0.0,62.0,60.2,66.316
007_matrix_run_10_medium_spoof_medium_flood,79,79.0,80.0,baseline,normal,normal,no_rule_triggered,62,4,0.0,64.0,63.1,65.263
007_matrix_run_10_medium_spoof_medium_flood,80,80.0,81.0,baseline,normal,normal,no_rule_triggered,63,4,0.0,66.0,65.1,66.316
007_matrix_run_10_medium_spoof_medium_flood,81,81.0,82.0,baseline,normal,normal,no_rule_triggered,62,4,0.0,67.0,66.15,65.263
007_matrix_run_10_medium_spoof_medium_flood,82,82.0,83.0,baseline,normal,normal,no_rule_triggered,63,4,0.0,67.0,67.0,66.316
007_matrix_run_10_medium_spoof_medium_flood,83,83.0,84.0,baseline,normal,normal,no_rule_triggered,62,4,0.0,67.0,66.3,65.263
007_matrix_run_10_medium_spoof_medium_flood,84,84.0,85.0,baseline,normal,normal,no_rule_triggered,63,4,0.0,66.0,65.85,66.316
007_matrix_run_10_medium_spoof_medium_flood,85,85.0,86.0,baseline,normal,normal,no_rule_triggered,62,4,0.0,65.0,65.0,65.263
007_matrix_run_10_medium_spoof_medium_flood,86,86.0,87.0,baseline,normal,normal,no_rule_triggered,63,4,0.0,65.0,64.2,66.316
007_matrix_run_10_medium_spoof_medium_flood,87,87.0,88.0,baseline,normal,normal,no_rule_triggered,62,4,0.0,64.0,64.0,65.263
007_matrix_run_10_medium_spoof_medium_flood,88,88.0,89.0,baseline,normal,normal,no_rule_triggered,63,4,0.0,65.0,64.45,66.316
007_matrix_run_10_medium_spoof_medium_flood,89,89.0,90.0,baseline,normal,normal,no_rule_triggered,62,4,0.0,66.0,65.55,65.263
007_matrix_run_10_medium_spoof_medium_flood,90,90.0,91.0,baseline,normal,normal,no_rule_triggered,63,4,0.0,69.0,67.6,66.316
007_matrix_run_10_medium_spoof_medium_flood,91,91.0,92.0,baseline,normal,normal,no_rule_triggered,62,4,0.0,72.0,70.25,65.263
007_matrix_run_10_medium_spoof_medium_flood,92,92.0,93.0,baseline,normal,normal,no_rule_triggered,63,4,0.0,75.0,73.5,66.316
007_matrix_run_10_medium_spoof_medium_flood,93,93.0,94.0,baseline,normal,normal,no_rule_triggered,62,4,0.0,79.0,77.15,65.263
007_matrix_run_10_medium_spoof_medium_flood,94,94.0,95.0,baseline,normal,normal,no_rule_triggered,63,4,0.0,83.0,80.9,66.316
007_matrix_run_10_medium_spoof_medium_flood,95,95.0,96.0,baseline,normal,normal,no_rule_triggered,62,4,0.0,86.0,84.5,65.263
007_matrix_run_10_medium_spoof_medium_flood,96,96.0,97.0,baseline,normal,normal,no_rule_triggered,63,4,0.0,89.0,87.6,66.316
007_matrix_run_10_medium_spoof_medium_flood,97,97.0,98.0,baseline,normal,normal,no_rule_triggered,62,4,0.0,91.0,89.95,65.263
007_matrix_run_10_medium_spoof_medium_flood,98,98.0,99.0,baseline,normal,normal,no_rule_triggered,63,4,0.0,92.0,91.4,66.316
007_matrix_run_10_medium_spoof_medium_flood,99,99.0,100.0,baseline,normal,normal,no_rule_triggered,62,4,0.0,92.0,92.0,65.263
007_matrix_run_10_medium_spoof_medium_flood,100,100.0,101.0,baseline,normal,normal,no_rule_triggered,63,4,0.0,92.0,91.3,66.316
007_matrix_run_10_medium_spoof_medium_flood,101,101.0,102.0,baseline,normal,normal,no_rule_triggered,62,4,0.0,91.0,89.75,65.263
007_matrix_run_10_medium_spoof_medium_flood,102,102.0,103.0,baseline,normal,normal,no_rule_triggered,63,4,0.0,89.0,87.6,66.316
007_matrix_run_10_medium_spoof_medium_flood,103,103.0,104.0,baseline,normal,normal,no_rule_triggered,62,4,0.0,86.0,84.95,65.263
007_matrix_run_10_medium_spoof_medium_flood,104,104.0,105.0,baseline,normal,normal,no_rule_triggered,63,4,0.0,83.0,81.95,66.316
007_matrix_run_10_medium_spoof_medium_flood,105,105.0,106.0,baseline,normal,normal,no_rule_triggered,62,4,0.0,80.0,79.1,65.263
007_matrix_run_10_medium_spoof_medium_flood,106,106.0,107.0,baseline,normal,normal,no_rule_triggered,63,4,0.0,78.0,76.75,66.316
007_matrix_run_10_medium_spoof_medium_flood,107,107.0,108.0,baseline,normal,normal,no_rule_triggered,62,4,0.0,76.0,74.7,65.263
007_matrix_run_10_medium_spoof_medium_flood,108,108.0,109.0,baseline,normal,normal,no_rule_triggered,63,4,0.0,74.0,73.55,66.316
007_matrix_run_10_medium_spoof_medium_flood,109,109.0,110.0,baseline,normal,normal,no_rule_triggered,62,4,0.0,73.0,73.0,65.263
007_matrix_run_10_medium_spoof_medium_flood,110,110.0,111.0,baseline,normal,normal,no_rule_triggered,63,4,0.0,74.0,73.25,66.316
007_matrix_run_10_medium_spoof_medium_flood,111,111.0,112.0,baseline,normal,normal,no_rule_triggered,62,4,0.0,75.0,74.2,65.263
007_matrix_run_10_medium_spoof_medium_flood,112,112.0,113.0,baseline,normal,normal,no_rule_triggered,63,4,0.0,76.0,75.35,66.316
007_matrix_run_10_medium_spoof_medium_flood,113,113.0,114.0,baseline,normal,normal,no_rule_triggered,62,4,0.0,77.0,76.55,65.263
007_matrix_run_10_medium_spoof_medium_flood,114,114.0,115.0,baseline,normal,normal,no_rule_triggered,63,4,0.0,78.0,77.55,66.316
007_matrix_run_10_medium_spoof_medium_flood,115,115.0,116.0,baseline,normal,normal,no_rule_triggered,62,4,0.0,78.0,78.0,65.263
007_matrix_run_10_medium_spoof_medium_flood,116,116.0,117.0,baseline,normal,normal,no_rule_triggered,63,4,0.0,78.0,78.0,66.316
007_matrix_run_10_medium_spoof_medium_flood,117,117.0,118.0,baseline,normal,normal,no_rule_triggered,62,4,0.0,78.0,76.8,65.263
007_matrix_run_10_medium_spoof_medium_flood,118,118.0,119.0,baseline,normal,normal,no_rule_triggered,63,4,0.0,76.0,74.95,66.316
007_matrix_run_10_medium_spoof_medium_flood,119,119.0,120.0,baseline,normal,normal,no_rule_triggered,62,4,0.0,74.0,72.1,65.263
007_matrix_run_10_medium_spoof_medium_flood,120,120.0,121.0,baseline,normal,normal,no_rule_triggered,63,4,0.0,70.0,68.5,66.316
007_matrix_run_10_medium_spoof_medium_flood,121,121.0,122.0,baseline,normal,normal,no_rule_triggered,62,4,0.0,66.0,64.2,65.263
007_matrix_run_10_medium_spoof_medium_flood,122,122.0,123.0,baseline,normal,normal,no_rule_triggered,63,4,0.0,62.0,59.75,66.316
007_matrix_run_10_medium_spoof_medium_flood,123,123.0,124.0,baseline,normal,normal,no_rule_triggered,62,4,0.0,57.0,55.2,65.263
007_matrix_run_10_medium_spoof_medium_flood,124,124.0,125.0,baseline,normal,normal,no_rule_triggered,63,4,0.0,53.0,50.9,66.316
007_matrix_run_10_medium_spoof_medium_flood,125,125.0,126.0,baseline,normal,normal,no_rule_triggered,62,4,0.0,49.0,47.25,65.263
007_matrix_run_10_medium_spoof_medium_flood,126,126.0,127.0,baseline,normal,normal,no_rule_triggered,63,4,0.0,46.0,44.3,66.316
007_matrix_run_10_medium_spoof_medium_flood,127,127.0,128.0,baseline,normal,normal,no_rule_triggered,62,4,0.0,43.0,42.35,65.263
007_matrix_run_10_medium_spoof_medium_flood,128,128.0,129.0,baseline,normal,normal,no_rule_triggered,63,4,0.0,42.0,41.05,66.316
007_matrix_run_10_medium_spoof_medium_flood,129,129.0,130.0,baseline,normal,normal,no_rule_triggered,62,4,0.0,41.0,41.0,65.263
007_matrix_run_10_medium_spoof_medium_flood,130,130.0,131.0,baseline,normal,normal,no_rule_triggered,63,4,0.0,42.0,41.35,66.316
007_matrix_run_10_medium_spoof_medium_flood,131,131.0,132.0,baseline,normal,normal,no_rule_triggered,62,4,0.0,43.0,42.4,65.263
007_matrix_run_10_medium_spoof_medium_flood,132,132.0,133.0,baseline,normal,normal,no_rule_triggered,63,4,0.0,44.0,43.55,66.316
007_matrix_run_10_medium_spoof_medium_flood,133,133.0,134.0,baseline,normal,normal,no_rule_triggered,62,4,0.0,45.0,44.7,65.263
007_matrix_run_10_medium_spoof_medium_flood,134,134.0,135.0,baseline,normal,normal,no_rule_triggered,63,4,0.0,46.0,45.65,66.316
007_matrix_run_10_medium_spoof_medium_flood,135,135.0,136.0,baseline,normal,normal,no_rule_triggered,62,4,0.0,46.0,46.0,65.263
007_matrix_run_10_medium_spoof_medium_flood,136,136.0,137.0,baseline,normal,normal,no_rule_triggered,63,4,0.0,46.0,45.5,66.316
007_matrix_run_10_medium_spoof_medium_flood,137,137.0,138.0,baseline,normal,normal,no_rule_triggered,62,4,0.0,45.0,44.4,65.263
007_matrix_run_10_medium_spoof_medium_flood,138,138.0,139.0,baseline,normal,normal,no_rule_triggered,63,4,0.0,43.0,42.45,66.316
007_matrix_run_10_medium_spoof_medium_flood,139,139.0,140.0,baseline,normal,normal,no_rule_triggered,62,4,0.0,41.0,40.1,65.263
007_matrix_run_10_medium_spoof_medium_flood,140,140.0,141.0,baseline,normal,normal,no_rule_triggered,63,4,0.0,39.0,37.35,66.316
007_matrix_run_10_medium_spoof_medium_flood,141,141.0,142.0,baseline,normal,normal,no_rule_triggered,62,4,0.0,36.0,34.35,65.263
007_matrix_run_10_medium_spoof_medium_flood,142,142.0,143.0,baseline,normal,normal,no_rule_triggered,63,4,0.0,33.0,31.65,66.316
007_matrix_run_10_medium_spoof_medium_flood,143,143.0,144.0,baseline,normal,normal,no_rule_triggered,62,4,0.0,30.0,29.45,65.263
007_matrix_run_10_medium_spoof_medium_flood,144,144.0,145.0,baseline,normal,normal,no_rule_triggered,63,4,0.0,28.0,27.8,66.316
007_matrix_run_10_medium_spoof_medium_flood,145,145.0,146.0,baseline,normal,normal,no_rule_triggered,62,4,0.0,27.0,27.0,65.263
007_matrix_run_10_medium_spoof_medium_flood,146,146.0,147.0,baseline,normal,normal,no_rule_triggered,63,4,0.0,28.0,27.5,66.316
007_matrix_run_10_medium_spoof_medium_flood,147,147.0,148.0,baseline,normal,normal,no_rule_triggered,62,4,0.0,30.0,28.85,65.263
007_matrix_run_10_medium_spoof_medium_flood,148,148.0,149.0,baseline,normal,normal,no_rule_triggered,63,4,0.0,33.0,31.15,66.316
007_matrix_run_10_medium_spoof_medium_flood,149,149.0,150.0,baseline,normal,normal,no_rule_triggered,62,4,0.0,36.0,34.2,65.263
007_matrix_run_10_medium_spoof_medium_flood,150,150.0,151.0,baseline,normal,normal,no_rule_triggered,63,4,0.0,40.0,37.75,66.316
007_matrix_run_10_medium_spoof_medium_flood,151,151.0,152.0,baseline,normal,normal,no_rule_triggered,62,4,0.0,43.0,41.5,65.263
007_matrix_run_10_medium_spoof_medium_flood,152,152.0,153.0,baseline,normal,normal,no_rule_triggered,63,4,0.0,47.0,45.15,66.316
007_matrix_run_10_medium_spoof_medium_flood,153,153.0,154.0,baseline,normal,normal,no_rule_triggered,62,4,0.0,50.0,48.45,65.263
007_matrix_run_10_medium_spoof_medium_flood,154,154.0,155.0,baseline,normal,normal,no_rule_triggered,63,4,0.0,52.0,51.2,66.316
007_matrix_run_10_medium_spoof_medium_flood,155,155.0,156.0,baseline,normal,normal,no_rule_triggered,62,4,0.0,54.0,53.25,65.263
007_matrix_run_10_medium_spoof_medium_flood,156,156.0,157.0,baseline,normal,normal,no_rule_triggered,63,4,0.0,55.0,54.45,66.316
007_matrix_run_10_medium_spoof_medium_flood,157,157.0,158.0,baseline,normal,normal,no_rule_triggered,62,4,0.0,55.0,55.0,65.263
007_matrix_run_10_medium_spoof_medium_flood,158,158.0,159.0,baseline,normal,normal,no_rule_triggered,63,4,0.0,55.0,54.9,66.316
007_matrix_run_10_medium_spoof_medium_flood,159,159.0,160.0,baseline,normal,normal,no_rule_triggered,62,4,0.0,54.0,54.0,65.263
007_matrix_run_10_medium_spoof_medium_flood,160,160.0,161.0,baseline,normal,normal,no_rule_triggered,63,4,0.0,54.0,53.25,66.316
007_matrix_run_10_medium_spoof_medium_flood,161,161.0,162.0,baseline,normal,normal,no_rule_triggered,62,4,0.0,53.0,52.8,65.263
007_matrix_run_10_medium_spoof_medium_flood,162,162.0,163.0,baseline,normal,normal,no_rule_triggered,63,4,0.0,52.0,52.0,66.316
007_matrix_run_10_medium_spoof_medium_flood,163,163.0,164.0,baseline,normal,normal,no_rule_triggered,62,4,0.0,53.0,52.75,65.263
007_matrix_run_10_medium_spoof_medium_flood,164,164.0,165.0,baseline,normal,normal,no_rule_triggered,63,4,0.0,55.0,53.7,66.316
007_matrix_run_10_medium_spoof_medium_flood,165,165.0,166.0,baseline,normal,normal,no_rule_triggered,62,4,0.0,57.0,55.7,65.263
007_matrix_run_10_medium_spoof_medium_flood,166,166.0,167.0,baseline,normal,normal,no_rule_triggered,63,4,0.0,60.0,58.5,66.316
007_matrix_run_10_medium_spoof_medium_flood,167,167.0,168.0,baseline,normal,normal,no_rule_triggered,62,4,0.0,64.0,62.0,65.263
007_matrix_run_10_medium_spoof_medium_flood,168,168.0,169.0,baseline,normal,normal,no_rule_triggered,63,4,0.0,68.0,66.05,66.316
007_matrix_run_10_medium_spoof_medium_flood,169,169.0,170.0,baseline,normal,normal,no_rule_triggered,62,4,0.0,72.0,70.35,65.263
007_matrix_run_10_medium_spoof_medium_flood,170,170.0,171.0,baseline,normal,normal,no_rule_triggered,63,4,0.0,77.0,74.7,66.316
007_matrix_run_10_medium_spoof_medium_flood,171,171.0,172.0,baseline,normal,normal,no_rule_triggered,62,4,0.0,80.0,78.65,65.263
007_matrix_run_10_medium_spoof_medium_flood,172,172.0,173.0,baseline,normal,normal,no_rule_triggered,63,4,0.0,83.0,82.05,66.316
007_matrix_run_10_medium_spoof_medium_flood,173,173.0,174.0,baseline,normal,normal,no_rule_triggered,62,4,0.0,86.0,84.7,65.263
007_matrix_run_10_medium_spoof_medium_flood,174,174.0,175.0,baseline,normal,normal,no_rule_triggered,63,4,0.0,87.0,86.35,66.316
007_matrix_run_10_medium_spoof_medium_flood,175,175.0,176.0,baseline,normal,normal,no_rule_triggered,62,4,0.0,87.0,87.0,65.263
007_matrix_run_10_medium_spoof_medium_flood,176,176.0,177.0,baseline,normal,normal,no_rule_triggered,63,4,0.0,87.0,86.8,66.316
007_matrix_run_10_medium_spoof_medium_flood,177,177.0,178.0,baseline,normal,normal,no_rule_triggered,62,4,0.0,86.0,85.6,65.263
007_matrix_run_10_medium_spoof_medium_flood,178,178.0,179.0,baseline,normal,normal,no_rule_triggered,63,4,0.0,85.0,84.05,66.316
007_matrix_run_10_medium_spoof_medium_flood,179,179.0,180.0,baseline,normal,normal,no_rule_triggered,62,4,0.0,83.0,82.1,65.263
007_matrix_run_10_medium_spoof_medium_flood,180,180.0,181.0,spoofing,spoofing,spoofing,decoded_speed_threshold_exceeded,53,3,0.0,199.0,190.6,55.208
007_matrix_run_10_medium_spoof_medium_flood,181,181.0,182.0,spoofing,spoofing,spoofing,decoded_speed_threshold_exceeded,52,3,0.0,200.0,188.88,54.167
007_matrix_run_10_medium_spoof_medium_flood,182,182.0,183.0,spoofing,spoofing,spoofing,decoded_speed_threshold_exceeded,53,3,0.0,200.0,192.0,55.208
007_matrix_run_10_medium_spoof_medium_flood,183,183.0,184.0,spoofing,spoofing,spoofing,decoded_speed_threshold_exceeded,52,3,0.0,200.0,188.64,54.167
007_matrix_run_10_medium_spoof_medium_flood,184,184.0,185.0,spoofing,spoofing,spoofing,decoded_speed_threshold_exceeded,53,3,0.0,200.0,189.52,55.208
007_matrix_run_10_medium_spoof_medium_flood,185,185.0,186.0,spoofing,spoofing,spoofing,decoded_speed_threshold_exceeded,52,3,0.0,200.0,189.88,54.167
007_matrix_run_10_medium_spoof_medium_flood,186,186.0,187.0,spoofing,spoofing,spoofing,decoded_speed_threshold_exceeded,53,3,0.0,200.0,190.72,55.208
007_matrix_run_10_medium_spoof_medium_flood,187,187.0,188.0,spoofing,spoofing,spoofing,decoded_speed_threshold_exceeded,52,3,0.0,200.0,190.76,54.167
007_matrix_run_10_medium_spoof_medium_flood,188,188.0,189.0,spoofing,spoofing,spoofing,decoded_speed_threshold_exceeded,53,3,0.0,200.0,191.36,55.208
007_matrix_run_10_medium_spoof_medium_flood,189,189.0,190.0,spoofing,spoofing,spoofing,decoded_speed_threshold_exceeded,52,3,0.0,200.0,191.0,54.167
007_matrix_run_10_medium_spoof_medium_flood,190,190.0,191.0,spoofing,spoofing,spoofing,decoded_speed_threshold_exceeded,53,3,0.0,200.0,189.04,55.208
007_matrix_run_10_medium_spoof_medium_flood,191,191.0,192.0,spoofing,spoofing,spoofing,decoded_speed_threshold_exceeded,52,3,0.0,200.0,188.96,54.167
007_matrix_run_10_medium_spoof_medium_flood,192,192.0,193.0,spoofing,spoofing,spoofing,decoded_speed_threshold_exceeded,53,3,0.0,198.0,189.52,55.208
007_matrix_run_10_medium_spoof_medium_flood,193,193.0,194.0,spoofing,spoofing,spoofing,decoded_speed_threshold_exceeded,52,3,0.0,200.0,189.96,54.167
007_matrix_run_10_medium_spoof_medium_flood,194,194.0,195.0,spoofing,spoofing,spoofing,decoded_speed_threshold_exceeded,53,3,0.0,199.0,189.16,55.208
007_matrix_run_10_medium_spoof_medium_flood,195,195.0,196.0,spoofing,spoofing,spoofing,decoded_speed_threshold_exceeded,52,3,0.0,200.0,188.4,54.167
007_matrix_run_10_medium_spoof_medium_flood,196,196.0,197.0,spoofing,spoofing,spoofing,decoded_speed_threshold_exceeded,53,3,0.0,200.0,190.64,55.208
007_matrix_run_10_medium_spoof_medium_flood,197,197.0,198.0,spoofing,spoofing,spoofing,decoded_speed_threshold_exceeded,52,3,0.0,200.0,189.72,54.167
007_matrix_run_10_medium_spoof_medium_flood,198,198.0,199.0,spoofing,spoofing,spoofing,decoded_speed_threshold_exceeded,53,3,0.0,200.0,188.04,55.208
007_matrix_run_10_medium_spoof_medium_flood,199,199.0,200.0,spoofing,spoofing,spoofing,decoded_speed_threshold_exceeded,52,3,0.0,200.0,188.72,54.167
007_matrix_run_10_medium_spoof_medium_flood,200,200.0,201.0,spoofing,spoofing,spoofing,decoded_speed_threshold_exceeded,53,3,0.0,199.0,191.64,55.208
007_matrix_run_10_medium_spoof_medium_flood,201,201.0,202.0,spoofing,spoofing,spoofing,decoded_speed_threshold_exceeded,52,3,0.0,198.0,188.52,54.167
007_matrix_run_10_medium_spoof_medium_flood,202,202.0,203.0,spoofing,spoofing,spoofing,decoded_speed_threshold_exceeded,53,3,0.0,199.0,190.6,55.208
007_matrix_run_10_medium_spoof_medium_flood,203,203.0,204.0,spoofing,spoofing,spoofing,decoded_speed_threshold_exceeded,52,3,0.0,200.0,190.0,54.167
007_matrix_run_10_medium_spoof_medium_flood,204,204.0,205.0,spoofing,spoofing,spoofing,decoded_speed_threshold_exceeded,53,3,0.0,200.0,189.24,55.208
007_matrix_run_10_medium_spoof_medium_flood,205,205.0,206.0,spoofing,spoofing,spoofing,decoded_speed_threshold_exceeded,52,3,0.0,200.0,190.72,54.167
007_matrix_run_10_medium_spoof_medium_flood,206,206.0,207.0,spoofing,spoofing,spoofing,decoded_speed_threshold_exceeded,53,3,0.0,200.0,191.04,55.208
007_matrix_run_10_medium_spoof_medium_flood,207,207.0,208.0,spoofing,spoofing,spoofing,decoded_speed_threshold_exceeded,52,3,0.0,200.0,189.2,54.167
007_matrix_run_10_medium_spoof_medium_flood,208,208.0,209.0,spoofing,spoofing,spoofing,decoded_speed_threshold_exceeded,53,3,0.0,200.0,188.08,55.208
007_matrix_run_10_medium_spoof_medium_flood,209,209.0,210.0,spoofing,spoofing,spoofing,decoded_speed_threshold_exceeded,52,3,0.0,200.0,190.56,54.167
007_matrix_run_10_medium_spoof_medium_flood,210,210.0,211.0,spoofing,spoofing,spoofing,decoded_speed_threshold_exceeded,53,3,0.0,200.0,190.92,55.208
007_matrix_run_10_medium_spoof_medium_flood,211,211.0,212.0,spoofing,spoofing,spoofing,decoded_speed_threshold_exceeded,52,3,0.0,200.0,190.12,54.167
007_matrix_run_10_medium_spoof_medium_flood,212,212.0,213.0,spoofing,spoofing,spoofing,decoded_speed_threshold_exceeded,53,3,0.0,200.0,188.28,55.208
007_matrix_run_10_medium_spoof_medium_flood,213,213.0,214.0,spoofing,spoofing,spoofing,decoded_speed_threshold_exceeded,52,3,0.0,200.0,189.44,54.167
007_matrix_run_10_medium_spoof_medium_flood,214,214.0,215.0,spoofing,spoofing,spoofing,decoded_speed_threshold_exceeded,53,3,0.0,200.0,188.56,55.208
007_matrix_run_10_medium_spoof_medium_flood,215,215.0,216.0,spoofing,spoofing,spoofing,decoded_speed_threshold_exceeded,52,3,0.0,200.0,192.0,54.167
007_matrix_run_10_medium_spoof_medium_flood,216,216.0,217.0,spoofing,spoofing,spoofing,decoded_speed_threshold_exceeded,53,3,0.0,200.0,189.32,55.208
007_matrix_run_10_medium_spoof_medium_flood,217,217.0,218.0,spoofing,spoofing,spoofing,decoded_speed_threshold_exceeded,52,3,0.0,199.0,188.4,54.167
007_matrix_run_10_medium_spoof_medium_flood,218,218.0,219.0,spoofing,spoofing,spoofing,decoded_speed_threshold_exceeded,53,3,0.0,200.0,192.64,55.208
007_matrix_run_10_medium_spoof_medium_flood,219,219.0,220.0,spoofing,spoofing,spoofing,decoded_speed_threshold_exceeded,52,3,0.0,200.0,190.8,54.167
007_matrix_run_10_medium_spoof_medium_flood,220,220.0,221.0,spoofing,spoofing,spoofing,decoded_speed_threshold_exceeded,53,3,0.0,200.0,189.16,55.208
007_matrix_run_10_medium_spoof_medium_flood,221,221.0,222.0,spoofing,spoofing,spoofing,decoded_speed_threshold_exceeded,52,3,0.0,200.0,189.96,54.167
007_matrix_run_10_medium_spoof_medium_flood,222,222.0,223.0,spoofing,spoofing,spoofing,decoded_speed_threshold_exceeded,53,3,0.0,200.0,187.88,55.208
007_matrix_run_10_medium_spoof_medium_flood,223,223.0,224.0,spoofing,spoofing,spoofing,decoded_speed_threshold_exceeded,52,3,0.0,199.0,188.84,54.167
007_matrix_run_10_medium_spoof_medium_flood,224,224.0,225.0,spoofing,spoofing,spoofing,decoded_speed_threshold_exceeded,53,3,0.0,200.0,189.04,55.208
007_matrix_run_10_medium_spoof_medium_flood,225,225.0,226.0,spoofing,spoofing,spoofing,decoded_speed_threshold_exceeded,52,3,0.0,199.0,187.4,54.167
007_matrix_run_10_medium_spoof_medium_flood,226,226.0,227.0,spoofing,spoofing,spoofing,decoded_speed_threshold_exceeded,53,3,0.0,200.0,187.96,55.208
007_matrix_run_10_medium_spoof_medium_flood,227,227.0,228.0,spoofing,spoofing,spoofing,decoded_speed_threshold_exceeded,52,3,0.0,199.0,190.04,54.167
007_matrix_run_10_medium_spoof_medium_flood,228,228.0,229.0,spoofing,spoofing,spoofing,decoded_speed_threshold_exceeded,53,3,0.0,200.0,187.2,55.208
007_matrix_run_10_medium_spoof_medium_flood,229,229.0,230.0,spoofing,spoofing,spoofing,decoded_speed_threshold_exceeded,52,3,0.0,200.0,188.88,54.167
007_matrix_run_10_medium_spoof_medium_flood,230,230.0,231.0,spoofing,spoofing,spoofing,decoded_speed_threshold_exceeded,53,3,0.0,200.0,190.8,55.208
007_matrix_run_10_medium_spoof_medium_flood,231,231.0,232.0,spoofing,spoofing,spoofing,decoded_speed_threshold_exceeded,52,3,0.0,200.0,187.92,54.167
007_matrix_run_10_medium_spoof_medium_flood,232,232.0,233.0,spoofing,spoofing,spoofing,decoded_speed_threshold_exceeded,53,3,0.0,200.0,190.28,55.208
007_matrix_run_10_medium_spoof_medium_flood,233,233.0,234.0,spoofing,spoofing,spoofing,decoded_speed_threshold_exceeded,52,3,0.0,200.0,189.84,54.167
007_matrix_run_10_medium_spoof_medium_flood,234,234.0,235.0,spoofing,spoofing,spoofing,decoded_speed_threshold_exceeded,53,3,0.0,200.0,191.08,55.208
007_matrix_run_10_medium_spoof_medium_flood,235,235.0,236.0,spoofing,spoofing,spoofing,decoded_speed_threshold_exceeded,52,3,0.0,200.0,189.56,54.167
007_matrix_run_10_medium_spoof_medium_flood,236,236.0,237.0,spoofing,spoofing,spoofing,decoded_speed_threshold_exceeded,53,3,0.0,200.0,189.24,55.208
007_matrix_run_10_medium_spoof_medium_flood,237,237.0,238.0,spoofing,spoofing,spoofing,decoded_speed_threshold_exceeded,52,3,0.0,200.0,190.72,54.167
007_matrix_run_10_medium_spoof_medium_flood,238,238.0,239.0,spoofing,spoofing,spoofing,decoded_speed_threshold_exceeded,53,3,0.0,200.0,192.4,55.208
007_matrix_run_10_medium_spoof_medium_flood,239,239.0,240.0,spoofing,spoofing,spoofing,decoded_speed_threshold_exceeded,52,3,0.0,200.0,190.6,54.167
007_matrix_run_10_medium_spoof_medium_flood,240,240.0,241.0,spoofing,spoofing,spoofing,decoded_speed_threshold_exceeded,53,3,0.0,200.0,189.24,55.208
007_matrix_run_10_medium_spoof_medium_flood,241,241.0,242.0,spoofing,spoofing,spoofing,decoded_speed_threshold_exceeded,52,3,0.0,200.0,191.36,54.167
007_matrix_run_10_medium_spoof_medium_flood,242,242.0,243.0,spoofing,spoofing,spoofing,decoded_speed_threshold_exceeded,53,3,0.0,199.0,188.68,55.208
007_matrix_run_10_medium_spoof_medium_flood,243,243.0,244.0,spoofing,spoofing,spoofing,decoded_speed_threshold_exceeded,52,3,0.0,200.0,190.6,54.167
007_matrix_run_10_medium_spoof_medium_flood,244,244.0,245.0,spoofing,spoofing,spoofing,decoded_speed_threshold_exceeded,53,3,0.0,200.0,188.6,55.208
007_matrix_run_10_medium_spoof_medium_flood,245,245.0,246.0,spoofing,spoofing,spoofing,decoded_speed_threshold_exceeded,52,3,0.0,200.0,190.4,54.167
007_matrix_run_10_medium_spoof_medium_flood,246,246.0,247.0,spoofing,spoofing,spoofing,decoded_speed_threshold_exceeded,53,3,0.0,199.0,187.44,55.208
007_matrix_run_10_medium_spoof_medium_flood,247,247.0,248.0,spoofing,spoofing,spoofing,decoded_speed_threshold_exceeded,52,3,0.0,200.0,189.76,54.167
007_matrix_run_10_medium_spoof_medium_flood,248,248.0,249.0,spoofing,spoofing,spoofing,decoded_speed_threshold_exceeded,53,3,0.0,200.0,189.92,55.208
007_matrix_run_10_medium_spoof_medium_flood,249,249.0,250.0,spoofing,spoofing,spoofing,decoded_speed_threshold_exceeded,52,3,0.0,200.0,191.04,54.167
007_matrix_run_10_medium_spoof_medium_flood,250,250.0,251.0,spoofing,spoofing,spoofing,decoded_speed_threshold_exceeded,53,3,0.0,200.0,187.6,55.208
007_matrix_run_10_medium_spoof_medium_flood,251,251.0,252.0,spoofing,spoofing,spoofing,decoded_speed_threshold_exceeded,52,3,0.0,199.0,187.76,54.167
007_matrix_run_10_medium_spoof_medium_flood,252,252.0,253.0,spoofing,spoofing,spoofing,decoded_speed_threshold_exceeded,53,3,0.0,200.0,190.6,55.208
007_matrix_run_10_medium_spoof_medium_flood,253,253.0,254.0,spoofing,spoofing,spoofing,decoded_speed_threshold_exceeded,52,3,0.0,200.0,186.32,54.167
007_matrix_run_10_medium_spoof_medium_flood,254,254.0,255.0,spoofing,spoofing,spoofing,decoded_speed_threshold_exceeded,53,3,0.0,200.0,191.12,55.208
007_matrix_run_10_medium_spoof_medium_flood,255,255.0,256.0,spoofing,spoofing,spoofing,decoded_speed_threshold_exceeded,52,3,0.0,200.0,190.16,54.167
007_matrix_run_10_medium_spoof_medium_flood,256,256.0,257.0,spoofing,spoofing,spoofing,decoded_speed_threshold_exceeded,53,3,0.0,200.0,191.04,55.208
007_matrix_run_10_medium_spoof_medium_flood,257,257.0,258.0,spoofing,spoofing,spoofing,decoded_speed_threshold_exceeded,52,3,0.0,198.0,190.0,54.167
007_matrix_run_10_medium_spoof_medium_flood,258,258.0,259.0,spoofing,spoofing,spoofing,decoded_speed_threshold_exceeded,53,3,0.0,200.0,190.48,55.208
007_matrix_run_10_medium_spoof_medium_flood,259,259.0,260.0,spoofing,spoofing,spoofing,decoded_speed_threshold_exceeded,52,3,0.0,200.0,189.2,54.167
007_matrix_run_10_medium_spoof_medium_flood,260,260.0,261.0,spoofing,spoofing,spoofing,decoded_speed_threshold_exceeded,53,3,0.0,200.0,191.48,55.208
007_matrix_run_10_medium_spoof_medium_flood,261,261.0,262.0,spoofing,spoofing,spoofing,decoded_speed_threshold_exceeded,52,3,0.0,200.0,190.2,54.167
007_matrix_run_10_medium_spoof_medium_flood,262,262.0,263.0,spoofing,spoofing,spoofing,decoded_speed_threshold_exceeded,53,3,0.0,200.0,189.96,55.208
007_matrix_run_10_medium_spoof_medium_flood,263,263.0,264.0,spoofing,spoofing,spoofing,decoded_speed_threshold_exceeded,52,3,0.0,200.0,188.76,54.167
007_matrix_run_10_medium_spoof_medium_flood,264,264.0,265.0,spoofing,spoofing,spoofing,decoded_speed_threshold_exceeded,53,3,0.0,200.0,192.32,55.208
007_matrix_run_10_medium_spoof_medium_flood,265,265.0,266.0,spoofing,spoofing,spoofing,decoded_speed_threshold_exceeded,52,3,0.0,198.0,187.92,54.167
007_matrix_run_10_medium_spoof_medium_flood,266,266.0,267.0,spoofing,spoofing,spoofing,decoded_speed_threshold_exceeded,53,3,0.0,200.0,190.76,55.208
007_matrix_run_10_medium_spoof_medium_flood,267,267.0,268.0,spoofing,spoofing,spoofing,decoded_speed_threshold_exceeded,52,3,0.0,200.0,191.08,54.167
007_matrix_run_10_medium_spoof_medium_flood,268,268.0,269.0,spoofing,spoofing,spoofing,decoded_speed_threshold_exceeded,53,3,0.0,200.0,188.12,55.208
007_matrix_run_10_medium_spoof_medium_flood,269,269.0,270.0,spoofing,spoofing,spoofing,decoded_speed_threshold_exceeded,52,3,0.0,199.0,188.76,54.167
007_matrix_run_10_medium_spoof_medium_flood,270,270.0,271.0,spoofing,spoofing,spoofing,decoded_speed_threshold_exceeded,53,3,0.0,199.0,189.68,55.208
007_matrix_run_10_medium_spoof_medium_flood,271,271.0,272.0,spoofing,spoofing,spoofing,decoded_speed_threshold_exceeded,52,3,0.0,199.0,190.36,54.167
007_matrix_run_10_medium_spoof_medium_flood,272,272.0,273.0,spoofing,spoofing,spoofing,decoded_speed_threshold_exceeded,53,3,0.0,200.0,190.0,55.208
007_matrix_run_10_medium_spoof_medium_flood,273,273.0,274.0,spoofing,spoofing,spoofing,decoded_speed_threshold_exceeded,52,3,0.0,200.0,188.52,54.167
007_matrix_run_10_medium_spoof_medium_flood,274,274.0,275.0,spoofing,spoofing,spoofing,decoded_speed_threshold_exceeded,53,3,0.0,200.0,189.12,55.208
007_matrix_run_10_medium_spoof_medium_flood,275,275.0,276.0,spoofing,spoofing,spoofing,decoded_speed_threshold_exceeded,52,3,0.0,200.0,190.48,54.167
007_matrix_run_10_medium_spoof_medium_flood,276,276.0,277.0,spoofing,spoofing,spoofing,decoded_speed_threshold_exceeded,53,3,0.0,200.0,191.96,55.208
007_matrix_run_10_medium_spoof_medium_flood,277,277.0,278.0,spoofing,spoofing,spoofing,decoded_speed_threshold_exceeded,52,3,0.0,200.0,189.68,54.167
007_matrix_run_10_medium_spoof_medium_flood,278,278.0,279.0,spoofing,spoofing,spoofing,decoded_speed_threshold_exceeded,53,3,0.0,200.0,189.76,55.208
007_matrix_run_10_medium_spoof_medium_flood,279,279.0,280.0,spoofing,spoofing,spoofing,decoded_speed_threshold_exceeded,52,3,0.0,199.0,189.28,54.167
007_matrix_run_10_medium_spoof_medium_flood,280,280.0,281.0,spoofing,spoofing,spoofing,decoded_speed_threshold_exceeded,53,3,0.0,198.0,189.08,55.208
007_matrix_run_10_medium_spoof_medium_flood,281,281.0,282.0,spoofing,spoofing,spoofing,decoded_speed_threshold_exceeded,52,3,0.0,199.0,189.84,54.167
007_matrix_run_10_medium_spoof_medium_flood,282,282.0,283.0,spoofing,spoofing,spoofing,decoded_speed_threshold_exceeded,53,3,0.0,198.0,189.52,55.208
007_matrix_run_10_medium_spoof_medium_flood,283,283.0,284.0,spoofing,spoofing,spoofing,decoded_speed_threshold_exceeded,52,3,0.0,200.0,192.64,54.167
007_matrix_run_10_medium_spoof_medium_flood,284,284.0,285.0,spoofing,spoofing,spoofing,decoded_speed_threshold_exceeded,53,3,0.0,198.0,190.12,55.208
007_matrix_run_10_medium_spoof_medium_flood,285,285.0,286.0,spoofing,spoofing,spoofing,decoded_speed_threshold_exceeded,52,3,0.0,199.0,191.4,54.167
007_matrix_run_10_medium_spoof_medium_flood,286,286.0,287.0,spoofing,spoofing,spoofing,decoded_speed_threshold_exceeded,53,3,0.0,200.0,188.16,55.208
007_matrix_run_10_medium_spoof_medium_flood,287,287.0,288.0,spoofing,spoofing,spoofing,decoded_speed_threshold_exceeded,52,3,0.0,199.0,191.56,54.167
007_matrix_run_10_medium_spoof_medium_flood,288,288.0,289.0,spoofing,spoofing,spoofing,decoded_speed_threshold_exceeded,53,3,0.0,200.0,190.0,55.208
007_matrix_run_10_medium_spoof_medium_flood,289,289.0,290.0,spoofing,spoofing,spoofing,decoded_speed_threshold_exceeded,52,3,0.0,200.0,191.12,54.167
007_matrix_run_10_medium_spoof_medium_flood,290,290.0,291.0,spoofing,spoofing,spoofing,decoded_speed_threshold_exceeded,53,3,0.0,199.0,188.8,55.208
007_matrix_run_10_medium_spoof_medium_flood,291,291.0,292.0,spoofing,spoofing,spoofing,decoded_speed_threshold_exceeded,52,3,0.0,200.0,192.24,54.167
007_matrix_run_10_medium_spoof_medium_flood,292,292.0,293.0,spoofing,spoofing,spoofing,decoded_speed_threshold_exceeded,53,3,0.0,200.0,188.64,55.208
007_matrix_run_10_medium_spoof_medium_flood,293,293.0,294.0,spoofing,spoofing,spoofing,decoded_speed_threshold_exceeded,52,3,0.0,200.0,192.08,54.167
007_matrix_run_10_medium_spoof_medium_flood,294,294.0,295.0,spoofing,spoofing,spoofing,decoded_speed_threshold_exceeded,53,3,0.0,200.0,192.28,55.208
007_matrix_run_10_medium_spoof_medium_flood,295,295.0,296.0,spoofing,spoofing,spoofing,decoded_speed_threshold_exceeded,52,3,0.0,197.0,188.76,54.167
007_matrix_run_10_medium_spoof_medium_flood,296,296.0,297.0,spoofing,spoofing,spoofing,decoded_speed_threshold_exceeded,53,3,0.0,200.0,191.28,55.208
007_matrix_run_10_medium_spoof_medium_flood,297,297.0,298.0,spoofing,spoofing,spoofing,decoded_speed_threshold_exceeded,52,3,0.0,200.0,188.72,54.167
007_matrix_run_10_medium_spoof_medium_flood,298,298.0,299.0,spoofing,spoofing,spoofing,decoded_speed_threshold_exceeded,53,3,0.0,200.0,191.24,55.208
007_matrix_run_10_medium_spoof_medium_flood,299,299.0,300.0,spoofing,spoofing,spoofing,decoded_speed_threshold_exceeded,52,3,0.0,200.0,188.52,54.167
007_matrix_run_10_medium_spoof_medium_flood,300,300.0,301.0,flooding,flooding,flooding,high_id_cardinality_or_unknown_id_ratio,100,99,1.0,,,101.01
007_matrix_run_10_medium_spoof_medium_flood,301,301.0,302.0,flooding,flooding,flooding,high_id_cardinality_or_unknown_id_ratio,100,98,1.0,,,101.01
007_matrix_run_10_medium_spoof_medium_flood,302,302.0,303.0,flooding,flooding,flooding,high_id_cardinality_or_unknown_id_ratio,100,95,0.99,,,101.01
007_matrix_run_10_medium_spoof_medium_flood,303,303.0,304.0,flooding,flooding,flooding,high_id_cardinality_or_unknown_id_ratio,100,98,1.0,,,101.01
007_matrix_run_10_medium_spoof_medium_flood,304,304.0,305.0,flooding,flooding,flooding,high_id_cardinality_or_unknown_id_ratio,100,96,1.0,,,101.01
007_matrix_run_10_medium_spoof_medium_flood,305,305.0,306.0,flooding,flooding,flooding,high_id_cardinality_or_unknown_id_ratio,100,98,1.0,,,101.01
007_matrix_run_10_medium_spoof_medium_flood,306,306.0,307.0,flooding,flooding,flooding,high_id_cardinality_or_unknown_id_ratio,100,96,0.99,,,101.01
007_matrix_run_10_medium_spoof_medium_flood,307,307.0,308.0,flooding,flooding,flooding,high_id_cardinality_or_unknown_id_ratio,100,100,1.0,,,101.01
007_matrix_run_10_medium_spoof_medium_flood,308,308.0,309.0,flooding,flooding,flooding,high_id_cardinality_or_unknown_id_ratio,100,98,1.0,,,101.01
007_matrix_run_10_medium_spoof_medium_flood,309,309.0,310.0,flooding,flooding,flooding,high_id_cardinality_or_unknown_id_ratio,100,94,1.0,,,101.01
007_matrix_run_10_medium_spoof_medium_flood,310,310.0,311.0,flooding,flooding,flooding,high_id_cardinality_or_unknown_id_ratio,100,97,1.0,,,101.01
007_matrix_run_10_medium_spoof_medium_flood,311,311.0,312.0,flooding,flooding,flooding,high_id_cardinality_or_unknown_id_ratio,100,98,1.0,,,101.01
007_matrix_run_10_medium_spoof_medium_flood,312,312.0,313.0,flooding,flooding,flooding,high_id_cardinality_or_unknown_id_ratio,100,99,1.0,,,101.01
007_matrix_run_10_medium_spoof_medium_flood,313,313.0,314.0,flooding,flooding,flooding,high_id_cardinality_or_unknown_id_ratio,100,97,0.99,,,101.01
007_matrix_run_10_medium_spoof_medium_flood,314,314.0,315.0,flooding,flooding,flooding,high_id_cardinality_or_unknown_id_ratio,100,99,1.0,,,101.01
007_matrix_run_10_medium_spoof_medium_flood,315,315.0,316.0,flooding,flooding,flooding,high_id_cardinality_or_unknown_id_ratio,100,94,1.0,,,101.01
007_matrix_run_10_medium_spoof_medium_flood,316,316.0,317.0,flooding,flooding,flooding,high_id_cardinality_or_unknown_id_ratio,100,98,1.0,,,101.01
007_matrix_run_10_medium_spoof_medium_flood,317,317.0,318.0,flooding,flooding,flooding,high_id_cardinality_or_unknown_id_ratio,100,98,1.0,,,101.01
007_matrix_run_10_medium_spoof_medium_flood,318,318.0,319.0,flooding,flooding,flooding,high_id_cardinality_or_unknown_id_ratio,100,98,1.0,,,101.01
007_matrix_run_10_medium_spoof_medium_flood,319,319.0,320.0,flooding,flooding,flooding,high_id_cardinality_or_unknown_id_ratio,100,98,1.0,,,101.01
007_matrix_run_10_medium_spoof_medium_flood,320,320.0,321.0,flooding,flooding,flooding,high_id_cardinality_or_unknown_id_ratio,100,99,1.0,,,101.01
007_matrix_run_10_medium_spoof_medium_flood,321,321.0,322.0,flooding,flooding,flooding,high_id_cardinality_or_unknown_id_ratio,100,98,1.0,,,101.01
007_matrix_run_10_medium_spoof_medium_flood,322,322.0,323.0,flooding,flooding,flooding,high_id_cardinality_or_unknown_id_ratio,100,99,1.0,,,101.01
007_matrix_run_10_medium_spoof_medium_flood,323,323.0,324.0,flooding,flooding,flooding,high_id_cardinality_or_unknown_id_ratio,100,97,0.99,,,101.01
007_matrix_run_10_medium_spoof_medium_flood,324,324.0,325.0,flooding,flooding,flooding,high_id_cardinality_or_unknown_id_ratio,100,98,1.0,,,101.01
007_matrix_run_10_medium_spoof_medium_flood,325,325.0,326.0,flooding,flooding,flooding,high_id_cardinality_or_unknown_id_ratio,100,98,1.0,,,101.01
007_matrix_run_10_medium_spoof_medium_flood,326,326.0,327.0,flooding,flooding,flooding,high_id_cardinality_or_unknown_id_ratio,100,89,1.0,,,101.01
007_matrix_run_10_medium_spoof_medium_flood,327,327.0,328.0,flooding,flooding,flooding,high_id_cardinality_or_unknown_id_ratio,100,98,1.0,,,101.01
007_matrix_run_10_medium_spoof_medium_flood,328,328.0,329.0,flooding,flooding,flooding,high_id_cardinality_or_unknown_id_ratio,100,96,0.99,,,101.01
007_matrix_run_10_medium_spoof_medium_flood,329,329.0,330.0,flooding,flooding,flooding,high_id_cardinality_or_unknown_id_ratio,100,95,1.0,,,101.01
007_matrix_run_10_medium_spoof_medium_flood,330,330.0,331.0,flooding,flooding,flooding,high_id_cardinality_or_unknown_id_ratio,100,98,1.0,,,101.01
007_matrix_run_10_medium_spoof_medium_flood,331,331.0,332.0,flooding,flooding,flooding,high_id_cardinality_or_unknown_id_ratio,100,99,1.0,,,101.01
007_matrix_run_10_medium_spoof_medium_flood,332,332.0,333.0,flooding,flooding,flooding,high_id_cardinality_or_unknown_id_ratio,100,100,1.0,,,101.01
007_matrix_run_10_medium_spoof_medium_flood,333,333.0,334.0,flooding,flooding,flooding,high_id_cardinality_or_unknown_id_ratio,100,96,0.98,,,101.01
007_matrix_run_10_medium_spoof_medium_flood,334,334.0,335.0,flooding,flooding,flooding,high_id_cardinality_or_unknown_id_ratio,100,100,0.99,,,101.01
007_matrix_run_10_medium_spoof_medium_flood,335,335.0,336.0,flooding,flooding,flooding,high_id_cardinality_or_unknown_id_ratio,100,97,1.0,,,101.01
007_matrix_run_10_medium_spoof_medium_flood,336,336.0,337.0,flooding,flooding,flooding,high_id_cardinality_or_unknown_id_ratio,100,98,1.0,,,101.01
007_matrix_run_10_medium_spoof_medium_flood,337,337.0,338.0,flooding,flooding,flooding,high_id_cardinality_or_unknown_id_ratio,100,94,1.0,,,101.01
007_matrix_run_10_medium_spoof_medium_flood,338,338.0,339.0,flooding,flooding,flooding,high_id_cardinality_or_unknown_id_ratio,100,98,0.99,,,101.01
007_matrix_run_10_medium_spoof_medium_flood,339,339.0,340.0,flooding,flooding,flooding,high_id_cardinality_or_unknown_id_ratio,100,98,1.0,,,101.01
007_matrix_run_10_medium_spoof_medium_flood,340,340.0,341.0,flooding,flooding,flooding,high_id_cardinality_or_unknown_id_ratio,100,99,1.0,,,101.01
007_matrix_run_10_medium_spoof_medium_flood,341,341.0,342.0,flooding,flooding,flooding,high_id_cardinality_or_unknown_id_ratio,100,100,1.0,,,101.01
007_matrix_run_10_medium_spoof_medium_flood,342,342.0,343.0,flooding,flooding,flooding,high_id_cardinality_or_unknown_id_ratio,100,99,0.99,,,101.01
007_matrix_run_10_medium_spoof_medium_flood,343,343.0,344.0,flooding,flooding,flooding,high_id_cardinality_or_unknown_id_ratio,100,96,1.0,,,101.01
007_matrix_run_10_medium_spoof_medium_flood,344,344.0,345.0,flooding,flooding,flooding,high_id_cardinality_or_unknown_id_ratio,100,99,1.0,,,101.01
007_matrix_run_10_medium_spoof_medium_flood,345,345.0,346.0,flooding,flooding,flooding,high_id_cardinality_or_unknown_id_ratio,100,98,1.0,,,101.01
007_matrix_run_10_medium_spoof_medium_flood,346,346.0,347.0,flooding,flooding,flooding,high_id_cardinality_or_unknown_id_ratio,100,96,1.0,,,101.01
007_matrix_run_10_medium_spoof_medium_flood,347,347.0,348.0,flooding,flooding,flooding,high_id_cardinality_or_unknown_id_ratio,100,98,1.0,,,101.01
007_matrix_run_10_medium_spoof_medium_flood,348,348.0,349.0,flooding,flooding,flooding,high_id_cardinality_or_unknown_id_ratio,100,97,1.0,,,101.01
007_matrix_run_10_medium_spoof_medium_flood,349,349.0,350.0,flooding,flooding,flooding,high_id_cardinality_or_unknown_id_ratio,100,98,1.0,,,101.01
007_matrix_run_10_medium_spoof_medium_flood,350,350.0,351.0,flooding,flooding,flooding,high_id_cardinality_or_unknown_id_ratio,100,99,1.0,,,101.01
007_matrix_run_10_medium_spoof_medium_flood,351,351.0,352.0,flooding,flooding,flooding,high_id_cardinality_or_unknown_id_ratio,100,97,1.0,,,101.01
007_matrix_run_10_medium_spoof_medium_flood,352,352.0,353.0,flooding,flooding,flooding,high_id_cardinality_or_unknown_id_ratio,100,98,1.0,,,101.01
007_matrix_run_10_medium_spoof_medium_flood,353,353.0,354.0,flooding,flooding,flooding,high_id_cardinality_or_unknown_id_ratio,100,96,1.0,,,101.01
007_matrix_run_10_medium_spoof_medium_flood,354,354.0,355.0,flooding,flooding,flooding,high_id_cardinality_or_unknown_id_ratio,100,97,1.0,,,101.01
007_matrix_run_10_medium_spoof_medium_flood,355,355.0,356.0,flooding,flooding,flooding,high_id_cardinality_or_unknown_id_ratio,100,94,0.99,,,101.01
007_matrix_run_10_medium_spoof_medium_flood,356,356.0,357.0,flooding,flooding,flooding,high_id_cardinality_or_unknown_id_ratio,100,98,1.0,,,101.01
007_matrix_run_10_medium_spoof_medium_flood,357,357.0,358.0,flooding,flooding,flooding,high_id_cardinality_or_unknown_id_ratio,100,99,0.99,,,101.01
007_matrix_run_10_medium_spoof_medium_flood,358,358.0,359.0,flooding,flooding,flooding,high_id_cardinality_or_unknown_id_ratio,100,98,1.0,,,101.01
007_matrix_run_10_medium_spoof_medium_flood,359,359.0,360.0,flooding,flooding,flooding,high_id_cardinality_or_unknown_id_ratio,100,99,1.0,,,101.01
007_matrix_run_10_medium_spoof_medium_flood,360,360.0,361.0,flooding,flooding,flooding,high_id_cardinality_or_unknown_id_ratio,100,98,1.0,,,101.01
007_matrix_run_10_medium_spoof_medium_flood,361,361.0,362.0,flooding,flooding,flooding,high_id_cardinality_or_unknown_id_ratio,100,96,1.0,,,101.01
007_matrix_run_10_medium_spoof_medium_flood,362,362.0,363.0,flooding,flooding,flooding,high_id_cardinality_or_unknown_id_ratio,100,99,1.0,,,101.01
007_matrix_run_10_medium_spoof_medium_flood,363,363.0,364.0,flooding,flooding,flooding,high_id_cardinality_or_unknown_id_ratio,100,98,1.0,,,101.01
007_matrix_run_10_medium_spoof_medium_flood,364,364.0,365.0,flooding,flooding,flooding,high_id_cardinality_or_unknown_id_ratio,100,99,1.0,,,101.01
007_matrix_run_10_medium_spoof_medium_flood,365,365.0,366.0,flooding,flooding,flooding,high_id_cardinality_or_unknown_id_ratio,100,97,1.0,,,101.01
007_matrix_run_10_medium_spoof_medium_flood,366,366.0,367.0,flooding,flooding,flooding,high_id_cardinality_or_unknown_id_ratio,100,97,1.0,,,101.01
007_matrix_run_10_medium_spoof_medium_flood,367,367.0,368.0,flooding,flooding,flooding,high_id_cardinality_or_unknown_id_ratio,100,100,1.0,,,101.01
007_matrix_run_10_medium_spoof_medium_flood,368,368.0,369.0,flooding,flooding,flooding,high_id_cardinality_or_unknown_id_ratio,100,97,1.0,,,101.01
007_matrix_run_10_medium_spoof_medium_flood,369,369.0,370.0,flooding,flooding,flooding,high_id_cardinality_or_unknown_id_ratio,100,100,1.0,,,101.01
007_matrix_run_10_medium_spoof_medium_flood,370,370.0,371.0,flooding,flooding,flooding,high_id_cardinality_or_unknown_id_ratio,100,97,1.0,,,101.01
007_matrix_run_10_medium_spoof_medium_flood,371,371.0,372.0,flooding,flooding,flooding,high_id_cardinality_or_unknown_id_ratio,100,95,1.0,,,101.01
007_matrix_run_10_medium_spoof_medium_flood,372,372.0,373.0,flooding,flooding,flooding,high_id_cardinality_or_unknown_id_ratio,100,95,1.0,,,101.01
007_matrix_run_10_medium_spoof_medium_flood,373,373.0,374.0,flooding,flooding,flooding,high_id_cardinality_or_unknown_id_ratio,100,97,1.0,,,101.01
007_matrix_run_10_medium_spoof_medium_flood,374,374.0,375.0,flooding,flooding,flooding,high_id_cardinality_or_unknown_id_ratio,100,98,1.0,,,101.01
007_matrix_run_10_medium_spoof_medium_flood,375,375.0,376.0,flooding,flooding,flooding,high_id_cardinality_or_unknown_id_ratio,100,98,1.0,,,101.01
007_matrix_run_10_medium_spoof_medium_flood,376,376.0,377.0,flooding,flooding,flooding,high_id_cardinality_or_unknown_id_ratio,100,96,1.0,,,101.01
007_matrix_run_10_medium_spoof_medium_flood,377,377.0,378.0,flooding,flooding,flooding,high_id_cardinality_or_unknown_id_ratio,100,98,1.0,,,101.01
007_matrix_run_10_medium_spoof_medium_flood,378,378.0,379.0,flooding,flooding,flooding,high_id_cardinality_or_unknown_id_ratio,100,99,1.0,,,101.01
007_matrix_run_10_medium_spoof_medium_flood,379,379.0,380.0,flooding,flooding,flooding,high_id_cardinality_or_unknown_id_ratio,100,97,1.0,,,101.01
007_matrix_run_10_medium_spoof_medium_flood,380,380.0,381.0,flooding,flooding,flooding,high_id_cardinality_or_unknown_id_ratio,100,97,1.0,,,101.01
007_matrix_run_10_medium_spoof_medium_flood,381,381.0,382.0,flooding,flooding,flooding,high_id_cardinality_or_unknown_id_ratio,100,98,0.99,,,101.01
007_matrix_run_10_medium_spoof_medium_flood,382,382.0,383.0,flooding,flooding,flooding,high_id_cardinality_or_unknown_id_ratio,100,100,1.0,,,101.01
007_matrix_run_10_medium_spoof_medium_flood,383,383.0,384.0,flooding,flooding,flooding,high_id_cardinality_or_unknown_id_ratio,100,96,1.0,,,101.01
007_matrix_run_10_medium_spoof_medium_flood,384,384.0,385.0,flooding,flooding,flooding,high_id_cardinality_or_unknown_id_ratio,100,96,1.0,,,101.01
007_matrix_run_10_medium_spoof_medium_flood,385,385.0,386.0,flooding,flooding,flooding,high_id_cardinality_or_unknown_id_ratio,100,98,1.0,,,101.01
007_matrix_run_10_medium_spoof_medium_flood,386,386.0,387.0,flooding,flooding,flooding,high_id_cardinality_or_unknown_id_ratio,100,97,1.0,,,101.01
007_matrix_run_10_medium_spoof_medium_flood,387,387.0,388.0,flooding,flooding,flooding,high_id_cardinality_or_unknown_id_ratio,100,100,1.0,,,101.01
007_matrix_run_10_medium_spoof_medium_flood,388,388.0,389.0,flooding,flooding,flooding,high_id_cardinality_or_unknown_id_ratio,100,96,1.0,,,101.01
007_matrix_run_10_medium_spoof_medium_flood,389,389.0,390.0,flooding,flooding,flooding,high_id_cardinality_or_unknown_id_ratio,100,96,0.99,,,101.01
007_matrix_run_10_medium_spoof_medium_flood,390,390.0,391.0,flooding,flooding,flooding,high_id_cardinality_or_unknown_id_ratio,100,97,1.0,,,101.01
007_matrix_run_10_medium_spoof_medium_flood,391,391.0,392.0,flooding,flooding,flooding,high_id_cardinality_or_unknown_id_ratio,100,97,0.99,,,101.01
007_matrix_run_10_medium_spoof_medium_flood,392,392.0,393.0,flooding,flooding,flooding,high_id_cardinality_or_unknown_id_ratio,100,99,1.0,,,101.01
007_matrix_run_10_medium_spoof_medium_flood,393,393.0,394.0,flooding,flooding,flooding,high_id_cardinality_or_unknown_id_ratio,100,99,1.0,,,101.01
007_matrix_run_10_medium_spoof_medium_flood,394,394.0,395.0,flooding,flooding,flooding,high_id_cardinality_or_unknown_id_ratio,100,100,1.0,,,101.01
007_matrix_run_10_medium_spoof_medium_flood,395,395.0,396.0,flooding,flooding,flooding,high_id_cardinality_or_unknown_id_ratio,100,98,0.99,,,101.01
007_matrix_run_10_medium_spoof_medium_flood,396,396.0,397.0,flooding,flooding,flooding,high_id_cardinality_or_unknown_id_ratio,100,96,1.0,,,101.01
007_matrix_run_10_medium_spoof_medium_flood,397,397.0,398.0,flooding,flooding,flooding,high_id_cardinality_or_unknown_id_ratio,100,95,0.99,,,101.01
007_matrix_run_10_medium_spoof_medium_flood,398,398.0,399.0,flooding,flooding,flooding,high_id_cardinality_or_unknown_id_ratio,100,96,1.0,,,101.01
007_matrix_run_10_medium_spoof_medium_flood,399,399.0,400.0,flooding,flooding,flooding,high_id_cardinality_or_unknown_id_ratio,100,97,1.0,,,101.01
007_matrix_run_10_medium_spoof_medium_flood,400,400.0,401.0,flooding,flooding,flooding,high_id_cardinality_or_unknown_id_ratio,100,99,1.0,,,101.01
007_matrix_run_10_medium_spoof_medium_flood,401,401.0,402.0,flooding,flooding,flooding,high_id_cardinality_or_unknown_id_ratio,100,96,1.0,,,101.01
007_matrix_run_10_medium_spoof_medium_flood,402,402.0,403.0,flooding,flooding,flooding,high_id_cardinality_or_unknown_id_ratio,100,95,1.0,,,101.01
007_matrix_run_10_medium_spoof_medium_flood,403,403.0,404.0,flooding,flooding,flooding,high_id_cardinality_or_unknown_id_ratio,100,100,1.0,,,101.01
007_matrix_run_10_medium_spoof_medium_flood,404,404.0,405.0,flooding,flooding,flooding,high_id_cardinality_or_unknown_id_ratio,100,99,1.0,,,101.01
007_matrix_run_10_medium_spoof_medium_flood,405,405.0,406.0,flooding,flooding,flooding,high_id_cardinality_or_unknown_id_ratio,100,98,1.0,,,101.01
007_matrix_run_10_medium_spoof_medium_flood,406,406.0,407.0,flooding,flooding,flooding,high_id_cardinality_or_unknown_id_ratio,100,100,0.99,,,101.01
007_matrix_run_10_medium_spoof_medium_flood,407,407.0,408.0,flooding,flooding,flooding,high_id_cardinality_or_unknown_id_ratio,100,100,1.0,,,101.01
007_matrix_run_10_medium_spoof_medium_flood,408,408.0,409.0,flooding,flooding,flooding,high_id_cardinality_or_unknown_id_ratio,100,100,1.0,,,101.01
007_matrix_run_10_medium_spoof_medium_flood,409,409.0,410.0,flooding,flooding,flooding,high_id_cardinality_or_unknown_id_ratio,100,98,1.0,,,101.01
007_matrix_run_10_medium_spoof_medium_flood,410,410.0,411.0,flooding,flooding,flooding,high_id_cardinality_or_unknown_id_ratio,100,95,1.0,,,101.01
007_matrix_run_10_medium_spoof_medium_flood,411,411.0,412.0,flooding,flooding,flooding,high_id_cardinality_or_unknown_id_ratio,100,99,1.0,,,101.01
007_matrix_run_10_medium_spoof_medium_flood,412,412.0,413.0,flooding,flooding,flooding,high_id_cardinality_or_unknown_id_ratio,100,99,1.0,,,101.01
007_matrix_run_10_medium_spoof_medium_flood,413,413.0,414.0,flooding,flooding,flooding,high_id_cardinality_or_unknown_id_ratio,100,100,1.0,,,101.01
007_matrix_run_10_medium_spoof_medium_flood,414,414.0,415.0,flooding,flooding,flooding,high_id_cardinality_or_unknown_id_ratio,100,99,1.0,,,101.01
007_matrix_run_10_medium_spoof_medium_flood,415,415.0,416.0,flooding,flooding,flooding,high_id_cardinality_or_unknown_id_ratio,100,99,0.99,,,101.01
007_matrix_run_10_medium_spoof_medium_flood,416,416.0,417.0,flooding,flooding,flooding,high_id_cardinality_or_unknown_id_ratio,100,94,1.0,,,101.01
007_matrix_run_10_medium_spoof_medium_flood,417,417.0,418.0,flooding,flooding,flooding,high_id_cardinality_or_unknown_id_ratio,100,99,1.0,,,101.01
007_matrix_run_10_medium_spoof_medium_flood,418,418.0,419.0,flooding,flooding,flooding,high_id_cardinality_or_unknown_id_ratio,100,95,1.0,,,101.01
007_matrix_run_10_medium_spoof_medium_flood,419,419.0,420.0,flooding,flooding,flooding,high_id_cardinality_or_unknown_id_ratio,100,98,0.99,,,101.01
007_matrix_run_10_medium_spoof_medium_flood,420,420.0,421.0,recovery,normal,normal,no_rule_triggered,63,4,0.0,87.0,87.0,66.316
007_matrix_run_10_medium_spoof_medium_flood,421,421.0,422.0,recovery,normal,normal,no_rule_triggered,62,4,0.0,87.0,86.85,65.263
007_matrix_run_10_medium_spoof_medium_flood,422,422.0,423.0,recovery,normal,normal,no_rule_triggered,63,4,0.0,86.0,85.65,66.316
007_matrix_run_10_medium_spoof_medium_flood,423,423.0,424.0,recovery,normal,normal,no_rule_triggered,62,4,0.0,85.0,84.1,65.263
007_matrix_run_10_medium_spoof_medium_flood,424,424.0,425.0,recovery,normal,normal,no_rule_triggered,63,4,0.0,83.0,82.15,66.316
007_matrix_run_10_medium_spoof_medium_flood,425,425.0,426.0,recovery,normal,normal,no_rule_triggered,62,4,0.0,81.0,80.2,65.263
007_matrix_run_10_medium_spoof_medium_flood,426,426.0,427.0,recovery,normal,normal,no_rule_triggered,63,4,0.0,79.0,78.45,66.316
007_matrix_run_10_medium_spoof_medium_flood,427,427.0,428.0,recovery,normal,normal,no_rule_triggered,62,4,0.0,78.0,77.2,65.263
007_matrix_run_10_medium_spoof_medium_flood,428,428.0,429.0,recovery,normal,normal,no_rule_triggered,63,4,0.0,77.0,77.0,66.316
007_matrix_run_10_medium_spoof_medium_flood,429,429.0,430.0,recovery,normal,normal,no_rule_triggered,62,4,0.0,77.0,77.0,65.263
007_matrix_run_10_medium_spoof_medium_flood,430,430.0,431.0,recovery,normal,normal,no_rule_triggered,63,4,0.0,78.0,77.5,66.316
007_matrix_run_10_medium_spoof_medium_flood,431,431.0,432.0,recovery,normal,normal,no_rule_triggered,62,4,0.0,80.0,78.9,65.263
007_matrix_run_10_medium_spoof_medium_flood,432,432.0,433.0,recovery,normal,normal,no_rule_triggered,63,4,0.0,82.0,80.7,66.316
007_matrix_run_10_medium_spoof_medium_flood,433,433.0,434.0,recovery,normal,normal,no_rule_triggered,62,4,0.0,84.0,82.7,65.263
007_matrix_run_10_medium_spoof_medium_flood,434,434.0,435.0,recovery,normal,normal,no_rule_triggered,63,4,0.0,85.0,84.6,66.316
007_matrix_run_10_medium_spoof_medium_flood,435,435.0,436.0,recovery,normal,normal,no_rule_triggered,62,4,0.0,87.0,86.1,65.263
007_matrix_run_10_medium_spoof_medium_flood,436,436.0,437.0,recovery,normal,normal,no_rule_triggered,63,4,0.0,87.0,87.0,66.316
007_matrix_run_10_medium_spoof_medium_flood,437,437.0,438.0,recovery,normal,normal,no_rule_triggered,62,4,0.0,87.0,87.0,65.263
007_matrix_run_10_medium_spoof_medium_flood,438,438.0,439.0,recovery,normal,normal,no_rule_triggered,63,4,0.0,87.0,85.8,66.316
007_matrix_run_10_medium_spoof_medium_flood,439,439.0,440.0,recovery,normal,normal,no_rule_triggered,62,4,0.0,85.0,83.9,65.263
007_matrix_run_10_medium_spoof_medium_flood,440,440.0,441.0,recovery,normal,normal,no_rule_triggered,63,4,0.0,83.0,81.0,66.316
007_matrix_run_10_medium_spoof_medium_flood,441,441.0,442.0,recovery,normal,normal,no_rule_triggered,62,4,0.0,79.0,77.3,65.263
007_matrix_run_10_medium_spoof_medium_flood,442,442.0,443.0,recovery,normal,normal,no_rule_triggered,63,4,0.0,75.0,73.2,66.316
007_matrix_run_10_medium_spoof_medium_flood,443,443.0,444.0,recovery,normal,normal,no_rule_triggered,62,4,0.0,71.0,68.9,65.263
007_matrix_run_10_medium_spoof_medium_flood,444,444.0,445.0,recovery,normal,normal,no_rule_triggered,63,4,0.0,67.0,64.65,66.316
007_matrix_run_10_medium_spoof_medium_flood,445,445.0,446.0,recovery,normal,normal,no_rule_triggered,62,4,0.0,63.0,60.75,65.263
007_matrix_run_10_medium_spoof_medium_flood,446,446.0,447.0,recovery,normal,normal,no_rule_triggered,63,4,0.0,59.0,57.45,66.316
007_matrix_run_10_medium_spoof_medium_flood,447,447.0,448.0,recovery,normal,normal,no_rule_triggered,62,4,0.0,56.0,54.95,65.263
007_matrix_run_10_medium_spoof_medium_flood,448,448.0,449.0,recovery,normal,normal,no_rule_triggered,63,4,0.0,54.0,53.3,66.316
007_matrix_run_10_medium_spoof_medium_flood,449,449.0,450.0,recovery,normal,normal,no_rule_triggered,62,4,0.0,53.0,52.4,65.263
007_matrix_run_10_medium_spoof_medium_flood,450,450.0,451.0,recovery,normal,normal,no_rule_triggered,63,4,0.0,53.0,52.1,66.316
007_matrix_run_10_medium_spoof_medium_flood,451,451.0,452.0,recovery,normal,normal,no_rule_triggered,62,4,0.0,53.0,53.0,65.263
007_matrix_run_10_medium_spoof_medium_flood,452,452.0,453.0,recovery,normal,normal,no_rule_triggered,63,4,0.0,54.0,53.6,66.316
007_matrix_run_10_medium_spoof_medium_flood,453,453.0,454.0,recovery,normal,normal,no_rule_triggered,62,4,0.0,55.0,54.25,65.263
007_matrix_run_10_medium_spoof_medium_flood,454,454.0,455.0,recovery,normal,normal,no_rule_triggered,63,4,0.0,55.0,55.0,66.316
007_matrix_run_10_medium_spoof_medium_flood,455,455.0,456.0,recovery,normal,normal,no_rule_triggered,62,4,0.0,55.0,55.0,65.263
007_matrix_run_10_medium_spoof_medium_flood,456,456.0,457.0,recovery,normal,normal,no_rule_triggered,63,4,0.0,55.0,54.1,66.316
007_matrix_run_10_medium_spoof_medium_flood,457,457.0,458.0,recovery,normal,normal,no_rule_triggered,62,4,0.0,53.0,52.6,65.263
007_matrix_run_10_medium_spoof_medium_flood,458,458.0,459.0,recovery,normal,normal,no_rule_triggered,63,4,0.0,52.0,50.3,66.316
007_matrix_run_10_medium_spoof_medium_flood,459,459.0,460.0,recovery,normal,normal,no_rule_triggered,62,4,0.0,49.0,47.45,65.263
007_matrix_run_10_medium_spoof_medium_flood,460,460.0,461.0,recovery,normal,normal,no_rule_triggered,63,4,0.0,46.0,43.9,66.316
007_matrix_run_10_medium_spoof_medium_flood,461,461.0,462.0,recovery,normal,normal,no_rule_triggered,62,4,0.0,42.0,40.2,65.263
007_matrix_run_10_medium_spoof_medium_flood,462,462.0,463.0,recovery,normal,normal,no_rule_triggered,63,4,0.0,38.0,36.5,66.316
007_matrix_run_10_medium_spoof_medium_flood,463,463.0,464.0,recovery,normal,normal,no_rule_triggered,62,4,0.0,35.0,33.1,65.263
007_matrix_run_10_medium_spoof_medium_flood,464,464.0,465.0,recovery,normal,normal,no_rule_triggered,63,4,0.0,32.0,30.3,66.316
007_matrix_run_10_medium_spoof_medium_flood,465,465.0,466.0,recovery,normal,normal,no_rule_triggered,62,4,0.0,29.0,28.35,65.263
007_matrix_run_10_medium_spoof_medium_flood,466,466.0,467.0,recovery,normal,normal,no_rule_triggered,63,4,0.0,28.0,27.15,66.316
007_matrix_run_10_medium_spoof_medium_flood,467,467.0,468.0,recovery,normal,normal,no_rule_triggered,62,4,0.0,28.0,27.15,65.263
007_matrix_run_10_medium_spoof_medium_flood,468,468.0,469.0,recovery,normal,normal,no_rule_triggered,63,4,0.0,29.0,28.3,66.316
007_matrix_run_10_medium_spoof_medium_flood,469,469.0,470.0,recovery,normal,normal,no_rule_triggered,62,4,0.0,31.0,30.05,65.263
007_matrix_run_10_medium_spoof_medium_flood,470,470.0,471.0,recovery,normal,normal,no_rule_triggered,63,4,0.0,34.0,32.55,66.316
007_matrix_run_10_medium_spoof_medium_flood,471,471.0,472.0,recovery,normal,normal,no_rule_triggered,62,4,0.0,37.0,35.35,65.263
007_matrix_run_10_medium_spoof_medium_flood,472,472.0,473.0,recovery,normal,normal,no_rule_triggered,63,4,0.0,40.0,38.2,66.316
007_matrix_run_10_medium_spoof_medium_flood,473,473.0,474.0,recovery,normal,normal,no_rule_triggered,62,4,0.0,42.0,41.0,65.263
007_matrix_run_10_medium_spoof_medium_flood,474,474.0,475.0,recovery,normal,normal,no_rule_triggered,63,4,0.0,44.0,43.2,66.316
007_matrix_run_10_medium_spoof_medium_flood,475,475.0,476.0,recovery,normal,normal,no_rule_triggered,62,4,0.0,45.0,44.75,65.263
007_matrix_run_10_medium_spoof_medium_flood,476,476.0,477.0,recovery,normal,normal,no_rule_triggered,63,4,0.0,46.0,45.85,66.316
007_matrix_run_10_medium_spoof_medium_flood,477,477.0,478.0,recovery,normal,normal,no_rule_triggered,62,4,0.0,46.0,46.0,65.263
007_matrix_run_10_medium_spoof_medium_flood,478,478.0,479.0,recovery,normal,normal,no_rule_triggered,63,4,0.0,46.0,45.3,66.316
007_matrix_run_10_medium_spoof_medium_flood,479,479.0,480.0,recovery,normal,normal,no_rule_triggered,62,4,0.0,45.0,44.4,65.263
007_matrix_run_10_medium_spoof_medium_flood,480,480.0,481.0,recovery,normal,normal,no_rule_triggered,63,4,0.0,44.0,43.2,66.316
007_matrix_run_10_medium_spoof_medium_flood,481,481.0,482.0,recovery,normal,normal,no_rule_triggered,62,4,0.0,43.0,42.05,65.263
007_matrix_run_10_medium_spoof_medium_flood,482,482.0,483.0,recovery,normal,normal,no_rule_triggered,63,4,0.0,41.0,41.0,66.316
007_matrix_run_10_medium_spoof_medium_flood,483,483.0,484.0,recovery,normal,normal,no_rule_triggered,62,4,0.0,41.0,41.0,65.263
007_matrix_run_10_medium_spoof_medium_flood,484,484.0,485.0,recovery,normal,normal,no_rule_triggered,63,4,0.0,42.0,41.4,66.316
007_matrix_run_10_medium_spoof_medium_flood,485,485.0,486.0,recovery,normal,normal,no_rule_triggered,62,4,0.0,44.0,42.85,65.263
007_matrix_run_10_medium_spoof_medium_flood,486,486.0,487.0,recovery,normal,normal,no_rule_triggered,63,4,0.0,47.0,45.2,66.316
007_matrix_run_10_medium_spoof_medium_flood,487,487.0,488.0,recovery,normal,normal,no_rule_triggered,62,4,0.0,50.0,48.4,65.263
007_matrix_run_10_medium_spoof_medium_flood,488,488.0,489.0,recovery,normal,normal,no_rule_triggered,63,4,0.0,54.0,52.3,66.316
007_matrix_run_10_medium_spoof_medium_flood,489,489.0,490.0,recovery,normal,normal,no_rule_triggered,62,4,0.0,59.0,56.7,65.263
007_matrix_run_10_medium_spoof_medium_flood,490,490.0,491.0,recovery,normal,normal,no_rule_triggered,63,4,0.0,63.0,61.25,66.316
007_matrix_run_10_medium_spoof_medium_flood,491,491.0,492.0,recovery,normal,normal,no_rule_triggered,62,4,0.0,68.0,65.75,65.263
007_matrix_run_10_medium_spoof_medium_flood,492,492.0,493.0,recovery,normal,normal,no_rule_triggered,63,4,0.0,71.0,69.7,66.316
007_matrix_run_10_medium_spoof_medium_flood,493,493.0,494.0,recovery,normal,normal,no_rule_triggered,62,4,0.0,74.0,73.1,65.263
007_matrix_run_10_medium_spoof_medium_flood,494,494.0,495.0,recovery,normal,normal,no_rule_triggered,63,4,0.0,77.0,75.7,66.316
007_matrix_run_10_medium_spoof_medium_flood,495,495.0,496.0,recovery,normal,normal,no_rule_triggered,62,4,0.0,78.0,77.4,65.263
007_matrix_run_10_medium_spoof_medium_flood,496,496.0,497.0,recovery,normal,normal,no_rule_triggered,63,4,0.0,78.0,78.0,66.316
007_matrix_run_10_medium_spoof_medium_flood,497,497.0,498.0,recovery,normal,normal,no_rule_triggered,62,4,0.0,78.0,78.0,65.263
007_matrix_run_10_medium_spoof_medium_flood,498,498.0,499.0,recovery,normal,normal,no_rule_triggered,63,4,0.0,78.0,77.2,66.316
007_matrix_run_10_medium_spoof_medium_flood,499,499.0,500.0,recovery,normal,normal,no_rule_triggered,62,4,0.0,77.0,76.2,65.263
007_matrix_run_10_medium_spoof_medium_flood,500,500.0,501.0,recovery,normal,normal,no_rule_triggered,63,4,0.0,75.0,74.85,66.316
007_matrix_run_10_medium_spoof_medium_flood,501,501.0,502.0,recovery,normal,normal,no_rule_triggered,62,4,0.0,74.0,73.95,65.263
007_matrix_run_10_medium_spoof_medium_flood,502,502.0,503.0,recovery,normal,normal,no_rule_triggered,63,4,0.0,73.0,73.0,66.316
007_matrix_run_10_medium_spoof_medium_flood,503,503.0,504.0,recovery,normal,normal,no_rule_triggered,62,4,0.0,73.0,73.0,65.263
007_matrix_run_10_medium_spoof_medium_flood,504,504.0,505.0,recovery,normal,normal,no_rule_triggered,63,4,0.0,74.0,73.9,66.316
007_matrix_run_10_medium_spoof_medium_flood,505,505.0,506.0,recovery,normal,normal,no_rule_triggered,62,4,0.0,76.0,75.4,65.263
007_matrix_run_10_medium_spoof_medium_flood,506,506.0,507.0,recovery,normal,normal,no_rule_triggered,63,4,0.0,79.0,77.5,66.316
007_matrix_run_10_medium_spoof_medium_flood,507,507.0,508.0,recovery,normal,normal,no_rule_triggered,62,4,0.0,81.0,80.05,65.263
007_matrix_run_10_medium_spoof_medium_flood,508,508.0,509.0,recovery,normal,normal,no_rule_triggered,63,4,0.0,84.0,82.95,66.316
007_matrix_run_10_medium_spoof_medium_flood,509,509.0,510.0,recovery,normal,normal,no_rule_triggered,62,4,0.0,87.0,85.8,65.263
007_matrix_run_10_medium_spoof_medium_flood,510,510.0,511.0,recovery,normal,normal,no_rule_triggered,63,4,0.0,89.0,88.35,66.316
007_matrix_run_10_medium_spoof_medium_flood,511,511.0,512.0,recovery,normal,normal,no_rule_triggered,62,4,0.0,91.0,90.45,65.263
007_matrix_run_10_medium_spoof_medium_flood,512,512.0,513.0,recovery,normal,normal,no_rule_triggered,63,4,0.0,92.0,91.65,66.316
007_matrix_run_10_medium_spoof_medium_flood,513,513.0,514.0,recovery,normal,normal,no_rule_triggered,62,4,0.0,92.0,92.0,65.263
007_matrix_run_10_medium_spoof_medium_flood,514,514.0,515.0,recovery,normal,normal,no_rule_triggered,63,4,0.0,92.0,90.95,66.316
007_matrix_run_10_medium_spoof_medium_flood,515,515.0,516.0,recovery,normal,normal,no_rule_triggered,62,4,0.0,90.0,89.2,65.263
007_matrix_run_10_medium_spoof_medium_flood,516,516.0,517.0,recovery,normal,normal,no_rule_triggered,63,4,0.0,88.0,86.6,66.316
007_matrix_run_10_medium_spoof_medium_flood,517,517.0,518.0,recovery,normal,normal,no_rule_triggered,62,4,0.0,85.0,83.35,65.263
007_matrix_run_10_medium_spoof_medium_flood,518,518.0,519.0,recovery,normal,normal,no_rule_triggered,63,4,0.0,81.0,79.6,66.316
007_matrix_run_10_medium_spoof_medium_flood,519,519.0,520.0,recovery,normal,normal,no_rule_triggered,62,4,0.0,78.0,75.9,65.263
007_matrix_run_10_medium_spoof_medium_flood,520,520.0,521.0,recovery,normal,normal,no_rule_triggered,63,4,0.0,74.0,72.35,66.316
007_matrix_run_10_medium_spoof_medium_flood,521,521.0,522.0,recovery,normal,normal,no_rule_triggered,62,4,0.0,71.0,69.2,65.263
007_matrix_run_10_medium_spoof_medium_flood,522,522.0,523.0,recovery,normal,normal,no_rule_triggered,63,4,0.0,68.0,66.85,66.316
007_matrix_run_10_medium_spoof_medium_flood,523,523.0,524.0,recovery,normal,normal,no_rule_triggered,62,4,0.0,66.0,65.25,65.263
007_matrix_run_10_medium_spoof_medium_flood,524,524.0,525.0,recovery,normal,normal,no_rule_triggered,63,4,0.0,65.0,64.1,66.316
007_matrix_run_10_medium_spoof_medium_flood,525,525.0,526.0,recovery,normal,normal,no_rule_triggered,62,4,0.0,64.0,64.0,65.263
007_matrix_run_10_medium_spoof_medium_flood,526,526.0,527.0,recovery,normal,normal,no_rule_triggered,63,4,0.0,65.0,64.5,66.316
007_matrix_run_10_medium_spoof_medium_flood,527,527.0,528.0,recovery,normal,normal,no_rule_triggered,62,4,0.0,66.0,65.15,65.263
007_matrix_run_10_medium_spoof_medium_flood,528,528.0,529.0,recovery,normal,normal,no_rule_triggered,63,4,0.0,66.0,66.0,66.316
007_matrix_run_10_medium_spoof_medium_flood,529,529.0,530.0,recovery,normal,normal,no_rule_triggered,62,4,0.0,67.0,66.65,65.263
007_matrix_run_10_medium_spoof_medium_flood,530,530.0,531.0,recovery,normal,normal,no_rule_triggered,63,4,0.0,67.0,66.8,66.316
007_matrix_run_10_medium_spoof_medium_flood,531,531.0,532.0,recovery,normal,normal,no_rule_triggered,62,4,0.0,66.0,65.9,65.263
007_matrix_run_10_medium_spoof_medium_flood,532,532.0,533.0,recovery,normal,normal,no_rule_triggered,63,4,0.0,65.0,64.5,66.316
007_matrix_run_10_medium_spoof_medium_flood,533,533.0,534.0,recovery,normal,normal,no_rule_triggered,62,4,0.0,63.0,62.15,65.263
007_matrix_run_10_medium_spoof_medium_flood,534,534.0,535.0,recovery,normal,normal,no_rule_triggered,63,4,0.0,61.0,59.1,66.316
007_matrix_run_10_medium_spoof_medium_flood,535,535.0,536.0,recovery,normal,normal,no_rule_triggered,62,4,0.0,57.0,55.3,65.263
007_matrix_run_10_medium_spoof_medium_flood,536,536.0,537.0,recovery,normal,normal,no_rule_triggered,63,4,0.0,53.0,51.1,66.316
007_matrix_run_10_medium_spoof_medium_flood,537,537.0,538.0,recovery,normal,normal,no_rule_triggered,62,4,0.0,49.0,46.75,65.263
007_matrix_run_10_medium_spoof_medium_flood,538,538.0,539.0,recovery,normal,normal,no_rule_triggered,63,4,0.0,44.0,42.5,66.316
007_matrix_run_10_medium_spoof_medium_flood,539,539.0,540.0,recovery,normal,normal,no_rule_triggered,62,4,0.0,40.0,38.7,65.263
007_matrix_run_10_medium_spoof_medium_flood,540,540.0,541.0,recovery,normal,normal,no_rule_triggered,63,4,0.0,37.0,35.75,66.316
007_matrix_run_10_medium_spoof_medium_flood,541,541.0,542.0,recovery,normal,normal,no_rule_triggered,62,4,0.0,34.0,33.5,65.263
007_matrix_run_10_medium_spoof_medium_flood,542,542.0,543.0,recovery,normal,normal,no_rule_triggered,63,4,0.0,33.0,32.2,66.316
007_matrix_run_10_medium_spoof_medium_flood,543,543.0,544.0,recovery,normal,normal,no_rule_triggered,62,4,0.0,32.0,32.0,65.263
007_matrix_run_10_medium_spoof_medium_flood,544,544.0,545.0,recovery,normal,normal,no_rule_triggered,63,4,0.0,33.0,32.65,66.316
007_matrix_run_10_medium_spoof_medium_flood,545,545.0,546.0,recovery,normal,normal,no_rule_triggered,62,4,0.0,35.0,34.0,65.263
007_matrix_run_10_medium_spoof_medium_flood,546,546.0,547.0,recovery,normal,normal,no_rule_triggered,63,4,0.0,37.0,35.8,66.316
007_matrix_run_10_medium_spoof_medium_flood,547,547.0,548.0,recovery,normal,normal,no_rule_triggered,62,4,0.0,39.0,37.8,65.263
007_matrix_run_10_medium_spoof_medium_flood,548,548.0,549.0,recovery,normal,normal,no_rule_triggered,63,4,0.0,40.0,39.6,66.316
007_matrix_run_10_medium_spoof_medium_flood,549,549.0,550.0,recovery,normal,normal,no_rule_triggered,62,4,0.0,42.0,41.3,65.263
007_matrix_run_10_medium_spoof_medium_flood,550,550.0,551.0,recovery,normal,normal,no_rule_triggered,63,4,0.0,42.0,42.0,66.316
007_matrix_run_10_medium_spoof_medium_flood,551,551.0,552.0,recovery,normal,normal,no_rule_triggered,62,4,0.0,42.0,42.0,65.263
007_matrix_run_10_medium_spoof_medium_flood,552,552.0,553.0,recovery,normal,normal,no_rule_triggered,63,4,0.0,42.0,42.0,66.316
007_matrix_run_10_medium_spoof_medium_flood,553,553.0,554.0,recovery,normal,normal,no_rule_triggered,62,4,0.0,42.0,40.8,65.263
007_matrix_run_10_medium_spoof_medium_flood,554,554.0,555.0,recovery,normal,normal,no_rule_triggered,63,4,0.0,40.0,39.25,66.316
007_matrix_run_10_medium_spoof_medium_flood,555,555.0,556.0,recovery,normal,normal,no_rule_triggered,62,4,0.0,38.0,37.3,65.263
007_matrix_run_10_medium_spoof_medium_flood,556,556.0,557.0,recovery,normal,normal,no_rule_triggered,63,4,0.0,36.0,35.35,66.316
007_matrix_run_10_medium_spoof_medium_flood,557,557.0,558.0,recovery,normal,normal,no_rule_triggered,62,4,0.0,34.0,33.55,65.263
007_matrix_run_10_medium_spoof_medium_flood,558,558.0,559.0,recovery,normal,normal,no_rule_triggered,63,4,0.0,33.0,32.4,66.316
007_matrix_run_10_medium_spoof_medium_flood,559,559.0,560.0,recovery,normal,normal,no_rule_triggered,62,4,0.0,32.0,32.0,65.263
007_matrix_run_10_medium_spoof_medium_flood,560,560.0,561.0,recovery,normal,normal,no_rule_triggered,63,4,0.0,33.0,32.45,66.316
007_matrix_run_10_medium_spoof_medium_flood,561,561.0,562.0,recovery,normal,normal,no_rule_triggered,62,4,0.0,35.0,34.0,65.263
007_matrix_run_10_medium_spoof_medium_flood,562,562.0,563.0,recovery,normal,normal,no_rule_triggered,63,4,0.0,38.0,36.4,66.316
007_matrix_run_10_medium_spoof_medium_flood,563,563.0,564.0,recovery,normal,normal,no_rule_triggered,62,4,0.0,41.0,39.6,65.263
007_matrix_run_10_medium_spoof_medium_flood,564,564.0,565.0,recovery,normal,normal,no_rule_triggered,63,4,0.0,46.0,43.55,66.316
007_matrix_run_10_medium_spoof_medium_flood,565,565.0,566.0,recovery,normal,normal,no_rule_triggered,62,4,0.0,50.0,47.85,65.263
007_matrix_run_10_medium_spoof_medium_flood,566,566.0,567.0,recovery,normal,normal,no_rule_triggered,63,4,0.0,54.0,52.2,66.316
007_matrix_run_10_medium_spoof_medium_flood,567,567.0,568.0,recovery,normal,normal,no_rule_triggered,62,4,0.0,58.0,56.3,65.263
007_matrix_run_10_medium_spoof_medium_flood,568,568.0,569.0,recovery,normal,normal,no_rule_triggered,63,4,0.0,61.0,59.9,66.316
007_matrix_run_10_medium_spoof_medium_flood,569,569.0,570.0,recovery,normal,normal,no_rule_triggered,62,4,0.0,64.0,62.9,65.263
007_matrix_run_10_medium_spoof_medium_flood,570,570.0,571.0,recovery,normal,normal,no_rule_triggered,63,4,0.0,66.0,64.9,66.316
007_matrix_run_10_medium_spoof_medium_flood,571,571.0,572.0,recovery,normal,normal,no_rule_triggered,62,4,0.0,67.0,66.05,65.263
007_matrix_run_10_medium_spoof_medium_flood,572,572.0,573.0,recovery,normal,normal,no_rule_triggered,63,4,0.0,67.0,67.0,66.316
007_matrix_run_10_medium_spoof_medium_flood,573,573.0,574.0,recovery,normal,normal,no_rule_triggered,62,4,0.0,67.0,66.4,65.263
007_matrix_run_10_medium_spoof_medium_flood,574,574.0,575.0,recovery,normal,normal,no_rule_triggered,63,4,0.0,66.0,65.9,66.316
007_matrix_run_10_medium_spoof_medium_flood,575,575.0,576.0,recovery,normal,normal,no_rule_triggered,62,4,0.0,65.0,65.0,65.263
007_matrix_run_10_medium_spoof_medium_flood,576,576.0,577.0,recovery,normal,normal,no_rule_triggered,63,4,0.0,65.0,64.25,66.316
007_matrix_run_10_medium_spoof_medium_flood,577,577.0,578.0,recovery,normal,normal,no_rule_triggered,62,4,0.0,64.0,64.0,65.263
007_matrix_run_10_medium_spoof_medium_flood,578,578.0,579.0,recovery,normal,normal,no_rule_triggered,63,4,0.0,65.0,64.4,66.316
007_matrix_run_10_medium_spoof_medium_flood,579,579.0,580.0,recovery,normal,normal,no_rule_triggered,62,4,0.0,66.0,65.5,65.263
007_matrix_run_10_medium_spoof_medium_flood,580,580.0,581.0,recovery,normal,normal,no_rule_triggered,63,4,0.0,68.0,67.35,66.316
007_matrix_run_10_medium_spoof_medium_flood,581,581.0,582.0,recovery,normal,normal,no_rule_triggered,62,4,0.0,71.0,69.95,65.263
007_matrix_run_10_medium_spoof_medium_flood,582,582.0,583.0,recovery,normal,normal,no_rule_triggered,63,4,0.0,75.0,73.25,66.316
007_matrix_run_10_medium_spoof_medium_flood,583,583.0,584.0,recovery,normal,normal,no_rule_triggered,62,4,0.0,79.0,76.8,65.263
007_matrix_run_10_medium_spoof_medium_flood,584,584.0,585.0,recovery,normal,normal,no_rule_triggered,63,4,0.0,82.0,80.6,66.316
007_matrix_run_10_medium_spoof_medium_flood,585,585.0,586.0,recovery,normal,normal,no_rule_triggered,62,4,0.0,86.0,84.2,65.263
007_matrix_run_10_medium_spoof_medium_flood,586,586.0,587.0,recovery,normal,normal,no_rule_triggered,63,4,0.0,89.0,87.3,66.316
007_matrix_run_10_medium_spoof_medium_flood,587,587.0,588.0,recovery,normal,normal,no_rule_triggered,62,4,0.0,91.0,89.75,65.263
007_matrix_run_10_medium_spoof_medium_flood,588,588.0,589.0,recovery,normal,normal,no_rule_triggered,63,4,0.0,92.0,91.35,66.316
007_matrix_run_10_medium_spoof_medium_flood,589,589.0,590.0,recovery,normal,normal,no_rule_triggered,62,4,0.0,92.0,92.0,65.263
007_matrix_run_10_medium_spoof_medium_flood,590,590.0,591.0,recovery,normal,normal,no_rule_triggered,63,4,0.0,92.0,91.4,66.316
007_matrix_run_10_medium_spoof_medium_flood,591,591.0,592.0,recovery,normal,normal,no_rule_triggered,62,4,0.0,91.0,89.95,65.263
007_matrix_run_10_medium_spoof_medium_flood,592,592.0,593.0,recovery,normal,normal,no_rule_triggered,63,4,0.0,89.0,87.85,66.316
007_matrix_run_10_medium_spoof_medium_flood,593,593.0,594.0,recovery,normal,normal,no_rule_triggered,62,4,0.0,86.0,85.05,65.263
007_matrix_run_10_medium_spoof_medium_flood,594,594.0,595.0,recovery,normal,normal,no_rule_triggered,63,4,0.0,84.0,82.2,66.316
007_matrix_run_10_medium_spoof_medium_flood,595,595.0,596.0,recovery,normal,normal,no_rule_triggered,62,4,0.0,81.0,79.4,65.263
007_matrix_run_10_medium_spoof_medium_flood,596,596.0,597.0,recovery,normal,normal,no_rule_triggered,63,4,0.0,78.0,76.9,66.316
007_matrix_run_10_medium_spoof_medium_flood,597,597.0,598.0,recovery,normal,normal,no_rule_triggered,62,4,0.0,76.0,74.9,65.263
007_matrix_run_10_medium_spoof_medium_flood,598,598.0,599.0,recovery,normal,normal,no_rule_triggered,63,4,0.0,74.0,73.65,66.316
007_matrix_run_10_medium_spoof_medium_flood,599,599.0,600.0,recovery,normal,normal,no_rule_triggered,62,4,0.0,73.0,73.0,65.263
