timestamp_s,utc_iso,arbitration_id,dlc,data_hex,label,source,note
0.000100,2026-06-04T11:57:34.760125+00:00,100,8,43 00 00 00 00 00 00 00,realtime_baseline,010_realtime_wallclock_capture,software_only_wallclock_capture_no_vehicle_no_can_adapter
0.000127,2026-06-04T11:57:34.760145+00:00,188,8,00 00 00 00 00 00 00 01,realtime_baseline,010_realtime_wallclock_capture,software_only_wallclock_capture_no_vehicle_no_can_adapter
0.000136,2026-06-04T11:57:34.760154+00:00,120,8,07 3D 00 00 00 00 00 02,realtime_baseline,010_realtime_wallclock_capture,software_only_wallclock_capture_no_vehicle_no_can_adapter
0.000144,2026-06-04T11:57:34.760174+00:00,300,8,25 6B 0B 08 95 EA 6D 3A,realtime_baseline,010_realtime_wallclock_capture,software_only_wallclock_capture_no_vehicle_no_can_adapter
0.050155,2026-06-04T11:57:34.810206+00:00,100,8,3C 00 00 00 00 00 00 04,realtime_baseline,010_realtime_wallclock_capture,software_only_wallclock_capture_no_vehicle_no_can_adapter
0.050253,2026-06-04T11:57:34.810270+00:00,188,8,00 00 00 00 00 00 00 05,realtime_baseline,010_realtime_wallclock_capture,software_only_wallclock_capture_no_vehicle_no_can_adapter
0.071509,2026-06-04T11:57:34.831556+00:00,120,8,06 3F 00 00 00 00 00 06,realtime_baseline,010_realtime_wallclock_capture,software_only_wallclock_capture_no_vehicle_no_can_adapter
0.100155,2026-06-04T11:57:34.860200+00:00,100,8,45 00 00 00 00 00 00 07,realtime_baseline,010_realtime_wallclock_capture,software_only_wallclock_capture_no_vehicle_no_can_adapter
0.100241,2026-06-04T11:57:34.860259+00:00,188,8,00 00 00 00 00 00 00 08,realtime_baseline,010_realtime_wallclock_capture,software_only_wallclock_capture_no_vehicle_no_can_adapter
0.140103,2026-06-04T11:57:34.900149+00:00,120,8,07 08 00 00 00 00 00 09,realtime_baseline,010_realtime_wallclock_capture,software_only_wallclock_capture_no_vehicle_no_can_adapter
0.150097,2026-06-04T11:57:34.910136+00:00,100,8,44 00 00 00 00 00 00 0A,realtime_baseline,010_realtime_wallclock_capture,software_only_wallclock_capture_no_vehicle_no_can_adapter
0.150156,2026-06-04T11:57:34.910174+00:00,188,8,00 00 00 00 00 00 00 0B,realtime_baseline,010_realtime_wallclock_capture,software_only_wallclock_capture_no_vehicle_no_can_adapter
0.200143,2026-06-04T11:57:34.960190+00:00,100,8,46 00 00 00 00 00 00 0C,realtime_baseline,010_realtime_wallclock_capture,software_only_wallclock_capture_no_vehicle_no_can_adapter
0.200217,2026-06-04T11:57:34.960236+00:00,188,8,00 00 00 00 00 00 00 0D,realtime_baseline,010_realtime_wallclock_capture,software_only_wallclock_capture_no_vehicle_no_can_adapter
0.210145,2026-06-04T11:57:34.970195+00:00,120,8,06 EE 00 00 00 00 00 0E,realtime_baseline,010_realtime_wallclock_capture,software_only_wallclock_capture_no_vehicle_no_can_adapter
0.250135,2026-06-04T11:57:35.010180+00:00,100,8,3C 00 00 00 00 00 00 0F,realtime_baseline,010_realtime_wallclock_capture,software_only_wallclock_capture_no_vehicle_no_can_adapter
0.250208,2026-06-04T11:57:35.010227+00:00,188,8,00 00 00 00 00 00 00 10,realtime_baseline,010_realtime_wallclock_capture,software_only_wallclock_capture_no_vehicle_no_can_adapter
0.250221,2026-06-04T11:57:35.010262+00:00,300,8,60 92 40 BB 76 4B D9 A0,realtime_baseline,010_realtime_wallclock_capture,software_only_wallclock_capture_no_vehicle_no_can_adapter
0.280129,2026-06-04T11:57:35.040180+00:00,120,8,06 AA 00 00 00 00 00 12,realtime_baseline,010_realtime_wallclock_capture,software_only_wallclock_capture_no_vehicle_no_can_adapter
0.300124,2026-06-04T11:57:35.060168+00:00,100,8,3E 00 00 00 00 00 00 13,realtime_baseline,010_realtime_wallclock_capture,software_only_wallclock_capture_no_vehicle_no_can_adapter
0.300196,2026-06-04T11:57:35.060214+00:00,188,8,00 00 00 00 00 00 00 14,realtime_baseline,010_realtime_wallclock_capture,software_only_wallclock_capture_no_vehicle_no_can_adapter
0.350148,2026-06-04T11:57:35.110188+00:00,100,8,3F 00 00 00 00 00 00 15,realtime_baseline,010_realtime_wallclock_capture,software_only_wallclock_capture_no_vehicle_no_can_adapter
0.350215,2026-06-04T11:57:35.110233+00:00,188,8,00 00 00 00 00 00 00 16,realtime_baseline,010_realtime_wallclock_capture,software_only_wallclock_capture_no_vehicle_no_can_adapter
0.350223,2026-06-04T11:57:35.110242+00:00,120,8,07 49 00 00 00 00 00 17,realtime_baseline,010_realtime_wallclock_capture,software_only_wallclock_capture_no_vehicle_no_can_adapter
0.400132,2026-06-04T11:57:35.160176+00:00,100,8,42 00 00 00 00 00 00 18,realtime_baseline,010_realtime_wallclock_capture,software_only_wallclock_capture_no_vehicle_no_can_adapter
0.400200,2026-06-04T11:57:35.160219+00:00,188,8,00 00 00 00 00 00 00 19,realtime_baseline,010_realtime_wallclock_capture,software_only_wallclock_capture_no_vehicle_no_can_adapter
0.420138,2026-06-04T11:57:35.180185+00:00,120,8,07 3B 00 00 00 00 00 1A,realtime_baseline,010_realtime_wallclock_capture,software_only_wallclock_capture_no_vehicle_no_can_adapter
0.450128,2026-06-04T11:57:35.210171+00:00,100,8,3E 00 00 00 00 00 00 1B,realtime_baseline,010_realtime_wallclock_capture,software_only_wallclock_capture_no_vehicle_no_can_adapter
0.450204,2026-06-04T11:57:35.210224+00:00,188,8,00 00 00 00 00 00 00 1C,realtime_baseline,010_realtime_wallclock_capture,software_only_wallclock_capture_no_vehicle_no_can_adapter
0.490115,2026-06-04T11:57:35.250157+00:00,120,8,05 E1 00 00 00 00 00 1D,realtime_baseline,010_realtime_wallclock_capture,software_only_wallclock_capture_no_vehicle_no_can_adapter
0.500130,2026-06-04T11:57:35.260173+00:00,100,8,40 00 00 00 00 00 00 1E,realtime_baseline,010_realtime_wallclock_capture,software_only_wallclock_capture_no_vehicle_no_can_adapter
0.500197,2026-06-04T11:57:35.260216+00:00,188,8,00 00 00 00 00 00 00 1F,realtime_baseline,010_realtime_wallclock_capture,software_only_wallclock_capture_no_vehicle_no_can_adapter
0.500208,2026-06-04T11:57:35.260246+00:00,300,8,1F EB 18 5E 4D 31 0C 90,realtime_baseline,010_realtime_wallclock_capture,software_only_wallclock_capture_no_vehicle_no_can_adapter
0.550128,2026-06-04T11:57:35.310171+00:00,100,8,47 00 00 00 00 00 00 21,realtime_baseline,010_realtime_wallclock_capture,software_only_wallclock_capture_no_vehicle_no_can_adapter
0.550206,2026-06-04T11:57:35.310224+00:00,188,8,00 00 00 00 00 00 00 22,realtime_baseline,010_realtime_wallclock_capture,software_only_wallclock_capture_no_vehicle_no_can_adapter
0.560101,2026-06-04T11:57:35.320142+00:00,120,8,06 C0 00 00 00 00 00 23,realtime_baseline,010_realtime_wallclock_capture,software_only_wallclock_capture_no_vehicle_no_can_adapter
0.600150,2026-06-04T11:57:35.360207+00:00,100,8,46 00 00 00 00 00 00 24,realtime_baseline,010_realtime_wallclock_capture,software_only_wallclock_capture_no_vehicle_no_can_adapter
0.600234,2026-06-04T11:57:35.360252+00:00,188,8,00 00 00 00 00 00 00 25,realtime_baseline,010_realtime_wallclock_capture,software_only_wallclock_capture_no_vehicle_no_can_adapter
0.630126,2026-06-04T11:57:35.390169+00:00,120,8,05 DE 00 00 00 00 00 26,realtime_baseline,010_realtime_wallclock_capture,software_only_wallclock_capture_no_vehicle_no_can_adapter
0.650131,2026-06-04T11:57:35.410173+00:00,100,8,3F 00 00 00 00 00 00 27,realtime_baseline,010_realtime_wallclock_capture,software_only_wallclock_capture_no_vehicle_no_can_adapter
0.650205,2026-06-04T11:57:35.410222+00:00,188,8,00 00 00 00 00 00 00 28,realtime_baseline,010_realtime_wallclock_capture,software_only_wallclock_capture_no_vehicle_no_can_adapter
0.700112,2026-06-04T11:57:35.460155+00:00,100,8,46 00 00 00 00 00 00 29,realtime_baseline,010_realtime_wallclock_capture,software_only_wallclock_capture_no_vehicle_no_can_adapter
0.700204,2026-06-04T11:57:35.460222+00:00,188,8,00 00 00 00 00 00 00 2A,realtime_baseline,010_realtime_wallclock_capture,software_only_wallclock_capture_no_vehicle_no_can_adapter
0.700216,2026-06-04T11:57:35.460237+00:00,120,8,05 FC 00 00 00 00 00 2B,realtime_baseline,010_realtime_wallclock_capture,software_only_wallclock_capture_no_vehicle_no_can_adapter
0.750165,2026-06-04T11:57:35.510208+00:00,100,8,44 00 00 00 00 00 00 2C,realtime_baseline,010_realtime_wallclock_capture,software_only_wallclock_capture_no_vehicle_no_can_adapter
0.750229,2026-06-04T11:57:35.510246+00:00,188,8,00 00 00 00 00 00 00 2D,realtime_baseline,010_realtime_wallclock_capture,software_only_wallclock_capture_no_vehicle_no_can_adapter
0.750236,2026-06-04T11:57:35.510270+00:00,300,8,CE 15 14 78 6B 83 16 44,realtime_baseline,010_realtime_wallclock_capture,software_only_wallclock_capture_no_vehicle_no_can_adapter
0.770123,2026-06-04T11:57:35.530167+00:00,120,8,06 CF 00 00 00 00 00 2F,realtime_baseline,010_realtime_wallclock_capture,software_only_wallclock_capture_no_vehicle_no_can_adapter
0.800128,2026-06-04T11:57:35.560180+00:00,100,8,42 00 00 00 00 00 00 30,realtime_baseline,010_realtime_wallclock_capture,software_only_wallclock_capture_no_vehicle_no_can_adapter
0.800222,2026-06-04T11:57:35.560241+00:00,188,8,00 00 00 00 00 00 00 31,realtime_baseline,010_realtime_wallclock_capture,software_only_wallclock_capture_no_vehicle_no_can_adapter
0.840116,2026-06-04T11:57:35.600174+00:00,120,8,07 39 00 00 00 00 00 32,realtime_baseline,010_realtime_wallclock_capture,software_only_wallclock_capture_no_vehicle_no_can_adapter
0.850108,2026-06-04T11:57:35.610147+00:00,100,8,40 00 00 00 00 00 00 33,realtime_baseline,010_realtime_wallclock_capture,software_only_wallclock_capture_no_vehicle_no_can_adapter
0.850163,2026-06-04T11:57:35.610181+00:00,188,8,00 00 00 00 00 00 00 34,realtime_baseline,010_realtime_wallclock_capture,software_only_wallclock_capture_no_vehicle_no_can_adapter
0.900115,2026-06-04T11:57:35.660160+00:00,100,8,46 00 00 00 00 00 00 35,realtime_baseline,010_realtime_wallclock_capture,software_only_wallclock_capture_no_vehicle_no_can_adapter
0.900188,2026-06-04T11:57:35.660205+00:00,188,8,00 00 00 00 00 00 00 36,realtime_baseline,010_realtime_wallclock_capture,software_only_wallclock_capture_no_vehicle_no_can_adapter
0.910150,2026-06-04T11:57:35.670205+00:00,120,8,07 41 00 00 00 00 00 37,realtime_baseline,010_realtime_wallclock_capture,software_only_wallclock_capture_no_vehicle_no_can_adapter
0.950113,2026-06-04T11:57:35.710177+00:00,100,8,45 00 00 00 00 00 00 38,realtime_baseline,010_realtime_wallclock_capture,software_only_wallclock_capture_no_vehicle_no_can_adapter
0.950212,2026-06-04T11:57:35.710231+00:00,188,8,00 00 00 00 00 00 00 39,realtime_baseline,010_realtime_wallclock_capture,software_only_wallclock_capture_no_vehicle_no_can_adapter
0.980159,2026-06-04T11:57:35.740228+00:00,120,8,06 16 00 00 00 00 00 3A,realtime_baseline,010_realtime_wallclock_capture,software_only_wallclock_capture_no_vehicle_no_can_adapter
1.000111,2026-06-04T11:57:35.760154+00:00,100,8,3C 00 00 00 00 00 00 3B,realtime_baseline,010_realtime_wallclock_capture,software_only_wallclock_capture_no_vehicle_no_can_adapter
1.000191,2026-06-04T11:57:35.760210+00:00,188,8,00 00 00 00 00 00 00 3C,realtime_baseline,010_realtime_wallclock_capture,software_only_wallclock_capture_no_vehicle_no_can_adapter
1.000232,2026-06-04T11:57:35.760275+00:00,300,8,29 A4 84 4B CF D5 60 18,realtime_baseline,010_realtime_wallclock_capture,software_only_wallclock_capture_no_vehicle_no_can_adapter
1.050148,2026-06-04T11:57:35.810211+00:00,100,8,44 00 00 00 00 00 00 3E,realtime_baseline,010_realtime_wallclock_capture,software_only_wallclock_capture_no_vehicle_no_can_adapter
1.050255,2026-06-04T11:57:35.810273+00:00,188,8,00 00 00 00 00 00 00 3F,realtime_baseline,010_realtime_wallclock_capture,software_only_wallclock_capture_no_vehicle_no_can_adapter
1.050265,2026-06-04T11:57:35.810286+00:00,120,8,06 6E 00 00 00 00 00 40,realtime_baseline,010_realtime_wallclock_capture,software_only_wallclock_capture_no_vehicle_no_can_adapter
1.100099,2026-06-04T11:57:35.860145+00:00,100,8,45 00 00 00 00 00 00 41,realtime_baseline,010_realtime_wallclock_capture,software_only_wallclock_capture_no_vehicle_no_can_adapter
1.100170,2026-06-04T11:57:35.860188+00:00,188,8,00 00 00 00 00 00 00 42,realtime_baseline,010_realtime_wallclock_capture,software_only_wallclock_capture_no_vehicle_no_can_adapter
1.120155,2026-06-04T11:57:35.880219+00:00,120,8,07 0D 00 00 00 00 00 43,realtime_baseline,010_realtime_wallclock_capture,software_only_wallclock_capture_no_vehicle_no_can_adapter
1.150130,2026-06-04T11:57:35.910187+00:00,100,8,44 00 00 00 00 00 00 44,realtime_baseline,010_realtime_wallclock_capture,software_only_wallclock_capture_no_vehicle_no_can_adapter
1.150226,2026-06-04T11:57:35.910245+00:00,188,8,00 00 00 00 00 00 00 45,realtime_baseline,010_realtime_wallclock_capture,software_only_wallclock_capture_no_vehicle_no_can_adapter
1.190133,2026-06-04T11:57:35.950192+00:00,120,8,06 A7 00 00 00 00 00 46,realtime_baseline,010_realtime_wallclock_capture,software_only_wallclock_capture_no_vehicle_no_can_adapter
1.200228,2026-06-04T11:57:35.960274+00:00,100,8,40 00 00 00 00 00 00 47,realtime_baseline,010_realtime_wallclock_capture,software_only_wallclock_capture_no_vehicle_no_can_adapter
1.200316,2026-06-04T11:57:35.960333+00:00,188,8,00 00 00 00 00 00 00 48,realtime_baseline,010_realtime_wallclock_capture,software_only_wallclock_capture_no_vehicle_no_can_adapter
1.250133,2026-06-04T11:57:36.010191+00:00,100,8,3D 00 00 00 00 00 00 49,realtime_baseline,010_realtime_wallclock_capture,software_only_wallclock_capture_no_vehicle_no_can_adapter
1.250230,2026-06-04T11:57:36.010249+00:00,188,8,00 00 00 00 00 00 00 4A,realtime_baseline,010_realtime_wallclock_capture,software_only_wallclock_capture_no_vehicle_no_can_adapter
1.250242,2026-06-04T11:57:36.010287+00:00,300,8,42 D5 FD 62 73 B2 1D 90,realtime_baseline,010_realtime_wallclock_capture,software_only_wallclock_capture_no_vehicle_no_can_adapter
1.260135,2026-06-04T11:57:36.020192+00:00,120,8,06 90 00 00 00 00 00 4C,realtime_baseline,010_realtime_wallclock_capture,software_only_wallclock_capture_no_vehicle_no_can_adapter
1.300133,2026-06-04T11:57:36.060190+00:00,100,8,41 00 00 00 00 00 00 4D,realtime_baseline,010_realtime_wallclock_capture,software_only_wallclock_capture_no_vehicle_no_can_adapter
1.300227,2026-06-04T11:57:36.060245+00:00,188,8,00 00 00 00 00 00 00 4E,realtime_baseline,010_realtime_wallclock_capture,software_only_wallclock_capture_no_vehicle_no_can_adapter
1.330135,2026-06-04T11:57:36.090189+00:00,120,8,07 4F 00 00 00 00 00 4F,realtime_baseline,010_realtime_wallclock_capture,software_only_wallclock_capture_no_vehicle_no_can_adapter
1.350147,2026-06-04T11:57:36.110199+00:00,100,8,46 00 00 00 00 00 00 50,realtime_baseline,010_realtime_wallclock_capture,software_only_wallclock_capture_no_vehicle_no_can_adapter
1.350242,2026-06-04T11:57:36.110259+00:00,188,8,00 00 00 00 00 00 00 51,realtime_baseline,010_realtime_wallclock_capture,software_only_wallclock_capture_no_vehicle_no_can_adapter
1.400160,2026-06-04T11:57:36.160221+00:00,100,8,3F 00 00 00 00 00 00 52,realtime_baseline,010_realtime_wallclock_capture,software_only_wallclock_capture_no_vehicle_no_can_adapter
1.400266,2026-06-04T11:57:36.160285+00:00,188,8,00 00 00 00 00 00 00 53,realtime_baseline,010_realtime_wallclock_capture,software_only_wallclock_capture_no_vehicle_no_can_adapter
1.400279,2026-06-04T11:57:36.160300+00:00,120,8,06 81 00 00 00 00 00 54,realtime_baseline,010_realtime_wallclock_capture,software_only_wallclock_capture_no_vehicle_no_can_adapter
1.450123,2026-06-04T11:57:36.210172+00:00,100,8,47 00 00 00 00 00 00 55,realtime_baseline,010_realtime_wallclock_capture,software_only_wallclock_capture_no_vehicle_no_can_adapter
1.450203,2026-06-04T11:57:36.210221+00:00,188,8,00 00 00 00 00 00 00 56,realtime_baseline,010_realtime_wallclock_capture,software_only_wallclock_capture_no_vehicle_no_can_adapter
1.470135,2026-06-04T11:57:36.230189+00:00,120,8,06 EF 00 00 00 00 00 57,realtime_baseline,010_realtime_wallclock_capture,software_only_wallclock_capture_no_vehicle_no_can_adapter
1.500151,2026-06-04T11:57:36.260203+00:00,100,8,43 00 00 00 00 00 00 58,realtime_baseline,010_realtime_wallclock_capture,software_only_wallclock_capture_no_vehicle_no_can_adapter
1.500235,2026-06-04T11:57:36.260253+00:00,188,8,00 00 00 00 00 00 00 59,realtime_baseline,010_realtime_wallclock_capture,software_only_wallclock_capture_no_vehicle_no_can_adapter
1.500243,2026-06-04T11:57:36.260281+00:00,300,8,94 C2 40 9C 96 56 52 37,realtime_baseline,010_realtime_wallclock_capture,software_only_wallclock_capture_no_vehicle_no_can_adapter
1.540168,2026-06-04T11:57:36.300226+00:00,120,8,06 98 00 00 00 00 00 5B,realtime_baseline,010_realtime_wallclock_capture,software_only_wallclock_capture_no_vehicle_no_can_adapter
1.550111,2026-06-04T11:57:36.310146+00:00,100,8,43 00 00 00 00 00 00 5C,realtime_baseline,010_realtime_wallclock_capture,software_only_wallclock_capture_no_vehicle_no_can_adapter
1.550162,2026-06-04T11:57:36.310180+00:00,188,8,00 00 00 00 00 00 00 5D,realtime_baseline,010_realtime_wallclock_capture,software_only_wallclock_capture_no_vehicle_no_can_adapter
1.600184,2026-06-04T11:57:36.360247+00:00,100,8,3E 00 00 00 00 00 00 5E,realtime_baseline,010_realtime_wallclock_capture,software_only_wallclock_capture_no_vehicle_no_can_adapter
1.600298,2026-06-04T11:57:36.360317+00:00,188,8,00 00 00 00 00 00 00 5F,realtime_baseline,010_realtime_wallclock_capture,software_only_wallclock_capture_no_vehicle_no_can_adapter
1.610157,2026-06-04T11:57:36.370213+00:00,120,8,06 1F 00 00 00 00 00 60,realtime_baseline,010_realtime_wallclock_capture,software_only_wallclock_capture_no_vehicle_no_can_adapter
1.650176,2026-06-04T11:57:36.410240+00:00,100,8,45 00 00 00 00 00 00 61,realtime_baseline,010_realtime_wallclock_capture,software_only_wallclock_capture_no_vehicle_no_can_adapter
1.650282,2026-06-04T11:57:36.410301+00:00,188,8,00 00 00 00 00 00 00 62,realtime_baseline,010_realtime_wallclock_capture,software_only_wallclock_capture_no_vehicle_no_can_adapter
1.680159,2026-06-04T11:57:36.440217+00:00,120,8,06 65 00 00 00 00 00 63,realtime_baseline,010_realtime_wallclock_capture,software_only_wallclock_capture_no_vehicle_no_can_adapter
1.700131,2026-06-04T11:57:36.460184+00:00,100,8,40 00 00 00 00 00 00 64,realtime_baseline,010_realtime_wallclock_capture,software_only_wallclock_capture_no_vehicle_no_can_adapter
1.700218,2026-06-04T11:57:36.460236+00:00,188,8,00 00 00 00 00 00 00 65,realtime_baseline,010_realtime_wallclock_capture,software_only_wallclock_capture_no_vehicle_no_can_adapter
1.750132,2026-06-04T11:57:36.510186+00:00,100,8,44 00 00 00 00 00 00 66,realtime_baseline,010_realtime_wallclock_capture,software_only_wallclock_capture_no_vehicle_no_can_adapter
1.750215,2026-06-04T11:57:36.510233+00:00,188,8,00 00 00 00 00 00 00 67,realtime_baseline,010_realtime_wallclock_capture,software_only_wallclock_capture_no_vehicle_no_can_adapter
1.750243,2026-06-04T11:57:36.510263+00:00,120,8,06 A0 00 00 00 00 00 68,realtime_baseline,010_realtime_wallclock_capture,software_only_wallclock_capture_no_vehicle_no_can_adapter
1.750252,2026-06-04T11:57:36.510290+00:00,300,8,8E A5 46 26 9D ED A9 9B,realtime_baseline,010_realtime_wallclock_capture,software_only_wallclock_capture_no_vehicle_no_can_adapter
1.800128,2026-06-04T11:57:36.560182+00:00,100,8,46 00 00 00 00 00 00 6A,realtime_baseline,010_realtime_wallclock_capture,software_only_wallclock_capture_no_vehicle_no_can_adapter
1.800245,2026-06-04T11:57:36.560264+00:00,188,8,00 00 00 00 00 00 00 6B,realtime_baseline,010_realtime_wallclock_capture,software_only_wallclock_capture_no_vehicle_no_can_adapter
1.820138,2026-06-04T11:57:36.580196+00:00,120,8,05 EF 00 00 00 00 00 6C,realtime_baseline,010_realtime_wallclock_capture,software_only_wallclock_capture_no_vehicle_no_can_adapter
1.850121,2026-06-04T11:57:36.610176+00:00,100,8,40 00 00 00 00 00 00 6D,realtime_baseline,010_realtime_wallclock_capture,software_only_wallclock_capture_no_vehicle_no_can_adapter
1.850204,2026-06-04T11:57:36.610222+00:00,188,8,00 00 00 00 00 00 00 6E,realtime_baseline,010_realtime_wallclock_capture,software_only_wallclock_capture_no_vehicle_no_can_adapter
1.890136,2026-06-04T11:57:36.650188+00:00,120,8,05 F0 00 00 00 00 00 6F,realtime_baseline,010_realtime_wallclock_capture,software_only_wallclock_capture_no_vehicle_no_can_adapter
1.900133,2026-06-04T11:57:36.660188+00:00,100,8,47 00 00 00 00 00 00 70,realtime_baseline,010_realtime_wallclock_capture,software_only_wallclock_capture_no_vehicle_no_can_adapter
1.900220,2026-06-04T11:57:36.660238+00:00,188,8,00 00 00 00 00 00 00 71,realtime_baseline,010_realtime_wallclock_capture,software_only_wallclock_capture_no_vehicle_no_can_adapter
1.950156,2026-06-04T11:57:36.710220+00:00,100,8,3E 00 00 00 00 00 00 72,realtime_baseline,010_realtime_wallclock_capture,software_only_wallclock_capture_no_vehicle_no_can_adapter
1.950261,2026-06-04T11:57:36.710280+00:00,188,8,00 00 00 00 00 00 00 73,realtime_baseline,010_realtime_wallclock_capture,software_only_wallclock_capture_no_vehicle_no_can_adapter
1.960147,2026-06-04T11:57:36.720206+00:00,120,8,06 5F 00 00 00 00 00 74,realtime_baseline,010_realtime_wallclock_capture,software_only_wallclock_capture_no_vehicle_no_can_adapter
2.000143,2026-06-04T11:57:36.760200+00:00,100,8,42 00 00 00 00 00 00 75,realtime_baseline,010_realtime_wallclock_capture,software_only_wallclock_capture_no_vehicle_no_can_adapter
2.000228,2026-06-04T11:57:36.760246+00:00,188,8,00 00 00 00 00 00 00 76,realtime_baseline,010_realtime_wallclock_capture,software_only_wallclock_capture_no_vehicle_no_can_adapter
2.000238,2026-06-04T11:57:36.760313+00:00,300,8,7C E5 16 D5 6B 1A 19 D0,realtime_baseline,010_realtime_wallclock_capture,software_only_wallclock_capture_no_vehicle_no_can_adapter
2.030143,2026-06-04T11:57:36.790207+00:00,120,8,06 50 00 00 00 00 00 78,realtime_baseline,010_realtime_wallclock_capture,software_only_wallclock_capture_no_vehicle_no_can_adapter
2.050137,2026-06-04T11:57:36.810198+00:00,100,8,3E 00 00 00 00 00 00 79,realtime_baseline,010_realtime_wallclock_capture,software_only_wallclock_capture_no_vehicle_no_can_adapter
2.050230,2026-06-04T11:57:36.810248+00:00,188,8,00 00 00 00 00 00 00 7A,realtime_baseline,010_realtime_wallclock_capture,software_only_wallclock_capture_no_vehicle_no_can_adapter
2.100154,2026-06-04T11:57:36.860212+00:00,100,8,40 00 00 00 00 00 00 7B,realtime_baseline,010_realtime_wallclock_capture,software_only_wallclock_capture_no_vehicle_no_can_adapter
2.100245,2026-06-04T11:57:36.860263+00:00,188,8,00 00 00 00 00 00 00 7C,realtime_baseline,010_realtime_wallclock_capture,software_only_wallclock_capture_no_vehicle_no_can_adapter
2.100255,2026-06-04T11:57:36.860276+00:00,120,8,06 7B 00 00 00 00 00 7D,realtime_baseline,010_realtime_wallclock_capture,software_only_wallclock_capture_no_vehicle_no_can_adapter
2.150124,2026-06-04T11:57:36.910174+00:00,100,8,3F 00 00 00 00 00 00 7E,realtime_baseline,010_realtime_wallclock_capture,software_only_wallclock_capture_no_vehicle_no_can_adapter
2.150203,2026-06-04T11:57:36.910221+00:00,188,8,00 00 00 00 00 00 00 7F,realtime_baseline,010_realtime_wallclock_capture,software_only_wallclock_capture_no_vehicle_no_can_adapter
2.170120,2026-06-04T11:57:36.930170+00:00,120,8,06 82 00 00 00 00 00 80,realtime_baseline,010_realtime_wallclock_capture,software_only_wallclock_capture_no_vehicle_no_can_adapter
2.200117,2026-06-04T11:57:36.960172+00:00,100,8,3F 00 00 00 00 00 00 81,realtime_baseline,010_realtime_wallclock_capture,software_only_wallclock_capture_no_vehicle_no_can_adapter
2.200211,2026-06-04T11:57:36.960231+00:00,188,8,00 00 00 00 00 00 00 82,realtime_baseline,010_realtime_wallclock_capture,software_only_wallclock_capture_no_vehicle_no_can_adapter
2.240141,2026-06-04T11:57:37.000195+00:00,120,8,07 4D 00 00 00 00 00 83,realtime_baseline,010_realtime_wallclock_capture,software_only_wallclock_capture_no_vehicle_no_can_adapter
2.250263,2026-06-04T11:57:37.010324+00:00,100,8,41 00 00 00 00 00 00 84,realtime_baseline,010_realtime_wallclock_capture,software_only_wallclock_capture_no_vehicle_no_can_adapter
2.250363,2026-06-04T11:57:37.010382+00:00,188,8,00 00 00 00 00 00 00 85,realtime_baseline,010_realtime_wallclock_capture,software_only_wallclock_capture_no_vehicle_no_can_adapter
2.250374,2026-06-04T11:57:37.010416+00:00,300,8,E1 77 24 DD 39 80 8D 0D,realtime_baseline,010_realtime_wallclock_capture,software_only_wallclock_capture_no_vehicle_no_can_adapter
2.300104,2026-06-04T11:57:37.060152+00:00,100,8,3C 00 00 00 00 00 00 87,realtime_baseline,010_realtime_wallclock_capture,software_only_wallclock_capture_no_vehicle_no_can_adapter
2.300200,2026-06-04T11:57:37.060220+00:00,188,8,00 00 00 00 00 00 00 88,realtime_baseline,010_realtime_wallclock_capture,software_only_wallclock_capture_no_vehicle_no_can_adapter
2.310123,2026-06-04T11:57:37.070176+00:00,120,8,07 1D 00 00 00 00 00 89,realtime_baseline,010_realtime_wallclock_capture,software_only_wallclock_capture_no_vehicle_no_can_adapter
2.350149,2026-06-04T11:57:37.110204+00:00,100,8,3D 00 00 00 00 00 00 8A,realtime_baseline,010_realtime_wallclock_capture,software_only_wallclock_capture_no_vehicle_no_can_adapter
2.350253,2026-06-04T11:57:37.110271+00:00,188,8,00 00 00 00 00 00 00 8B,realtime_baseline,010_realtime_wallclock_capture,software_only_wallclock_capture_no_vehicle_no_can_adapter
2.380112,2026-06-04T11:57:37.140167+00:00,120,8,07 44 00 00 00 00 00 8C,realtime_baseline,010_realtime_wallclock_capture,software_only_wallclock_capture_no_vehicle_no_can_adapter
2.400106,2026-06-04T11:57:37.160156+00:00,100,8,44 00 00 00 00 00 00 8D,realtime_baseline,010_realtime_wallclock_capture,software_only_wallclock_capture_no_vehicle_no_can_adapter
2.400182,2026-06-04T11:57:37.160200+00:00,188,8,00 00 00 00 00 00 00 8E,realtime_baseline,010_realtime_wallclock_capture,software_only_wallclock_capture_no_vehicle_no_can_adapter
2.450098,2026-06-04T11:57:37.210155+00:00,100,8,3D 00 00 00 00 00 00 8F,realtime_baseline,010_realtime_wallclock_capture,software_only_wallclock_capture_no_vehicle_no_can_adapter
2.450191,2026-06-04T11:57:37.210209+00:00,188,8,00 00 00 00 00 00 00 90,realtime_baseline,010_realtime_wallclock_capture,software_only_wallclock_capture_no_vehicle_no_can_adapter
2.450201,2026-06-04T11:57:37.210221+00:00,120,8,06 9F 00 00 00 00 00 91,realtime_baseline,010_realtime_wallclock_capture,software_only_wallclock_capture_no_vehicle_no_can_adapter
2.500095,2026-06-04T11:57:37.260149+00:00,100,8,47 00 00 00 00 00 00 92,realtime_baseline,010_realtime_wallclock_capture,software_only_wallclock_capture_no_vehicle_no_can_adapter
2.500183,2026-06-04T11:57:37.260200+00:00,188,8,00 00 00 00 00 00 00 93,realtime_baseline,010_realtime_wallclock_capture,software_only_wallclock_capture_no_vehicle_no_can_adapter
2.500192,2026-06-04T11:57:37.260237+00:00,300,8,A1 43 5B 38 32 EE F4 65,realtime_baseline,010_realtime_wallclock_capture,software_only_wallclock_capture_no_vehicle_no_can_adapter
2.520061,2026-06-04T11:57:37.280117+00:00,120,8,07 32 00 00 00 00 00 95,realtime_baseline,010_realtime_wallclock_capture,software_only_wallclock_capture_no_vehicle_no_can_adapter
2.550158,2026-06-04T11:57:37.310215+00:00,100,8,45 00 00 00 00 00 00 96,realtime_baseline,010_realtime_wallclock_capture,software_only_wallclock_capture_no_vehicle_no_can_adapter
2.550252,2026-06-04T11:57:37.310270+00:00,188,8,00 00 00 00 00 00 00 97,realtime_baseline,010_realtime_wallclock_capture,software_only_wallclock_capture_no_vehicle_no_can_adapter
2.590132,2026-06-04T11:57:37.350194+00:00,120,8,06 C3 00 00 00 00 00 98,realtime_baseline,010_realtime_wallclock_capture,software_only_wallclock_capture_no_vehicle_no_can_adapter
2.600130,2026-06-04T11:57:37.360187+00:00,100,8,46 00 00 00 00 00 00 99,realtime_baseline,010_realtime_wallclock_capture,software_only_wallclock_capture_no_vehicle_no_can_adapter
2.600224,2026-06-04T11:57:37.360243+00:00,188,8,00 00 00 00 00 00 00 9A,realtime_baseline,010_realtime_wallclock_capture,software_only_wallclock_capture_no_vehicle_no_can_adapter
2.650178,2026-06-04T11:57:37.410237+00:00,100,8,3D 00 00 00 00 00 00 9B,realtime_baseline,010_realtime_wallclock_capture,software_only_wallclock_capture_no_vehicle_no_can_adapter
2.650266,2026-06-04T11:57:37.410284+00:00,188,8,00 00 00 00 00 00 00 9C,realtime_baseline,010_realtime_wallclock_capture,software_only_wallclock_capture_no_vehicle_no_can_adapter
2.660108,2026-06-04T11:57:37.420161+00:00,120,8,06 2B 00 00 00 00 00 9D,realtime_baseline,010_realtime_wallclock_capture,software_only_wallclock_capture_no_vehicle_no_can_adapter
2.700107,2026-06-04T11:57:37.460166+00:00,100,8,40 00 00 00 00 00 00 9E,realtime_baseline,010_realtime_wallclock_capture,software_only_wallclock_capture_no_vehicle_no_can_adapter
2.700210,2026-06-04T11:57:37.460228+00:00,188,8,00 00 00 00 00 00 00 9F,realtime_baseline,010_realtime_wallclock_capture,software_only_wallclock_capture_no_vehicle_no_can_adapter
2.730130,2026-06-04T11:57:37.490193+00:00,120,8,06 96 00 00 00 00 00 A0,realtime_baseline,010_realtime_wallclock_capture,software_only_wallclock_capture_no_vehicle_no_can_adapter
2.750121,2026-06-04T11:57:37.510175+00:00,100,8,3F 00 00 00 00 00 00 A1,realtime_baseline,010_realtime_wallclock_capture,software_only_wallclock_capture_no_vehicle_no_can_adapter
2.750203,2026-06-04T11:57:37.510220+00:00,188,8,00 00 00 00 00 00 00 A2,realtime_baseline,010_realtime_wallclock_capture,software_only_wallclock_capture_no_vehicle_no_can_adapter
2.750212,2026-06-04T11:57:37.510258+00:00,300,8,01 BD 83 88 10 9B 7B 9C,realtime_baseline,010_realtime_wallclock_capture,software_only_wallclock_capture_no_vehicle_no_can_adapter
2.800119,2026-06-04T11:57:37.560220+00:00,100,8,41 00 00 00 00 00 00 A4,realtime_baseline,010_realtime_wallclock_capture,software_only_wallclock_capture_no_vehicle_no_can_adapter
2.800253,2026-06-04T11:57:37.560271+00:00,188,8,00 00 00 00 00 00 00 A5,realtime_baseline,010_realtime_wallclock_capture,software_only_wallclock_capture_no_vehicle_no_can_adapter
2.800264,2026-06-04T11:57:37.560285+00:00,120,8,06 70 00 00 00 00 00 A6,realtime_baseline,010_realtime_wallclock_capture,software_only_wallclock_capture_no_vehicle_no_can_adapter
2.850142,2026-06-04T11:57:37.610199+00:00,100,8,44 00 00 00 00 00 00 A7,realtime_baseline,010_realtime_wallclock_capture,software_only_wallclock_capture_no_vehicle_no_can_adapter
2.850240,2026-06-04T11:57:37.610259+00:00,188,8,00 00 00 00 00 00 00 A8,realtime_baseline,010_realtime_wallclock_capture,software_only_wallclock_capture_no_vehicle_no_can_adapter
2.870147,2026-06-04T11:57:37.630206+00:00,120,8,06 59 00 00 00 00 00 A9,realtime_baseline,010_realtime_wallclock_capture,software_only_wallclock_capture_no_vehicle_no_can_adapter
2.900110,2026-06-04T11:57:37.660162+00:00,100,8,3F 00 00 00 00 00 00 AA,realtime_baseline,010_realtime_wallclock_capture,software_only_wallclock_capture_no_vehicle_no_can_adapter
2.900200,2026-06-04T11:57:37.660219+00:00,188,8,00 00 00 00 00 00 00 AB,realtime_baseline,010_realtime_wallclock_capture,software_only_wallclock_capture_no_vehicle_no_can_adapter
2.940175,2026-06-04T11:57:37.700231+00:00,120,8,06 FB 00 00 00 00 00 AC,realtime_baseline,010_realtime_wallclock_capture,software_only_wallclock_capture_no_vehicle_no_can_adapter
2.950147,2026-06-04T11:57:37.710197+00:00,100,8,3D 00 00 00 00 00 00 AD,realtime_baseline,010_realtime_wallclock_capture,software_only_wallclock_capture_no_vehicle_no_can_adapter
2.950221,2026-06-04T11:57:37.710238+00:00,188,8,00 00 00 00 00 00 00 AE,realtime_baseline,010_realtime_wallclock_capture,software_only_wallclock_capture_no_vehicle_no_can_adapter
3.000116,2026-06-04T11:57:37.760167+00:00,100,8,44 00 00 00 00 00 00 AF,realtime_baseline,010_realtime_wallclock_capture,software_only_wallclock_capture_no_vehicle_no_can_adapter
3.000195,2026-06-04T11:57:37.760213+00:00,188,8,00 00 00 00 00 00 00 B0,realtime_baseline,010_realtime_wallclock_capture,software_only_wallclock_capture_no_vehicle_no_can_adapter
3.000203,2026-06-04T11:57:37.760255+00:00,300,8,C8 95 54 BF 61 B0 66 AF,realtime_baseline,010_realtime_wallclock_capture,software_only_wallclock_capture_no_vehicle_no_can_adapter
3.010148,2026-06-04T11:57:37.770190+00:00,120,8,06 EA 00 00 00 00 00 B2,realtime_baseline,010_realtime_wallclock_capture,software_only_wallclock_capture_no_vehicle_no_can_adapter
3.050115,2026-06-04T11:57:37.810165+00:00,100,8,47 00 00 00 00 00 00 B3,realtime_baseline,010_realtime_wallclock_capture,software_only_wallclock_capture_no_vehicle_no_can_adapter
3.050193,2026-06-04T11:57:37.810210+00:00,188,8,00 00 00 00 00 00 00 B4,realtime_baseline,010_realtime_wallclock_capture,software_only_wallclock_capture_no_vehicle_no_can_adapter
3.080133,2026-06-04T11:57:37.840186+00:00,120,8,06 6C 00 00 00 00 00 B5,realtime_baseline,010_realtime_wallclock_capture,software_only_wallclock_capture_no_vehicle_no_can_adapter
3.100173,2026-06-04T11:57:37.860236+00:00,100,8,3C 00 00 00 00 00 00 B6,realtime_baseline,010_realtime_wallclock_capture,software_only_wallclock_capture_no_vehicle_no_can_adapter
3.100299,2026-06-04T11:57:37.860317+00:00,188,8,00 00 00 00 00 00 00 B7,realtime_baseline,010_realtime_wallclock_capture,software_only_wallclock_capture_no_vehicle_no_can_adapter
3.150139,2026-06-04T11:57:37.910194+00:00,100,8,40 00 00 00 00 00 00 B8,realtime_baseline,010_realtime_wallclock_capture,software_only_wallclock_capture_no_vehicle_no_can_adapter
3.150251,2026-06-04T11:57:37.910270+00:00,188,8,00 00 00 00 00 00 00 B9,realtime_baseline,010_realtime_wallclock_capture,software_only_wallclock_capture_no_vehicle_no_can_adapter
3.150263,2026-06-04T11:57:37.910284+00:00,120,8,07 12 00 00 00 00 00 BA,realtime_baseline,010_realtime_wallclock_capture,software_only_wallclock_capture_no_vehicle_no_can_adapter
3.200151,2026-06-04T11:57:37.960205+00:00,100,8,45 00 00 00 00 00 00 BB,realtime_baseline,010_realtime_wallclock_capture,software_only_wallclock_capture_no_vehicle_no_can_adapter
3.200237,2026-06-04T11:57:37.960254+00:00,188,8,00 00 00 00 00 00 00 BC,realtime_baseline,010_realtime_wallclock_capture,software_only_wallclock_capture_no_vehicle_no_can_adapter
3.220161,2026-06-04T11:57:37.980226+00:00,120,8,06 22 00 00 00 00 00 BD,realtime_baseline,010_realtime_wallclock_capture,software_only_wallclock_capture_no_vehicle_no_can_adapter
3.250149,2026-06-04T11:57:38.010207+00:00,100,8,41 00 00 00 00 00 00 BE,realtime_baseline,010_realtime_wallclock_capture,software_only_wallclock_capture_no_vehicle_no_can_adapter
3.250239,2026-06-04T11:57:38.010257+00:00,188,8,00 00 00 00 00 00 00 BF,realtime_baseline,010_realtime_wallclock_capture,software_only_wallclock_capture_no_vehicle_no_can_adapter
3.250250,2026-06-04T11:57:38.010291+00:00,300,8,9C 6E 5E 7D A9 DF F3 F8,realtime_baseline,010_realtime_wallclock_capture,software_only_wallclock_capture_no_vehicle_no_can_adapter
3.290174,2026-06-04T11:57:38.050244+00:00,120,8,07 2E 00 00 00 00 00 C1,realtime_baseline,010_realtime_wallclock_capture,software_only_wallclock_capture_no_vehicle_no_can_adapter
3.300132,2026-06-04T11:57:38.060185+00:00,100,8,40 00 00 00 00 00 00 C2,realtime_baseline,010_realtime_wallclock_capture,software_only_wallclock_capture_no_vehicle_no_can_adapter
3.300224,2026-06-04T11:57:38.060244+00:00,188,8,00 00 00 00 00 00 00 C3,realtime_baseline,010_realtime_wallclock_capture,software_only_wallclock_capture_no_vehicle_no_can_adapter
3.350157,2026-06-04T11:57:38.110223+00:00,100,8,40 00 00 00 00 00 00 C4,realtime_baseline,010_realtime_wallclock_capture,software_only_wallclock_capture_no_vehicle_no_can_adapter
3.350268,2026-06-04T11:57:38.110287+00:00,188,8,00 00 00 00 00 00 00 C5,realtime_baseline,010_realtime_wallclock_capture,software_only_wallclock_capture_no_vehicle_no_can_adapter
3.360133,2026-06-04T11:57:38.120195+00:00,120,8,06 75 00 00 00 00 00 C6,realtime_baseline,010_realtime_wallclock_capture,software_only_wallclock_capture_no_vehicle_no_can_adapter
3.400160,2026-06-04T11:57:38.160225+00:00,100,8,40 00 00 00 00 00 00 C7,realtime_baseline,010_realtime_wallclock_capture,software_only_wallclock_capture_no_vehicle_no_can_adapter
3.400258,2026-06-04T11:57:38.160276+00:00,188,8,00 00 00 00 00 00 00 C8,realtime_baseline,010_realtime_wallclock_capture,software_only_wallclock_capture_no_vehicle_no_can_adapter
3.430132,2026-06-04T11:57:38.190209+00:00,120,8,06 85 00 00 00 00 00 C9,realtime_baseline,010_realtime_wallclock_capture,software_only_wallclock_capture_no_vehicle_no_can_adapter
3.450149,2026-06-04T11:57:38.210209+00:00,100,8,3C 00 00 00 00 00 00 CA,realtime_baseline,010_realtime_wallclock_capture,software_only_wallclock_capture_no_vehicle_no_can_adapter
3.450251,2026-06-04T11:57:38.210271+00:00,188,8,00 00 00 00 00 00 00 CB,realtime_baseline,010_realtime_wallclock_capture,software_only_wallclock_capture_no_vehicle_no_can_adapter
3.500168,2026-06-04T11:57:38.260232+00:00,100,8,47 00 00 00 00 00 00 CC,realtime_baseline,010_realtime_wallclock_capture,software_only_wallclock_capture_no_vehicle_no_can_adapter
3.500275,2026-06-04T11:57:38.260293+00:00,188,8,00 00 00 00 00 00 00 CD,realtime_baseline,010_realtime_wallclock_capture,software_only_wallclock_capture_no_vehicle_no_can_adapter
3.500286,2026-06-04T11:57:38.260307+00:00,120,8,06 46 00 00 00 00 00 CE,realtime_baseline,010_realtime_wallclock_capture,software_only_wallclock_capture_no_vehicle_no_can_adapter
3.500298,2026-06-04T11:57:38.260342+00:00,300,8,16 23 E8 62 15 AF 52 9D,realtime_baseline,010_realtime_wallclock_capture,software_only_wallclock_capture_no_vehicle_no_can_adapter
3.550148,2026-06-04T11:57:38.310214+00:00,100,8,40 00 00 00 00 00 00 D0,realtime_baseline,010_realtime_wallclock_capture,software_only_wallclock_capture_no_vehicle_no_can_adapter
3.550270,2026-06-04T11:57:38.310289+00:00,188,8,00 00 00 00 00 00 00 D1,realtime_baseline,010_realtime_wallclock_capture,software_only_wallclock_capture_no_vehicle_no_can_adapter
3.570152,2026-06-04T11:57:38.330209+00:00,120,8,06 DC 00 00 00 00 00 D2,realtime_baseline,010_realtime_wallclock_capture,software_only_wallclock_capture_no_vehicle_no_can_adapter
3.600171,2026-06-04T11:57:38.360232+00:00,100,8,42 00 00 00 00 00 00 D3,realtime_baseline,010_realtime_wallclock_capture,software_only_wallclock_capture_no_vehicle_no_can_adapter
3.600274,2026-06-04T11:57:38.360292+00:00,188,8,00 00 00 00 00 00 00 D4,realtime_baseline,010_realtime_wallclock_capture,software_only_wallclock_capture_no_vehicle_no_can_adapter
3.640159,2026-06-04T11:57:38.400215+00:00,120,8,07 25 00 00 00 00 00 D5,realtime_baseline,010_realtime_wallclock_capture,software_only_wallclock_capture_no_vehicle_no_can_adapter
3.650115,2026-06-04T11:57:38.410162+00:00,100,8,3D 00 00 00 00 00 00 D6,realtime_baseline,010_realtime_wallclock_capture,software_only_wallclock_capture_no_vehicle_no_can_adapter
3.650188,2026-06-04T11:57:38.410206+00:00,188,8,00 00 00 00 00 00 00 D7,realtime_baseline,010_realtime_wallclock_capture,software_only_wallclock_capture_no_vehicle_no_can_adapter
3.700128,2026-06-04T11:57:38.460180+00:00,100,8,44 00 00 00 00 00 00 D8,realtime_baseline,010_realtime_wallclock_capture,software_only_wallclock_capture_no_vehicle_no_can_adapter
3.700232,2026-06-04T11:57:38.460251+00:00,188,8,00 00 00 00 00 00 00 D9,realtime_baseline,010_realtime_wallclock_capture,software_only_wallclock_capture_no_vehicle_no_can_adapter
3.710105,2026-06-04T11:57:38.470168+00:00,120,8,07 28 00 00 00 00 00 DA,realtime_baseline,010_realtime_wallclock_capture,software_only_wallclock_capture_no_vehicle_no_can_adapter
3.750106,2026-06-04T11:57:38.510151+00:00,100,8,46 00 00 00 00 00 00 DB,realtime_baseline,010_realtime_wallclock_capture,software_only_wallclock_capture_no_vehicle_no_can_adapter
3.750173,2026-06-04T11:57:38.510191+00:00,188,8,00 00 00 00 00 00 00 DC,realtime_baseline,010_realtime_wallclock_capture,software_only_wallclock_capture_no_vehicle_no_can_adapter
3.750181,2026-06-04T11:57:38.510217+00:00,300,8,0D CF 3D BD 63 CB 71 0B,realtime_baseline,010_realtime_wallclock_capture,software_only_wallclock_capture_no_vehicle_no_can_adapter
3.780122,2026-06-04T11:57:38.540175+00:00,120,8,06 47 00 00 00 00 00 DE,realtime_baseline,010_realtime_wallclock_capture,software_only_wallclock_capture_no_vehicle_no_can_adapter
3.800145,2026-06-04T11:57:38.560194+00:00,100,8,3C 00 00 00 00 00 00 DF,realtime_baseline,010_realtime_wallclock_capture,software_only_wallclock_capture_no_vehicle_no_can_adapter
3.800225,2026-06-04T11:57:38.560245+00:00,188,8,00 00 00 00 00 00 00 E0,realtime_baseline,010_realtime_wallclock_capture,software_only_wallclock_capture_no_vehicle_no_can_adapter
3.850148,2026-06-04T11:57:38.610262+00:00,100,8,44 00 00 00 00 00 00 E1,realtime_baseline,010_realtime_wallclock_capture,software_only_wallclock_capture_no_vehicle_no_can_adapter
3.850303,2026-06-04T11:57:38.610322+00:00,188,8,00 00 00 00 00 00 00 E2,realtime_baseline,010_realtime_wallclock_capture,software_only_wallclock_capture_no_vehicle_no_can_adapter
3.850314,2026-06-04T11:57:38.610337+00:00,120,8,06 B9 00 00 00 00 00 E3,realtime_baseline,010_realtime_wallclock_capture,software_only_wallclock_capture_no_vehicle_no_can_adapter
3.900116,2026-06-04T11:57:38.660170+00:00,100,8,46 00 00 00 00 00 00 E4,realtime_baseline,010_realtime_wallclock_capture,software_only_wallclock_capture_no_vehicle_no_can_adapter
3.900203,2026-06-04T11:57:38.660222+00:00,188,8,00 00 00 00 00 00 00 E5,realtime_baseline,010_realtime_wallclock_capture,software_only_wallclock_capture_no_vehicle_no_can_adapter
3.920118,2026-06-04T11:57:38.680177+00:00,120,8,06 00 00 00 00 00 00 E6,realtime_baseline,010_realtime_wallclock_capture,software_only_wallclock_capture_no_vehicle_no_can_adapter
3.950134,2026-06-04T11:57:38.710186+00:00,100,8,43 00 00 00 00 00 00 E7,realtime_baseline,010_realtime_wallclock_capture,software_only_wallclock_capture_no_vehicle_no_can_adapter
3.950215,2026-06-04T11:57:38.710233+00:00,188,8,00 00 00 00 00 00 00 E8,realtime_baseline,010_realtime_wallclock_capture,software_only_wallclock_capture_no_vehicle_no_can_adapter
3.990131,2026-06-04T11:57:38.750187+00:00,120,8,07 2E 00 00 00 00 00 E9,realtime_baseline,010_realtime_wallclock_capture,software_only_wallclock_capture_no_vehicle_no_can_adapter
4.000130,2026-06-04T11:57:38.760198+00:00,100,8,3F 00 00 00 00 00 00 EA,realtime_baseline,010_realtime_wallclock_capture,software_only_wallclock_capture_no_vehicle_no_can_adapter
4.000217,2026-06-04T11:57:38.760235+00:00,188,8,00 00 00 00 00 00 00 EB,realtime_baseline,010_realtime_wallclock_capture,software_only_wallclock_capture_no_vehicle_no_can_adapter
4.000228,2026-06-04T11:57:38.760275+00:00,300,8,44 64 6D D4 03 AE D2 B6,realtime_baseline,010_realtime_wallclock_capture,software_only_wallclock_capture_no_vehicle_no_can_adapter
4.050131,2026-06-04T11:57:38.810188+00:00,100,8,41 00 00 00 00 00 00 ED,realtime_baseline,010_realtime_wallclock_capture,software_only_wallclock_capture_no_vehicle_no_can_adapter
4.050225,2026-06-04T11:57:38.810244+00:00,188,8,00 00 00 00 00 00 00 EE,realtime_baseline,010_realtime_wallclock_capture,software_only_wallclock_capture_no_vehicle_no_can_adapter
4.060163,2026-06-04T11:57:38.820220+00:00,120,8,06 62 00 00 00 00 00 EF,realtime_baseline,010_realtime_wallclock_capture,software_only_wallclock_capture_no_vehicle_no_can_adapter
4.100151,2026-06-04T11:57:38.860205+00:00,100,8,3F 00 00 00 00 00 00 F0,realtime_baseline,010_realtime_wallclock_capture,software_only_wallclock_capture_no_vehicle_no_can_adapter
4.100232,2026-06-04T11:57:38.860250+00:00,188,8,00 00 00 00 00 00 00 F1,realtime_baseline,010_realtime_wallclock_capture,software_only_wallclock_capture_no_vehicle_no_can_adapter
4.130123,2026-06-04T11:57:38.890174+00:00,120,8,06 C3 00 00 00 00 00 F2,realtime_baseline,010_realtime_wallclock_capture,software_only_wallclock_capture_no_vehicle_no_can_adapter
4.150167,2026-06-04T11:57:38.910230+00:00,100,8,41 00 00 00 00 00 00 F3,realtime_baseline,010_realtime_wallclock_capture,software_only_wallclock_capture_no_vehicle_no_can_adapter
4.150270,2026-06-04T11:57:38.910289+00:00,188,8,00 00 00 00 00 00 00 F4,realtime_baseline,010_realtime_wallclock_capture,software_only_wallclock_capture_no_vehicle_no_can_adapter
4.200197,2026-06-04T11:57:38.960261+00:00,100,8,47 00 00 00 00 00 00 F5,realtime_baseline,010_realtime_wallclock_capture,software_only_wallclock_capture_no_vehicle_no_can_adapter
4.200304,2026-06-04T11:57:38.960323+00:00,188,8,00 00 00 00 00 00 00 F6,realtime_baseline,010_realtime_wallclock_capture,software_only_wallclock_capture_no_vehicle_no_can_adapter
4.200319,2026-06-04T11:57:38.960341+00:00,120,8,07 3E 00 00 00 00 00 F7,realtime_baseline,010_realtime_wallclock_capture,software_only_wallclock_capture_no_vehicle_no_can_adapter
4.250217,2026-06-04T11:57:39.010280+00:00,100,8,40 00 00 00 00 00 00 F8,realtime_baseline,010_realtime_wallclock_capture,software_only_wallclock_capture_no_vehicle_no_can_adapter
4.250321,2026-06-04T11:57:39.010341+00:00,188,8,00 00 00 00 00 00 00 F9,realtime_baseline,010_realtime_wallclock_capture,software_only_wallclock_capture_no_vehicle_no_can_adapter
4.250336,2026-06-04T11:57:39.010410+00:00,300,8,D0 F7 FE 28 15 EB 00 B4,realtime_baseline,010_realtime_wallclock_capture,software_only_wallclock_capture_no_vehicle_no_can_adapter
4.270160,2026-06-04T11:57:39.030217+00:00,120,8,06 B7 00 00 00 00 00 FB,realtime_baseline,010_realtime_wallclock_capture,software_only_wallclock_capture_no_vehicle_no_can_adapter
4.300160,2026-06-04T11:57:39.060221+00:00,100,8,3D 00 00 00 00 00 00 FC,realtime_baseline,010_realtime_wallclock_capture,software_only_wallclock_capture_no_vehicle_no_can_adapter
4.300260,2026-06-04T11:57:39.060278+00:00,188,8,00 00 00 00 00 00 00 FD,realtime_baseline,010_realtime_wallclock_capture,software_only_wallclock_capture_no_vehicle_no_can_adapter
4.340156,2026-06-04T11:57:39.100220+00:00,120,8,07 15 00 00 00 00 00 FE,realtime_baseline,010_realtime_wallclock_capture,software_only_wallclock_capture_no_vehicle_no_can_adapter
4.350142,2026-06-04T11:57:39.110190+00:00,100,8,47 00 00 00 00 00 00 FF,realtime_baseline,010_realtime_wallclock_capture,software_only_wallclock_capture_no_vehicle_no_can_adapter
4.350242,2026-06-04T11:57:39.110261+00:00,188,8,00 00 00 00 00 00 00 00,realtime_baseline,010_realtime_wallclock_capture,software_only_wallclock_capture_no_vehicle_no_can_adapter
4.400113,2026-06-04T11:57:39.160164+00:00,100,8,3F 00 00 00 00 00 00 01,realtime_baseline,010_realtime_wallclock_capture,software_only_wallclock_capture_no_vehicle_no_can_adapter
4.400190,2026-06-04T11:57:39.160207+00:00,188,8,00 00 00 00 00 00 00 02,realtime_baseline,010_realtime_wallclock_capture,software_only_wallclock_capture_no_vehicle_no_can_adapter
4.410107,2026-06-04T11:57:39.170146+00:00,120,8,06 B3 00 00 00 00 00 03,realtime_baseline,010_realtime_wallclock_capture,software_only_wallclock_capture_no_vehicle_no_can_adapter
4.450138,2026-06-04T11:57:39.210189+00:00,100,8,3E 00 00 00 00 00 00 04,realtime_baseline,010_realtime_wallclock_capture,software_only_wallclock_capture_no_vehicle_no_can_adapter
4.450217,2026-06-04T11:57:39.210235+00:00,188,8,00 00 00 00 00 00 00 05,realtime_baseline,010_realtime_wallclock_capture,software_only_wallclock_capture_no_vehicle_no_can_adapter
4.480111,2026-06-04T11:57:39.240159+00:00,120,8,07 39 00 00 00 00 00 06,realtime_baseline,010_realtime_wallclock_capture,software_only_wallclock_capture_no_vehicle_no_can_adapter
4.500132,2026-06-04T11:57:39.260180+00:00,100,8,47 00 00 00 00 00 00 07,realtime_baseline,010_realtime_wallclock_capture,software_only_wallclock_capture_no_vehicle_no_can_adapter
4.500203,2026-06-04T11:57:39.260221+00:00,188,8,00 00 00 00 00 00 00 08,realtime_baseline,010_realtime_wallclock_capture,software_only_wallclock_capture_no_vehicle_no_can_adapter
4.500212,2026-06-04T11:57:39.260250+00:00,300,8,63 80 0C B2 3B A8 1E A4,realtime_baseline,010_realtime_wallclock_capture,software_only_wallclock_capture_no_vehicle_no_can_adapter
4.550178,2026-06-04T11:57:39.310240+00:00,100,8,3E 00 00 00 00 00 00 0A,realtime_baseline,010_realtime_wallclock_capture,software_only_wallclock_capture_no_vehicle_no_can_adapter
4.550280,2026-06-04T11:57:39.310299+00:00,188,8,00 00 00 00 00 00 00 0B,realtime_baseline,010_realtime_wallclock_capture,software_only_wallclock_capture_no_vehicle_no_can_adapter
4.550293,2026-06-04T11:57:39.310314+00:00,120,8,06 DB 00 00 00 00 00 0C,realtime_baseline,010_realtime_wallclock_capture,software_only_wallclock_capture_no_vehicle_no_can_adapter
4.600130,2026-06-04T11:57:39.360193+00:00,100,8,3C 00 00 00 00 00 00 0D,realtime_baseline,010_realtime_wallclock_capture,software_only_wallclock_capture_no_vehicle_no_can_adapter
4.600234,2026-06-04T11:57:39.360255+00:00,188,8,00 00 00 00 00 00 00 0E,realtime_baseline,010_realtime_wallclock_capture,software_only_wallclock_capture_no_vehicle_no_can_adapter
4.621526,2026-06-04T11:57:39.381591+00:00,120,8,06 89 00 00 00 00 00 0F,realtime_baseline,010_realtime_wallclock_capture,software_only_wallclock_capture_no_vehicle_no_can_adapter
4.650091,2026-06-04T11:57:39.410141+00:00,100,8,3C 00 00 00 00 00 00 10,realtime_baseline,010_realtime_wallclock_capture,software_only_wallclock_capture_no_vehicle_no_can_adapter
4.650168,2026-06-04T11:57:39.410186+00:00,188,8,00 00 00 00 00 00 00 11,realtime_baseline,010_realtime_wallclock_capture,software_only_wallclock_capture_no_vehicle_no_can_adapter
4.690160,2026-06-04T11:57:39.450219+00:00,120,8,07 18 00 00 00 00 00 12,realtime_baseline,010_realtime_wallclock_capture,software_only_wallclock_capture_no_vehicle_no_can_adapter
4.700103,2026-06-04T11:57:39.460146+00:00,100,8,46 00 00 00 00 00 00 13,realtime_baseline,010_realtime_wallclock_capture,software_only_wallclock_capture_no_vehicle_no_can_adapter
4.700203,2026-06-04T11:57:39.460222+00:00,188,8,00 00 00 00 00 00 00 14,realtime_baseline,010_realtime_wallclock_capture,software_only_wallclock_capture_no_vehicle_no_can_adapter
4.750132,2026-06-04T11:57:39.510198+00:00,100,8,46 00 00 00 00 00 00 15,realtime_baseline,010_realtime_wallclock_capture,software_only_wallclock_capture_no_vehicle_no_can_adapter
4.750239,2026-06-04T11:57:39.510258+00:00,188,8,00 00 00 00 00 00 00 16,realtime_baseline,010_realtime_wallclock_capture,software_only_wallclock_capture_no_vehicle_no_can_adapter
4.750251,2026-06-04T11:57:39.510294+00:00,300,8,FD 99 A1 D2 48 49 0F 68,realtime_baseline,010_realtime_wallclock_capture,software_only_wallclock_capture_no_vehicle_no_can_adapter
4.760150,2026-06-04T11:57:39.520211+00:00,120,8,06 19 00 00 00 00 00 18,realtime_baseline,010_realtime_wallclock_capture,software_only_wallclock_capture_no_vehicle_no_can_adapter
4.800148,2026-06-04T11:57:39.560202+00:00,100,8,44 00 00 00 00 00 00 19,realtime_baseline,010_realtime_wallclock_capture,software_only_wallclock_capture_no_vehicle_no_can_adapter
4.800230,2026-06-04T11:57:39.560275+00:00,188,8,00 00 00 00 00 00 00 1A,realtime_baseline,010_realtime_wallclock_capture,software_only_wallclock_capture_no_vehicle_no_can_adapter
4.830160,2026-06-04T11:57:39.590223+00:00,120,8,06 3F 00 00 00 00 00 1B,realtime_baseline,010_realtime_wallclock_capture,software_only_wallclock_capture_no_vehicle_no_can_adapter
4.850104,2026-06-04T11:57:39.610144+00:00,100,8,3F 00 00 00 00 00 00 1C,realtime_baseline,010_realtime_wallclock_capture,software_only_wallclock_capture_no_vehicle_no_can_adapter
4.850164,2026-06-04T11:57:39.610182+00:00,188,8,00 00 00 00 00 00 00 1D,realtime_baseline,010_realtime_wallclock_capture,software_only_wallclock_capture_no_vehicle_no_can_adapter
4.900130,2026-06-04T11:57:39.660182+00:00,100,8,41 00 00 00 00 00 00 1E,realtime_baseline,010_realtime_wallclock_capture,software_only_wallclock_capture_no_vehicle_no_can_adapter
4.900214,2026-06-04T11:57:39.660232+00:00,188,8,00 00 00 00 00 00 00 1F,realtime_baseline,010_realtime_wallclock_capture,software_only_wallclock_capture_no_vehicle_no_can_adapter
4.900223,2026-06-04T11:57:39.660242+00:00,120,8,07 2E 00 00 00 00 00 20,realtime_baseline,010_realtime_wallclock_capture,software_only_wallclock_capture_no_vehicle_no_can_adapter
4.950108,2026-06-04T11:57:39.710158+00:00,100,8,40 00 00 00 00 00 00 21,realtime_baseline,010_realtime_wallclock_capture,software_only_wallclock_capture_no_vehicle_no_can_adapter
4.950184,2026-06-04T11:57:39.710201+00:00,188,8,00 00 00 00 00 00 00 22,realtime_baseline,010_realtime_wallclock_capture,software_only_wallclock_capture_no_vehicle_no_can_adapter
4.970153,2026-06-04T11:57:39.730209+00:00,120,8,07 04 00 00 00 00 00 23,realtime_baseline,010_realtime_wallclock_capture,software_only_wallclock_capture_no_vehicle_no_can_adapter
5.000121,2026-06-04T11:57:39.760178+00:00,100,8,46 00 00 00 00 00 00 24,realtime_baseline,010_realtime_wallclock_capture,software_only_wallclock_capture_no_vehicle_no_can_adapter
5.000210,2026-06-04T11:57:39.760228+00:00,188,8,00 00 00 00 00 00 00 25,realtime_baseline,010_realtime_wallclock_capture,software_only_wallclock_capture_no_vehicle_no_can_adapter
5.000219,2026-06-04T11:57:39.760280+00:00,300,8,6B 61 56 B5 29 73 9E E2,realtime_baseline,010_realtime_wallclock_capture,software_only_wallclock_capture_no_vehicle_no_can_adapter
5.040115,2026-06-04T11:57:39.800180+00:00,120,8,05 E2 00 00 00 00 00 27,realtime_baseline,010_realtime_wallclock_capture,software_only_wallclock_capture_no_vehicle_no_can_adapter
5.050098,2026-06-04T11:57:39.810137+00:00,100,8,40 00 00 00 00 00 00 28,realtime_baseline,010_realtime_wallclock_capture,software_only_wallclock_capture_no_vehicle_no_can_adapter
5.050154,2026-06-04T11:57:39.810173+00:00,188,8,00 00 00 00 00 00 00 29,realtime_baseline,010_realtime_wallclock_capture,software_only_wallclock_capture_no_vehicle_no_can_adapter
5.100114,2026-06-04T11:57:39.860178+00:00,100,8,40 00 00 00 00 00 00 2A,realtime_baseline,010_realtime_wallclock_capture,software_only_wallclock_capture_no_vehicle_no_can_adapter
5.100210,2026-06-04T11:57:39.860228+00:00,188,8,00 00 00 00 00 00 00 2B,realtime_baseline,010_realtime_wallclock_capture,software_only_wallclock_capture_no_vehicle_no_can_adapter
5.110106,2026-06-04T11:57:39.870188+00:00,120,8,05 EA 00 00 00 00 00 2C,realtime_baseline,010_realtime_wallclock_capture,software_only_wallclock_capture_no_vehicle_no_can_adapter
5.150119,2026-06-04T11:57:39.910167+00:00,100,8,3E 00 00 00 00 00 00 2D,realtime_baseline,010_realtime_wallclock_capture,software_only_wallclock_capture_no_vehicle_no_can_adapter
5.150196,2026-06-04T11:57:39.910213+00:00,188,8,00 00 00 00 00 00 00 2E,realtime_baseline,010_realtime_wallclock_capture,software_only_wallclock_capture_no_vehicle_no_can_adapter
5.180103,2026-06-04T11:57:39.940149+00:00,120,8,07 2D 00 00 00 00 00 2F,realtime_baseline,010_realtime_wallclock_capture,software_only_wallclock_capture_no_vehicle_no_can_adapter
5.200106,2026-06-04T11:57:39.960153+00:00,100,8,43 00 00 00 00 00 00 30,realtime_baseline,010_realtime_wallclock_capture,software_only_wallclock_capture_no_vehicle_no_can_adapter
5.200180,2026-06-04T11:57:39.960197+00:00,188,8,00 00 00 00 00 00 00 31,realtime_baseline,010_realtime_wallclock_capture,software_only_wallclock_capture_no_vehicle_no_can_adapter
5.250214,2026-06-04T11:57:40.010271+00:00,100,8,43 00 00 00 00 00 00 32,realtime_baseline,010_realtime_wallclock_capture,software_only_wallclock_capture_no_vehicle_no_can_adapter
5.250309,2026-06-04T11:57:40.010327+00:00,188,8,00 00 00 00 00 00 00 33,realtime_baseline,010_realtime_wallclock_capture,software_only_wallclock_capture_no_vehicle_no_can_adapter
5.250319,2026-06-04T11:57:40.010339+00:00,120,8,07 69 00 00 00 00 00 34,realtime_baseline,010_realtime_wallclock_capture,software_only_wallclock_capture_no_vehicle_no_can_adapter
5.250331,2026-06-04T11:57:40.010368+00:00,300,8,0E BF F1 4A A4 47 61 C7,realtime_baseline,010_realtime_wallclock_capture,software_only_wallclock_capture_no_vehicle_no_can_adapter
5.300169,2026-06-04T11:57:40.060230+00:00,100,8,43 00 00 00 00 00 00 36,realtime_baseline,010_realtime_wallclock_capture,software_only_wallclock_capture_no_vehicle_no_can_adapter
5.300271,2026-06-04T11:57:40.060289+00:00,188,8,00 00 00 00 00 00 00 37,realtime_baseline,010_realtime_wallclock_capture,software_only_wallclock_capture_no_vehicle_no_can_adapter
5.320121,2026-06-04T11:57:40.080171+00:00,120,8,07 4F 00 00 00 00 00 38,realtime_baseline,010_realtime_wallclock_capture,software_only_wallclock_capture_no_vehicle_no_can_adapter
5.350110,2026-06-04T11:57:40.110163+00:00,100,8,40 00 00 00 00 00 00 39,realtime_baseline,010_realtime_wallclock_capture,software_only_wallclock_capture_no_vehicle_no_can_adapter
5.350194,2026-06-04T11:57:40.110230+00:00,188,8,00 00 00 00 00 00 00 3A,realtime_baseline,010_realtime_wallclock_capture,software_only_wallclock_capture_no_vehicle_no_can_adapter
5.390130,2026-06-04T11:57:40.150188+00:00,120,8,06 2D 00 00 00 00 00 3B,realtime_baseline,010_realtime_wallclock_capture,software_only_wallclock_capture_no_vehicle_no_can_adapter
5.400116,2026-06-04T11:57:40.160158+00:00,100,8,3D 00 00 00 00 00 00 3C,realtime_baseline,010_realtime_wallclock_capture,software_only_wallclock_capture_no_vehicle_no_can_adapter
5.400181,2026-06-04T11:57:40.160200+00:00,188,8,00 00 00 00 00 00 00 3D,realtime_baseline,010_realtime_wallclock_capture,software_only_wallclock_capture_no_vehicle_no_can_adapter
5.450138,2026-06-04T11:57:40.210195+00:00,100,8,42 00 00 00 00 00 00 3E,realtime_baseline,010_realtime_wallclock_capture,software_only_wallclock_capture_no_vehicle_no_can_adapter
5.450237,2026-06-04T11:57:40.210255+00:00,188,8,00 00 00 00 00 00 00 3F,realtime_baseline,010_realtime_wallclock_capture,software_only_wallclock_capture_no_vehicle_no_can_adapter
5.460114,2026-06-04T11:57:40.220163+00:00,120,8,06 43 00 00 00 00 00 40,realtime_baseline,010_realtime_wallclock_capture,software_only_wallclock_capture_no_vehicle_no_can_adapter
5.500101,2026-06-04T11:57:40.260147+00:00,100,8,3C 00 00 00 00 00 00 41,realtime_baseline,010_realtime_wallclock_capture,software_only_wallclock_capture_no_vehicle_no_can_adapter
5.500172,2026-06-04T11:57:40.260190+00:00,188,8,00 00 00 00 00 00 00 42,realtime_baseline,010_realtime_wallclock_capture,software_only_wallclock_capture_no_vehicle_no_can_adapter
5.500181,2026-06-04T11:57:40.260218+00:00,300,8,CB 80 CF 0E F7 A9 7C D5,realtime_baseline,010_realtime_wallclock_capture,software_only_wallclock_capture_no_vehicle_no_can_adapter
5.530114,2026-06-04T11:57:40.290161+00:00,120,8,07 5B 00 00 00 00 00 44,realtime_baseline,010_realtime_wallclock_capture,software_only_wallclock_capture_no_vehicle_no_can_adapter
5.550117,2026-06-04T11:57:40.310167+00:00,100,8,45 00 00 00 00 00 00 45,realtime_baseline,010_realtime_wallclock_capture,software_only_wallclock_capture_no_vehicle_no_can_adapter
5.550202,2026-06-04T11:57:40.310220+00:00,188,8,00 00 00 00 00 00 00 46,realtime_baseline,010_realtime_wallclock_capture,software_only_wallclock_capture_no_vehicle_no_can_adapter
5.600116,2026-06-04T11:57:40.360169+00:00,100,8,3D 00 00 00 00 00 00 47,realtime_baseline,010_realtime_wallclock_capture,software_only_wallclock_capture_no_vehicle_no_can_adapter
5.600199,2026-06-04T11:57:40.360217+00:00,188,8,00 00 00 00 00 00 00 48,realtime_baseline,010_realtime_wallclock_capture,software_only_wallclock_capture_no_vehicle_no_can_adapter
5.600207,2026-06-04T11:57:40.360228+00:00,120,8,05 EA 00 00 00 00 00 49,realtime_baseline,010_realtime_wallclock_capture,software_only_wallclock_capture_no_vehicle_no_can_adapter
5.650113,2026-06-04T11:57:40.410175+00:00,100,8,46 00 00 00 00 00 00 4A,realtime_baseline,010_realtime_wallclock_capture,software_only_wallclock_capture_no_vehicle_no_can_adapter
5.650235,2026-06-04T11:57:40.410253+00:00,188,8,00 00 00 00 00 00 00 4B,realtime_baseline,010_realtime_wallclock_capture,software_only_wallclock_capture_no_vehicle_no_can_adapter
5.670117,2026-06-04T11:57:40.430174+00:00,120,8,06 BA 00 00 00 00 00 4C,realtime_baseline,010_realtime_wallclock_capture,software_only_wallclock_capture_no_vehicle_no_can_adapter
5.700115,2026-06-04T11:57:40.460168+00:00,100,8,44 00 00 00 00 00 00 4D,realtime_baseline,010_realtime_wallclock_capture,software_only_wallclock_capture_no_vehicle_no_can_adapter
5.700216,2026-06-04T11:57:40.460234+00:00,188,8,00 00 00 00 00 00 00 4E,realtime_baseline,010_realtime_wallclock_capture,software_only_wallclock_capture_no_vehicle_no_can_adapter
5.740107,2026-06-04T11:57:40.500163+00:00,120,8,06 39 00 00 00 00 00 4F,realtime_baseline,010_realtime_wallclock_capture,software_only_wallclock_capture_no_vehicle_no_can_adapter
5.750108,2026-06-04T11:57:40.510154+00:00,100,8,42 00 00 00 00 00 00 50,realtime_baseline,010_realtime_wallclock_capture,software_only_wallclock_capture_no_vehicle_no_can_adapter
5.750185,2026-06-04T11:57:40.510203+00:00,188,8,00 00 00 00 00 00 00 51,realtime_baseline,010_realtime_wallclock_capture,software_only_wallclock_capture_no_vehicle_no_can_adapter
5.750194,2026-06-04T11:57:40.510232+00:00,300,8,68 19 B6 01 BB DD 8D ED,realtime_baseline,010_realtime_wallclock_capture,software_only_wallclock_capture_no_vehicle_no_can_adapter
5.800161,2026-06-04T11:57:40.560222+00:00,100,8,43 00 00 00 00 00 00 53,realtime_baseline,010_realtime_wallclock_capture,software_only_wallclock_capture_no_vehicle_no_can_adapter
5.800267,2026-06-04T11:57:40.560285+00:00,188,8,00 00 00 00 00 00 00 54,realtime_baseline,010_realtime_wallclock_capture,software_only_wallclock_capture_no_vehicle_no_can_adapter
5.810122,2026-06-04T11:57:40.570164+00:00,120,8,07 07 00 00 00 00 00 55,realtime_baseline,010_realtime_wallclock_capture,software_only_wallclock_capture_no_vehicle_no_can_adapter
5.850116,2026-06-04T11:57:40.610171+00:00,100,8,42 00 00 00 00 00 00 56,realtime_baseline,010_realtime_wallclock_capture,software_only_wallclock_capture_no_vehicle_no_can_adapter
5.850203,2026-06-04T11:57:40.610220+00:00,188,8,00 00 00 00 00 00 00 57,realtime_baseline,010_realtime_wallclock_capture,software_only_wallclock_capture_no_vehicle_no_can_adapter
5.880123,2026-06-04T11:57:40.640180+00:00,120,8,06 52 00 00 00 00 00 58,realtime_baseline,010_realtime_wallclock_capture,software_only_wallclock_capture_no_vehicle_no_can_adapter
5.900132,2026-06-04T11:57:40.660183+00:00,100,8,3C 00 00 00 00 00 00 59,realtime_baseline,010_realtime_wallclock_capture,software_only_wallclock_capture_no_vehicle_no_can_adapter
5.900215,2026-06-04T11:57:40.660233+00:00,188,8,00 00 00 00 00 00 00 5A,realtime_baseline,010_realtime_wallclock_capture,software_only_wallclock_capture_no_vehicle_no_can_adapter
5.950101,2026-06-04T11:57:40.710169+00:00,100,8,3E 00 00 00 00 00 00 5B,realtime_baseline,010_realtime_wallclock_capture,software_only_wallclock_capture_no_vehicle_no_can_adapter
5.950198,2026-06-04T11:57:40.710216+00:00,188,8,00 00 00 00 00 00 00 5C,realtime_baseline,010_realtime_wallclock_capture,software_only_wallclock_capture_no_vehicle_no_can_adapter
5.950206,2026-06-04T11:57:40.710227+00:00,120,8,06 B3 00 00 00 00 00 5D,realtime_baseline,010_realtime_wallclock_capture,software_only_wallclock_capture_no_vehicle_no_can_adapter
6.000103,2026-06-04T11:57:40.760161+00:00,100,8,42 00 00 00 00 00 00 5E,realtime_baseline,010_realtime_wallclock_capture,software_only_wallclock_capture_no_vehicle_no_can_adapter
6.000205,2026-06-04T11:57:40.760223+00:00,188,8,00 00 00 00 00 00 00 5F,realtime_baseline,010_realtime_wallclock_capture,software_only_wallclock_capture_no_vehicle_no_can_adapter
6.000216,2026-06-04T11:57:40.760257+00:00,300,8,97 F0 E0 50 06 46 B7 C1,realtime_baseline,010_realtime_wallclock_capture,software_only_wallclock_capture_no_vehicle_no_can_adapter
6.020094,2026-06-04T11:57:40.780144+00:00,120,8,07 3B 00 00 00 00 00 61,realtime_baseline,010_realtime_wallclock_capture,software_only_wallclock_capture_no_vehicle_no_can_adapter
6.050103,2026-06-04T11:57:40.810143+00:00,100,8,3D 00 00 00 00 00 00 62,realtime_baseline,010_realtime_wallclock_capture,software_only_wallclock_capture_no_vehicle_no_can_adapter
6.050165,2026-06-04T11:57:40.810182+00:00,188,8,00 00 00 00 00 00 00 63,realtime_baseline,010_realtime_wallclock_capture,software_only_wallclock_capture_no_vehicle_no_can_adapter
6.090110,2026-06-04T11:57:40.850161+00:00,120,8,06 56 00 00 00 00 00 64,realtime_baseline,010_realtime_wallclock_capture,software_only_wallclock_capture_no_vehicle_no_can_adapter
6.100091,2026-06-04T11:57:40.860118+00:00,100,8,44 00 00 00 00 00 00 65,realtime_baseline,010_realtime_wallclock_capture,software_only_wallclock_capture_no_vehicle_no_can_adapter
6.100122,2026-06-04T11:57:40.860140+00:00,188,8,00 00 00 00 00 00 00 66,realtime_baseline,010_realtime_wallclock_capture,software_only_wallclock_capture_no_vehicle_no_can_adapter
6.150118,2026-06-04T11:57:40.910178+00:00,100,8,3C 00 00 00 00 00 00 67,realtime_baseline,010_realtime_wallclock_capture,software_only_wallclock_capture_no_vehicle_no_can_adapter
6.150219,2026-06-04T11:57:40.910238+00:00,188,8,00 00 00 00 00 00 00 68,realtime_baseline,010_realtime_wallclock_capture,software_only_wallclock_capture_no_vehicle_no_can_adapter
6.160129,2026-06-04T11:57:40.920180+00:00,120,8,07 1E 00 00 00 00 00 69,realtime_baseline,010_realtime_wallclock_capture,software_only_wallclock_capture_no_vehicle_no_can_adapter
6.200112,2026-06-04T11:57:40.960164+00:00,100,8,47 00 00 00 00 00 00 6A,realtime_baseline,010_realtime_wallclock_capture,software_only_wallclock_capture_no_vehicle_no_can_adapter
6.200189,2026-06-04T11:57:40.960207+00:00,188,8,00 00 00 00 00 00 00 6B,realtime_baseline,010_realtime_wallclock_capture,software_only_wallclock_capture_no_vehicle_no_can_adapter
6.230110,2026-06-04T11:57:40.990167+00:00,120,8,07 5A 00 00 00 00 00 6C,realtime_baseline,010_realtime_wallclock_capture,software_only_wallclock_capture_no_vehicle_no_can_adapter
6.250122,2026-06-04T11:57:41.010173+00:00,100,8,3F 00 00 00 00 00 00 6D,realtime_baseline,010_realtime_wallclock_capture,software_only_wallclock_capture_no_vehicle_no_can_adapter
6.250198,2026-06-04T11:57:41.010215+00:00,188,8,00 00 00 00 00 00 00 6E,realtime_baseline,010_realtime_wallclock_capture,software_only_wallclock_capture_no_vehicle_no_can_adapter
6.250224,2026-06-04T11:57:41.010270+00:00,300,8,AB CA 2D A5 29 CB 33 80,realtime_baseline,010_realtime_wallclock_capture,software_only_wallclock_capture_no_vehicle_no_can_adapter
6.300153,2026-06-04T11:57:41.060212+00:00,100,8,41 00 00 00 00 00 00 70,realtime_baseline,010_realtime_wallclock_capture,software_only_wallclock_capture_no_vehicle_no_can_adapter
6.300250,2026-06-04T11:57:41.060269+00:00,188,8,00 00 00 00 00 00 00 71,realtime_baseline,010_realtime_wallclock_capture,software_only_wallclock_capture_no_vehicle_no_can_adapter
6.300263,2026-06-04T11:57:41.060284+00:00,120,8,06 54 00 00 00 00 00 72,realtime_baseline,010_realtime_wallclock_capture,software_only_wallclock_capture_no_vehicle_no_can_adapter
6.350146,2026-06-04T11:57:41.110203+00:00,100,8,41 00 00 00 00 00 00 73,realtime_baseline,010_realtime_wallclock_capture,software_only_wallclock_capture_no_vehicle_no_can_adapter
6.350232,2026-06-04T11:57:41.110249+00:00,188,8,00 00 00 00 00 00 00 74,realtime_baseline,010_realtime_wallclock_capture,software_only_wallclock_capture_no_vehicle_no_can_adapter
6.370139,2026-06-04T11:57:41.130198+00:00,120,8,06 F6 00 00 00 00 00 75,realtime_baseline,010_realtime_wallclock_capture,software_only_wallclock_capture_no_vehicle_no_can_adapter
6.400183,2026-06-04T11:57:41.160249+00:00,100,8,41 00 00 00 00 00 00 76,realtime_baseline,010_realtime_wallclock_capture,software_only_wallclock_capture_no_vehicle_no_can_adapter
6.400292,2026-06-04T11:57:41.160311+00:00,188,8,00 00 00 00 00 00 00 77,realtime_baseline,010_realtime_wallclock_capture,software_only_wallclock_capture_no_vehicle_no_can_adapter
6.440122,2026-06-04T11:57:41.200178+00:00,120,8,06 63 00 00 00 00 00 78,realtime_baseline,010_realtime_wallclock_capture,software_only_wallclock_capture_no_vehicle_no_can_adapter
6.450116,2026-06-04T11:57:41.210166+00:00,100,8,3C 00 00 00 00 00 00 79,realtime_baseline,010_realtime_wallclock_capture,software_only_wallclock_capture_no_vehicle_no_can_adapter
6.450188,2026-06-04T11:57:41.210206+00:00,188,8,00 00 00 00 00 00 00 7A,realtime_baseline,010_realtime_wallclock_capture,software_only_wallclock_capture_no_vehicle_no_can_adapter
6.500134,2026-06-04T11:57:41.260199+00:00,100,8,3C 00 00 00 00 00 00 7B,realtime_baseline,010_realtime_wallclock_capture,software_only_wallclock_capture_no_vehicle_no_can_adapter
6.500239,2026-06-04T11:57:41.260257+00:00,188,8,00 00 00 00 00 00 00 7C,realtime_baseline,010_realtime_wallclock_capture,software_only_wallclock_capture_no_vehicle_no_can_adapter
6.500269,2026-06-04T11:57:41.260318+00:00,300,8,12 62 24 9B EF F2 AF BE,realtime_baseline,010_realtime_wallclock_capture,software_only_wallclock_capture_no_vehicle_no_can_adapter
6.510105,2026-06-04T11:57:41.270147+00:00,120,8,06 F3 00 00 00 00 00 7E,realtime_baseline,010_realtime_wallclock_capture,software_only_wallclock_capture_no_vehicle_no_can_adapter
6.550134,2026-06-04T11:57:41.310190+00:00,100,8,42 00 00 00 00 00 00 7F,realtime_baseline,010_realtime_wallclock_capture,software_only_wallclock_capture_no_vehicle_no_can_adapter
6.550220,2026-06-04T11:57:41.310238+00:00,188,8,00 00 00 00 00 00 00 80,realtime_baseline,010_realtime_wallclock_capture,software_only_wallclock_capture_no_vehicle_no_can_adapter
6.580151,2026-06-04T11:57:41.340220+00:00,120,8,06 D4 00 00 00 00 00 81,realtime_baseline,010_realtime_wallclock_capture,software_only_wallclock_capture_no_vehicle_no_can_adapter
6.600158,2026-06-04T11:57:41.360220+00:00,100,8,45 00 00 00 00 00 00 82,realtime_baseline,010_realtime_wallclock_capture,software_only_wallclock_capture_no_vehicle_no_can_adapter
6.600262,2026-06-04T11:57:41.360281+00:00,188,8,00 00 00 00 00 00 00 83,realtime_baseline,010_realtime_wallclock_capture,software_only_wallclock_capture_no_vehicle_no_can_adapter
6.650109,2026-06-04T11:57:41.410175+00:00,100,8,43 00 00 00 00 00 00 84,realtime_baseline,010_realtime_wallclock_capture,software_only_wallclock_capture_no_vehicle_no_can_adapter
6.650217,2026-06-04T11:57:41.410235+00:00,188,8,00 00 00 00 00 00 00 85,realtime_baseline,010_realtime_wallclock_capture,software_only_wallclock_capture_no_vehicle_no_can_adapter
6.650228,2026-06-04T11:57:41.410248+00:00,120,8,06 AB 00 00 00 00 00 86,realtime_baseline,010_realtime_wallclock_capture,software_only_wallclock_capture_no_vehicle_no_can_adapter
6.700143,2026-06-04T11:57:41.460204+00:00,100,8,47 00 00 00 00 00 00 87,realtime_baseline,010_realtime_wallclock_capture,software_only_wallclock_capture_no_vehicle_no_can_adapter
6.700247,2026-06-04T11:57:41.460265+00:00,188,8,00 00 00 00 00 00 00 88,realtime_baseline,010_realtime_wallclock_capture,software_only_wallclock_capture_no_vehicle_no_can_adapter
6.720153,2026-06-04T11:57:41.480215+00:00,120,8,07 5C 00 00 00 00 00 89,realtime_baseline,010_realtime_wallclock_capture,software_only_wallclock_capture_no_vehicle_no_can_adapter
6.750124,2026-06-04T11:57:41.510187+00:00,100,8,47 00 00 00 00 00 00 8A,realtime_baseline,010_realtime_wallclock_capture,software_only_wallclock_capture_no_vehicle_no_can_adapter
6.750234,2026-06-04T11:57:41.510254+00:00,188,8,00 00 00 00 00 00 00 8B,realtime_baseline,010_realtime_wallclock_capture,software_only_wallclock_capture_no_vehicle_no_can_adapter
6.750248,2026-06-04T11:57:41.510300+00:00,300,8,9B CA 95 54 8C 96 07 0F,realtime_baseline,010_realtime_wallclock_capture,software_only_wallclock_capture_no_vehicle_no_can_adapter
6.791509,2026-06-04T11:57:41.551567+00:00,120,8,06 1F 00 00 00 00 00 8D,realtime_baseline,010_realtime_wallclock_capture,software_only_wallclock_capture_no_vehicle_no_can_adapter
6.800104,2026-06-04T11:57:41.560177+00:00,100,8,42 00 00 00 00 00 00 8E,realtime_baseline,010_realtime_wallclock_capture,software_only_wallclock_capture_no_vehicle_no_can_adapter
6.800203,2026-06-04T11:57:41.560222+00:00,188,8,00 00 00 00 00 00 00 8F,realtime_baseline,010_realtime_wallclock_capture,software_only_wallclock_capture_no_vehicle_no_can_adapter
6.850095,2026-06-04T11:57:41.610148+00:00,100,8,3F 00 00 00 00 00 00 90,realtime_baseline,010_realtime_wallclock_capture,software_only_wallclock_capture_no_vehicle_no_can_adapter
6.850178,2026-06-04T11:57:41.610196+00:00,188,8,00 00 00 00 00 00 00 91,realtime_baseline,010_realtime_wallclock_capture,software_only_wallclock_capture_no_vehicle_no_can_adapter
6.860093,2026-06-04T11:57:41.620151+00:00,120,8,06 94 00 00 00 00 00 92,realtime_baseline,010_realtime_wallclock_capture,software_only_wallclock_capture_no_vehicle_no_can_adapter
6.900236,2026-06-04T11:57:41.660298+00:00,100,8,42 00 00 00 00 00 00 93,realtime_baseline,010_realtime_wallclock_capture,software_only_wallclock_capture_no_vehicle_no_can_adapter
6.900341,2026-06-04T11:57:41.660359+00:00,188,8,00 00 00 00 00 00 00 94,realtime_baseline,010_realtime_wallclock_capture,software_only_wallclock_capture_no_vehicle_no_can_adapter
6.930118,2026-06-04T11:57:41.690181+00:00,120,8,07 41 00 00 00 00 00 95,realtime_baseline,010_realtime_wallclock_capture,software_only_wallclock_capture_no_vehicle_no_can_adapter
6.950106,2026-06-04T11:57:41.710158+00:00,100,8,42 00 00 00 00 00 00 96,realtime_baseline,010_realtime_wallclock_capture,software_only_wallclock_capture_no_vehicle_no_can_adapter
6.950194,2026-06-04T11:57:41.710212+00:00,188,8,00 00 00 00 00 00 00 97,realtime_baseline,010_realtime_wallclock_capture,software_only_wallclock_capture_no_vehicle_no_can_adapter
7.000210,2026-06-04T11:57:41.760272+00:00,100,8,3F 00 00 00 00 00 00 98,realtime_baseline,010_realtime_wallclock_capture,software_only_wallclock_capture_no_vehicle_no_can_adapter
7.000312,2026-06-04T11:57:41.760331+00:00,188,8,00 00 00 00 00 00 00 99,realtime_baseline,010_realtime_wallclock_capture,software_only_wallclock_capture_no_vehicle_no_can_adapter
7.000325,2026-06-04T11:57:41.760347+00:00,120,8,05 E3 00 00 00 00 00 9A,realtime_baseline,010_realtime_wallclock_capture,software_only_wallclock_capture_no_vehicle_no_can_adapter
7.000339,2026-06-04T11:57:41.760408+00:00,300,8,6A D9 CF 38 99 BF 4E C5,realtime_baseline,010_realtime_wallclock_capture,software_only_wallclock_capture_no_vehicle_no_can_adapter
7.050098,2026-06-04T11:57:41.810155+00:00,100,8,3F 00 00 00 00 00 00 9C,realtime_baseline,010_realtime_wallclock_capture,software_only_wallclock_capture_no_vehicle_no_can_adapter
7.050189,2026-06-04T11:57:41.810207+00:00,188,8,00 00 00 00 00 00 00 9D,realtime_baseline,010_realtime_wallclock_capture,software_only_wallclock_capture_no_vehicle_no_can_adapter
7.070186,2026-06-04T11:57:41.830244+00:00,120,8,06 0A 00 00 00 00 00 9E,realtime_baseline,010_realtime_wallclock_capture,software_only_wallclock_capture_no_vehicle_no_can_adapter
7.100112,2026-06-04T11:57:41.860172+00:00,100,8,41 00 00 00 00 00 00 9F,realtime_baseline,010_realtime_wallclock_capture,software_only_wallclock_capture_no_vehicle_no_can_adapter
7.100209,2026-06-04T11:57:41.860227+00:00,188,8,00 00 00 00 00 00 00 A0,realtime_baseline,010_realtime_wallclock_capture,software_only_wallclock_capture_no_vehicle_no_can_adapter
7.140109,2026-06-04T11:57:41.900165+00:00,120,8,07 09 00 00 00 00 00 A1,realtime_baseline,010_realtime_wallclock_capture,software_only_wallclock_capture_no_vehicle_no_can_adapter
7.150104,2026-06-04T11:57:41.910148+00:00,100,8,3F 00 00 00 00 00 00 A2,realtime_baseline,010_realtime_wallclock_capture,software_only_wallclock_capture_no_vehicle_no_can_adapter
7.150199,2026-06-04T11:57:41.910217+00:00,188,8,00 00 00 00 00 00 00 A3,realtime_baseline,010_realtime_wallclock_capture,software_only_wallclock_capture_no_vehicle_no_can_adapter
7.200137,2026-06-04T11:57:41.960192+00:00,100,8,44 00 00 00 00 00 00 A4,realtime_baseline,010_realtime_wallclock_capture,software_only_wallclock_capture_no_vehicle_no_can_adapter
7.200224,2026-06-04T11:57:41.960242+00:00,188,8,00 00 00 00 00 00 00 A5,realtime_baseline,010_realtime_wallclock_capture,software_only_wallclock_capture_no_vehicle_no_can_adapter
7.210145,2026-06-04T11:57:41.970202+00:00,120,8,05 F1 00 00 00 00 00 A6,realtime_baseline,010_realtime_wallclock_capture,software_only_wallclock_capture_no_vehicle_no_can_adapter
7.250133,2026-06-04T11:57:42.010195+00:00,100,8,3D 00 00 00 00 00 00 A7,realtime_baseline,010_realtime_wallclock_capture,software_only_wallclock_capture_no_vehicle_no_can_adapter
7.250241,2026-06-04T11:57:42.010260+00:00,188,8,00 00 00 00 00 00 00 A8,realtime_baseline,010_realtime_wallclock_capture,software_only_wallclock_capture_no_vehicle_no_can_adapter
7.250253,2026-06-04T11:57:42.010297+00:00,300,8,50 17 E1 9A A0 B4 99 A2,realtime_baseline,010_realtime_wallclock_capture,software_only_wallclock_capture_no_vehicle_no_can_adapter
7.280114,2026-06-04T11:57:42.040176+00:00,120,8,06 B1 00 00 00 00 00 AA,realtime_baseline,010_realtime_wallclock_capture,software_only_wallclock_capture_no_vehicle_no_can_adapter
7.300104,2026-06-04T11:57:42.060153+00:00,100,8,3C 00 00 00 00 00 00 AB,realtime_baseline,010_realtime_wallclock_capture,software_only_wallclock_capture_no_vehicle_no_can_adapter
7.300196,2026-06-04T11:57:42.060215+00:00,188,8,00 00 00 00 00 00 00 AC,realtime_baseline,010_realtime_wallclock_capture,software_only_wallclock_capture_no_vehicle_no_can_adapter
7.350147,2026-06-04T11:57:42.110209+00:00,100,8,43 00 00 00 00 00 00 AD,realtime_baseline,010_realtime_wallclock_capture,software_only_wallclock_capture_no_vehicle_no_can_adapter
7.350254,2026-06-04T11:57:42.110272+00:00,188,8,00 00 00 00 00 00 00 AE,realtime_baseline,010_realtime_wallclock_capture,software_only_wallclock_capture_no_vehicle_no_can_adapter
7.350360,2026-06-04T11:57:42.110382+00:00,120,8,06 82 00 00 00 00 00 AF,realtime_baseline,010_realtime_wallclock_capture,software_only_wallclock_capture_no_vehicle_no_can_adapter
7.400120,2026-06-04T11:57:42.160176+00:00,100,8,47 00 00 00 00 00 00 B0,realtime_baseline,010_realtime_wallclock_capture,software_only_wallclock_capture_no_vehicle_no_can_adapter
7.400207,2026-06-04T11:57:42.160225+00:00,188,8,00 00 00 00 00 00 00 B1,realtime_baseline,010_realtime_wallclock_capture,software_only_wallclock_capture_no_vehicle_no_can_adapter
7.420102,2026-06-04T11:57:42.180145+00:00,120,8,06 49 00 00 00 00 00 B2,realtime_baseline,010_realtime_wallclock_capture,software_only_wallclock_capture_no_vehicle_no_can_adapter
7.450136,2026-06-04T11:57:42.210197+00:00,100,8,42 00 00 00 00 00 00 B3,realtime_baseline,010_realtime_wallclock_capture,software_only_wallclock_capture_no_vehicle_no_can_adapter
7.450234,2026-06-04T11:57:42.210252+00:00,188,8,00 00 00 00 00 00 00 B4,realtime_baseline,010_realtime_wallclock_capture,software_only_wallclock_capture_no_vehicle_no_can_adapter
7.490142,2026-06-04T11:57:42.250200+00:00,120,8,06 2E 00 00 00 00 00 B5,realtime_baseline,010_realtime_wallclock_capture,software_only_wallclock_capture_no_vehicle_no_can_adapter
7.500162,2026-06-04T11:57:42.260226+00:00,100,8,3C 00 00 00 00 00 00 B6,realtime_baseline,010_realtime_wallclock_capture,software_only_wallclock_capture_no_vehicle_no_can_adapter
7.500298,2026-06-04T11:57:42.260317+00:00,188,8,00 00 00 00 00 00 00 B7,realtime_baseline,010_realtime_wallclock_capture,software_only_wallclock_capture_no_vehicle_no_can_adapter
7.500310,2026-06-04T11:57:42.260357+00:00,300,8,94 55 E7 0A 62 64 C4 B5,realtime_baseline,010_realtime_wallclock_capture,software_only_wallclock_capture_no_vehicle_no_can_adapter
7.550112,2026-06-04T11:57:42.310162+00:00,100,8,41 00 00 00 00 00 00 B9,realtime_baseline,010_realtime_wallclock_capture,software_only_wallclock_capture_no_vehicle_no_can_adapter
7.550190,2026-06-04T11:57:42.310208+00:00,188,8,00 00 00 00 00 00 00 BA,realtime_baseline,010_realtime_wallclock_capture,software_only_wallclock_capture_no_vehicle_no_can_adapter
7.560154,2026-06-04T11:57:42.320199+00:00,120,8,06 1F 00 00 00 00 00 BB,realtime_baseline,010_realtime_wallclock_capture,software_only_wallclock_capture_no_vehicle_no_can_adapter
7.600118,2026-06-04T11:57:42.360172+00:00,100,8,41 00 00 00 00 00 00 BC,realtime_baseline,010_realtime_wallclock_capture,software_only_wallclock_capture_no_vehicle_no_can_adapter
7.600200,2026-06-04T11:57:42.360218+00:00,188,8,00 00 00 00 00 00 00 BD,realtime_baseline,010_realtime_wallclock_capture,software_only_wallclock_capture_no_vehicle_no_can_adapter
7.630140,2026-06-04T11:57:42.390192+00:00,120,8,06 95 00 00 00 00 00 BE,realtime_baseline,010_realtime_wallclock_capture,software_only_wallclock_capture_no_vehicle_no_can_adapter
7.650106,2026-06-04T11:57:42.410149+00:00,100,8,46 00 00 00 00 00 00 BF,realtime_baseline,010_realtime_wallclock_capture,software_only_wallclock_capture_no_vehicle_no_can_adapter
7.650170,2026-06-04T11:57:42.410188+00:00,188,8,00 00 00 00 00 00 00 C0,realtime_baseline,010_realtime_wallclock_capture,software_only_wallclock_capture_no_vehicle_no_can_adapter
7.700202,2026-06-04T11:57:42.460262+00:00,100,8,42 00 00 00 00 00 00 C1,realtime_baseline,010_realtime_wallclock_capture,software_only_wallclock_capture_no_vehicle_no_can_adapter
7.700303,2026-06-04T11:57:42.460322+00:00,188,8,00 00 00 00 00 00 00 C2,realtime_baseline,010_realtime_wallclock_capture,software_only_wallclock_capture_no_vehicle_no_can_adapter
7.700349,2026-06-04T11:57:42.460371+00:00,120,8,05 F9 00 00 00 00 00 C3,realtime_baseline,010_realtime_wallclock_capture,software_only_wallclock_capture_no_vehicle_no_can_adapter
7.750116,2026-06-04T11:57:42.510165+00:00,100,8,42 00 00 00 00 00 00 C4,realtime_baseline,010_realtime_wallclock_capture,software_only_wallclock_capture_no_vehicle_no_can_adapter
7.750192,2026-06-04T11:57:42.510209+00:00,188,8,00 00 00 00 00 00 00 C5,realtime_baseline,010_realtime_wallclock_capture,software_only_wallclock_capture_no_vehicle_no_can_adapter
7.750202,2026-06-04T11:57:42.510248+00:00,300,8,88 A0 18 EB D6 A7 DA 98,realtime_baseline,010_realtime_wallclock_capture,software_only_wallclock_capture_no_vehicle_no_can_adapter
7.770189,2026-06-04T11:57:42.530255+00:00,120,8,06 FE 00 00 00 00 00 C7,realtime_baseline,010_realtime_wallclock_capture,software_only_wallclock_capture_no_vehicle_no_can_adapter
7.800113,2026-06-04T11:57:42.560163+00:00,100,8,40 00 00 00 00 00 00 C8,realtime_baseline,010_realtime_wallclock_capture,software_only_wallclock_capture_no_vehicle_no_can_adapter
7.800204,2026-06-04T11:57:42.560222+00:00,188,8,00 00 00 00 00 00 00 C9,realtime_baseline,010_realtime_wallclock_capture,software_only_wallclock_capture_no_vehicle_no_can_adapter
7.840115,2026-06-04T11:57:42.600176+00:00,120,8,07 49 00 00 00 00 00 CA,realtime_baseline,010_realtime_wallclock_capture,software_only_wallclock_capture_no_vehicle_no_can_adapter
7.850112,2026-06-04T11:57:42.610162+00:00,100,8,42 00 00 00 00 00 00 CB,realtime_baseline,010_realtime_wallclock_capture,software_only_wallclock_capture_no_vehicle_no_can_adapter
7.850194,2026-06-04T11:57:42.610230+00:00,188,8,00 00 00 00 00 00 00 CC,realtime_baseline,010_realtime_wallclock_capture,software_only_wallclock_capture_no_vehicle_no_can_adapter
7.900112,2026-06-04T11:57:42.660170+00:00,100,8,44 00 00 00 00 00 00 CD,realtime_baseline,010_realtime_wallclock_capture,software_only_wallclock_capture_no_vehicle_no_can_adapter
7.900210,2026-06-04T11:57:42.660229+00:00,188,8,00 00 00 00 00 00 00 CE,realtime_baseline,010_realtime_wallclock_capture,software_only_wallclock_capture_no_vehicle_no_can_adapter
7.910127,2026-06-04T11:57:42.670190+00:00,120,8,06 F1 00 00 00 00 00 CF,realtime_baseline,010_realtime_wallclock_capture,software_only_wallclock_capture_no_vehicle_no_can_adapter
7.950185,2026-06-04T11:57:42.710248+00:00,100,8,40 00 00 00 00 00 00 D0,realtime_baseline,010_realtime_wallclock_capture,software_only_wallclock_capture_no_vehicle_no_can_adapter
7.950290,2026-06-04T11:57:42.710310+00:00,188,8,00 00 00 00 00 00 00 D1,realtime_baseline,010_realtime_wallclock_capture,software_only_wallclock_capture_no_vehicle_no_can_adapter
7.980315,2026-06-04T11:57:42.740383+00:00,120,8,06 F5 00 00 00 00 00 D2,realtime_baseline,010_realtime_wallclock_capture,software_only_wallclock_capture_no_vehicle_no_can_adapter
8.000145,2026-06-04T11:57:42.760207+00:00,100,8,40 00 00 00 00 00 00 D3,realtime_baseline,010_realtime_wallclock_capture,software_only_wallclock_capture_no_vehicle_no_can_adapter
8.000248,2026-06-04T11:57:42.760266+00:00,188,8,00 00 00 00 00 00 00 D4,realtime_baseline,010_realtime_wallclock_capture,software_only_wallclock_capture_no_vehicle_no_can_adapter
8.000258,2026-06-04T11:57:42.760303+00:00,300,8,E2 62 AE 16 47 F2 CD 91,realtime_baseline,010_realtime_wallclock_capture,software_only_wallclock_capture_no_vehicle_no_can_adapter
8.050145,2026-06-04T11:57:42.810207+00:00,100,8,3D 00 00 00 00 00 00 D6,realtime_baseline,010_realtime_wallclock_capture,software_only_wallclock_capture_no_vehicle_no_can_adapter
8.050268,2026-06-04T11:57:42.810288+00:00,188,8,00 00 00 00 00 00 00 D7,realtime_baseline,010_realtime_wallclock_capture,software_only_wallclock_capture_no_vehicle_no_can_adapter
8.050282,2026-06-04T11:57:42.810304+00:00,120,8,07 0E 00 00 00 00 00 D8,realtime_baseline,010_realtime_wallclock_capture,software_only_wallclock_capture_no_vehicle_no_can_adapter
8.100115,2026-06-04T11:57:42.860169+00:00,100,8,47 00 00 00 00 00 00 D9,realtime_baseline,010_realtime_wallclock_capture,software_only_wallclock_capture_no_vehicle_no_can_adapter
8.100200,2026-06-04T11:57:42.860217+00:00,188,8,00 00 00 00 00 00 00 DA,realtime_baseline,010_realtime_wallclock_capture,software_only_wallclock_capture_no_vehicle_no_can_adapter
8.120114,2026-06-04T11:57:42.880181+00:00,120,8,06 D3 00 00 00 00 00 DB,realtime_baseline,010_realtime_wallclock_capture,software_only_wallclock_capture_no_vehicle_no_can_adapter
8.150186,2026-06-04T11:57:42.910236+00:00,100,8,41 00 00 00 00 00 00 DC,realtime_baseline,010_realtime_wallclock_capture,software_only_wallclock_capture_no_vehicle_no_can_adapter
8.150266,2026-06-04T11:57:42.910283+00:00,188,8,00 00 00 00 00 00 00 DD,realtime_baseline,010_realtime_wallclock_capture,software_only_wallclock_capture_no_vehicle_no_can_adapter
8.190096,2026-06-04T11:57:42.950146+00:00,120,8,07 2E 00 00 00 00 00 DE,realtime_baseline,010_realtime_wallclock_capture,software_only_wallclock_capture_no_vehicle_no_can_adapter
8.200102,2026-06-04T11:57:42.960155+00:00,100,8,40 00 00 00 00 00 00 DF,realtime_baseline,010_realtime_wallclock_capture,software_only_wallclock_capture_no_vehicle_no_can_adapter
8.200196,2026-06-04T11:57:42.960213+00:00,188,8,00 00 00 00 00 00 00 E0,realtime_baseline,010_realtime_wallclock_capture,software_only_wallclock_capture_no_vehicle_no_can_adapter
8.250186,2026-06-04T11:57:43.010241+00:00,100,8,43 00 00 00 00 00 00 E1,realtime_baseline,010_realtime_wallclock_capture,software_only_wallclock_capture_no_vehicle_no_can_adapter
8.250273,2026-06-04T11:57:43.010290+00:00,188,8,00 00 00 00 00 00 00 E2,realtime_baseline,010_realtime_wallclock_capture,software_only_wallclock_capture_no_vehicle_no_can_adapter
8.250282,2026-06-04T11:57:43.010320+00:00,300,8,F0 F3 9B 6F 81 39 98 78,realtime_baseline,010_realtime_wallclock_capture,software_only_wallclock_capture_no_vehicle_no_can_adapter
8.260127,2026-06-04T11:57:43.020182+00:00,120,8,06 11 00 00 00 00 00 E4,realtime_baseline,010_realtime_wallclock_capture,software_only_wallclock_capture_no_vehicle_no_can_adapter
8.300145,2026-06-04T11:57:43.060206+00:00,100,8,3C 00 00 00 00 00 00 E5,realtime_baseline,010_realtime_wallclock_capture,software_only_wallclock_capture_no_vehicle_no_can_adapter
8.300247,2026-06-04T11:57:43.060265+00:00,188,8,00 00 00 00 00 00 00 E6,realtime_baseline,010_realtime_wallclock_capture,software_only_wallclock_capture_no_vehicle_no_can_adapter
8.330167,2026-06-04T11:57:43.090235+00:00,120,8,07 3E 00 00 00 00 00 E7,realtime_baseline,010_realtime_wallclock_capture,software_only_wallclock_capture_no_vehicle_no_can_adapter
8.350201,2026-06-04T11:57:43.110262+00:00,100,8,46 00 00 00 00 00 00 E8,realtime_baseline,010_realtime_wallclock_capture,software_only_wallclock_capture_no_vehicle_no_can_adapter
8.350306,2026-06-04T11:57:43.110324+00:00,188,8,00 00 00 00 00 00 00 E9,realtime_baseline,010_realtime_wallclock_capture,software_only_wallclock_capture_no_vehicle_no_can_adapter
8.400150,2026-06-04T11:57:43.160205+00:00,100,8,3C 00 00 00 00 00 00 EA,realtime_baseline,010_realtime_wallclock_capture,software_only_wallclock_capture_no_vehicle_no_can_adapter
8.400235,2026-06-04T11:57:43.160253+00:00,188,8,00 00 00 00 00 00 00 EB,realtime_baseline,010_realtime_wallclock_capture,software_only_wallclock_capture_no_vehicle_no_can_adapter
8.400253,2026-06-04T11:57:43.160274+00:00,120,8,07 1B 00 00 00 00 00 EC,realtime_baseline,010_realtime_wallclock_capture,software_only_wallclock_capture_no_vehicle_no_can_adapter
8.450104,2026-06-04T11:57:43.210157+00:00,100,8,3F 00 00 00 00 00 00 ED,realtime_baseline,010_realtime_wallclock_capture,software_only_wallclock_capture_no_vehicle_no_can_adapter
8.450240,2026-06-04T11:57:43.210259+00:00,188,8,00 00 00 00 00 00 00 EE,realtime_baseline,010_realtime_wallclock_capture,software_only_wallclock_capture_no_vehicle_no_can_adapter
8.470127,2026-06-04T11:57:43.230194+00:00,120,8,07 26 00 00 00 00 00 EF,realtime_baseline,010_realtime_wallclock_capture,software_only_wallclock_capture_no_vehicle_no_can_adapter
8.500112,2026-06-04T11:57:43.260163+00:00,100,8,41 00 00 00 00 00 00 F0,realtime_baseline,010_realtime_wallclock_capture,software_only_wallclock_capture_no_vehicle_no_can_adapter
8.500188,2026-06-04T11:57:43.260205+00:00,188,8,00 00 00 00 00 00 00 F1,realtime_baseline,010_realtime_wallclock_capture,software_only_wallclock_capture_no_vehicle_no_can_adapter
8.500195,2026-06-04T11:57:43.260236+00:00,300,8,DF 56 19 79 08 CF BA 41,realtime_baseline,010_realtime_wallclock_capture,software_only_wallclock_capture_no_vehicle_no_can_adapter
8.540130,2026-06-04T11:57:43.300189+00:00,120,8,06 F3 00 00 00 00 00 F3,realtime_baseline,010_realtime_wallclock_capture,software_only_wallclock_capture_no_vehicle_no_can_adapter
8.550139,2026-06-04T11:57:43.310195+00:00,100,8,42 00 00 00 00 00 00 F4,realtime_baseline,010_realtime_wallclock_capture,software_only_wallclock_capture_no_vehicle_no_can_adapter
8.550234,2026-06-04T11:57:43.310267+00:00,188,8,00 00 00 00 00 00 00 F5,realtime_baseline,010_realtime_wallclock_capture,software_only_wallclock_capture_no_vehicle_no_can_adapter
8.600177,2026-06-04T11:57:43.360247+00:00,100,8,41 00 00 00 00 00 00 F6,realtime_baseline,010_realtime_wallclock_capture,software_only_wallclock_capture_no_vehicle_no_can_adapter
8.600292,2026-06-04T11:57:43.360310+00:00,188,8,00 00 00 00 00 00 00 F7,realtime_baseline,010_realtime_wallclock_capture,software_only_wallclock_capture_no_vehicle_no_can_adapter
8.610140,2026-06-04T11:57:43.370206+00:00,120,8,07 24 00 00 00 00 00 F8,realtime_baseline,010_realtime_wallclock_capture,software_only_wallclock_capture_no_vehicle_no_can_adapter
8.650132,2026-06-04T11:57:43.410191+00:00,100,8,44 00 00 00 00 00 00 F9,realtime_baseline,010_realtime_wallclock_capture,software_only_wallclock_capture_no_vehicle_no_can_adapter
8.650233,2026-06-04T11:57:43.410253+00:00,188,8,00 00 00 00 00 00 00 FA,realtime_baseline,010_realtime_wallclock_capture,software_only_wallclock_capture_no_vehicle_no_can_adapter
8.680169,2026-06-04T11:57:43.440279+00:00,120,8,05 F9 00 00 00 00 00 FB,realtime_baseline,010_realtime_wallclock_capture,software_only_wallclock_capture_no_vehicle_no_can_adapter
8.700154,2026-06-04T11:57:43.460226+00:00,100,8,45 00 00 00 00 00 00 FC,realtime_baseline,010_realtime_wallclock_capture,software_only_wallclock_capture_no_vehicle_no_can_adapter
8.700351,2026-06-04T11:57:43.460372+00:00,188,8,00 00 00 00 00 00 00 FD,realtime_baseline,010_realtime_wallclock_capture,software_only_wallclock_capture_no_vehicle_no_can_adapter
8.750121,2026-06-04T11:57:43.510177+00:00,100,8,3C 00 00 00 00 00 00 FE,realtime_baseline,010_realtime_wallclock_capture,software_only_wallclock_capture_no_vehicle_no_can_adapter
8.750209,2026-06-04T11:57:43.510227+00:00,188,8,00 00 00 00 00 00 00 FF,realtime_baseline,010_realtime_wallclock_capture,software_only_wallclock_capture_no_vehicle_no_can_adapter
8.750217,2026-06-04T11:57:43.510237+00:00,120,8,05 F0 00 00 00 00 00 00,realtime_baseline,010_realtime_wallclock_capture,software_only_wallclock_capture_no_vehicle_no_can_adapter
8.750226,2026-06-04T11:57:43.510263+00:00,300,8,82 4E A8 62 4E 8F 35 7F,realtime_baseline,010_realtime_wallclock_capture,software_only_wallclock_capture_no_vehicle_no_can_adapter
8.800111,2026-06-04T11:57:43.560164+00:00,100,8,40 00 00 00 00 00 00 02,realtime_baseline,010_realtime_wallclock_capture,software_only_wallclock_capture_no_vehicle_no_can_adapter
8.800193,2026-06-04T11:57:43.560212+00:00,188,8,00 00 00 00 00 00 00 03,realtime_baseline,010_realtime_wallclock_capture,software_only_wallclock_capture_no_vehicle_no_can_adapter
8.820135,2026-06-04T11:57:43.580201+00:00,120,8,07 26 00 00 00 00 00 04,realtime_baseline,010_realtime_wallclock_capture,software_only_wallclock_capture_no_vehicle_no_can_adapter
8.850128,2026-06-04T11:57:43.610184+00:00,100,8,47 00 00 00 00 00 00 05,realtime_baseline,010_realtime_wallclock_capture,software_only_wallclock_capture_no_vehicle_no_can_adapter
8.850220,2026-06-04T11:57:43.610239+00:00,188,8,00 00 00 00 00 00 00 06,realtime_baseline,010_realtime_wallclock_capture,software_only_wallclock_capture_no_vehicle_no_can_adapter
8.890122,2026-06-04T11:57:43.650185+00:00,120,8,06 60 00 00 00 00 00 07,realtime_baseline,010_realtime_wallclock_capture,software_only_wallclock_capture_no_vehicle_no_can_adapter
8.900118,2026-06-04T11:57:43.660164+00:00,100,8,43 00 00 00 00 00 00 08,realtime_baseline,010_realtime_wallclock_capture,software_only_wallclock_capture_no_vehicle_no_can_adapter
8.900186,2026-06-04T11:57:43.660204+00:00,188,8,00 00 00 00 00 00 00 09,realtime_baseline,010_realtime_wallclock_capture,software_only_wallclock_capture_no_vehicle_no_can_adapter
8.950151,2026-06-04T11:57:43.710208+00:00,100,8,44 00 00 00 00 00 00 0A,realtime_baseline,010_realtime_wallclock_capture,software_only_wallclock_capture_no_vehicle_no_can_adapter
8.950364,2026-06-04T11:57:43.710383+00:00,188,8,00 00 00 00 00 00 00 0B,realtime_baseline,010_realtime_wallclock_capture,software_only_wallclock_capture_no_vehicle_no_can_adapter
8.960262,2026-06-04T11:57:43.720328+00:00,120,8,06 92 00 00 00 00 00 0C,realtime_baseline,010_realtime_wallclock_capture,software_only_wallclock_capture_no_vehicle_no_can_adapter
9.000115,2026-06-04T11:57:43.760163+00:00,100,8,42 00 00 00 00 00 00 0D,realtime_baseline,010_realtime_wallclock_capture,software_only_wallclock_capture_no_vehicle_no_can_adapter
9.000195,2026-06-04T11:57:43.760214+00:00,188,8,00 00 00 00 00 00 00 0E,realtime_baseline,010_realtime_wallclock_capture,software_only_wallclock_capture_no_vehicle_no_can_adapter
9.000206,2026-06-04T11:57:43.760244+00:00,300,8,87 A2 87 40 96 D2 19 86,realtime_baseline,010_realtime_wallclock_capture,software_only_wallclock_capture_no_vehicle_no_can_adapter
9.030124,2026-06-04T11:57:43.790175+00:00,120,8,07 48 00 00 00 00 00 10,realtime_baseline,010_realtime_wallclock_capture,software_only_wallclock_capture_no_vehicle_no_can_adapter
9.050119,2026-06-04T11:57:43.810175+00:00,100,8,45 00 00 00 00 00 00 11,realtime_baseline,010_realtime_wallclock_capture,software_only_wallclock_capture_no_vehicle_no_can_adapter
9.050209,2026-06-04T11:57:43.810227+00:00,188,8,00 00 00 00 00 00 00 12,realtime_baseline,010_realtime_wallclock_capture,software_only_wallclock_capture_no_vehicle_no_can_adapter
9.100126,2026-06-04T11:57:43.860184+00:00,100,8,43 00 00 00 00 00 00 13,realtime_baseline,010_realtime_wallclock_capture,software_only_wallclock_capture_no_vehicle_no_can_adapter
9.100226,2026-06-04T11:57:43.860244+00:00,188,8,00 00 00 00 00 00 00 14,realtime_baseline,010_realtime_wallclock_capture,software_only_wallclock_capture_no_vehicle_no_can_adapter
9.100236,2026-06-04T11:57:43.860257+00:00,120,8,06 D7 00 00 00 00 00 15,realtime_baseline,010_realtime_wallclock_capture,software_only_wallclock_capture_no_vehicle_no_can_adapter
9.151510,2026-06-04T11:57:43.911565+00:00,100,8,47 00 00 00 00 00 00 16,realtime_baseline,010_realtime_wallclock_capture,software_only_wallclock_capture_no_vehicle_no_can_adapter
9.151594,2026-06-04T11:57:43.911613+00:00,188,8,00 00 00 00 00 00 00 17,realtime_baseline,010_realtime_wallclock_capture,software_only_wallclock_capture_no_vehicle_no_can_adapter
9.170089,2026-06-04T11:57:43.930147+00:00,120,8,06 8C 00 00 00 00 00 18,realtime_baseline,010_realtime_wallclock_capture,software_only_wallclock_capture_no_vehicle_no_can_adapter
9.200101,2026-06-04T11:57:43.960156+00:00,100,8,3C 00 00 00 00 00 00 19,realtime_baseline,010_realtime_wallclock_capture,software_only_wallclock_capture_no_vehicle_no_can_adapter
9.200191,2026-06-04T11:57:43.960210+00:00,188,8,00 00 00 00 00 00 00 1A,realtime_baseline,010_realtime_wallclock_capture,software_only_wallclock_capture_no_vehicle_no_can_adapter
9.240131,2026-06-04T11:57:44.000189+00:00,120,8,06 15 00 00 00 00 00 1B,realtime_baseline,010_realtime_wallclock_capture,software_only_wallclock_capture_no_vehicle_no_can_adapter
9.250125,2026-06-04T11:57:44.010183+00:00,100,8,3F 00 00 00 00 00 00 1C,realtime_baseline,010_realtime_wallclock_capture,software_only_wallclock_capture_no_vehicle_no_can_adapter
9.250219,2026-06-04T11:57:44.010237+00:00,188,8,00 00 00 00 00 00 00 1D,realtime_baseline,010_realtime_wallclock_capture,software_only_wallclock_capture_no_vehicle_no_can_adapter
9.250229,2026-06-04T11:57:44.010271+00:00,300,8,3C E0 D4 23 AA 6A A9 3D,realtime_baseline,010_realtime_wallclock_capture,software_only_wallclock_capture_no_vehicle_no_can_adapter
9.300118,2026-06-04T11:57:44.060163+00:00,100,8,3D 00 00 00 00 00 00 1F,realtime_baseline,010_realtime_wallclock_capture,software_only_wallclock_capture_no_vehicle_no_can_adapter
9.300200,2026-06-04T11:57:44.060218+00:00,188,8,00 00 00 00 00 00 00 20,realtime_baseline,010_realtime_wallclock_capture,software_only_wallclock_capture_no_vehicle_no_can_adapter
9.310121,2026-06-04T11:57:44.070173+00:00,120,8,06 66 00 00 00 00 00 21,realtime_baseline,010_realtime_wallclock_capture,software_only_wallclock_capture_no_vehicle_no_can_adapter
9.350126,2026-06-04T11:57:44.110189+00:00,100,8,45 00 00 00 00 00 00 22,realtime_baseline,010_realtime_wallclock_capture,software_only_wallclock_capture_no_vehicle_no_can_adapter
9.350234,2026-06-04T11:57:44.110253+00:00,188,8,00 00 00 00 00 00 00 23,realtime_baseline,010_realtime_wallclock_capture,software_only_wallclock_capture_no_vehicle_no_can_adapter
9.380126,2026-06-04T11:57:44.140182+00:00,120,8,06 D4 00 00 00 00 00 24,realtime_baseline,010_realtime_wallclock_capture,software_only_wallclock_capture_no_vehicle_no_can_adapter
9.400121,2026-06-04T11:57:44.160180+00:00,100,8,43 00 00 00 00 00 00 25,realtime_baseline,010_realtime_wallclock_capture,software_only_wallclock_capture_no_vehicle_no_can_adapter
9.400220,2026-06-04T11:57:44.160239+00:00,188,8,00 00 00 00 00 00 00 26,realtime_baseline,010_realtime_wallclock_capture,software_only_wallclock_capture_no_vehicle_no_can_adapter
9.450254,2026-06-04T11:57:44.210310+00:00,100,8,3F 00 00 00 00 00 00 27,realtime_baseline,010_realtime_wallclock_capture,software_only_wallclock_capture_no_vehicle_no_can_adapter
9.450336,2026-06-04T11:57:44.210354+00:00,188,8,00 00 00 00 00 00 00 28,realtime_baseline,010_realtime_wallclock_capture,software_only_wallclock_capture_no_vehicle_no_can_adapter
9.450344,2026-06-04T11:57:44.210364+00:00,120,8,07 57 00 00 00 00 00 29,realtime_baseline,010_realtime_wallclock_capture,software_only_wallclock_capture_no_vehicle_no_can_adapter
9.500119,2026-06-04T11:57:44.260176+00:00,100,8,46 00 00 00 00 00 00 2A,realtime_baseline,010_realtime_wallclock_capture,software_only_wallclock_capture_no_vehicle_no_can_adapter
9.500221,2026-06-04T11:57:44.260239+00:00,188,8,00 00 00 00 00 00 00 2B,realtime_baseline,010_realtime_wallclock_capture,software_only_wallclock_capture_no_vehicle_no_can_adapter
9.500232,2026-06-04T11:57:44.260275+00:00,300,8,46 3E 7F 3C 6B 0F A6 B3,realtime_baseline,010_realtime_wallclock_capture,software_only_wallclock_capture_no_vehicle_no_can_adapter
9.520115,2026-06-04T11:57:44.280169+00:00,120,8,07 15 00 00 00 00 00 2D,realtime_baseline,010_realtime_wallclock_capture,software_only_wallclock_capture_no_vehicle_no_can_adapter
9.550104,2026-06-04T11:57:44.310157+00:00,100,8,47 00 00 00 00 00 00 2E,realtime_baseline,010_realtime_wallclock_capture,software_only_wallclock_capture_no_vehicle_no_can_adapter
9.550203,2026-06-04T11:57:44.310221+00:00,188,8,00 00 00 00 00 00 00 2F,realtime_baseline,010_realtime_wallclock_capture,software_only_wallclock_capture_no_vehicle_no_can_adapter
9.590174,2026-06-04T11:57:44.350238+00:00,120,8,06 13 00 00 00 00 00 30,realtime_baseline,010_realtime_wallclock_capture,software_only_wallclock_capture_no_vehicle_no_can_adapter
9.600107,2026-06-04T11:57:44.360140+00:00,100,8,46 00 00 00 00 00 00 31,realtime_baseline,010_realtime_wallclock_capture,software_only_wallclock_capture_no_vehicle_no_can_adapter
9.600151,2026-06-04T11:57:44.360170+00:00,188,8,00 00 00 00 00 00 00 32,realtime_baseline,010_realtime_wallclock_capture,software_only_wallclock_capture_no_vehicle_no_can_adapter
9.650112,2026-06-04T11:57:44.410164+00:00,100,8,40 00 00 00 00 00 00 33,realtime_baseline,010_realtime_wallclock_capture,software_only_wallclock_capture_no_vehicle_no_can_adapter
9.650191,2026-06-04T11:57:44.410209+00:00,188,8,00 00 00 00 00 00 00 34,realtime_baseline,010_realtime_wallclock_capture,software_only_wallclock_capture_no_vehicle_no_can_adapter
9.660192,2026-06-04T11:57:44.420239+00:00,120,8,07 67 00 00 00 00 00 35,realtime_baseline,010_realtime_wallclock_capture,software_only_wallclock_capture_no_vehicle_no_can_adapter
9.700114,2026-06-04T11:57:44.460162+00:00,100,8,3E 00 00 00 00 00 00 36,realtime_baseline,010_realtime_wallclock_capture,software_only_wallclock_capture_no_vehicle_no_can_adapter
9.700186,2026-06-04T11:57:44.460204+00:00,188,8,00 00 00 00 00 00 00 37,realtime_baseline,010_realtime_wallclock_capture,software_only_wallclock_capture_no_vehicle_no_can_adapter
9.730112,2026-06-04T11:57:44.490160+00:00,120,8,05 E6 00 00 00 00 00 38,realtime_baseline,010_realtime_wallclock_capture,software_only_wallclock_capture_no_vehicle_no_can_adapter
9.750143,2026-06-04T11:57:44.510198+00:00,100,8,3D 00 00 00 00 00 00 39,realtime_baseline,010_realtime_wallclock_capture,software_only_wallclock_capture_no_vehicle_no_can_adapter
9.750228,2026-06-04T11:57:44.510247+00:00,188,8,00 00 00 00 00 00 00 3A,realtime_baseline,010_realtime_wallclock_capture,software_only_wallclock_capture_no_vehicle_no_can_adapter
9.750241,2026-06-04T11:57:44.510286+00:00,300,8,47 BC 16 63 C9 06 3D 49,realtime_baseline,010_realtime_wallclock_capture,software_only_wallclock_capture_no_vehicle_no_can_adapter
9.800106,2026-06-04T11:57:44.560147+00:00,100,8,44 00 00 00 00 00 00 3C,realtime_baseline,010_realtime_wallclock_capture,software_only_wallclock_capture_no_vehicle_no_can_adapter
9.800164,2026-06-04T11:57:44.560181+00:00,188,8,00 00 00 00 00 00 00 3D,realtime_baseline,010_realtime_wallclock_capture,software_only_wallclock_capture_no_vehicle_no_can_adapter
9.800171,2026-06-04T11:57:44.560190+00:00,120,8,06 9A 00 00 00 00 00 3E,realtime_baseline,010_realtime_wallclock_capture,software_only_wallclock_capture_no_vehicle_no_can_adapter
9.850109,2026-06-04T11:57:44.610151+00:00,100,8,3C 00 00 00 00 00 00 3F,realtime_baseline,010_realtime_wallclock_capture,software_only_wallclock_capture_no_vehicle_no_can_adapter
9.850172,2026-06-04T11:57:44.610189+00:00,188,8,00 00 00 00 00 00 00 40,realtime_baseline,010_realtime_wallclock_capture,software_only_wallclock_capture_no_vehicle_no_can_adapter
9.870109,2026-06-04T11:57:44.630166+00:00,120,8,07 08 00 00 00 00 00 41,realtime_baseline,010_realtime_wallclock_capture,software_only_wallclock_capture_no_vehicle_no_can_adapter
9.900112,2026-06-04T11:57:44.660157+00:00,100,8,43 00 00 00 00 00 00 42,realtime_baseline,010_realtime_wallclock_capture,software_only_wallclock_capture_no_vehicle_no_can_adapter
9.900185,2026-06-04T11:57:44.660203+00:00,188,8,00 00 00 00 00 00 00 43,realtime_baseline,010_realtime_wallclock_capture,software_only_wallclock_capture_no_vehicle_no_can_adapter
9.940108,2026-06-04T11:57:44.700153+00:00,120,8,06 82 00 00 00 00 00 44,realtime_baseline,010_realtime_wallclock_capture,software_only_wallclock_capture_no_vehicle_no_can_adapter
9.950099,2026-06-04T11:57:44.710144+00:00,100,8,40 00 00 00 00 00 00 45,realtime_baseline,010_realtime_wallclock_capture,software_only_wallclock_capture_no_vehicle_no_can_adapter
9.950167,2026-06-04T11:57:44.710186+00:00,188,8,00 00 00 00 00 00 00 46,realtime_baseline,010_realtime_wallclock_capture,software_only_wallclock_capture_no_vehicle_no_can_adapter
10.000114,2026-06-04T11:57:44.760163+00:00,100,8,3F 00 00 00 00 00 00 47,realtime_baseline,010_realtime_wallclock_capture,software_only_wallclock_capture_no_vehicle_no_can_adapter
10.000195,2026-06-04T11:57:44.760213+00:00,188,8,00 00 00 00 00 00 00 48,realtime_baseline,010_realtime_wallclock_capture,software_only_wallclock_capture_no_vehicle_no_can_adapter
10.000206,2026-06-04T11:57:44.760245+00:00,300,8,16 D2 A5 9C AD 6C D6 F3,realtime_baseline,010_realtime_wallclock_capture,software_only_wallclock_capture_no_vehicle_no_can_adapter
10.010106,2026-06-04T11:57:44.770162+00:00,120,8,07 5F 00 00 00 00 00 4A,realtime_baseline,010_realtime_wallclock_capture,software_only_wallclock_capture_no_vehicle_no_can_adapter
10.050112,2026-06-04T11:57:44.810159+00:00,100,8,45 00 00 00 00 00 00 4B,realtime_baseline,010_realtime_wallclock_capture,software_only_wallclock_capture_no_vehicle_no_can_adapter
10.050203,2026-06-04T11:57:44.810221+00:00,188,8,00 00 00 00 00 00 00 4C,realtime_baseline,010_realtime_wallclock_capture,software_only_wallclock_capture_no_vehicle_no_can_adapter
10.080134,2026-06-04T11:57:44.840201+00:00,120,8,06 02 00 00 00 00 00 4D,realtime_baseline,010_realtime_wallclock_capture,software_only_wallclock_capture_no_vehicle_no_can_adapter
10.100131,2026-06-04T11:57:44.860184+00:00,100,8,3D 00 00 00 00 00 00 4E,realtime_baseline,010_realtime_wallclock_capture,software_only_wallclock_capture_no_vehicle_no_can_adapter
10.100211,2026-06-04T11:57:44.860233+00:00,188,8,00 00 00 00 00 00 00 4F,realtime_baseline,010_realtime_wallclock_capture,software_only_wallclock_capture_no_vehicle_no_can_adapter
10.150132,2026-06-04T11:57:44.910188+00:00,100,8,3C 00 00 00 00 00 00 50,realtime_baseline,010_realtime_wallclock_capture,software_only_wallclock_capture_no_vehicle_no_can_adapter
10.150227,2026-06-04T11:57:44.910246+00:00,188,8,00 00 00 00 00 00 00 51,realtime_baseline,010_realtime_wallclock_capture,software_only_wallclock_capture_no_vehicle_no_can_adapter
10.150238,2026-06-04T11:57:44.910259+00:00,120,8,06 2B 00 00 00 00 00 52,realtime_baseline,010_realtime_wallclock_capture,software_only_wallclock_capture_no_vehicle_no_can_adapter
10.200099,2026-06-04T11:57:44.960143+00:00,100,8,47 00 00 00 00 00 00 53,realtime_baseline,010_realtime_wallclock_capture,software_only_wallclock_capture_no_vehicle_no_can_adapter
10.200175,2026-06-04T11:57:44.960193+00:00,188,8,00 00 00 00 00 00 00 54,realtime_baseline,010_realtime_wallclock_capture,software_only_wallclock_capture_no_vehicle_no_can_adapter
10.220119,2026-06-04T11:57:44.980183+00:00,120,8,07 5C 00 00 00 00 00 55,realtime_baseline,010_realtime_wallclock_capture,software_only_wallclock_capture_no_vehicle_no_can_adapter
10.250105,2026-06-04T11:57:45.010150+00:00,100,8,43 00 00 00 00 00 00 56,realtime_baseline,010_realtime_wallclock_capture,software_only_wallclock_capture_no_vehicle_no_can_adapter
10.250178,2026-06-04T11:57:45.010196+00:00,188,8,00 00 00 00 00 00 00 57,realtime_baseline,010_realtime_wallclock_capture,software_only_wallclock_capture_no_vehicle_no_can_adapter
10.250186,2026-06-04T11:57:45.010223+00:00,300,8,63 F6 A0 87 38 A7 3D 2E,realtime_baseline,010_realtime_wallclock_capture,software_only_wallclock_capture_no_vehicle_no_can_adapter
10.290106,2026-06-04T11:57:45.050165+00:00,120,8,06 8F 00 00 00 00 00 59,realtime_baseline,010_realtime_wallclock_capture,software_only_wallclock_capture_no_vehicle_no_can_adapter
10.300089,2026-06-04T11:57:45.060142+00:00,100,8,46 00 00 00 00 00 00 5A,realtime_baseline,010_realtime_wallclock_capture,software_only_wallclock_capture_no_vehicle_no_can_adapter
10.300184,2026-06-04T11:57:45.060203+00:00,188,8,00 00 00 00 00 00 00 5B,realtime_baseline,010_realtime_wallclock_capture,software_only_wallclock_capture_no_vehicle_no_can_adapter
10.350135,2026-06-04T11:57:45.110181+00:00,100,8,41 00 00 00 00 00 00 5C,realtime_baseline,010_realtime_wallclock_capture,software_only_wallclock_capture_no_vehicle_no_can_adapter
10.350207,2026-06-04T11:57:45.110225+00:00,188,8,00 00 00 00 00 00 00 5D,realtime_baseline,010_realtime_wallclock_capture,software_only_wallclock_capture_no_vehicle_no_can_adapter
10.360122,2026-06-04T11:57:45.120178+00:00,120,8,06 E7 00 00 00 00 00 5E,realtime_baseline,010_realtime_wallclock_capture,software_only_wallclock_capture_no_vehicle_no_can_adapter
10.400125,2026-06-04T11:57:45.160178+00:00,100,8,47 00 00 00 00 00 00 5F,realtime_baseline,010_realtime_wallclock_capture,software_only_wallclock_capture_no_vehicle_no_can_adapter
10.400224,2026-06-04T11:57:45.160242+00:00,188,8,00 00 00 00 00 00 00 60,realtime_baseline,010_realtime_wallclock_capture,software_only_wallclock_capture_no_vehicle_no_can_adapter
10.430095,2026-06-04T11:57:45.190139+00:00,120,8,07 48 00 00 00 00 00 61,realtime_baseline,010_realtime_wallclock_capture,software_only_wallclock_capture_no_vehicle_no_can_adapter
10.450098,2026-06-04T11:57:45.210151+00:00,100,8,41 00 00 00 00 00 00 62,realtime_baseline,010_realtime_wallclock_capture,software_only_wallclock_capture_no_vehicle_no_can_adapter
10.450183,2026-06-04T11:57:45.210202+00:00,188,8,00 00 00 00 00 00 00 63,realtime_baseline,010_realtime_wallclock_capture,software_only_wallclock_capture_no_vehicle_no_can_adapter
10.500111,2026-06-04T11:57:45.260240+00:00,100,8,41 00 00 00 00 00 00 64,realtime_baseline,010_realtime_wallclock_capture,software_only_wallclock_capture_no_vehicle_no_can_adapter
10.500277,2026-06-04T11:57:45.260296+00:00,188,8,00 00 00 00 00 00 00 65,realtime_baseline,010_realtime_wallclock_capture,software_only_wallclock_capture_no_vehicle_no_can_adapter
10.500289,2026-06-04T11:57:45.260309+00:00,120,8,06 89 00 00 00 00 00 66,realtime_baseline,010_realtime_wallclock_capture,software_only_wallclock_capture_no_vehicle_no_can_adapter
10.500300,2026-06-04T11:57:45.260341+00:00,300,8,EE B0 30 2C 4E 4D 94 AE,realtime_baseline,010_realtime_wallclock_capture,software_only_wallclock_capture_no_vehicle_no_can_adapter
10.550146,2026-06-04T11:57:45.310202+00:00,100,8,43 00 00 00 00 00 00 68,realtime_baseline,010_realtime_wallclock_capture,software_only_wallclock_capture_no_vehicle_no_can_adapter
10.550236,2026-06-04T11:57:45.310254+00:00,188,8,00 00 00 00 00 00 00 69,realtime_baseline,010_realtime_wallclock_capture,software_only_wallclock_capture_no_vehicle_no_can_adapter
10.570180,2026-06-04T11:57:45.330239+00:00,120,8,06 51 00 00 00 00 00 6A,realtime_baseline,010_realtime_wallclock_capture,software_only_wallclock_capture_no_vehicle_no_can_adapter
10.600142,2026-06-04T11:57:45.360201+00:00,100,8,41 00 00 00 00 00 00 6B,realtime_baseline,010_realtime_wallclock_capture,software_only_wallclock_capture_no_vehicle_no_can_adapter
10.600242,2026-06-04T11:57:45.360260+00:00,188,8,00 00 00 00 00 00 00 6C,realtime_baseline,010_realtime_wallclock_capture,software_only_wallclock_capture_no_vehicle_no_can_adapter
10.640138,2026-06-04T11:57:45.400193+00:00,120,8,06 7C 00 00 00 00 00 6D,realtime_baseline,010_realtime_wallclock_capture,software_only_wallclock_capture_no_vehicle_no_can_adapter
10.650115,2026-06-04T11:57:45.410168+00:00,100,8,44 00 00 00 00 00 00 6E,realtime_baseline,010_realtime_wallclock_capture,software_only_wallclock_capture_no_vehicle_no_can_adapter
10.650197,2026-06-04T11:57:45.410215+00:00,188,8,00 00 00 00 00 00 00 6F,realtime_baseline,010_realtime_wallclock_capture,software_only_wallclock_capture_no_vehicle_no_can_adapter
10.700118,2026-06-04T11:57:45.460166+00:00,100,8,46 00 00 00 00 00 00 70,realtime_baseline,010_realtime_wallclock_capture,software_only_wallclock_capture_no_vehicle_no_can_adapter
10.700198,2026-06-04T11:57:45.460216+00:00,188,8,00 00 00 00 00 00 00 71,realtime_baseline,010_realtime_wallclock_capture,software_only_wallclock_capture_no_vehicle_no_can_adapter
10.710122,2026-06-04T11:57:45.470189+00:00,120,8,06 1D 00 00 00 00 00 72,realtime_baseline,010_realtime_wallclock_capture,software_only_wallclock_capture_no_vehicle_no_can_adapter
10.750106,2026-06-04T11:57:45.510155+00:00,100,8,47 00 00 00 00 00 00 73,realtime_baseline,010_realtime_wallclock_capture,software_only_wallclock_capture_no_vehicle_no_can_adapter
10.750201,2026-06-04T11:57:45.510219+00:00,188,8,00 00 00 00 00 00 00 74,realtime_baseline,010_realtime_wallclock_capture,software_only_wallclock_capture_no_vehicle_no_can_adapter
10.750215,2026-06-04T11:57:45.510264+00:00,300,8,B1 54 1C 35 89 39 66 16,realtime_baseline,010_realtime_wallclock_capture,software_only_wallclock_capture_no_vehicle_no_can_adapter
10.780137,2026-06-04T11:57:45.540205+00:00,120,8,07 3E 00 00 00 00 00 76,realtime_baseline,010_realtime_wallclock_capture,software_only_wallclock_capture_no_vehicle_no_can_adapter
10.800093,2026-06-04T11:57:45.560137+00:00,100,8,42 00 00 00 00 00 00 77,realtime_baseline,010_realtime_wallclock_capture,software_only_wallclock_capture_no_vehicle_no_can_adapter
10.800156,2026-06-04T11:57:45.560174+00:00,188,8,00 00 00 00 00 00 00 78,realtime_baseline,010_realtime_wallclock_capture,software_only_wallclock_capture_no_vehicle_no_can_adapter
10.850112,2026-06-04T11:57:45.610160+00:00,100,8,46 00 00 00 00 00 00 79,realtime_baseline,010_realtime_wallclock_capture,software_only_wallclock_capture_no_vehicle_no_can_adapter
10.850187,2026-06-04T11:57:45.610205+00:00,188,8,00 00 00 00 00 00 00 7A,realtime_baseline,010_realtime_wallclock_capture,software_only_wallclock_capture_no_vehicle_no_can_adapter
10.850196,2026-06-04T11:57:45.610216+00:00,120,8,06 37 00 00 00 00 00 7B,realtime_baseline,010_realtime_wallclock_capture,software_only_wallclock_capture_no_vehicle_no_can_adapter
10.900123,2026-06-04T11:57:45.660174+00:00,100,8,3D 00 00 00 00 00 00 7C,realtime_baseline,010_realtime_wallclock_capture,software_only_wallclock_capture_no_vehicle_no_can_adapter
10.900201,2026-06-04T11:57:45.660219+00:00,188,8,00 00 00 00 00 00 00 7D,realtime_baseline,010_realtime_wallclock_capture,software_only_wallclock_capture_no_vehicle_no_can_adapter
10.920108,2026-06-04T11:57:45.680158+00:00,120,8,06 40 00 00 00 00 00 7E,realtime_baseline,010_realtime_wallclock_capture,software_only_wallclock_capture_no_vehicle_no_can_adapter
10.950196,2026-06-04T11:57:45.710265+00:00,100,8,43 00 00 00 00 00 00 7F,realtime_baseline,010_realtime_wallclock_capture,software_only_wallclock_capture_no_vehicle_no_can_adapter
10.950311,2026-06-04T11:57:45.710330+00:00,188,8,00 00 00 00 00 00 00 80,realtime_baseline,010_realtime_wallclock_capture,software_only_wallclock_capture_no_vehicle_no_can_adapter
10.990155,2026-06-04T11:57:45.750237+00:00,120,8,06 20 00 00 00 00 00 81,realtime_baseline,010_realtime_wallclock_capture,software_only_wallclock_capture_no_vehicle_no_can_adapter
11.000113,2026-06-04T11:57:45.760160+00:00,100,8,41 00 00 00 00 00 00 82,realtime_baseline,010_realtime_wallclock_capture,software_only_wallclock_capture_no_vehicle_no_can_adapter
11.000188,2026-06-04T11:57:45.760206+00:00,188,8,00 00 00 00 00 00 00 83,realtime_baseline,010_realtime_wallclock_capture,software_only_wallclock_capture_no_vehicle_no_can_adapter
11.000285,2026-06-04T11:57:45.760323+00:00,300,8,A5 BD AF 02 A3 8D E4 0B,realtime_baseline,010_realtime_wallclock_capture,software_only_wallclock_capture_no_vehicle_no_can_adapter
11.050123,2026-06-04T11:57:45.810186+00:00,100,8,46 00 00 00 00 00 00 85,realtime_baseline,010_realtime_wallclock_capture,software_only_wallclock_capture_no_vehicle_no_can_adapter
11.050253,2026-06-04T11:57:45.810275+00:00,188,8,00 00 00 00 00 00 00 86,realtime_baseline,010_realtime_wallclock_capture,software_only_wallclock_capture_no_vehicle_no_can_adapter
11.060140,2026-06-04T11:57:45.820203+00:00,120,8,07 30 00 00 00 00 00 87,realtime_baseline,010_realtime_wallclock_capture,software_only_wallclock_capture_no_vehicle_no_can_adapter
11.100114,2026-06-04T11:57:45.860163+00:00,100,8,3E 00 00 00 00 00 00 88,realtime_baseline,010_realtime_wallclock_capture,software_only_wallclock_capture_no_vehicle_no_can_adapter
11.100193,2026-06-04T11:57:45.860211+00:00,188,8,00 00 00 00 00 00 00 89,realtime_baseline,010_realtime_wallclock_capture,software_only_wallclock_capture_no_vehicle_no_can_adapter
11.130144,2026-06-04T11:57:45.890209+00:00,120,8,06 05 00 00 00 00 00 8A,realtime_baseline,010_realtime_wallclock_capture,software_only_wallclock_capture_no_vehicle_no_can_adapter
11.150104,2026-06-04T11:57:45.910153+00:00,100,8,41 00 00 00 00 00 00 8B,realtime_baseline,010_realtime_wallclock_capture,software_only_wallclock_capture_no_vehicle_no_can_adapter
11.150191,2026-06-04T11:57:45.910211+00:00,188,8,00 00 00 00 00 00 00 8C,realtime_baseline,010_realtime_wallclock_capture,software_only_wallclock_capture_no_vehicle_no_can_adapter
11.200113,2026-06-04T11:57:45.960164+00:00,100,8,3D 00 00 00 00 00 00 8D,realtime_baseline,010_realtime_wallclock_capture,software_only_wallclock_capture_no_vehicle_no_can_adapter
11.200192,2026-06-04T11:57:45.960210+00:00,188,8,00 00 00 00 00 00 00 8E,realtime_baseline,010_realtime_wallclock_capture,software_only_wallclock_capture_no_vehicle_no_can_adapter
11.200200,2026-06-04T11:57:45.960220+00:00,120,8,06 ED 00 00 00 00 00 8F,realtime_baseline,010_realtime_wallclock_capture,software_only_wallclock_capture_no_vehicle_no_can_adapter
11.250131,2026-06-04T11:57:46.010193+00:00,100,8,42 00 00 00 00 00 00 90,realtime_baseline,010_realtime_wallclock_capture,software_only_wallclock_capture_no_vehicle_no_can_adapter
11.250236,2026-06-04T11:57:46.010256+00:00,188,8,00 00 00 00 00 00 00 91,realtime_baseline,010_realtime_wallclock_capture,software_only_wallclock_capture_no_vehicle_no_can_adapter
11.250251,2026-06-04T11:57:46.010298+00:00,300,8,CA D4 7A AF D2 BE 1B 6A,realtime_baseline,010_realtime_wallclock_capture,software_only_wallclock_capture_no_vehicle_no_can_adapter
11.270138,2026-06-04T11:57:46.030190+00:00,120,8,05 F4 00 00 00 00 00 93,realtime_baseline,010_realtime_wallclock_capture,software_only_wallclock_capture_no_vehicle_no_can_adapter
11.300115,2026-06-04T11:57:46.060164+00:00,100,8,44 00 00 00 00 00 00 94,realtime_baseline,010_realtime_wallclock_capture,software_only_wallclock_capture_no_vehicle_no_can_adapter
11.300194,2026-06-04T11:57:46.060212+00:00,188,8,00 00 00 00 00 00 00 95,realtime_baseline,010_realtime_wallclock_capture,software_only_wallclock_capture_no_vehicle_no_can_adapter
11.340162,2026-06-04T11:57:46.100229+00:00,120,8,06 C7 00 00 00 00 00 96,realtime_baseline,010_realtime_wallclock_capture,software_only_wallclock_capture_no_vehicle_no_can_adapter
11.350154,2026-06-04T11:57:46.110213+00:00,100,8,45 00 00 00 00 00 00 97,realtime_baseline,010_realtime_wallclock_capture,software_only_wallclock_capture_no_vehicle_no_can_adapter
11.350259,2026-06-04T11:57:46.110279+00:00,188,8,00 00 00 00 00 00 00 98,realtime_baseline,010_realtime_wallclock_capture,software_only_wallclock_capture_no_vehicle_no_can_adapter
11.402504,2026-06-04T11:57:46.162550+00:00,100,8,47 00 00 00 00 00 00 99,realtime_baseline,010_realtime_wallclock_capture,software_only_wallclock_capture_no_vehicle_no_can_adapter
11.402593,2026-06-04T11:57:46.162611+00:00,188,8,00 00 00 00 00 00 00 9A,realtime_baseline,010_realtime_wallclock_capture,software_only_wallclock_capture_no_vehicle_no_can_adapter
11.410085,2026-06-04T11:57:46.170125+00:00,120,8,06 8A 00 00 00 00 00 9B,realtime_baseline,010_realtime_wallclock_capture,software_only_wallclock_capture_no_vehicle_no_can_adapter
11.450151,2026-06-04T11:57:46.210200+00:00,100,8,3F 00 00 00 00 00 00 9C,realtime_baseline,010_realtime_wallclock_capture,software_only_wallclock_capture_no_vehicle_no_can_adapter
11.450226,2026-06-04T11:57:46.210244+00:00,188,8,00 00 00 00 00 00 00 9D,realtime_baseline,010_realtime_wallclock_capture,software_only_wallclock_capture_no_vehicle_no_can_adapter
11.480116,2026-06-04T11:57:46.240169+00:00,120,8,07 23 00 00 00 00 00 9E,realtime_baseline,010_realtime_wallclock_capture,software_only_wallclock_capture_no_vehicle_no_can_adapter
11.500226,2026-06-04T11:57:46.260332+00:00,100,8,43 00 00 00 00 00 00 9F,realtime_baseline,010_realtime_wallclock_capture,software_only_wallclock_capture_no_vehicle_no_can_adapter
11.500359,2026-06-04T11:57:46.260378+00:00,188,8,00 00 00 00 00 00 00 A0,realtime_baseline,010_realtime_wallclock_capture,software_only_wallclock_capture_no_vehicle_no_can_adapter
11.500371,2026-06-04T11:57:46.260408+00:00,300,8,5A B6 E9 01 34 93 D6 1C,realtime_baseline,010_realtime_wallclock_capture,software_only_wallclock_capture_no_vehicle_no_can_adapter
11.550108,2026-06-04T11:57:46.310156+00:00,100,8,43 00 00 00 00 00 00 A2,realtime_baseline,010_realtime_wallclock_capture,software_only_wallclock_capture_no_vehicle_no_can_adapter
11.550186,2026-06-04T11:57:46.310206+00:00,188,8,00 00 00 00 00 00 00 A3,realtime_baseline,010_realtime_wallclock_capture,software_only_wallclock_capture_no_vehicle_no_can_adapter
11.550206,2026-06-04T11:57:46.310228+00:00,120,8,06 76 00 00 00 00 00 A4,realtime_baseline,010_realtime_wallclock_capture,software_only_wallclock_capture_no_vehicle_no_can_adapter
11.600226,2026-06-04T11:57:46.360280+00:00,100,8,42 00 00 00 00 00 00 A5,realtime_baseline,010_realtime_wallclock_capture,software_only_wallclock_capture_no_vehicle_no_can_adapter
11.600317,2026-06-04T11:57:46.360336+00:00,188,8,00 00 00 00 00 00 00 A6,realtime_baseline,010_realtime_wallclock_capture,software_only_wallclock_capture_no_vehicle_no_can_adapter
11.620112,2026-06-04T11:57:46.380165+00:00,120,8,07 27 00 00 00 00 00 A7,realtime_baseline,010_realtime_wallclock_capture,software_only_wallclock_capture_no_vehicle_no_can_adapter
11.650150,2026-06-04T11:57:46.410203+00:00,100,8,41 00 00 00 00 00 00 A8,realtime_baseline,010_realtime_wallclock_capture,software_only_wallclock_capture_no_vehicle_no_can_adapter
11.650231,2026-06-04T11:57:46.410248+00:00,188,8,00 00 00 00 00 00 00 A9,realtime_baseline,010_realtime_wallclock_capture,software_only_wallclock_capture_no_vehicle_no_can_adapter
11.690125,2026-06-04T11:57:46.450180+00:00,120,8,06 64 00 00 00 00 00 AA,realtime_baseline,010_realtime_wallclock_capture,software_only_wallclock_capture_no_vehicle_no_can_adapter
11.700127,2026-06-04T11:57:46.460173+00:00,100,8,47 00 00 00 00 00 00 AB,realtime_baseline,010_realtime_wallclock_capture,software_only_wallclock_capture_no_vehicle_no_can_adapter
11.700201,2026-06-04T11:57:46.460219+00:00,188,8,00 00 00 00 00 00 00 AC,realtime_baseline,010_realtime_wallclock_capture,software_only_wallclock_capture_no_vehicle_no_can_adapter
11.750110,2026-06-04T11:57:46.510167+00:00,100,8,41 00 00 00 00 00 00 AD,realtime_baseline,010_realtime_wallclock_capture,software_only_wallclock_capture_no_vehicle_no_can_adapter
11.750196,2026-06-04T11:57:46.510214+00:00,188,8,00 00 00 00 00 00 00 AE,realtime_baseline,010_realtime_wallclock_capture,software_only_wallclock_capture_no_vehicle_no_can_adapter
11.750204,2026-06-04T11:57:46.510243+00:00,300,8,1A 3C 7A 4B 82 DE C5 EB,realtime_baseline,010_realtime_wallclock_capture,software_only_wallclock_capture_no_vehicle_no_can_adapter
11.760118,2026-06-04T11:57:46.520167+00:00,120,8,06 5F 00 00 00 00 00 B0,realtime_baseline,010_realtime_wallclock_capture,software_only_wallclock_capture_no_vehicle_no_can_adapter
11.800107,2026-06-04T11:57:46.560157+00:00,100,8,3C 00 00 00 00 00 00 B1,realtime_baseline,010_realtime_wallclock_capture,software_only_wallclock_capture_no_vehicle_no_can_adapter
11.800185,2026-06-04T11:57:46.560203+00:00,188,8,00 00 00 00 00 00 00 B2,realtime_baseline,010_realtime_wallclock_capture,software_only_wallclock_capture_no_vehicle_no_can_adapter
11.830156,2026-06-04T11:57:46.590218+00:00,120,8,06 02 00 00 00 00 00 B3,realtime_baseline,010_realtime_wallclock_capture,software_only_wallclock_capture_no_vehicle_no_can_adapter
11.850119,2026-06-04T11:57:46.610172+00:00,100,8,42 00 00 00 00 00 00 B4,realtime_baseline,010_realtime_wallclock_capture,software_only_wallclock_capture_no_vehicle_no_can_adapter
11.850220,2026-06-04T11:57:46.610238+00:00,188,8,00 00 00 00 00 00 00 B5,realtime_baseline,010_realtime_wallclock_capture,software_only_wallclock_capture_no_vehicle_no_can_adapter
11.900173,2026-06-04T11:57:46.660230+00:00,100,8,47 00 00 00 00 00 00 B6,realtime_baseline,010_realtime_wallclock_capture,software_only_wallclock_capture_no_vehicle_no_can_adapter
11.900277,2026-06-04T11:57:46.660297+00:00,188,8,00 00 00 00 00 00 00 B7,realtime_baseline,010_realtime_wallclock_capture,software_only_wallclock_capture_no_vehicle_no_can_adapter
11.900293,2026-06-04T11:57:46.660315+00:00,120,8,06 9F 00 00 00 00 00 B8,realtime_baseline,010_realtime_wallclock_capture,software_only_wallclock_capture_no_vehicle_no_can_adapter
11.950158,2026-06-04T11:57:46.710214+00:00,100,8,45 00 00 00 00 00 00 B9,realtime_baseline,010_realtime_wallclock_capture,software_only_wallclock_capture_no_vehicle_no_can_adapter
11.950245,2026-06-04T11:57:46.710263+00:00,188,8,00 00 00 00 00 00 00 BA,realtime_baseline,010_realtime_wallclock_capture,software_only_wallclock_capture_no_vehicle_no_can_adapter
11.970155,2026-06-04T11:57:46.730212+00:00,120,8,07 6B 00 00 00 00 00 BB,realtime_baseline,010_realtime_wallclock_capture,software_only_wallclock_capture_no_vehicle_no_can_adapter
12.000151,2026-06-04T11:57:46.760208+00:00,100,8,45 00 00 00 00 00 00 BC,realtime_baseline,010_realtime_wallclock_capture,software_only_wallclock_capture_no_vehicle_no_can_adapter
12.000240,2026-06-04T11:57:46.760258+00:00,188,8,00 00 00 00 00 00 00 BD,realtime_baseline,010_realtime_wallclock_capture,software_only_wallclock_capture_no_vehicle_no_can_adapter
12.000249,2026-06-04T11:57:46.760289+00:00,300,8,47 E2 A6 54 F6 55 17 4A,realtime_baseline,010_realtime_wallclock_capture,software_only_wallclock_capture_no_vehicle_no_can_adapter
12.040148,2026-06-04T11:57:46.800208+00:00,120,8,06 BA 00 00 00 00 00 BF,realtime_baseline,010_realtime_wallclock_capture,software_only_wallclock_capture_no_vehicle_no_can_adapter
12.050129,2026-06-04T11:57:46.810177+00:00,100,8,42 00 00 00 00 00 00 C0,realtime_baseline,010_realtime_wallclock_capture,software_only_wallclock_capture_no_vehicle_no_can_adapter
12.050227,2026-06-04T11:57:46.810245+00:00,188,8,00 00 00 00 00 00 00 C1,realtime_baseline,010_realtime_wallclock_capture,software_only_wallclock_capture_no_vehicle_no_can_adapter
12.100146,2026-06-04T11:57:46.860203+00:00,100,8,3F 00 00 00 00 00 00 C2,realtime_baseline,010_realtime_wallclock_capture,software_only_wallclock_capture_no_vehicle_no_can_adapter
12.100235,2026-06-04T11:57:46.860253+00:00,188,8,00 00 00 00 00 00 00 C3,realtime_baseline,010_realtime_wallclock_capture,software_only_wallclock_capture_no_vehicle_no_can_adapter
12.110120,2026-06-04T11:57:46.870163+00:00,120,8,06 06 00 00 00 00 00 C4,realtime_baseline,010_realtime_wallclock_capture,software_only_wallclock_capture_no_vehicle_no_can_adapter
12.150142,2026-06-04T11:57:46.910196+00:00,100,8,3E 00 00 00 00 00 00 C5,realtime_baseline,010_realtime_wallclock_capture,software_only_wallclock_capture_no_vehicle_no_can_adapter
12.150226,2026-06-04T11:57:46.910243+00:00,188,8,00 00 00 00 00 00 00 C6,realtime_baseline,010_realtime_wallclock_capture,software_only_wallclock_capture_no_vehicle_no_can_adapter
12.180143,2026-06-04T11:57:46.940199+00:00,120,8,06 3C 00 00 00 00 00 C7,realtime_baseline,010_realtime_wallclock_capture,software_only_wallclock_capture_no_vehicle_no_can_adapter
12.200137,2026-06-04T11:57:46.960191+00:00,100,8,41 00 00 00 00 00 00 C8,realtime_baseline,010_realtime_wallclock_capture,software_only_wallclock_capture_no_vehicle_no_can_adapter
12.200224,2026-06-04T11:57:46.960243+00:00,188,8,00 00 00 00 00 00 00 C9,realtime_baseline,010_realtime_wallclock_capture,software_only_wallclock_capture_no_vehicle_no_can_adapter
12.250124,2026-06-04T11:57:47.010183+00:00,100,8,47 00 00 00 00 00 00 CA,realtime_baseline,010_realtime_wallclock_capture,software_only_wallclock_capture_no_vehicle_no_can_adapter
12.250228,2026-06-04T11:57:47.010247+00:00,188,8,00 00 00 00 00 00 00 CB,realtime_baseline,010_realtime_wallclock_capture,software_only_wallclock_capture_no_vehicle_no_can_adapter
12.250241,2026-06-04T11:57:47.010262+00:00,120,8,05 FD 00 00 00 00 00 CC,realtime_baseline,010_realtime_wallclock_capture,software_only_wallclock_capture_no_vehicle_no_can_adapter
12.250252,2026-06-04T11:57:47.010289+00:00,300,8,67 35 B1 4D F7 E6 5D 3B,realtime_baseline,010_realtime_wallclock_capture,software_only_wallclock_capture_no_vehicle_no_can_adapter
12.300125,2026-06-04T11:57:47.060174+00:00,100,8,47 00 00 00 00 00 00 CE,realtime_baseline,010_realtime_wallclock_capture,software_only_wallclock_capture_no_vehicle_no_can_adapter
12.300202,2026-06-04T11:57:47.060220+00:00,188,8,00 00 00 00 00 00 00 CF,realtime_baseline,010_realtime_wallclock_capture,software_only_wallclock_capture_no_vehicle_no_can_adapter
12.320144,2026-06-04T11:57:47.080202+00:00,120,8,06 01 00 00 00 00 00 D0,realtime_baseline,010_realtime_wallclock_capture,software_only_wallclock_capture_no_vehicle_no_can_adapter
12.350126,2026-06-04T11:57:47.110180+00:00,100,8,46 00 00 00 00 00 00 D1,realtime_baseline,010_realtime_wallclock_capture,software_only_wallclock_capture_no_vehicle_no_can_adapter
12.350210,2026-06-04T11:57:47.110228+00:00,188,8,00 00 00 00 00 00 00 D2,realtime_baseline,010_realtime_wallclock_capture,software_only_wallclock_capture_no_vehicle_no_can_adapter
12.390141,2026-06-04T11:57:47.150207+00:00,120,8,05 ED 00 00 00 00 00 D3,realtime_baseline,010_realtime_wallclock_capture,software_only_wallclock_capture_no_vehicle_no_can_adapter
12.400142,2026-06-04T11:57:47.160197+00:00,100,8,41 00 00 00 00 00 00 D4,realtime_baseline,010_realtime_wallclock_capture,software_only_wallclock_capture_no_vehicle_no_can_adapter
12.400232,2026-06-04T11:57:47.160252+00:00,188,8,00 00 00 00 00 00 00 D5,realtime_baseline,010_realtime_wallclock_capture,software_only_wallclock_capture_no_vehicle_no_can_adapter
12.450112,2026-06-04T11:57:47.210160+00:00,100,8,3F 00 00 00 00 00 00 D6,realtime_baseline,010_realtime_wallclock_capture,software_only_wallclock_capture_no_vehicle_no_can_adapter
12.450188,2026-06-04T11:57:47.210206+00:00,188,8,00 00 00 00 00 00 00 D7,realtime_baseline,010_realtime_wallclock_capture,software_only_wallclock_capture_no_vehicle_no_can_adapter
12.460091,2026-06-04T11:57:47.220121+00:00,120,8,07 2A 00 00 00 00 00 D8,realtime_baseline,010_realtime_wallclock_capture,software_only_wallclock_capture_no_vehicle_no_can_adapter
12.500110,2026-06-04T11:57:47.260161+00:00,100,8,47 00 00 00 00 00 00 D9,realtime_baseline,010_realtime_wallclock_capture,software_only_wallclock_capture_no_vehicle_no_can_adapter
12.500190,2026-06-04T11:57:47.260208+00:00,188,8,00 00 00 00 00 00 00 DA,realtime_baseline,010_realtime_wallclock_capture,software_only_wallclock_capture_no_vehicle_no_can_adapter
12.500200,2026-06-04T11:57:47.260249+00:00,300,8,AD 06 B3 0F AC EE 41 D0,realtime_baseline,010_realtime_wallclock_capture,software_only_wallclock_capture_no_vehicle_no_can_adapter
12.530113,2026-06-04T11:57:47.290178+00:00,120,8,06 52 00 00 00 00 00 DC,realtime_baseline,010_realtime_wallclock_capture,software_only_wallclock_capture_no_vehicle_no_can_adapter
12.550113,2026-06-04T11:57:47.310170+00:00,100,8,3C 00 00 00 00 00 00 DD,realtime_baseline,010_realtime_wallclock_capture,software_only_wallclock_capture_no_vehicle_no_can_adapter
12.550212,2026-06-04T11:57:47.310230+00:00,188,8,00 00 00 00 00 00 00 DE,realtime_baseline,010_realtime_wallclock_capture,software_only_wallclock_capture_no_vehicle_no_can_adapter
12.600131,2026-06-04T11:57:47.360193+00:00,100,8,47 00 00 00 00 00 00 DF,realtime_baseline,010_realtime_wallclock_capture,software_only_wallclock_capture_no_vehicle_no_can_adapter
12.600228,2026-06-04T11:57:47.360246+00:00,188,8,00 00 00 00 00 00 00 E0,realtime_baseline,010_realtime_wallclock_capture,software_only_wallclock_capture_no_vehicle_no_can_adapter
12.600236,2026-06-04T11:57:47.360256+00:00,120,8,06 3E 00 00 00 00 00 E1,realtime_baseline,010_realtime_wallclock_capture,software_only_wallclock_capture_no_vehicle_no_can_adapter
12.650133,2026-06-04T11:57:47.410186+00:00,100,8,3F 00 00 00 00 00 00 E2,realtime_baseline,010_realtime_wallclock_capture,software_only_wallclock_capture_no_vehicle_no_can_adapter
12.650217,2026-06-04T11:57:47.410235+00:00,188,8,00 00 00 00 00 00 00 E3,realtime_baseline,010_realtime_wallclock_capture,software_only_wallclock_capture_no_vehicle_no_can_adapter
12.670128,2026-06-04T11:57:47.430179+00:00,120,8,07 2A 00 00 00 00 00 E4,realtime_baseline,010_realtime_wallclock_capture,software_only_wallclock_capture_no_vehicle_no_can_adapter
12.700095,2026-06-04T11:57:47.460147+00:00,100,8,45 00 00 00 00 00 00 E5,realtime_baseline,010_realtime_wallclock_capture,software_only_wallclock_capture_no_vehicle_no_can_adapter
12.700171,2026-06-04T11:57:47.460189+00:00,188,8,00 00 00 00 00 00 00 E6,realtime_baseline,010_realtime_wallclock_capture,software_only_wallclock_capture_no_vehicle_no_can_adapter
12.740119,2026-06-04T11:57:47.500173+00:00,120,8,06 99 00 00 00 00 00 E7,realtime_baseline,010_realtime_wallclock_capture,software_only_wallclock_capture_no_vehicle_no_can_adapter
12.750118,2026-06-04T11:57:47.510163+00:00,100,8,43 00 00 00 00 00 00 E8,realtime_baseline,010_realtime_wallclock_capture,software_only_wallclock_capture_no_vehicle_no_can_adapter
12.750186,2026-06-04T11:57:47.510204+00:00,188,8,00 00 00 00 00 00 00 E9,realtime_baseline,010_realtime_wallclock_capture,software_only_wallclock_capture_no_vehicle_no_can_adapter
12.750195,2026-06-04T11:57:47.510232+00:00,300,8,E5 C2 A4 09 EB 10 97 18,realtime_baseline,010_realtime_wallclock_capture,software_only_wallclock_capture_no_vehicle_no_can_adapter
12.800108,2026-06-04T11:57:47.560155+00:00,100,8,42 00 00 00 00 00 00 EB,realtime_baseline,010_realtime_wallclock_capture,software_only_wallclock_capture_no_vehicle_no_can_adapter
12.800180,2026-06-04T11:57:47.560199+00:00,188,8,00 00 00 00 00 00 00 EC,realtime_baseline,010_realtime_wallclock_capture,software_only_wallclock_capture_no_vehicle_no_can_adapter
12.810141,2026-06-04T11:57:47.570195+00:00,120,8,05 F9 00 00 00 00 00 ED,realtime_baseline,010_realtime_wallclock_capture,software_only_wallclock_capture_no_vehicle_no_can_adapter
12.850112,2026-06-04T11:57:47.610160+00:00,100,8,3F 00 00 00 00 00 00 EE,realtime_baseline,010_realtime_wallclock_capture,software_only_wallclock_capture_no_vehicle_no_can_adapter
12.850184,2026-06-04T11:57:47.610202+00:00,188,8,00 00 00 00 00 00 00 EF,realtime_baseline,010_realtime_wallclock_capture,software_only_wallclock_capture_no_vehicle_no_can_adapter
12.880130,2026-06-04T11:57:47.640191+00:00,120,8,07 50 00 00 00 00 00 F0,realtime_baseline,010_realtime_wallclock_capture,software_only_wallclock_capture_no_vehicle_no_can_adapter
12.900153,2026-06-04T11:57:47.660207+00:00,100,8,42 00 00 00 00 00 00 F1,realtime_baseline,010_realtime_wallclock_capture,software_only_wallclock_capture_no_vehicle_no_can_adapter
12.900246,2026-06-04T11:57:47.660265+00:00,188,8,00 00 00 00 00 00 00 F2,realtime_baseline,010_realtime_wallclock_capture,software_only_wallclock_capture_no_vehicle_no_can_adapter
12.950112,2026-06-04T11:57:47.710162+00:00,100,8,3F 00 00 00 00 00 00 F3,realtime_baseline,010_realtime_wallclock_capture,software_only_wallclock_capture_no_vehicle_no_can_adapter
12.950193,2026-06-04T11:57:47.710234+00:00,188,8,00 00 00 00 00 00 00 F4,realtime_baseline,010_realtime_wallclock_capture,software_only_wallclock_capture_no_vehicle_no_can_adapter
12.950225,2026-06-04T11:57:47.710244+00:00,120,8,06 47 00 00 00 00 00 F5,realtime_baseline,010_realtime_wallclock_capture,software_only_wallclock_capture_no_vehicle_no_can_adapter
13.000139,2026-06-04T11:57:47.760203+00:00,100,8,3D 00 00 00 00 00 00 F6,realtime_baseline,010_realtime_wallclock_capture,software_only_wallclock_capture_no_vehicle_no_can_adapter
13.000232,2026-06-04T11:57:47.760251+00:00,188,8,00 00 00 00 00 00 00 F7,realtime_baseline,010_realtime_wallclock_capture,software_only_wallclock_capture_no_vehicle_no_can_adapter
13.000263,2026-06-04T11:57:47.760301+00:00,300,8,CD CE D5 E4 F8 50 A0 08,realtime_baseline,010_realtime_wallclock_capture,software_only_wallclock_capture_no_vehicle_no_can_adapter
13.020135,2026-06-04T11:57:47.780193+00:00,120,8,06 5B 00 00 00 00 00 F9,realtime_baseline,010_realtime_wallclock_capture,software_only_wallclock_capture_no_vehicle_no_can_adapter
13.050188,2026-06-04T11:57:47.810245+00:00,100,8,47 00 00 00 00 00 00 FA,realtime_baseline,010_realtime_wallclock_capture,software_only_wallclock_capture_no_vehicle_no_can_adapter
13.050314,2026-06-04T11:57:47.810334+00:00,188,8,00 00 00 00 00 00 00 FB,realtime_baseline,010_realtime_wallclock_capture,software_only_wallclock_capture_no_vehicle_no_can_adapter
13.090151,2026-06-04T11:57:47.850210+00:00,120,8,07 2A 00 00 00 00 00 FC,realtime_baseline,010_realtime_wallclock_capture,software_only_wallclock_capture_no_vehicle_no_can_adapter
13.100127,2026-06-04T11:57:47.860180+00:00,100,8,3F 00 00 00 00 00 00 FD,realtime_baseline,010_realtime_wallclock_capture,software_only_wallclock_capture_no_vehicle_no_can_adapter
13.100214,2026-06-04T11:57:47.860232+00:00,188,8,00 00 00 00 00 00 00 FE,realtime_baseline,010_realtime_wallclock_capture,software_only_wallclock_capture_no_vehicle_no_can_adapter
13.150130,2026-06-04T11:57:47.910217+00:00,100,8,45 00 00 00 00 00 00 FF,realtime_baseline,010_realtime_wallclock_capture,software_only_wallclock_capture_no_vehicle_no_can_adapter
13.150256,2026-06-04T11:57:47.910275+00:00,188,8,00 00 00 00 00 00 00 00,realtime_baseline,010_realtime_wallclock_capture,software_only_wallclock_capture_no_vehicle_no_can_adapter
13.160118,2026-06-04T11:57:47.920167+00:00,120,8,06 43 00 00 00 00 00 01,realtime_baseline,010_realtime_wallclock_capture,software_only_wallclock_capture_no_vehicle_no_can_adapter
13.200150,2026-06-04T11:57:47.960215+00:00,100,8,41 00 00 00 00 00 00 02,realtime_baseline,010_realtime_wallclock_capture,software_only_wallclock_capture_no_vehicle_no_can_adapter
13.200255,2026-06-04T11:57:47.960274+00:00,188,8,00 00 00 00 00 00 00 03,realtime_baseline,010_realtime_wallclock_capture,software_only_wallclock_capture_no_vehicle_no_can_adapter
13.230204,2026-06-04T11:57:47.990269+00:00,120,8,06 1B 00 00 00 00 00 04,realtime_baseline,010_realtime_wallclock_capture,software_only_wallclock_capture_no_vehicle_no_can_adapter
13.250119,2026-06-04T11:57:48.010169+00:00,100,8,3E 00 00 00 00 00 00 05,realtime_baseline,010_realtime_wallclock_capture,software_only_wallclock_capture_no_vehicle_no_can_adapter
13.250192,2026-06-04T11:57:48.010210+00:00,188,8,00 00 00 00 00 00 00 06,realtime_baseline,010_realtime_wallclock_capture,software_only_wallclock_capture_no_vehicle_no_can_adapter
13.250200,2026-06-04T11:57:48.010238+00:00,300,8,BD E5 C1 5D 89 56 24 6C,realtime_baseline,010_realtime_wallclock_capture,software_only_wallclock_capture_no_vehicle_no_can_adapter
13.300119,2026-06-04T11:57:48.060176+00:00,100,8,3D 00 00 00 00 00 00 08,realtime_baseline,010_realtime_wallclock_capture,software_only_wallclock_capture_no_vehicle_no_can_adapter
13.300213,2026-06-04T11:57:48.060232+00:00,188,8,00 00 00 00 00 00 00 09,realtime_baseline,010_realtime_wallclock_capture,software_only_wallclock_capture_no_vehicle_no_can_adapter
13.300254,2026-06-04T11:57:48.060275+00:00,120,8,07 61 00 00 00 00 00 0A,realtime_baseline,010_realtime_wallclock_capture,software_only_wallclock_capture_no_vehicle_no_can_adapter
13.350137,2026-06-04T11:57:48.110196+00:00,100,8,3C 00 00 00 00 00 00 0B,realtime_baseline,010_realtime_wallclock_capture,software_only_wallclock_capture_no_vehicle_no_can_adapter
13.350229,2026-06-04T11:57:48.110247+00:00,188,8,00 00 00 00 00 00 00 0C,realtime_baseline,010_realtime_wallclock_capture,software_only_wallclock_capture_no_vehicle_no_can_adapter
13.370111,2026-06-04T11:57:48.130172+00:00,120,8,06 07 00 00 00 00 00 0D,realtime_baseline,010_realtime_wallclock_capture,software_only_wallclock_capture_no_vehicle_no_can_adapter
13.400178,2026-06-04T11:57:48.160243+00:00,100,8,3E 00 00 00 00 00 00 0E,realtime_baseline,010_realtime_wallclock_capture,software_only_wallclock_capture_no_vehicle_no_can_adapter
13.400319,2026-06-04T11:57:48.160339+00:00,188,8,00 00 00 00 00 00 00 0F,realtime_baseline,010_realtime_wallclock_capture,software_only_wallclock_capture_no_vehicle_no_can_adapter
13.440144,2026-06-04T11:57:48.200218+00:00,120,8,06 12 00 00 00 00 00 10,realtime_baseline,010_realtime_wallclock_capture,software_only_wallclock_capture_no_vehicle_no_can_adapter
13.450143,2026-06-04T11:57:48.210204+00:00,100,8,44 00 00 00 00 00 00 11,realtime_baseline,010_realtime_wallclock_capture,software_only_wallclock_capture_no_vehicle_no_can_adapter
13.450239,2026-06-04T11:57:48.210257+00:00,188,8,00 00 00 00 00 00 00 12,realtime_baseline,010_realtime_wallclock_capture,software_only_wallclock_capture_no_vehicle_no_can_adapter
13.500178,2026-06-04T11:57:48.260238+00:00,100,8,44 00 00 00 00 00 00 13,realtime_baseline,010_realtime_wallclock_capture,software_only_wallclock_capture_no_vehicle_no_can_adapter
13.500275,2026-06-04T11:57:48.260301+00:00,188,8,00 00 00 00 00 00 00 14,realtime_baseline,010_realtime_wallclock_capture,software_only_wallclock_capture_no_vehicle_no_can_adapter
13.500294,2026-06-04T11:57:48.260340+00:00,300,8,80 4F 0A 4F 0E A6 71 55,realtime_baseline,010_realtime_wallclock_capture,software_only_wallclock_capture_no_vehicle_no_can_adapter
13.510126,2026-06-04T11:57:48.270182+00:00,120,8,06 36 00 00 00 00 00 16,realtime_baseline,010_realtime_wallclock_capture,software_only_wallclock_capture_no_vehicle_no_can_adapter
13.550111,2026-06-04T11:57:48.310161+00:00,100,8,40 00 00 00 00 00 00 17,realtime_baseline,010_realtime_wallclock_capture,software_only_wallclock_capture_no_vehicle_no_can_adapter
13.550195,2026-06-04T11:57:48.310213+00:00,188,8,00 00 00 00 00 00 00 18,realtime_baseline,010_realtime_wallclock_capture,software_only_wallclock_capture_no_vehicle_no_can_adapter
13.580510,2026-06-04T11:57:48.340575+00:00,120,8,06 6C 00 00 00 00 00 19,realtime_baseline,010_realtime_wallclock_capture,software_only_wallclock_capture_no_vehicle_no_can_adapter
13.600096,2026-06-04T11:57:48.360154+00:00,100,8,3E 00 00 00 00 00 00 1A,realtime_baseline,010_realtime_wallclock_capture,software_only_wallclock_capture_no_vehicle_no_can_adapter
13.600183,2026-06-04T11:57:48.360201+00:00,188,8,00 00 00 00 00 00 00 1B,realtime_baseline,010_realtime_wallclock_capture,software_only_wallclock_capture_no_vehicle_no_can_adapter
13.650109,2026-06-04T11:57:48.410171+00:00,100,8,47 00 00 00 00 00 00 1C,realtime_baseline,010_realtime_wallclock_capture,software_only_wallclock_capture_no_vehicle_no_can_adapter
13.650200,2026-06-04T11:57:48.410218+00:00,188,8,00 00 00 00 00 00 00 1D,realtime_baseline,010_realtime_wallclock_capture,software_only_wallclock_capture_no_vehicle_no_can_adapter
13.650208,2026-06-04T11:57:48.410228+00:00,120,8,06 12 00 00 00 00 00 1E,realtime_baseline,010_realtime_wallclock_capture,software_only_wallclock_capture_no_vehicle_no_can_adapter
13.700170,2026-06-04T11:57:48.460231+00:00,100,8,46 00 00 00 00 00 00 1F,realtime_baseline,010_realtime_wallclock_capture,software_only_wallclock_capture_no_vehicle_no_can_adapter
13.700266,2026-06-04T11:57:48.460287+00:00,188,8,00 00 00 00 00 00 00 20,realtime_baseline,010_realtime_wallclock_capture,software_only_wallclock_capture_no_vehicle_no_can_adapter
13.720131,2026-06-04T11:57:48.480199+00:00,120,8,06 C5 00 00 00 00 00 21,realtime_baseline,010_realtime_wallclock_capture,software_only_wallclock_capture_no_vehicle_no_can_adapter
13.750127,2026-06-04T11:57:48.510187+00:00,100,8,47 00 00 00 00 00 00 22,realtime_baseline,010_realtime_wallclock_capture,software_only_wallclock_capture_no_vehicle_no_can_adapter
13.750222,2026-06-04T11:57:48.510241+00:00,188,8,00 00 00 00 00 00 00 23,realtime_baseline,010_realtime_wallclock_capture,software_only_wallclock_capture_no_vehicle_no_can_adapter
13.750234,2026-06-04T11:57:48.510273+00:00,300,8,88 8F 13 8B 84 3C 0F 72,realtime_baseline,010_realtime_wallclock_capture,software_only_wallclock_capture_no_vehicle_no_can_adapter
13.790211,2026-06-04T11:57:48.550282+00:00,120,8,07 3C 00 00 00 00 00 25,realtime_baseline,010_realtime_wallclock_capture,software_only_wallclock_capture_no_vehicle_no_can_adapter
13.800108,2026-06-04T11:57:48.560151+00:00,100,8,41 00 00 00 00 00 00 26,realtime_baseline,010_realtime_wallclock_capture,software_only_wallclock_capture_no_vehicle_no_can_adapter
13.800169,2026-06-04T11:57:48.560187+00:00,188,8,00 00 00 00 00 00 00 27,realtime_baseline,010_realtime_wallclock_capture,software_only_wallclock_capture_no_vehicle_no_can_adapter
13.850178,2026-06-04T11:57:48.610238+00:00,100,8,40 00 00 00 00 00 00 28,realtime_baseline,010_realtime_wallclock_capture,software_only_wallclock_capture_no_vehicle_no_can_adapter
13.850280,2026-06-04T11:57:48.610299+00:00,188,8,00 00 00 00 00 00 00 29,realtime_baseline,010_realtime_wallclock_capture,software_only_wallclock_capture_no_vehicle_no_can_adapter
13.860178,2026-06-04T11:57:48.620242+00:00,120,8,06 09 00 00 00 00 00 2A,realtime_baseline,010_realtime_wallclock_capture,software_only_wallclock_capture_no_vehicle_no_can_adapter
13.900180,2026-06-04T11:57:48.660237+00:00,100,8,47 00 00 00 00 00 00 2B,realtime_baseline,010_realtime_wallclock_capture,software_only_wallclock_capture_no_vehicle_no_can_adapter
13.900266,2026-06-04T11:57:48.660283+00:00,188,8,00 00 00 00 00 00 00 2C,realtime_baseline,010_realtime_wallclock_capture,software_only_wallclock_capture_no_vehicle_no_can_adapter
13.930143,2026-06-04T11:57:48.690208+00:00,120,8,06 4B 00 00 00 00 00 2D,realtime_baseline,010_realtime_wallclock_capture,software_only_wallclock_capture_no_vehicle_no_can_adapter
13.950179,2026-06-04T11:57:48.710245+00:00,100,8,46 00 00 00 00 00 00 2E,realtime_baseline,010_realtime_wallclock_capture,software_only_wallclock_capture_no_vehicle_no_can_adapter
13.950297,2026-06-04T11:57:48.710315+00:00,188,8,00 00 00 00 00 00 00 2F,realtime_baseline,010_realtime_wallclock_capture,software_only_wallclock_capture_no_vehicle_no_can_adapter
14.000171,2026-06-04T11:57:48.760230+00:00,100,8,3F 00 00 00 00 00 00 30,realtime_baseline,010_realtime_wallclock_capture,software_only_wallclock_capture_no_vehicle_no_can_adapter
14.000263,2026-06-04T11:57:48.760281+00:00,188,8,00 00 00 00 00 00 00 31,realtime_baseline,010_realtime_wallclock_capture,software_only_wallclock_capture_no_vehicle_no_can_adapter
14.000271,2026-06-04T11:57:48.760292+00:00,120,8,06 D3 00 00 00 00 00 32,realtime_baseline,010_realtime_wallclock_capture,software_only_wallclock_capture_no_vehicle_no_can_adapter
14.000281,2026-06-04T11:57:48.760322+00:00,300,8,A9 35 ED 71 EB 93 CF BA,realtime_baseline,010_realtime_wallclock_capture,software_only_wallclock_capture_no_vehicle_no_can_adapter
14.050194,2026-06-04T11:57:48.810247+00:00,100,8,45 00 00 00 00 00 00 34,realtime_baseline,010_realtime_wallclock_capture,software_only_wallclock_capture_no_vehicle_no_can_adapter
14.050286,2026-06-04T11:57:48.810306+00:00,188,8,00 00 00 00 00 00 00 35,realtime_baseline,010_realtime_wallclock_capture,software_only_wallclock_capture_no_vehicle_no_can_adapter
14.070189,2026-06-04T11:57:48.830261+00:00,120,8,07 52 00 00 00 00 00 36,realtime_baseline,010_realtime_wallclock_capture,software_only_wallclock_capture_no_vehicle_no_can_adapter
14.100161,2026-06-04T11:57:48.860224+00:00,100,8,46 00 00 00 00 00 00 37,realtime_baseline,010_realtime_wallclock_capture,software_only_wallclock_capture_no_vehicle_no_can_adapter
14.100271,2026-06-04T11:57:48.860290+00:00,188,8,00 00 00 00 00 00 00 38,realtime_baseline,010_realtime_wallclock_capture,software_only_wallclock_capture_no_vehicle_no_can_adapter
14.140189,2026-06-04T11:57:48.900258+00:00,120,8,07 61 00 00 00 00 00 39,realtime_baseline,010_realtime_wallclock_capture,software_only_wallclock_capture_no_vehicle_no_can_adapter
14.150156,2026-06-04T11:57:48.910216+00:00,100,8,3E 00 00 00 00 00 00 3A,realtime_baseline,010_realtime_wallclock_capture,software_only_wallclock_capture_no_vehicle_no_can_adapter
14.150254,2026-06-04T11:57:48.910272+00:00,188,8,00 00 00 00 00 00 00 3B,realtime_baseline,010_realtime_wallclock_capture,software_only_wallclock_capture_no_vehicle_no_can_adapter
14.200174,2026-06-04T11:57:48.960235+00:00,100,8,47 00 00 00 00 00 00 3C,realtime_baseline,010_realtime_wallclock_capture,software_only_wallclock_capture_no_vehicle_no_can_adapter
14.200278,2026-06-04T11:57:48.960296+00:00,188,8,00 00 00 00 00 00 00 3D,realtime_baseline,010_realtime_wallclock_capture,software_only_wallclock_capture_no_vehicle_no_can_adapter
14.210154,2026-06-04T11:57:48.970219+00:00,120,8,07 09 00 00 00 00 00 3E,realtime_baseline,010_realtime_wallclock_capture,software_only_wallclock_capture_no_vehicle_no_can_adapter
14.250138,2026-06-04T11:57:49.010201+00:00,100,8,45 00 00 00 00 00 00 3F,realtime_baseline,010_realtime_wallclock_capture,software_only_wallclock_capture_no_vehicle_no_can_adapter
14.250231,2026-06-04T11:57:49.010249+00:00,188,8,00 00 00 00 00 00 00 40,realtime_baseline,010_realtime_wallclock_capture,software_only_wallclock_capture_no_vehicle_no_can_adapter
14.250239,2026-06-04T11:57:49.010278+00:00,300,8,59 88 D1 5C 5B 68 BE 76,realtime_baseline,010_realtime_wallclock_capture,software_only_wallclock_capture_no_vehicle_no_can_adapter
14.280133,2026-06-04T11:57:49.040192+00:00,120,8,06 7F 00 00 00 00 00 42,realtime_baseline,010_realtime_wallclock_capture,software_only_wallclock_capture_no_vehicle_no_can_adapter
14.300129,2026-06-04T11:57:49.060184+00:00,100,8,47 00 00 00 00 00 00 43,realtime_baseline,010_realtime_wallclock_capture,software_only_wallclock_capture_no_vehicle_no_can_adapter
14.300219,2026-06-04T11:57:49.060238+00:00,188,8,00 00 00 00 00 00 00 44,realtime_baseline,010_realtime_wallclock_capture,software_only_wallclock_capture_no_vehicle_no_can_adapter
14.350168,2026-06-04T11:57:49.110222+00:00,100,8,46 00 00 00 00 00 00 45,realtime_baseline,010_realtime_wallclock_capture,software_only_wallclock_capture_no_vehicle_no_can_adapter
14.350249,2026-06-04T11:57:49.110267+00:00,188,8,00 00 00 00 00 00 00 46,realtime_baseline,010_realtime_wallclock_capture,software_only_wallclock_capture_no_vehicle_no_can_adapter
14.350257,2026-06-04T11:57:49.110277+00:00,120,8,06 23 00 00 00 00 00 47,realtime_baseline,010_realtime_wallclock_capture,software_only_wallclock_capture_no_vehicle_no_can_adapter
14.400205,2026-06-04T11:57:49.160345+00:00,100,8,41 00 00 00 00 00 00 48,realtime_baseline,010_realtime_wallclock_capture,software_only_wallclock_capture_no_vehicle_no_can_adapter
14.400450,2026-06-04T11:57:49.160472+00:00,188,8,00 00 00 00 00 00 00 49,realtime_baseline,010_realtime_wallclock_capture,software_only_wallclock_capture_no_vehicle_no_can_adapter
14.420164,2026-06-04T11:57:49.180221+00:00,120,8,07 36 00 00 00 00 00 4A,realtime_baseline,010_realtime_wallclock_capture,software_only_wallclock_capture_no_vehicle_no_can_adapter
14.450121,2026-06-04T11:57:49.210172+00:00,100,8,46 00 00 00 00 00 00 4B,realtime_baseline,010_realtime_wallclock_capture,software_only_wallclock_capture_no_vehicle_no_can_adapter
14.450200,2026-06-04T11:57:49.210218+00:00,188,8,00 00 00 00 00 00 00 4C,realtime_baseline,010_realtime_wallclock_capture,software_only_wallclock_capture_no_vehicle_no_can_adapter
14.490157,2026-06-04T11:57:49.250218+00:00,120,8,06 36 00 00 00 00 00 4D,realtime_baseline,010_realtime_wallclock_capture,software_only_wallclock_capture_no_vehicle_no_can_adapter
14.500117,2026-06-04T11:57:49.260168+00:00,100,8,3C 00 00 00 00 00 00 4E,realtime_baseline,010_realtime_wallclock_capture,software_only_wallclock_capture_no_vehicle_no_can_adapter
14.500198,2026-06-04T11:57:49.260216+00:00,188,8,00 00 00 00 00 00 00 4F,realtime_baseline,010_realtime_wallclock_capture,software_only_wallclock_capture_no_vehicle_no_can_adapter
14.500207,2026-06-04T11:57:49.260248+00:00,300,8,55 FA 74 C2 19 FA D2 39,realtime_baseline,010_realtime_wallclock_capture,software_only_wallclock_capture_no_vehicle_no_can_adapter
14.550129,2026-06-04T11:57:49.310187+00:00,100,8,40 00 00 00 00 00 00 51,realtime_baseline,010_realtime_wallclock_capture,software_only_wallclock_capture_no_vehicle_no_can_adapter
14.550212,2026-06-04T11:57:49.310230+00:00,188,8,00 00 00 00 00 00 00 52,realtime_baseline,010_realtime_wallclock_capture,software_only_wallclock_capture_no_vehicle_no_can_adapter
14.560128,2026-06-04T11:57:49.320185+00:00,120,8,06 D6 00 00 00 00 00 53,realtime_baseline,010_realtime_wallclock_capture,software_only_wallclock_capture_no_vehicle_no_can_adapter
14.600201,2026-06-04T11:57:49.360262+00:00,100,8,45 00 00 00 00 00 00 54,realtime_baseline,010_realtime_wallclock_capture,software_only_wallclock_capture_no_vehicle_no_can_adapter
14.600302,2026-06-04T11:57:49.360321+00:00,188,8,00 00 00 00 00 00 00 55,realtime_baseline,010_realtime_wallclock_capture,software_only_wallclock_capture_no_vehicle_no_can_adapter
14.630146,2026-06-04T11:57:49.390212+00:00,120,8,06 7A 00 00 00 00 00 56,realtime_baseline,010_realtime_wallclock_capture,software_only_wallclock_capture_no_vehicle_no_can_adapter
14.650120,2026-06-04T11:57:49.410179+00:00,100,8,46 00 00 00 00 00 00 57,realtime_baseline,010_realtime_wallclock_capture,software_only_wallclock_capture_no_vehicle_no_can_adapter
14.650213,2026-06-04T11:57:49.410232+00:00,188,8,00 00 00 00 00 00 00 58,realtime_baseline,010_realtime_wallclock_capture,software_only_wallclock_capture_no_vehicle_no_can_adapter
14.700207,2026-06-04T11:57:49.460265+00:00,100,8,44 00 00 00 00 00 00 59,realtime_baseline,010_realtime_wallclock_capture,software_only_wallclock_capture_no_vehicle_no_can_adapter
14.700294,2026-06-04T11:57:49.460313+00:00,188,8,00 00 00 00 00 00 00 5A,realtime_baseline,010_realtime_wallclock_capture,software_only_wallclock_capture_no_vehicle_no_can_adapter
14.700303,2026-06-04T11:57:49.460323+00:00,120,8,06 18 00 00 00 00 00 5B,realtime_baseline,010_realtime_wallclock_capture,software_only_wallclock_capture_no_vehicle_no_can_adapter
14.750123,2026-06-04T11:57:49.510182+00:00,100,8,43 00 00 00 00 00 00 5C,realtime_baseline,010_realtime_wallclock_capture,software_only_wallclock_capture_no_vehicle_no_can_adapter
14.750244,2026-06-04T11:57:49.510263+00:00,188,8,00 00 00 00 00 00 00 5D,realtime_baseline,010_realtime_wallclock_capture,software_only_wallclock_capture_no_vehicle_no_can_adapter
14.750255,2026-06-04T11:57:49.510307+00:00,300,8,26 10 37 D9 E6 06 D3 2F,realtime_baseline,010_realtime_wallclock_capture,software_only_wallclock_capture_no_vehicle_no_can_adapter
14.770138,2026-06-04T11:57:49.530204+00:00,120,8,06 B8 00 00 00 00 00 5F,realtime_baseline,010_realtime_wallclock_capture,software_only_wallclock_capture_no_vehicle_no_can_adapter
14.800106,2026-06-04T11:57:49.560149+00:00,100,8,40 00 00 00 00 00 00 60,realtime_baseline,010_realtime_wallclock_capture,software_only_wallclock_capture_no_vehicle_no_can_adapter
14.800162,2026-06-04T11:57:49.560179+00:00,188,8,00 00 00 00 00 00 00 61,realtime_baseline,010_realtime_wallclock_capture,software_only_wallclock_capture_no_vehicle_no_can_adapter
14.840109,2026-06-04T11:57:49.600166+00:00,120,8,07 4B 00 00 00 00 00 62,realtime_baseline,010_realtime_wallclock_capture,software_only_wallclock_capture_no_vehicle_no_can_adapter
14.850102,2026-06-04T11:57:49.610145+00:00,100,8,3E 00 00 00 00 00 00 63,realtime_baseline,010_realtime_wallclock_capture,software_only_wallclock_capture_no_vehicle_no_can_adapter
14.850165,2026-06-04T11:57:49.610182+00:00,188,8,00 00 00 00 00 00 00 64,realtime_baseline,010_realtime_wallclock_capture,software_only_wallclock_capture_no_vehicle_no_can_adapter
14.900118,2026-06-04T11:57:49.660172+00:00,100,8,3D 00 00 00 00 00 00 65,realtime_baseline,010_realtime_wallclock_capture,software_only_wallclock_capture_no_vehicle_no_can_adapter
14.900200,2026-06-04T11:57:49.660218+00:00,188,8,00 00 00 00 00 00 00 66,realtime_baseline,010_realtime_wallclock_capture,software_only_wallclock_capture_no_vehicle_no_can_adapter
14.910104,2026-06-04T11:57:49.670150+00:00,120,8,06 C8 00 00 00 00 00 67,realtime_baseline,010_realtime_wallclock_capture,software_only_wallclock_capture_no_vehicle_no_can_adapter
14.950098,2026-06-04T11:57:49.710149+00:00,100,8,3E 00 00 00 00 00 00 68,realtime_baseline,010_realtime_wallclock_capture,software_only_wallclock_capture_no_vehicle_no_can_adapter
14.950176,2026-06-04T11:57:49.710195+00:00,188,8,00 00 00 00 00 00 00 69,realtime_baseline,010_realtime_wallclock_capture,software_only_wallclock_capture_no_vehicle_no_can_adapter
14.980109,2026-06-04T11:57:49.740232+00:00,120,8,06 FE 00 00 00 00 00 6A,realtime_baseline,010_realtime_wallclock_capture,software_only_wallclock_capture_no_vehicle_no_can_adapter
15.000106,2026-06-04T11:57:49.760161+00:00,100,8,3F 00 00 00 00 00 00 6B,realtime_baseline,010_realtime_wallclock_capture,software_only_wallclock_capture_no_vehicle_no_can_adapter
15.000186,2026-06-04T11:57:49.760204+00:00,188,8,00 00 00 00 00 00 00 6C,realtime_baseline,010_realtime_wallclock_capture,software_only_wallclock_capture_no_vehicle_no_can_adapter
15.000194,2026-06-04T11:57:49.760232+00:00,300,8,7E 2A 93 32 2A 00 61 B7,realtime_baseline,010_realtime_wallclock_capture,software_only_wallclock_capture_no_vehicle_no_can_adapter
15.050168,2026-06-04T11:57:49.810215+00:00,100,8,41 00 00 00 00 00 00 6E,realtime_baseline,010_realtime_wallclock_capture,software_only_wallclock_capture_no_vehicle_no_can_adapter
15.050240,2026-06-04T11:57:49.810257+00:00,188,8,00 00 00 00 00 00 00 6F,realtime_baseline,010_realtime_wallclock_capture,software_only_wallclock_capture_no_vehicle_no_can_adapter
15.050271,2026-06-04T11:57:49.810290+00:00,120,8,05 E9 00 00 00 00 00 70,realtime_baseline,010_realtime_wallclock_capture,software_only_wallclock_capture_no_vehicle_no_can_adapter
15.100099,2026-06-04T11:57:49.860152+00:00,100,8,47 00 00 00 00 00 00 71,realtime_baseline,010_realtime_wallclock_capture,software_only_wallclock_capture_no_vehicle_no_can_adapter
15.100181,2026-06-04T11:57:49.860200+00:00,188,8,00 00 00 00 00 00 00 72,realtime_baseline,010_realtime_wallclock_capture,software_only_wallclock_capture_no_vehicle_no_can_adapter
15.120188,2026-06-04T11:57:49.880240+00:00,120,8,05 FB 00 00 00 00 00 73,realtime_baseline,010_realtime_wallclock_capture,software_only_wallclock_capture_no_vehicle_no_can_adapter
15.150130,2026-06-04T11:57:49.910191+00:00,100,8,3E 00 00 00 00 00 00 74,realtime_baseline,010_realtime_wallclock_capture,software_only_wallclock_capture_no_vehicle_no_can_adapter
15.150231,2026-06-04T11:57:49.910251+00:00,188,8,00 00 00 00 00 00 00 75,realtime_baseline,010_realtime_wallclock_capture,software_only_wallclock_capture_no_vehicle_no_can_adapter
15.190110,2026-06-04T11:57:49.950168+00:00,120,8,05 E0 00 00 00 00 00 76,realtime_baseline,010_realtime_wallclock_capture,software_only_wallclock_capture_no_vehicle_no_can_adapter
15.200110,2026-06-04T11:57:49.960167+00:00,100,8,43 00 00 00 00 00 00 77,realtime_baseline,010_realtime_wallclock_capture,software_only_wallclock_capture_no_vehicle_no_can_adapter
15.200201,2026-06-04T11:57:49.960220+00:00,188,8,00 00 00 00 00 00 00 78,realtime_baseline,010_realtime_wallclock_capture,software_only_wallclock_capture_no_vehicle_no_can_adapter
15.250114,2026-06-04T11:57:50.010166+00:00,100,8,45 00 00 00 00 00 00 79,realtime_baseline,010_realtime_wallclock_capture,software_only_wallclock_capture_no_vehicle_no_can_adapter
15.250186,2026-06-04T11:57:50.010204+00:00,188,8,00 00 00 00 00 00 00 7A,realtime_baseline,010_realtime_wallclock_capture,software_only_wallclock_capture_no_vehicle_no_can_adapter
15.250194,2026-06-04T11:57:50.010242+00:00,300,8,AD 67 83 60 55 F9 83 46,realtime_baseline,010_realtime_wallclock_capture,software_only_wallclock_capture_no_vehicle_no_can_adapter
15.260120,2026-06-04T11:57:50.020175+00:00,120,8,06 B7 00 00 00 00 00 7C,realtime_baseline,010_realtime_wallclock_capture,software_only_wallclock_capture_no_vehicle_no_can_adapter
15.300118,2026-06-04T11:57:50.060165+00:00,100,8,41 00 00 00 00 00 00 7D,realtime_baseline,010_realtime_wallclock_capture,software_only_wallclock_capture_no_vehicle_no_can_adapter
15.300190,2026-06-04T11:57:50.060208+00:00,188,8,00 00 00 00 00 00 00 7E,realtime_baseline,010_realtime_wallclock_capture,software_only_wallclock_capture_no_vehicle_no_can_adapter
15.330114,2026-06-04T11:57:50.090176+00:00,120,8,05 DD 00 00 00 00 00 7F,realtime_baseline,010_realtime_wallclock_capture,software_only_wallclock_capture_no_vehicle_no_can_adapter
15.350105,2026-06-04T11:57:50.110151+00:00,100,8,41 00 00 00 00 00 00 80,realtime_baseline,010_realtime_wallclock_capture,software_only_wallclock_capture_no_vehicle_no_can_adapter
15.350188,2026-06-04T11:57:50.110208+00:00,188,8,00 00 00 00 00 00 00 81,realtime_baseline,010_realtime_wallclock_capture,software_only_wallclock_capture_no_vehicle_no_can_adapter
15.400154,2026-06-04T11:57:50.160219+00:00,100,8,47 00 00 00 00 00 00 82,realtime_baseline,010_realtime_wallclock_capture,software_only_wallclock_capture_no_vehicle_no_can_adapter
15.400260,2026-06-04T11:57:50.160279+00:00,188,8,00 00 00 00 00 00 00 83,realtime_baseline,010_realtime_wallclock_capture,software_only_wallclock_capture_no_vehicle_no_can_adapter
15.400295,2026-06-04T11:57:50.160315+00:00,120,8,06 CC 00 00 00 00 00 84,realtime_baseline,010_realtime_wallclock_capture,software_only_wallclock_capture_no_vehicle_no_can_adapter
15.450136,2026-06-04T11:57:50.210191+00:00,100,8,43 00 00 00 00 00 00 85,realtime_baseline,010_realtime_wallclock_capture,software_only_wallclock_capture_no_vehicle_no_can_adapter
15.450226,2026-06-04T11:57:50.210245+00:00,188,8,00 00 00 00 00 00 00 86,realtime_baseline,010_realtime_wallclock_capture,software_only_wallclock_capture_no_vehicle_no_can_adapter
15.470167,2026-06-04T11:57:50.230232+00:00,120,8,05 E1 00 00 00 00 00 87,realtime_baseline,010_realtime_wallclock_capture,software_only_wallclock_capture_no_vehicle_no_can_adapter
15.500134,2026-06-04T11:57:50.260195+00:00,100,8,3D 00 00 00 00 00 00 88,realtime_baseline,010_realtime_wallclock_capture,software_only_wallclock_capture_no_vehicle_no_can_adapter
15.500271,2026-06-04T11:57:50.260292+00:00,188,8,00 00 00 00 00 00 00 89,realtime_baseline,010_realtime_wallclock_capture,software_only_wallclock_capture_no_vehicle_no_can_adapter
15.500292,2026-06-04T11:57:50.260346+00:00,300,8,21 70 24 BD 8A 2F 92 F1,realtime_baseline,010_realtime_wallclock_capture,software_only_wallclock_capture_no_vehicle_no_can_adapter
15.540160,2026-06-04T11:57:50.300220+00:00,120,8,06 62 00 00 00 00 00 8B,realtime_baseline,010_realtime_wallclock_capture,software_only_wallclock_capture_no_vehicle_no_can_adapter
15.550114,2026-06-04T11:57:50.310171+00:00,100,8,45 00 00 00 00 00 00 8C,realtime_baseline,010_realtime_wallclock_capture,software_only_wallclock_capture_no_vehicle_no_can_adapter
15.550201,2026-06-04T11:57:50.310220+00:00,188,8,00 00 00 00 00 00 00 8D,realtime_baseline,010_realtime_wallclock_capture,software_only_wallclock_capture_no_vehicle_no_can_adapter
15.600175,2026-06-04T11:57:50.360238+00:00,100,8,46 00 00 00 00 00 00 8E,realtime_baseline,010_realtime_wallclock_capture,software_only_wallclock_capture_no_vehicle_no_can_adapter
15.600283,2026-06-04T11:57:50.360302+00:00,188,8,00 00 00 00 00 00 00 8F,realtime_baseline,010_realtime_wallclock_capture,software_only_wallclock_capture_no_vehicle_no_can_adapter
15.610235,2026-06-04T11:57:50.370300+00:00,120,8,07 4B 00 00 00 00 00 90,realtime_baseline,010_realtime_wallclock_capture,software_only_wallclock_capture_no_vehicle_no_can_adapter
15.650194,2026-06-04T11:57:50.410256+00:00,100,8,3D 00 00 00 00 00 00 91,realtime_baseline,010_realtime_wallclock_capture,software_only_wallclock_capture_no_vehicle_no_can_adapter
15.650283,2026-06-04T11:57:50.410301+00:00,188,8,00 00 00 00 00 00 00 92,realtime_baseline,010_realtime_wallclock_capture,software_only_wallclock_capture_no_vehicle_no_can_adapter
15.680115,2026-06-04T11:57:50.440182+00:00,120,8,06 D6 00 00 00 00 00 93,realtime_baseline,010_realtime_wallclock_capture,software_only_wallclock_capture_no_vehicle_no_can_adapter
15.700169,2026-06-04T11:57:50.460232+00:00,100,8,40 00 00 00 00 00 00 94,realtime_baseline,010_realtime_wallclock_capture,software_only_wallclock_capture_no_vehicle_no_can_adapter
15.700268,2026-06-04T11:57:50.460286+00:00,188,8,00 00 00 00 00 00 00 95,realtime_baseline,010_realtime_wallclock_capture,software_only_wallclock_capture_no_vehicle_no_can_adapter
15.750121,2026-06-04T11:57:50.510176+00:00,100,8,3D 00 00 00 00 00 00 96,realtime_baseline,010_realtime_wallclock_capture,software_only_wallclock_capture_no_vehicle_no_can_adapter
15.750243,2026-06-04T11:57:50.510262+00:00,188,8,00 00 00 00 00 00 00 97,realtime_baseline,010_realtime_wallclock_capture,software_only_wallclock_capture_no_vehicle_no_can_adapter
15.750254,2026-06-04T11:57:50.510275+00:00,120,8,06 AC 00 00 00 00 00 98,realtime_baseline,010_realtime_wallclock_capture,software_only_wallclock_capture_no_vehicle_no_can_adapter
15.750266,2026-06-04T11:57:50.510305+00:00,300,8,F4 77 5D 8D 8B 2D 45 1A,realtime_baseline,010_realtime_wallclock_capture,software_only_wallclock_capture_no_vehicle_no_can_adapter
15.800115,2026-06-04T11:57:50.560163+00:00,100,8,45 00 00 00 00 00 00 9A,realtime_baseline,010_realtime_wallclock_capture,software_only_wallclock_capture_no_vehicle_no_can_adapter
15.800187,2026-06-04T11:57:50.560205+00:00,188,8,00 00 00 00 00 00 00 9B,realtime_baseline,010_realtime_wallclock_capture,software_only_wallclock_capture_no_vehicle_no_can_adapter
15.820099,2026-06-04T11:57:50.580145+00:00,120,8,06 3A 00 00 00 00 00 9C,realtime_baseline,010_realtime_wallclock_capture,software_only_wallclock_capture_no_vehicle_no_can_adapter
15.851511,2026-06-04T11:57:50.611560+00:00,100,8,42 00 00 00 00 00 00 9D,realtime_baseline,010_realtime_wallclock_capture,software_only_wallclock_capture_no_vehicle_no_can_adapter
15.851586,2026-06-04T11:57:50.611617+00:00,188,8,00 00 00 00 00 00 00 9E,realtime_baseline,010_realtime_wallclock_capture,software_only_wallclock_capture_no_vehicle_no_can_adapter
15.890090,2026-06-04T11:57:50.650140+00:00,120,8,06 72 00 00 00 00 00 9F,realtime_baseline,010_realtime_wallclock_capture,software_only_wallclock_capture_no_vehicle_no_can_adapter
15.900095,2026-06-04T11:57:50.660139+00:00,100,8,43 00 00 00 00 00 00 A0,realtime_baseline,010_realtime_wallclock_capture,software_only_wallclock_capture_no_vehicle_no_can_adapter
15.900158,2026-06-04T11:57:50.660176+00:00,188,8,00 00 00 00 00 00 00 A1,realtime_baseline,010_realtime_wallclock_capture,software_only_wallclock_capture_no_vehicle_no_can_adapter
15.950110,2026-06-04T11:57:50.710161+00:00,100,8,46 00 00 00 00 00 00 A2,realtime_baseline,010_realtime_wallclock_capture,software_only_wallclock_capture_no_vehicle_no_can_adapter
15.950189,2026-06-04T11:57:50.710206+00:00,188,8,00 00 00 00 00 00 00 A3,realtime_baseline,010_realtime_wallclock_capture,software_only_wallclock_capture_no_vehicle_no_can_adapter
15.960108,2026-06-04T11:57:50.720154+00:00,120,8,06 21 00 00 00 00 00 A4,realtime_baseline,010_realtime_wallclock_capture,software_only_wallclock_capture_no_vehicle_no_can_adapter
16.000105,2026-06-04T11:57:50.760151+00:00,100,8,42 00 00 00 00 00 00 A5,realtime_baseline,010_realtime_wallclock_capture,software_only_wallclock_capture_no_vehicle_no_can_adapter
16.000177,2026-06-04T11:57:50.760195+00:00,188,8,00 00 00 00 00 00 00 A6,realtime_baseline,010_realtime_wallclock_capture,software_only_wallclock_capture_no_vehicle_no_can_adapter
16.000185,2026-06-04T11:57:50.760223+00:00,300,8,28 55 96 B6 90 5C 39 C4,realtime_baseline,010_realtime_wallclock_capture,software_only_wallclock_capture_no_vehicle_no_can_adapter
16.030108,2026-06-04T11:57:50.790153+00:00,120,8,06 DB 00 00 00 00 00 A8,realtime_baseline,010_realtime_wallclock_capture,software_only_wallclock_capture_no_vehicle_no_can_adapter
16.050113,2026-06-04T11:57:50.810166+00:00,100,8,3E 00 00 00 00 00 00 A9,realtime_baseline,010_realtime_wallclock_capture,software_only_wallclock_capture_no_vehicle_no_can_adapter
16.050197,2026-06-04T11:57:50.810215+00:00,188,8,00 00 00 00 00 00 00 AA,realtime_baseline,010_realtime_wallclock_capture,software_only_wallclock_capture_no_vehicle_no_can_adapter
16.100122,2026-06-04T11:57:50.860184+00:00,100,8,40 00 00 00 00 00 00 AB,realtime_baseline,010_realtime_wallclock_capture,software_only_wallclock_capture_no_vehicle_no_can_adapter
16.100223,2026-06-04T11:57:50.860242+00:00,188,8,00 00 00 00 00 00 00 AC,realtime_baseline,010_realtime_wallclock_capture,software_only_wallclock_capture_no_vehicle_no_can_adapter
16.100234,2026-06-04T11:57:50.860255+00:00,120,8,06 2A 00 00 00 00 00 AD,realtime_baseline,010_realtime_wallclock_capture,software_only_wallclock_capture_no_vehicle_no_can_adapter
16.150112,2026-06-04T11:57:50.910159+00:00,100,8,3C 00 00 00 00 00 00 AE,realtime_baseline,010_realtime_wallclock_capture,software_only_wallclock_capture_no_vehicle_no_can_adapter
16.150184,2026-06-04T11:57:50.910202+00:00,188,8,00 00 00 00 00 00 00 AF,realtime_baseline,010_realtime_wallclock_capture,software_only_wallclock_capture_no_vehicle_no_can_adapter
16.170126,2026-06-04T11:57:50.930185+00:00,120,8,05 E2 00 00 00 00 00 B0,realtime_baseline,010_realtime_wallclock_capture,software_only_wallclock_capture_no_vehicle_no_can_adapter
16.200146,2026-06-04T11:57:50.960208+00:00,100,8,41 00 00 00 00 00 00 B1,realtime_baseline,010_realtime_wallclock_capture,software_only_wallclock_capture_no_vehicle_no_can_adapter
16.200251,2026-06-04T11:57:50.960269+00:00,188,8,00 00 00 00 00 00 00 B2,realtime_baseline,010_realtime_wallclock_capture,software_only_wallclock_capture_no_vehicle_no_can_adapter
16.240177,2026-06-04T11:57:51.000245+00:00,120,8,07 65 00 00 00 00 00 B3,realtime_baseline,010_realtime_wallclock_capture,software_only_wallclock_capture_no_vehicle_no_can_adapter
16.250154,2026-06-04T11:57:51.010215+00:00,100,8,44 00 00 00 00 00 00 B4,realtime_baseline,010_realtime_wallclock_capture,software_only_wallclock_capture_no_vehicle_no_can_adapter
16.250242,2026-06-04T11:57:51.010261+00:00,188,8,00 00 00 00 00 00 00 B5,realtime_baseline,010_realtime_wallclock_capture,software_only_wallclock_capture_no_vehicle_no_can_adapter
16.250255,2026-06-04T11:57:51.010298+00:00,300,8,55 AA 50 4A 06 30 5B 7C,realtime_baseline,010_realtime_wallclock_capture,software_only_wallclock_capture_no_vehicle_no_can_adapter
16.300116,2026-06-04T11:57:51.060176+00:00,100,8,3E 00 00 00 00 00 00 B7,realtime_baseline,010_realtime_wallclock_capture,software_only_wallclock_capture_no_vehicle_no_can_adapter
16.300214,2026-06-04T11:57:51.060233+00:00,188,8,00 00 00 00 00 00 00 B8,realtime_baseline,010_realtime_wallclock_capture,software_only_wallclock_capture_no_vehicle_no_can_adapter
16.310147,2026-06-04T11:57:51.070207+00:00,120,8,06 7B 00 00 00 00 00 B9,realtime_baseline,010_realtime_wallclock_capture,software_only_wallclock_capture_no_vehicle_no_can_adapter
16.350124,2026-06-04T11:57:51.110179+00:00,100,8,44 00 00 00 00 00 00 BA,realtime_baseline,010_realtime_wallclock_capture,software_only_wallclock_capture_no_vehicle_no_can_adapter
16.350208,2026-06-04T11:57:51.110226+00:00,188,8,00 00 00 00 00 00 00 BB,realtime_baseline,010_realtime_wallclock_capture,software_only_wallclock_capture_no_vehicle_no_can_adapter
16.380134,2026-06-04T11:57:51.140191+00:00,120,8,06 A8 00 00 00 00 00 BC,realtime_baseline,010_realtime_wallclock_capture,software_only_wallclock_capture_no_vehicle_no_can_adapter
16.400170,2026-06-04T11:57:51.160225+00:00,100,8,40 00 00 00 00 00 00 BD,realtime_baseline,010_realtime_wallclock_capture,software_only_wallclock_capture_no_vehicle_no_can_adapter
16.400287,2026-06-04T11:57:51.160307+00:00,188,8,00 00 00 00 00 00 00 BE,realtime_baseline,010_realtime_wallclock_capture,software_only_wallclock_capture_no_vehicle_no_can_adapter
16.450128,2026-06-04T11:57:51.210186+00:00,100,8,3C 00 00 00 00 00 00 BF,realtime_baseline,010_realtime_wallclock_capture,software_only_wallclock_capture_no_vehicle_no_can_adapter
16.450232,2026-06-04T11:57:51.210251+00:00,188,8,00 00 00 00 00 00 00 C0,realtime_baseline,010_realtime_wallclock_capture,software_only_wallclock_capture_no_vehicle_no_can_adapter
16.450245,2026-06-04T11:57:51.210266+00:00,120,8,06 6C 00 00 00 00 00 C1,realtime_baseline,010_realtime_wallclock_capture,software_only_wallclock_capture_no_vehicle_no_can_adapter
16.500119,2026-06-04T11:57:51.260169+00:00,100,8,40 00 00 00 00 00 00 C2,realtime_baseline,010_realtime_wallclock_capture,software_only_wallclock_capture_no_vehicle_no_can_adapter
16.500207,2026-06-04T11:57:51.260227+00:00,188,8,00 00 00 00 00 00 00 C3,realtime_baseline,010_realtime_wallclock_capture,software_only_wallclock_capture_no_vehicle_no_can_adapter
16.500221,2026-06-04T11:57:51.260272+00:00,300,8,61 D6 ED EF 97 62 8E 26,realtime_baseline,010_realtime_wallclock_capture,software_only_wallclock_capture_no_vehicle_no_can_adapter
16.520127,2026-06-04T11:57:51.280179+00:00,120,8,06 18 00 00 00 00 00 C5,realtime_baseline,010_realtime_wallclock_capture,software_only_wallclock_capture_no_vehicle_no_can_adapter
16.550122,2026-06-04T11:57:51.310182+00:00,100,8,42 00 00 00 00 00 00 C6,realtime_baseline,010_realtime_wallclock_capture,software_only_wallclock_capture_no_vehicle_no_can_adapter
16.550246,2026-06-04T11:57:51.310266+00:00,188,8,00 00 00 00 00 00 00 C7,realtime_baseline,010_realtime_wallclock_capture,software_only_wallclock_capture_no_vehicle_no_can_adapter
16.590150,2026-06-04T11:57:51.350214+00:00,120,8,06 25 00 00 00 00 00 C8,realtime_baseline,010_realtime_wallclock_capture,software_only_wallclock_capture_no_vehicle_no_can_adapter
16.600151,2026-06-04T11:57:51.360201+00:00,100,8,3C 00 00 00 00 00 00 C9,realtime_baseline,010_realtime_wallclock_capture,software_only_wallclock_capture_no_vehicle_no_can_adapter
16.600222,2026-06-04T11:57:51.360240+00:00,188,8,00 00 00 00 00 00 00 CA,realtime_baseline,010_realtime_wallclock_capture,software_only_wallclock_capture_no_vehicle_no_can_adapter
16.650122,2026-06-04T11:57:51.410178+00:00,100,8,41 00 00 00 00 00 00 CB,realtime_baseline,010_realtime_wallclock_capture,software_only_wallclock_capture_no_vehicle_no_can_adapter
16.650207,2026-06-04T11:57:51.410225+00:00,188,8,00 00 00 00 00 00 00 CC,realtime_baseline,010_realtime_wallclock_capture,software_only_wallclock_capture_no_vehicle_no_can_adapter
16.660131,2026-06-04T11:57:51.420183+00:00,120,8,07 66 00 00 00 00 00 CD,realtime_baseline,010_realtime_wallclock_capture,software_only_wallclock_capture_no_vehicle_no_can_adapter
16.700152,2026-06-04T11:57:51.460211+00:00,100,8,42 00 00 00 00 00 00 CE,realtime_baseline,010_realtime_wallclock_capture,software_only_wallclock_capture_no_vehicle_no_can_adapter
16.700244,2026-06-04T11:57:51.460261+00:00,188,8,00 00 00 00 00 00 00 CF,realtime_baseline,010_realtime_wallclock_capture,software_only_wallclock_capture_no_vehicle_no_can_adapter
16.730122,2026-06-04T11:57:51.490186+00:00,120,8,06 0E 00 00 00 00 00 D0,realtime_baseline,010_realtime_wallclock_capture,software_only_wallclock_capture_no_vehicle_no_can_adapter
16.750110,2026-06-04T11:57:51.510169+00:00,100,8,47 00 00 00 00 00 00 D1,realtime_baseline,010_realtime_wallclock_capture,software_only_wallclock_capture_no_vehicle_no_can_adapter
16.750223,2026-06-04T11:57:51.510242+00:00,188,8,00 00 00 00 00 00 00 D2,realtime_baseline,010_realtime_wallclock_capture,software_only_wallclock_capture_no_vehicle_no_can_adapter
16.750233,2026-06-04T11:57:51.510274+00:00,300,8,A6 C3 94 A9 33 F2 DA 8B,realtime_baseline,010_realtime_wallclock_capture,software_only_wallclock_capture_no_vehicle_no_can_adapter
16.800103,2026-06-04T11:57:51.560143+00:00,100,8,47 00 00 00 00 00 00 D4,realtime_baseline,010_realtime_wallclock_capture,software_only_wallclock_capture_no_vehicle_no_can_adapter
16.800156,2026-06-04T11:57:51.560174+00:00,188,8,00 00 00 00 00 00 00 D5,realtime_baseline,010_realtime_wallclock_capture,software_only_wallclock_capture_no_vehicle_no_can_adapter
16.800165,2026-06-04T11:57:51.560185+00:00,120,8,05 F3 00 00 00 00 00 D6,realtime_baseline,010_realtime_wallclock_capture,software_only_wallclock_capture_no_vehicle_no_can_adapter
16.850130,2026-06-04T11:57:51.610185+00:00,100,8,3C 00 00 00 00 00 00 D7,realtime_baseline,010_realtime_wallclock_capture,software_only_wallclock_capture_no_vehicle_no_can_adapter
16.850213,2026-06-04T11:57:51.610231+00:00,188,8,00 00 00 00 00 00 00 D8,realtime_baseline,010_realtime_wallclock_capture,software_only_wallclock_capture_no_vehicle_no_can_adapter
16.870118,2026-06-04T11:57:51.630176+00:00,120,8,06 61 00 00 00 00 00 D9,realtime_baseline,010_realtime_wallclock_capture,software_only_wallclock_capture_no_vehicle_no_can_adapter
16.900111,2026-06-04T11:57:51.660166+00:00,100,8,41 00 00 00 00 00 00 DA,realtime_baseline,010_realtime_wallclock_capture,software_only_wallclock_capture_no_vehicle_no_can_adapter
16.900194,2026-06-04T11:57:51.660212+00:00,188,8,00 00 00 00 00 00 00 DB,realtime_baseline,010_realtime_wallclock_capture,software_only_wallclock_capture_no_vehicle_no_can_adapter
16.940116,2026-06-04T11:57:51.700173+00:00,120,8,06 27 00 00 00 00 00 DC,realtime_baseline,010_realtime_wallclock_capture,software_only_wallclock_capture_no_vehicle_no_can_adapter
16.950130,2026-06-04T11:57:51.710183+00:00,100,8,41 00 00 00 00 00 00 DD,realtime_baseline,010_realtime_wallclock_capture,software_only_wallclock_capture_no_vehicle_no_can_adapter
16.950229,2026-06-04T11:57:51.710247+00:00,188,8,00 00 00 00 00 00 00 DE,realtime_baseline,010_realtime_wallclock_capture,software_only_wallclock_capture_no_vehicle_no_can_adapter
17.000100,2026-06-04T11:57:51.760154+00:00,100,8,44 00 00 00 00 00 00 DF,realtime_baseline,010_realtime_wallclock_capture,software_only_wallclock_capture_no_vehicle_no_can_adapter
17.000199,2026-06-04T11:57:51.760217+00:00,188,8,00 00 00 00 00 00 00 E0,realtime_baseline,010_realtime_wallclock_capture,software_only_wallclock_capture_no_vehicle_no_can_adapter
17.000208,2026-06-04T11:57:51.760247+00:00,300,8,0E 17 91 64 CB 47 FF D3,realtime_baseline,010_realtime_wallclock_capture,software_only_wallclock_capture_no_vehicle_no_can_adapter
17.010166,2026-06-04T11:57:51.770227+00:00,120,8,07 30 00 00 00 00 00 E2,realtime_baseline,010_realtime_wallclock_capture,software_only_wallclock_capture_no_vehicle_no_can_adapter
17.050171,2026-06-04T11:57:51.810230+00:00,100,8,3C 00 00 00 00 00 00 E3,realtime_baseline,010_realtime_wallclock_capture,software_only_wallclock_capture_no_vehicle_no_can_adapter
17.050264,2026-06-04T11:57:51.810282+00:00,188,8,00 00 00 00 00 00 00 E4,realtime_baseline,010_realtime_wallclock_capture,software_only_wallclock_capture_no_vehicle_no_can_adapter
17.080107,2026-06-04T11:57:51.840168+00:00,120,8,07 57 00 00 00 00 00 E5,realtime_baseline,010_realtime_wallclock_capture,software_only_wallclock_capture_no_vehicle_no_can_adapter
17.100113,2026-06-04T11:57:51.860172+00:00,100,8,47 00 00 00 00 00 00 E6,realtime_baseline,010_realtime_wallclock_capture,software_only_wallclock_capture_no_vehicle_no_can_adapter
17.100212,2026-06-04T11:57:51.860232+00:00,188,8,00 00 00 00 00 00 00 E7,realtime_baseline,010_realtime_wallclock_capture,software_only_wallclock_capture_no_vehicle_no_can_adapter
17.150130,2026-06-04T11:57:51.910185+00:00,100,8,3F 00 00 00 00 00 00 E8,realtime_baseline,010_realtime_wallclock_capture,software_only_wallclock_capture_no_vehicle_no_can_adapter
17.150215,2026-06-04T11:57:51.910233+00:00,188,8,00 00 00 00 00 00 00 E9,realtime_baseline,010_realtime_wallclock_capture,software_only_wallclock_capture_no_vehicle_no_can_adapter
17.150225,2026-06-04T11:57:51.910246+00:00,120,8,06 37 00 00 00 00 00 EA,realtime_baseline,010_realtime_wallclock_capture,software_only_wallclock_capture_no_vehicle_no_can_adapter
17.200108,2026-06-04T11:57:51.960171+00:00,100,8,40 00 00 00 00 00 00 EB,realtime_baseline,010_realtime_wallclock_capture,software_only_wallclock_capture_no_vehicle_no_can_adapter
17.200206,2026-06-04T11:57:51.960225+00:00,188,8,00 00 00 00 00 00 00 EC,realtime_baseline,010_realtime_wallclock_capture,software_only_wallclock_capture_no_vehicle_no_can_adapter
17.220109,2026-06-04T11:57:51.980154+00:00,120,8,06 E6 00 00 00 00 00 ED,realtime_baseline,010_realtime_wallclock_capture,software_only_wallclock_capture_no_vehicle_no_can_adapter
17.250436,2026-06-04T11:57:52.010537+00:00,100,8,40 00 00 00 00 00 00 EE,realtime_baseline,010_realtime_wallclock_capture,software_only_wallclock_capture_no_vehicle_no_can_adapter
17.250570,2026-06-04T11:57:52.010588+00:00,188,8,00 00 00 00 00 00 00 EF,realtime_baseline,010_realtime_wallclock_capture,software_only_wallclock_capture_no_vehicle_no_can_adapter
17.250579,2026-06-04T11:57:52.010617+00:00,300,8,BC CE 85 A7 26 69 04 07,realtime_baseline,010_realtime_wallclock_capture,software_only_wallclock_capture_no_vehicle_no_can_adapter
17.290156,2026-06-04T11:57:52.050216+00:00,120,8,06 0F 00 00 00 00 00 F1,realtime_baseline,010_realtime_wallclock_capture,software_only_wallclock_capture_no_vehicle_no_can_adapter
17.300138,2026-06-04T11:57:52.060198+00:00,100,8,46 00 00 00 00 00 00 F2,realtime_baseline,010_realtime_wallclock_capture,software_only_wallclock_capture_no_vehicle_no_can_adapter
17.300233,2026-06-04T11:57:52.060280+00:00,188,8,00 00 00 00 00 00 00 F3,realtime_baseline,010_realtime_wallclock_capture,software_only_wallclock_capture_no_vehicle_no_can_adapter
17.350155,2026-06-04T11:57:52.110221+00:00,100,8,3F 00 00 00 00 00 00 F4,realtime_baseline,010_realtime_wallclock_capture,software_only_wallclock_capture_no_vehicle_no_can_adapter
17.350265,2026-06-04T11:57:52.110284+00:00,188,8,00 00 00 00 00 00 00 F5,realtime_baseline,010_realtime_wallclock_capture,software_only_wallclock_capture_no_vehicle_no_can_adapter
17.360113,2026-06-04T11:57:52.120152+00:00,120,8,06 B1 00 00 00 00 00 F6,realtime_baseline,010_realtime_wallclock_capture,software_only_wallclock_capture_no_vehicle_no_can_adapter
17.400153,2026-06-04T11:57:52.160209+00:00,100,8,3F 00 00 00 00 00 00 F7,realtime_baseline,010_realtime_wallclock_capture,software_only_wallclock_capture_no_vehicle_no_can_adapter
17.400241,2026-06-04T11:57:52.160259+00:00,188,8,00 00 00 00 00 00 00 F8,realtime_baseline,010_realtime_wallclock_capture,software_only_wallclock_capture_no_vehicle_no_can_adapter
17.430114,2026-06-04T11:57:52.190164+00:00,120,8,06 05 00 00 00 00 00 F9,realtime_baseline,010_realtime_wallclock_capture,software_only_wallclock_capture_no_vehicle_no_can_adapter
17.450122,2026-06-04T11:57:52.210190+00:00,100,8,3C 00 00 00 00 00 00 FA,realtime_baseline,010_realtime_wallclock_capture,software_only_wallclock_capture_no_vehicle_no_can_adapter
17.450221,2026-06-04T11:57:52.210238+00:00,188,8,00 00 00 00 00 00 00 FB,realtime_baseline,010_realtime_wallclock_capture,software_only_wallclock_capture_no_vehicle_no_can_adapter
17.500143,2026-06-04T11:57:52.260203+00:00,100,8,41 00 00 00 00 00 00 FC,realtime_baseline,010_realtime_wallclock_capture,software_only_wallclock_capture_no_vehicle_no_can_adapter
17.500235,2026-06-04T11:57:52.260253+00:00,188,8,00 00 00 00 00 00 00 FD,realtime_baseline,010_realtime_wallclock_capture,software_only_wallclock_capture_no_vehicle_no_can_adapter
17.500243,2026-06-04T11:57:52.260263+00:00,120,8,06 43 00 00 00 00 00 FE,realtime_baseline,010_realtime_wallclock_capture,software_only_wallclock_capture_no_vehicle_no_can_adapter
17.500252,2026-06-04T11:57:52.260289+00:00,300,8,2D 2D F0 F4 3C 15 05 65,realtime_baseline,010_realtime_wallclock_capture,software_only_wallclock_capture_no_vehicle_no_can_adapter
17.550154,2026-06-04T11:57:52.310221+00:00,100,8,3F 00 00 00 00 00 00 00,realtime_baseline,010_realtime_wallclock_capture,software_only_wallclock_capture_no_vehicle_no_can_adapter
17.550263,2026-06-04T11:57:52.310283+00:00,188,8,00 00 00 00 00 00 00 01,realtime_baseline,010_realtime_wallclock_capture,software_only_wallclock_capture_no_vehicle_no_can_adapter
17.570155,2026-06-04T11:57:52.330214+00:00,120,8,06 8E 00 00 00 00 00 02,realtime_baseline,010_realtime_wallclock_capture,software_only_wallclock_capture_no_vehicle_no_can_adapter
17.600132,2026-06-04T11:57:52.360204+00:00,100,8,44 00 00 00 00 00 00 03,realtime_baseline,010_realtime_wallclock_capture,software_only_wallclock_capture_no_vehicle_no_can_adapter
17.600244,2026-06-04T11:57:52.360263+00:00,188,8,00 00 00 00 00 00 00 04,realtime_baseline,010_realtime_wallclock_capture,software_only_wallclock_capture_no_vehicle_no_can_adapter
17.640122,2026-06-04T11:57:52.400190+00:00,120,8,06 42 00 00 00 00 00 05,realtime_baseline,010_realtime_wallclock_capture,software_only_wallclock_capture_no_vehicle_no_can_adapter
17.650130,2026-06-04T11:57:52.410185+00:00,100,8,42 00 00 00 00 00 00 06,realtime_baseline,010_realtime_wallclock_capture,software_only_wallclock_capture_no_vehicle_no_can_adapter
17.650222,2026-06-04T11:57:52.410241+00:00,188,8,00 00 00 00 00 00 00 07,realtime_baseline,010_realtime_wallclock_capture,software_only_wallclock_capture_no_vehicle_no_can_adapter
17.700128,2026-06-04T11:57:52.460193+00:00,100,8,43 00 00 00 00 00 00 08,realtime_baseline,010_realtime_wallclock_capture,software_only_wallclock_capture_no_vehicle_no_can_adapter
17.700265,2026-06-04T11:57:52.460284+00:00,188,8,00 00 00 00 00 00 00 09,realtime_baseline,010_realtime_wallclock_capture,software_only_wallclock_capture_no_vehicle_no_can_adapter
17.710112,2026-06-04T11:57:52.470166+00:00,120,8,06 26 00 00 00 00 00 0A,realtime_baseline,010_realtime_wallclock_capture,software_only_wallclock_capture_no_vehicle_no_can_adapter
17.750136,2026-06-04T11:57:52.510190+00:00,100,8,3D 00 00 00 00 00 00 0B,realtime_baseline,010_realtime_wallclock_capture,software_only_wallclock_capture_no_vehicle_no_can_adapter
17.750245,2026-06-04T11:57:52.510263+00:00,188,8,00 00 00 00 00 00 00 0C,realtime_baseline,010_realtime_wallclock_capture,software_only_wallclock_capture_no_vehicle_no_can_adapter
17.750254,2026-06-04T11:57:52.510293+00:00,300,8,7A E4 BB B3 80 61 22 74,realtime_baseline,010_realtime_wallclock_capture,software_only_wallclock_capture_no_vehicle_no_can_adapter
17.780135,2026-06-04T11:57:52.540195+00:00,120,8,07 36 00 00 00 00 00 0E,realtime_baseline,010_realtime_wallclock_capture,software_only_wallclock_capture_no_vehicle_no_can_adapter
17.800103,2026-06-04T11:57:52.560158+00:00,100,8,3F 00 00 00 00 00 00 0F,realtime_baseline,010_realtime_wallclock_capture,software_only_wallclock_capture_no_vehicle_no_can_adapter
17.800192,2026-06-04T11:57:52.560211+00:00,188,8,00 00 00 00 00 00 00 10,realtime_baseline,010_realtime_wallclock_capture,software_only_wallclock_capture_no_vehicle_no_can_adapter
17.850143,2026-06-04T11:57:52.610207+00:00,100,8,43 00 00 00 00 00 00 11,realtime_baseline,010_realtime_wallclock_capture,software_only_wallclock_capture_no_vehicle_no_can_adapter
17.850251,2026-06-04T11:57:52.610270+00:00,188,8,00 00 00 00 00 00 00 12,realtime_baseline,010_realtime_wallclock_capture,software_only_wallclock_capture_no_vehicle_no_can_adapter
17.850263,2026-06-04T11:57:52.610284+00:00,120,8,07 4A 00 00 00 00 00 13,realtime_baseline,010_realtime_wallclock_capture,software_only_wallclock_capture_no_vehicle_no_can_adapter
17.900121,2026-06-04T11:57:52.660179+00:00,100,8,43 00 00 00 00 00 00 14,realtime_baseline,010_realtime_wallclock_capture,software_only_wallclock_capture_no_vehicle_no_can_adapter
17.900218,2026-06-04T11:57:52.660237+00:00,188,8,00 00 00 00 00 00 00 15,realtime_baseline,010_realtime_wallclock_capture,software_only_wallclock_capture_no_vehicle_no_can_adapter
17.920127,2026-06-04T11:57:52.680183+00:00,120,8,06 A0 00 00 00 00 00 16,realtime_baseline,010_realtime_wallclock_capture,software_only_wallclock_capture_no_vehicle_no_can_adapter
17.950130,2026-06-04T11:57:52.710235+00:00,100,8,40 00 00 00 00 00 00 17,realtime_baseline,010_realtime_wallclock_capture,software_only_wallclock_capture_no_vehicle_no_can_adapter
17.950262,2026-06-04T11:57:52.710280+00:00,188,8,00 00 00 00 00 00 00 18,realtime_baseline,010_realtime_wallclock_capture,software_only_wallclock_capture_no_vehicle_no_can_adapter
17.990126,2026-06-04T11:57:52.750186+00:00,120,8,05 FE 00 00 00 00 00 19,realtime_baseline,010_realtime_wallclock_capture,software_only_wallclock_capture_no_vehicle_no_can_adapter
18.000127,2026-06-04T11:57:52.760182+00:00,100,8,45 00 00 00 00 00 00 1A,realtime_baseline,010_realtime_wallclock_capture,software_only_wallclock_capture_no_vehicle_no_can_adapter
18.000214,2026-06-04T11:57:52.760232+00:00,188,8,00 00 00 00 00 00 00 1B,realtime_baseline,010_realtime_wallclock_capture,software_only_wallclock_capture_no_vehicle_no_can_adapter
18.000222,2026-06-04T11:57:52.760261+00:00,300,8,80 4B 5B 6E B3 3C 9E 84,realtime_baseline,010_realtime_wallclock_capture,software_only_wallclock_capture_no_vehicle_no_can_adapter
18.050132,2026-06-04T11:57:52.810194+00:00,100,8,41 00 00 00 00 00 00 1D,realtime_baseline,010_realtime_wallclock_capture,software_only_wallclock_capture_no_vehicle_no_can_adapter
18.050264,2026-06-04T11:57:52.810284+00:00,188,8,00 00 00 00 00 00 00 1E,realtime_baseline,010_realtime_wallclock_capture,software_only_wallclock_capture_no_vehicle_no_can_adapter
18.060120,2026-06-04T11:57:52.820171+00:00,120,8,06 A6 00 00 00 00 00 1F,realtime_baseline,010_realtime_wallclock_capture,software_only_wallclock_capture_no_vehicle_no_can_adapter
18.100499,2026-06-04T11:57:52.860556+00:00,100,8,40 00 00 00 00 00 00 20,realtime_baseline,010_realtime_wallclock_capture,software_only_wallclock_capture_no_vehicle_no_can_adapter
18.100595,2026-06-04T11:57:52.860613+00:00,188,8,00 00 00 00 00 00 00 21,realtime_baseline,010_realtime_wallclock_capture,software_only_wallclock_capture_no_vehicle_no_can_adapter
18.130085,2026-06-04T11:57:52.890135+00:00,120,8,06 CE 00 00 00 00 00 22,realtime_baseline,010_realtime_wallclock_capture,software_only_wallclock_capture_no_vehicle_no_can_adapter
18.150083,2026-06-04T11:57:52.910130+00:00,100,8,45 00 00 00 00 00 00 23,realtime_baseline,010_realtime_wallclock_capture,software_only_wallclock_capture_no_vehicle_no_can_adapter
18.150157,2026-06-04T11:57:52.910174+00:00,188,8,00 00 00 00 00 00 00 24,realtime_baseline,010_realtime_wallclock_capture,software_only_wallclock_capture_no_vehicle_no_can_adapter
18.200113,2026-06-04T11:57:52.960168+00:00,100,8,46 00 00 00 00 00 00 25,realtime_baseline,010_realtime_wallclock_capture,software_only_wallclock_capture_no_vehicle_no_can_adapter
18.200200,2026-06-04T11:57:52.960218+00:00,188,8,00 00 00 00 00 00 00 26,realtime_baseline,010_realtime_wallclock_capture,software_only_wallclock_capture_no_vehicle_no_can_adapter
18.200209,2026-06-04T11:57:52.960229+00:00,120,8,06 EF 00 00 00 00 00 27,realtime_baseline,010_realtime_wallclock_capture,software_only_wallclock_capture_no_vehicle_no_can_adapter
18.250113,2026-06-04T11:57:53.010179+00:00,100,8,44 00 00 00 00 00 00 28,realtime_baseline,010_realtime_wallclock_capture,software_only_wallclock_capture_no_vehicle_no_can_adapter
18.250218,2026-06-04T11:57:53.010237+00:00,188,8,00 00 00 00 00 00 00 29,realtime_baseline,010_realtime_wallclock_capture,software_only_wallclock_capture_no_vehicle_no_can_adapter
18.250228,2026-06-04T11:57:53.010267+00:00,300,8,47 0B FC 8D 45 A0 39 E3,realtime_baseline,010_realtime_wallclock_capture,software_only_wallclock_capture_no_vehicle_no_can_adapter
18.270113,2026-06-04T11:57:53.030171+00:00,120,8,07 42 00 00 00 00 00 2B,realtime_baseline,010_realtime_wallclock_capture,software_only_wallclock_capture_no_vehicle_no_can_adapter
18.300143,2026-06-04T11:57:53.060209+00:00,100,8,3C 00 00 00 00 00 00 2C,realtime_baseline,010_realtime_wallclock_capture,software_only_wallclock_capture_no_vehicle_no_can_adapter
18.300254,2026-06-04T11:57:53.060273+00:00,188,8,00 00 00 00 00 00 00 2D,realtime_baseline,010_realtime_wallclock_capture,software_only_wallclock_capture_no_vehicle_no_can_adapter
18.340129,2026-06-04T11:57:53.100189+00:00,120,8,06 03 00 00 00 00 00 2E,realtime_baseline,010_realtime_wallclock_capture,software_only_wallclock_capture_no_vehicle_no_can_adapter
18.350121,2026-06-04T11:57:53.110185+00:00,100,8,45 00 00 00 00 00 00 2F,realtime_baseline,010_realtime_wallclock_capture,software_only_wallclock_capture_no_vehicle_no_can_adapter
18.350233,2026-06-04T11:57:53.110251+00:00,188,8,00 00 00 00 00 00 00 30,realtime_baseline,010_realtime_wallclock_capture,software_only_wallclock_capture_no_vehicle_no_can_adapter
18.400135,2026-06-04T11:57:53.160199+00:00,100,8,3C 00 00 00 00 00 00 31,realtime_baseline,010_realtime_wallclock_capture,software_only_wallclock_capture_no_vehicle_no_can_adapter
18.400241,2026-06-04T11:57:53.160259+00:00,188,8,00 00 00 00 00 00 00 32,realtime_baseline,010_realtime_wallclock_capture,software_only_wallclock_capture_no_vehicle_no_can_adapter
18.410122,2026-06-04T11:57:53.170179+00:00,120,8,07 1D 00 00 00 00 00 33,realtime_baseline,010_realtime_wallclock_capture,software_only_wallclock_capture_no_vehicle_no_can_adapter
18.450134,2026-06-04T11:57:53.210203+00:00,100,8,40 00 00 00 00 00 00 34,realtime_baseline,010_realtime_wallclock_capture,software_only_wallclock_capture_no_vehicle_no_can_adapter
18.450248,2026-06-04T11:57:53.210267+00:00,188,8,00 00 00 00 00 00 00 35,realtime_baseline,010_realtime_wallclock_capture,software_only_wallclock_capture_no_vehicle_no_can_adapter
18.480105,2026-06-04T11:57:53.240160+00:00,120,8,06 70 00 00 00 00 00 36,realtime_baseline,010_realtime_wallclock_capture,software_only_wallclock_capture_no_vehicle_no_can_adapter
18.500105,2026-06-04T11:57:53.260162+00:00,100,8,45 00 00 00 00 00 00 37,realtime_baseline,010_realtime_wallclock_capture,software_only_wallclock_capture_no_vehicle_no_can_adapter
18.500191,2026-06-04T11:57:53.260209+00:00,188,8,00 00 00 00 00 00 00 38,realtime_baseline,010_realtime_wallclock_capture,software_only_wallclock_capture_no_vehicle_no_can_adapter
18.500200,2026-06-04T11:57:53.260237+00:00,300,8,FD 15 BE AD D4 2F F2 5E,realtime_baseline,010_realtime_wallclock_capture,software_only_wallclock_capture_no_vehicle_no_can_adapter
18.550113,2026-06-04T11:57:53.310170+00:00,100,8,3E 00 00 00 00 00 00 3A,realtime_baseline,010_realtime_wallclock_capture,software_only_wallclock_capture_no_vehicle_no_can_adapter
18.550204,2026-06-04T11:57:53.310222+00:00,188,8,00 00 00 00 00 00 00 3B,realtime_baseline,010_realtime_wallclock_capture,software_only_wallclock_capture_no_vehicle_no_can_adapter
18.550217,2026-06-04T11:57:53.310240+00:00,120,8,06 6B 00 00 00 00 00 3C,realtime_baseline,010_realtime_wallclock_capture,software_only_wallclock_capture_no_vehicle_no_can_adapter
18.600217,2026-06-04T11:57:53.360282+00:00,100,8,3E 00 00 00 00 00 00 3D,realtime_baseline,010_realtime_wallclock_capture,software_only_wallclock_capture_no_vehicle_no_can_adapter
18.600324,2026-06-04T11:57:53.360343+00:00,188,8,00 00 00 00 00 00 00 3E,realtime_baseline,010_realtime_wallclock_capture,software_only_wallclock_capture_no_vehicle_no_can_adapter
18.620245,2026-06-04T11:57:53.380313+00:00,120,8,06 12 00 00 00 00 00 3F,realtime_baseline,010_realtime_wallclock_capture,software_only_wallclock_capture_no_vehicle_no_can_adapter
18.650229,2026-06-04T11:57:53.410287+00:00,100,8,43 00 00 00 00 00 00 40,realtime_baseline,010_realtime_wallclock_capture,software_only_wallclock_capture_no_vehicle_no_can_adapter
18.650317,2026-06-04T11:57:53.410335+00:00,188,8,00 00 00 00 00 00 00 41,realtime_baseline,010_realtime_wallclock_capture,software_only_wallclock_capture_no_vehicle_no_can_adapter
18.690175,2026-06-04T11:57:53.450243+00:00,120,8,07 05 00 00 00 00 00 42,realtime_baseline,010_realtime_wallclock_capture,software_only_wallclock_capture_no_vehicle_no_can_adapter
18.700162,2026-06-04T11:57:53.460225+00:00,100,8,41 00 00 00 00 00 00 43,realtime_baseline,010_realtime_wallclock_capture,software_only_wallclock_capture_no_vehicle_no_can_adapter
18.700262,2026-06-04T11:57:53.460281+00:00,188,8,00 00 00 00 00 00 00 44,realtime_baseline,010_realtime_wallclock_capture,software_only_wallclock_capture_no_vehicle_no_can_adapter
18.750128,2026-06-04T11:57:53.510186+00:00,100,8,3E 00 00 00 00 00 00 45,realtime_baseline,010_realtime_wallclock_capture,software_only_wallclock_capture_no_vehicle_no_can_adapter
18.750213,2026-06-04T11:57:53.510231+00:00,188,8,00 00 00 00 00 00 00 46,realtime_baseline,010_realtime_wallclock_capture,software_only_wallclock_capture_no_vehicle_no_can_adapter
18.750244,2026-06-04T11:57:53.510281+00:00,300,8,C8 3F 45 15 C7 66 8E 7F,realtime_baseline,010_realtime_wallclock_capture,software_only_wallclock_capture_no_vehicle_no_can_adapter
18.760134,2026-06-04T11:57:53.520213+00:00,120,8,06 5F 00 00 00 00 00 48,realtime_baseline,010_realtime_wallclock_capture,software_only_wallclock_capture_no_vehicle_no_can_adapter
18.800188,2026-06-04T11:57:53.560250+00:00,100,8,47 00 00 00 00 00 00 49,realtime_baseline,010_realtime_wallclock_capture,software_only_wallclock_capture_no_vehicle_no_can_adapter
18.800294,2026-06-04T11:57:53.560312+00:00,188,8,00 00 00 00 00 00 00 4A,realtime_baseline,010_realtime_wallclock_capture,software_only_wallclock_capture_no_vehicle_no_can_adapter
18.830122,2026-06-04T11:57:53.590186+00:00,120,8,06 26 00 00 00 00 00 4B,realtime_baseline,010_realtime_wallclock_capture,software_only_wallclock_capture_no_vehicle_no_can_adapter
18.850126,2026-06-04T11:57:53.610189+00:00,100,8,3E 00 00 00 00 00 00 4C,realtime_baseline,010_realtime_wallclock_capture,software_only_wallclock_capture_no_vehicle_no_can_adapter
18.850230,2026-06-04T11:57:53.610249+00:00,188,8,00 00 00 00 00 00 00 4D,realtime_baseline,010_realtime_wallclock_capture,software_only_wallclock_capture_no_vehicle_no_can_adapter
18.900133,2026-06-04T11:57:53.660191+00:00,100,8,3F 00 00 00 00 00 00 4E,realtime_baseline,010_realtime_wallclock_capture,software_only_wallclock_capture_no_vehicle_no_can_adapter
18.900225,2026-06-04T11:57:53.660242+00:00,188,8,00 00 00 00 00 00 00 4F,realtime_baseline,010_realtime_wallclock_capture,software_only_wallclock_capture_no_vehicle_no_can_adapter
18.900234,2026-06-04T11:57:53.660253+00:00,120,8,06 18 00 00 00 00 00 50,realtime_baseline,010_realtime_wallclock_capture,software_only_wallclock_capture_no_vehicle_no_can_adapter
18.950150,2026-06-04T11:57:53.710215+00:00,100,8,3D 00 00 00 00 00 00 51,realtime_baseline,010_realtime_wallclock_capture,software_only_wallclock_capture_no_vehicle_no_can_adapter
18.950262,2026-06-04T11:57:53.710282+00:00,188,8,00 00 00 00 00 00 00 52,realtime_baseline,010_realtime_wallclock_capture,software_only_wallclock_capture_no_vehicle_no_can_adapter
18.970139,2026-06-04T11:57:53.730200+00:00,120,8,06 0D 00 00 00 00 00 53,realtime_baseline,010_realtime_wallclock_capture,software_only_wallclock_capture_no_vehicle_no_can_adapter
19.000144,2026-06-04T11:57:53.760207+00:00,100,8,3E 00 00 00 00 00 00 54,realtime_baseline,010_realtime_wallclock_capture,software_only_wallclock_capture_no_vehicle_no_can_adapter
19.000249,2026-06-04T11:57:53.760267+00:00,188,8,00 00 00 00 00 00 00 55,realtime_baseline,010_realtime_wallclock_capture,software_only_wallclock_capture_no_vehicle_no_can_adapter
19.000260,2026-06-04T11:57:53.760306+00:00,300,8,B1 B6 E3 0E F1 A1 14 36,realtime_baseline,010_realtime_wallclock_capture,software_only_wallclock_capture_no_vehicle_no_can_adapter
19.040136,2026-06-04T11:57:53.800203+00:00,120,8,06 72 00 00 00 00 00 57,realtime_baseline,010_realtime_wallclock_capture,software_only_wallclock_capture_no_vehicle_no_can_adapter
19.050126,2026-06-04T11:57:53.810179+00:00,100,8,45 00 00 00 00 00 00 58,realtime_baseline,010_realtime_wallclock_capture,software_only_wallclock_capture_no_vehicle_no_can_adapter
19.050211,2026-06-04T11:57:53.810228+00:00,188,8,00 00 00 00 00 00 00 59,realtime_baseline,010_realtime_wallclock_capture,software_only_wallclock_capture_no_vehicle_no_can_adapter
19.100150,2026-06-04T11:57:53.860222+00:00,100,8,3D 00 00 00 00 00 00 5A,realtime_baseline,010_realtime_wallclock_capture,software_only_wallclock_capture_no_vehicle_no_can_adapter
19.100273,2026-06-04T11:57:53.860293+00:00,188,8,00 00 00 00 00 00 00 5B,realtime_baseline,010_realtime_wallclock_capture,software_only_wallclock_capture_no_vehicle_no_can_adapter
19.110199,2026-06-04T11:57:53.870253+00:00,120,8,06 88 00 00 00 00 00 5C,realtime_baseline,010_realtime_wallclock_capture,software_only_wallclock_capture_no_vehicle_no_can_adapter
19.150177,2026-06-04T11:57:53.910243+00:00,100,8,40 00 00 00 00 00 00 5D,realtime_baseline,010_realtime_wallclock_capture,software_only_wallclock_capture_no_vehicle_no_can_adapter
19.150312,2026-06-04T11:57:53.910331+00:00,188,8,00 00 00 00 00 00 00 5E,realtime_baseline,010_realtime_wallclock_capture,software_only_wallclock_capture_no_vehicle_no_can_adapter
19.180106,2026-06-04T11:57:53.940167+00:00,120,8,05 E0 00 00 00 00 00 5F,realtime_baseline,010_realtime_wallclock_capture,software_only_wallclock_capture_no_vehicle_no_can_adapter
19.200130,2026-06-04T11:57:53.960203+00:00,100,8,3D 00 00 00 00 00 00 60,realtime_baseline,010_realtime_wallclock_capture,software_only_wallclock_capture_no_vehicle_no_can_adapter
19.200282,2026-06-04T11:57:53.960302+00:00,188,8,00 00 00 00 00 00 00 61,realtime_baseline,010_realtime_wallclock_capture,software_only_wallclock_capture_no_vehicle_no_can_adapter
19.250152,2026-06-04T11:57:54.010213+00:00,100,8,3F 00 00 00 00 00 00 62,realtime_baseline,010_realtime_wallclock_capture,software_only_wallclock_capture_no_vehicle_no_can_adapter
19.250257,2026-06-04T11:57:54.010276+00:00,188,8,00 00 00 00 00 00 00 63,realtime_baseline,010_realtime_wallclock_capture,software_only_wallclock_capture_no_vehicle_no_can_adapter
19.250269,2026-06-04T11:57:54.010291+00:00,120,8,06 01 00 00 00 00 00 64,realtime_baseline,010_realtime_wallclock_capture,software_only_wallclock_capture_no_vehicle_no_can_adapter
19.250282,2026-06-04T11:57:54.010328+00:00,300,8,22 2A 4F 61 AF 89 A6 47,realtime_baseline,010_realtime_wallclock_capture,software_only_wallclock_capture_no_vehicle_no_can_adapter
19.300111,2026-06-04T11:57:54.060174+00:00,100,8,42 00 00 00 00 00 00 66,realtime_baseline,010_realtime_wallclock_capture,software_only_wallclock_capture_no_vehicle_no_can_adapter
19.300220,2026-06-04T11:57:54.060239+00:00,188,8,00 00 00 00 00 00 00 67,realtime_baseline,010_realtime_wallclock_capture,software_only_wallclock_capture_no_vehicle_no_can_adapter
19.320099,2026-06-04T11:57:54.080151+00:00,120,8,06 04 00 00 00 00 00 68,realtime_baseline,010_realtime_wallclock_capture,software_only_wallclock_capture_no_vehicle_no_can_adapter
19.350120,2026-06-04T11:57:54.110172+00:00,100,8,3C 00 00 00 00 00 00 69,realtime_baseline,010_realtime_wallclock_capture,software_only_wallclock_capture_no_vehicle_no_can_adapter
19.350203,2026-06-04T11:57:54.110221+00:00,188,8,00 00 00 00 00 00 00 6A,realtime_baseline,010_realtime_wallclock_capture,software_only_wallclock_capture_no_vehicle_no_can_adapter
19.390119,2026-06-04T11:57:54.150196+00:00,120,8,06 3B 00 00 00 00 00 6B,realtime_baseline,010_realtime_wallclock_capture,software_only_wallclock_capture_no_vehicle_no_can_adapter
19.400100,2026-06-04T11:57:54.160147+00:00,100,8,3F 00 00 00 00 00 00 6C,realtime_baseline,010_realtime_wallclock_capture,software_only_wallclock_capture_no_vehicle_no_can_adapter
19.400170,2026-06-04T11:57:54.160190+00:00,188,8,00 00 00 00 00 00 00 6D,realtime_baseline,010_realtime_wallclock_capture,software_only_wallclock_capture_no_vehicle_no_can_adapter
19.450125,2026-06-04T11:57:54.210175+00:00,100,8,3E 00 00 00 00 00 00 6E,realtime_baseline,010_realtime_wallclock_capture,software_only_wallclock_capture_no_vehicle_no_can_adapter
19.450203,2026-06-04T11:57:54.210222+00:00,188,8,00 00 00 00 00 00 00 6F,realtime_baseline,010_realtime_wallclock_capture,software_only_wallclock_capture_no_vehicle_no_can_adapter
19.460096,2026-06-04T11:57:54.220146+00:00,120,8,06 8E 00 00 00 00 00 70,realtime_baseline,010_realtime_wallclock_capture,software_only_wallclock_capture_no_vehicle_no_can_adapter
19.500150,2026-06-04T11:57:54.260204+00:00,100,8,44 00 00 00 00 00 00 71,realtime_baseline,010_realtime_wallclock_capture,software_only_wallclock_capture_no_vehicle_no_can_adapter
19.500235,2026-06-04T11:57:54.260253+00:00,188,8,00 00 00 00 00 00 00 72,realtime_baseline,010_realtime_wallclock_capture,software_only_wallclock_capture_no_vehicle_no_can_adapter
19.500265,2026-06-04T11:57:54.260304+00:00,300,8,1A A7 CB B4 05 AE 58 F6,realtime_baseline,010_realtime_wallclock_capture,software_only_wallclock_capture_no_vehicle_no_can_adapter
19.530123,2026-06-04T11:57:54.290175+00:00,120,8,06 E3 00 00 00 00 00 74,realtime_baseline,010_realtime_wallclock_capture,software_only_wallclock_capture_no_vehicle_no_can_adapter
19.550157,2026-06-04T11:57:54.310234+00:00,100,8,42 00 00 00 00 00 00 75,realtime_baseline,010_realtime_wallclock_capture,software_only_wallclock_capture_no_vehicle_no_can_adapter
19.550280,2026-06-04T11:57:54.310299+00:00,188,8,00 00 00 00 00 00 00 76,realtime_baseline,010_realtime_wallclock_capture,software_only_wallclock_capture_no_vehicle_no_can_adapter
19.600218,2026-06-04T11:57:54.360282+00:00,100,8,47 00 00 00 00 00 00 77,realtime_baseline,010_realtime_wallclock_capture,software_only_wallclock_capture_no_vehicle_no_can_adapter
19.600323,2026-06-04T11:57:54.360341+00:00,188,8,00 00 00 00 00 00 00 78,realtime_baseline,010_realtime_wallclock_capture,software_only_wallclock_capture_no_vehicle_no_can_adapter
19.600333,2026-06-04T11:57:54.360353+00:00,120,8,07 33 00 00 00 00 00 79,realtime_baseline,010_realtime_wallclock_capture,software_only_wallclock_capture_no_vehicle_no_can_adapter
19.650144,2026-06-04T11:57:54.410206+00:00,100,8,47 00 00 00 00 00 00 7A,realtime_baseline,010_realtime_wallclock_capture,software_only_wallclock_capture_no_vehicle_no_can_adapter
19.650247,2026-06-04T11:57:54.410265+00:00,188,8,00 00 00 00 00 00 00 7B,realtime_baseline,010_realtime_wallclock_capture,software_only_wallclock_capture_no_vehicle_no_can_adapter
19.670101,2026-06-04T11:57:54.430161+00:00,120,8,07 23 00 00 00 00 00 7C,realtime_baseline,010_realtime_wallclock_capture,software_only_wallclock_capture_no_vehicle_no_can_adapter
19.700105,2026-06-04T11:57:54.460158+00:00,100,8,3F 00 00 00 00 00 00 7D,realtime_baseline,010_realtime_wallclock_capture,software_only_wallclock_capture_no_vehicle_no_can_adapter
19.700188,2026-06-04T11:57:54.460206+00:00,188,8,00 00 00 00 00 00 00 7E,realtime_baseline,010_realtime_wallclock_capture,software_only_wallclock_capture_no_vehicle_no_can_adapter
19.740131,2026-06-04T11:57:54.500191+00:00,120,8,06 92 00 00 00 00 00 7F,realtime_baseline,010_realtime_wallclock_capture,software_only_wallclock_capture_no_vehicle_no_can_adapter
19.750110,2026-06-04T11:57:54.510169+00:00,100,8,45 00 00 00 00 00 00 80,realtime_baseline,010_realtime_wallclock_capture,software_only_wallclock_capture_no_vehicle_no_can_adapter
19.750217,2026-06-04T11:57:54.510235+00:00,188,8,00 00 00 00 00 00 00 81,realtime_baseline,010_realtime_wallclock_capture,software_only_wallclock_capture_no_vehicle_no_can_adapter
19.750227,2026-06-04T11:57:54.510265+00:00,300,8,8B D4 2D 1A 9D 54 20 33,realtime_baseline,010_realtime_wallclock_capture,software_only_wallclock_capture_no_vehicle_no_can_adapter
19.800112,2026-06-04T11:57:54.560167+00:00,100,8,43 00 00 00 00 00 00 83,realtime_baseline,010_realtime_wallclock_capture,software_only_wallclock_capture_no_vehicle_no_can_adapter
19.800202,2026-06-04T11:57:54.560219+00:00,188,8,00 00 00 00 00 00 00 84,realtime_baseline,010_realtime_wallclock_capture,software_only_wallclock_capture_no_vehicle_no_can_adapter
19.810106,2026-06-04T11:57:54.570154+00:00,120,8,05 F6 00 00 00 00 00 85,realtime_baseline,010_realtime_wallclock_capture,software_only_wallclock_capture_no_vehicle_no_can_adapter
19.850119,2026-06-04T11:57:54.610179+00:00,100,8,41 00 00 00 00 00 00 86,realtime_baseline,010_realtime_wallclock_capture,software_only_wallclock_capture_no_vehicle_no_can_adapter
19.850223,2026-06-04T11:57:54.610242+00:00,188,8,00 00 00 00 00 00 00 87,realtime_baseline,010_realtime_wallclock_capture,software_only_wallclock_capture_no_vehicle_no_can_adapter
19.880107,2026-06-04T11:57:54.640153+00:00,120,8,06 36 00 00 00 00 00 88,realtime_baseline,010_realtime_wallclock_capture,software_only_wallclock_capture_no_vehicle_no_can_adapter
19.900142,2026-06-04T11:57:54.660198+00:00,100,8,41 00 00 00 00 00 00 89,realtime_baseline,010_realtime_wallclock_capture,software_only_wallclock_capture_no_vehicle_no_can_adapter
19.900238,2026-06-04T11:57:54.660256+00:00,188,8,00 00 00 00 00 00 00 8A,realtime_baseline,010_realtime_wallclock_capture,software_only_wallclock_capture_no_vehicle_no_can_adapter
19.950112,2026-06-04T11:57:54.710170+00:00,100,8,41 00 00 00 00 00 00 8B,realtime_baseline,010_realtime_wallclock_capture,software_only_wallclock_capture_no_vehicle_no_can_adapter
19.950203,2026-06-04T11:57:54.710221+00:00,188,8,00 00 00 00 00 00 00 8C,realtime_baseline,010_realtime_wallclock_capture,software_only_wallclock_capture_no_vehicle_no_can_adapter
19.950211,2026-06-04T11:57:54.710231+00:00,120,8,06 F5 00 00 00 00 00 8D,realtime_baseline,010_realtime_wallclock_capture,software_only_wallclock_capture_no_vehicle_no_can_adapter
20.000122,2026-06-04T11:57:54.760187+00:00,100,8,47 00 00 00 00 00 00 8E,realtime_baseline,010_realtime_wallclock_capture,software_only_wallclock_capture_no_vehicle_no_can_adapter
