timestamp_epoch_s,relative_time_s,attack_label,arbitration_id,dlc,payload_hex,semantic_label,source_component,decoded_speed_kmh,notes
1780532519.274539,0.001169,baseline,100,8,3C00A4061E564B00,engine_cluster_state,simulated_engine_cluster,60,engine_cluster_state
1780532519.274584,0.001215,baseline,120,8,0000000000000000,body_status,simulated_body_status,,body_status
1780532519.274609,0.001240,baseline,188,8,00003C0000000000,display_speed,simulated_dashboard_display,,display_speed
1780532519.274642,0.001273,baseline,300,8,DA5FC25D55DF8FAD,background_noise,background_noise_generator,,background_noise
1780532519.324901,0.051532,baseline,100,8,3D00CF061E564B00,engine_cluster_state,simulated_engine_cluster,61,engine_cluster_state
1780532519.324956,0.051587,baseline,120,8,0000000000000000,body_status,simulated_body_status,,body_status
1780532519.324977,0.051608,baseline,188,8,00003D0000000000,display_speed,simulated_dashboard_display,,display_speed
1780532519.375239,0.101870,baseline,100,8,3E00FA061E564B00,engine_cluster_state,simulated_engine_cluster,62,engine_cluster_state
1780532519.375308,0.101938,baseline,120,8,0000000000000000,body_status,simulated_body_status,,body_status
1780532519.375373,0.102004,baseline,188,8,00003E0000000000,display_speed,simulated_dashboard_display,,display_speed
1780532519.425694,0.152325,baseline,100,8,3F0023071E564B00,engine_cluster_state,simulated_engine_cluster,63,engine_cluster_state
1780532519.425763,0.152394,baseline,120,8,0000000000000000,body_status,simulated_body_status,,body_status
1780532519.425789,0.152420,baseline,188,8,00003F0000000000,display_speed,simulated_dashboard_display,,display_speed
1780532519.476037,0.202667,baseline,100,8,40004C071E564B00,engine_cluster_state,simulated_engine_cluster,64,engine_cluster_state
1780532519.476117,0.202748,baseline,120,8,0000000000000000,body_status,simulated_body_status,,body_status
1780532519.476140,0.202771,baseline,188,8,0000400000000000,display_speed,simulated_dashboard_display,,display_speed
1780532519.526406,0.253037,baseline,100,8,410074071E564B00,engine_cluster_state,simulated_engine_cluster,65,engine_cluster_state
1780532519.526484,0.253115,baseline,120,8,0000000000000000,body_status,simulated_body_status,,body_status
1780532519.526557,0.253188,baseline,188,8,0000410000000000,display_speed,simulated_dashboard_display,,display_speed
1780532519.526596,0.253227,baseline,300,8,5C0D8DF3F37D6AED,background_noise,background_noise_generator,,background_noise
1780532519.578645,0.305276,baseline,100,8,42009B071E564B00,engine_cluster_state,simulated_engine_cluster,66,engine_cluster_state
1780532519.578725,0.305356,baseline,120,8,0000000000000000,body_status,simulated_body_status,,body_status
1780532519.578747,0.305378,baseline,188,8,0000420000000000,display_speed,simulated_dashboard_display,,display_speed
1780532519.628955,0.355586,baseline,100,8,4300C0071E564B00,engine_cluster_state,simulated_engine_cluster,67,engine_cluster_state
1780532519.629009,0.355640,baseline,120,8,0000000000000000,body_status,simulated_body_status,,body_status
1780532519.629030,0.355661,baseline,188,8,0000430000000000,display_speed,simulated_dashboard_display,,display_speed
1780532519.679264,0.405895,baseline,100,8,4400E2071E564B00,engine_cluster_state,simulated_engine_cluster,68,engine_cluster_state
1780532519.679318,0.405949,baseline,120,8,0000000000000000,body_status,simulated_body_status,,body_status
1780532519.679339,0.405970,baseline,188,8,0000440000000000,display_speed,simulated_dashboard_display,,display_speed
1780532519.729633,0.456264,baseline,100,8,450002081E564B00,engine_cluster_state,simulated_engine_cluster,69,engine_cluster_state
1780532519.729708,0.456339,baseline,120,8,0000000000000000,body_status,simulated_body_status,,body_status
1780532519.729737,0.456368,baseline,188,8,0000450000000000,display_speed,simulated_dashboard_display,,display_speed
1780532519.780091,0.506722,baseline,100,8,46001F081E564B00,engine_cluster_state,simulated_engine_cluster,70,engine_cluster_state
1780532519.780148,0.506779,baseline,120,8,0000000000000000,body_status,simulated_body_status,,body_status
1780532519.780201,0.506832,baseline,188,8,0000460000000000,display_speed,simulated_dashboard_display,,display_speed
1780532519.780234,0.506865,baseline,300,8,3D3FC94EB8E8E1F8,background_noise,background_noise_generator,,background_noise
1780532519.830543,0.557173,baseline,100,8,470039081E564B00,engine_cluster_state,simulated_engine_cluster,71,engine_cluster_state
1780532519.830600,0.557231,baseline,120,8,0000000000000000,body_status,simulated_body_status,,body_status
1780532519.830624,0.557255,baseline,188,8,0000470000000000,display_speed,simulated_dashboard_display,,display_speed
1780532519.880866,0.607497,baseline,100,8,480051081E564B00,engine_cluster_state,simulated_engine_cluster,72,engine_cluster_state
1780532519.880927,0.607558,baseline,120,8,0000000000000000,body_status,simulated_body_status,,body_status
1780532519.880951,0.607582,baseline,188,8,0000480000000000,display_speed,simulated_dashboard_display,,display_speed
1780532519.931187,0.657818,baseline,100,8,490065081E564B00,engine_cluster_state,simulated_engine_cluster,73,engine_cluster_state
1780532519.931258,0.657889,baseline,120,8,0000000000000000,body_status,simulated_body_status,,body_status
1780532519.931284,0.657915,baseline,188,8,0000490000000000,display_speed,simulated_dashboard_display,,display_speed
1780532519.981526,0.708157,baseline,100,8,4A0076081E564B00,engine_cluster_state,simulated_engine_cluster,74,engine_cluster_state
1780532519.981585,0.708215,baseline,120,8,0000000000000000,body_status,simulated_body_status,,body_status
1780532519.981606,0.708237,baseline,188,8,00004A0000000000,display_speed,simulated_dashboard_display,,display_speed
1780532520.031871,0.758502,baseline,100,8,4A0084081E564B00,engine_cluster_state,simulated_engine_cluster,74,engine_cluster_state
1780532520.031927,0.758558,baseline,120,8,0000000000000000,body_status,simulated_body_status,,body_status
1780532520.031947,0.758578,baseline,188,8,00004A0000000000,display_speed,simulated_dashboard_display,,display_speed
1780532520.031977,0.758608,baseline,300,8,9D37CBC4FDB28136,background_noise,background_noise_generator,,background_noise
1780532520.082275,0.808906,baseline,100,8,4B008E081E564B00,engine_cluster_state,simulated_engine_cluster,75,engine_cluster_state
1780532520.082346,0.808977,baseline,120,8,0000000000000000,body_status,simulated_body_status,,body_status
1780532520.082384,0.809015,baseline,188,8,00004B0000000000,display_speed,simulated_dashboard_display,,display_speed
1780532520.132739,0.859370,baseline,100,8,4C0094081E564B00,engine_cluster_state,simulated_engine_cluster,76,engine_cluster_state
1780532520.132805,0.859436,baseline,120,8,0000000000000000,body_status,simulated_body_status,,body_status
1780532520.132831,0.859462,baseline,188,8,00004C0000000000,display_speed,simulated_dashboard_display,,display_speed
1780532520.183111,0.909742,baseline,100,8,4C0097081E564B00,engine_cluster_state,simulated_engine_cluster,76,engine_cluster_state
1780532520.183187,0.909817,baseline,120,8,0000000000000000,body_status,simulated_body_status,,body_status
1780532520.183222,0.909853,baseline,188,8,00004C0000000000,display_speed,simulated_dashboard_display,,display_speed
1780532520.233542,0.960173,baseline,100,8,4D0097081E564B00,engine_cluster_state,simulated_engine_cluster,77,engine_cluster_state
1780532520.233598,0.960229,baseline,120,8,0000000000000000,body_status,simulated_body_status,,body_status
1780532520.233618,0.960249,baseline,188,8,00004D0000000000,display_speed,simulated_dashboard_display,,display_speed
1780532520.283898,1.010529,baseline,100,8,4D0092081E564B00,engine_cluster_state,simulated_engine_cluster,77,engine_cluster_state
1780532520.283953,1.010584,baseline,120,8,0000000000000000,body_status,simulated_body_status,,body_status
1780532520.283972,1.010603,baseline,188,8,00004D0000000000,display_speed,simulated_dashboard_display,,display_speed
1780532520.284001,1.010632,baseline,300,8,8E00E7E5FF209D80,background_noise,background_noise_generator,,background_noise
1780532520.334424,1.061055,baseline,100,8,4E008A081E564B00,engine_cluster_state,simulated_engine_cluster,78,engine_cluster_state
1780532520.334547,1.061178,baseline,120,8,0000000000000000,body_status,simulated_body_status,,body_status
1780532520.334581,1.061212,baseline,188,8,00004E0000000000,display_speed,simulated_dashboard_display,,display_speed
1780532520.384803,1.111434,baseline,100,8,4E007E081E564B00,engine_cluster_state,simulated_engine_cluster,78,engine_cluster_state
1780532520.384893,1.111524,baseline,120,8,0000000000000000,body_status,simulated_body_status,,body_status
1780532520.384932,1.111563,baseline,188,8,00004E0000000000,display_speed,simulated_dashboard_display,,display_speed
1780532520.435230,1.161861,baseline,100,8,4F006F081E564B00,engine_cluster_state,simulated_engine_cluster,79,engine_cluster_state
1780532520.435296,1.161927,baseline,120,8,0000000000000000,body_status,simulated_body_status,,body_status
1780532520.435325,1.161956,baseline,188,8,00004F0000000000,display_speed,simulated_dashboard_display,,display_speed
1780532520.485631,1.212262,baseline,100,8,4F005D081E564B00,engine_cluster_state,simulated_engine_cluster,79,engine_cluster_state
1780532520.485688,1.212319,baseline,120,8,0000000000000000,body_status,simulated_body_status,,body_status
1780532520.485718,1.212349,baseline,188,8,00004F0000000000,display_speed,simulated_dashboard_display,,display_speed
1780532520.535928,1.262559,baseline,100,8,4F0047081E564B00,engine_cluster_state,simulated_engine_cluster,79,engine_cluster_state
1780532520.535980,1.262611,baseline,120,8,0000000000000000,body_status,simulated_body_status,,body_status
1780532520.536000,1.262630,baseline,188,8,00004F0000000000,display_speed,simulated_dashboard_display,,display_speed
1780532520.536029,1.262660,baseline,300,8,D2343B2F98C61C4A,background_noise,background_noise_generator,,background_noise
1780532520.586267,1.312897,baseline,100,8,4F002E081E564B00,engine_cluster_state,simulated_engine_cluster,79,engine_cluster_state
1780532520.586339,1.312969,baseline,120,8,0000000000000000,body_status,simulated_body_status,,body_status
1780532520.586416,1.313047,baseline,188,8,00004F0000000000,display_speed,simulated_dashboard_display,,display_speed
1780532520.636724,1.363355,baseline,100,8,4F0012081E564B00,engine_cluster_state,simulated_engine_cluster,79,engine_cluster_state
1780532520.636799,1.363430,baseline,120,8,0000000000000000,body_status,simulated_body_status,,body_status
1780532520.636832,1.363463,baseline,188,8,00004F0000000000,display_speed,simulated_dashboard_display,,display_speed
1780532520.687180,1.413811,baseline,100,8,4F00F4071E564B00,engine_cluster_state,simulated_engine_cluster,79,engine_cluster_state
1780532520.687251,1.413882,baseline,120,8,0000000000000000,body_status,simulated_body_status,,body_status
1780532520.687288,1.413918,baseline,188,8,00004F0000000000,display_speed,simulated_dashboard_display,,display_speed
1780532520.737635,1.464266,baseline,100,8,4F00D3071E564B00,engine_cluster_state,simulated_engine_cluster,79,engine_cluster_state
1780532520.737708,1.464339,baseline,120,8,0000000000000000,body_status,simulated_body_status,,body_status
1780532520.737764,1.464395,baseline,188,8,00004F0000000000,display_speed,simulated_dashboard_display,,display_speed
1780532520.788101,1.514732,baseline,100,8,4F00B0071E564B00,engine_cluster_state,simulated_engine_cluster,79,engine_cluster_state
1780532520.788156,1.514787,baseline,120,8,0000000000000000,body_status,simulated_body_status,,body_status
1780532520.788179,1.514810,baseline,188,8,00004F0000000000,display_speed,simulated_dashboard_display,,display_speed
1780532520.788208,1.514839,baseline,300,8,36C5E33A2B0C9645,background_noise,background_noise_generator,,background_noise
1780532520.838576,1.565207,baseline,100,8,4F008B071E564B00,engine_cluster_state,simulated_engine_cluster,79,engine_cluster_state
1780532520.838630,1.565261,baseline,120,8,0000000000000000,body_status,simulated_body_status,,body_status
1780532520.838650,1.565281,baseline,188,8,00004F0000000000,display_speed,simulated_dashboard_display,,display_speed
1780532520.888963,1.615594,baseline,100,8,4F0064071E564B00,engine_cluster_state,simulated_engine_cluster,79,engine_cluster_state
1780532520.889028,1.615659,baseline,120,8,0000000000000000,body_status,simulated_body_status,,body_status
1780532520.889052,1.615683,baseline,188,8,00004F0000000000,display_speed,simulated_dashboard_display,,display_speed
1780532520.939385,1.666016,baseline,100,8,4F003C071E564B00,engine_cluster_state,simulated_engine_cluster,79,engine_cluster_state
1780532520.939463,1.666094,baseline,120,8,0000000000000000,body_status,simulated_body_status,,body_status
1780532520.939640,1.666270,baseline,188,8,00004F0000000000,display_speed,simulated_dashboard_display,,display_speed
1780532520.989884,1.716515,baseline,100,8,4F0012071E564B00,engine_cluster_state,simulated_engine_cluster,79,engine_cluster_state
1780532520.989936,1.716567,baseline,120,8,0000000000000000,body_status,simulated_body_status,,body_status
1780532520.989957,1.716588,baseline,188,8,00004F0000000000,display_speed,simulated_dashboard_display,,display_speed
1780532521.040251,1.766881,baseline,100,8,4E00E8061E564B00,engine_cluster_state,simulated_engine_cluster,78,engine_cluster_state
1780532521.040304,1.766935,baseline,120,8,0000000000000000,body_status,simulated_body_status,,body_status
1780532521.040324,1.766955,baseline,188,8,00004E0000000000,display_speed,simulated_dashboard_display,,display_speed
1780532521.040403,1.767034,baseline,300,8,0BBBDF0837D161E3,background_noise,background_noise_generator,,background_noise
1780532521.090662,1.817293,baseline,100,8,4E00BE061E564B00,engine_cluster_state,simulated_engine_cluster,78,engine_cluster_state
1780532521.090722,1.817353,baseline,120,8,0000000000000000,body_status,simulated_body_status,,body_status
1780532521.090741,1.817372,baseline,188,8,00004E0000000000,display_speed,simulated_dashboard_display,,display_speed
1780532521.141001,1.867631,baseline,100,8,4D0093061E564B00,engine_cluster_state,simulated_engine_cluster,77,engine_cluster_state
1780532521.141057,1.867688,baseline,120,8,0000000000000000,body_status,simulated_body_status,,body_status
1780532521.141081,1.867712,baseline,188,8,00004D0000000000,display_speed,simulated_dashboard_display,,display_speed
1780532521.191370,1.918001,baseline,100,8,4D0068061E564B00,engine_cluster_state,simulated_engine_cluster,77,engine_cluster_state
1780532521.191457,1.918088,baseline,120,8,0000000000000000,body_status,simulated_body_status,,body_status
1780532521.191529,1.918159,baseline,188,8,00004D0000000000,display_speed,simulated_dashboard_display,,display_speed
1780532521.241788,1.968419,baseline,100,8,4C003E061E564B00,engine_cluster_state,simulated_engine_cluster,76,engine_cluster_state
1780532521.241842,1.968473,baseline,120,8,0000000000000000,body_status,simulated_body_status,,body_status
1780532521.241869,1.968500,baseline,188,8,00004C0000000000,display_speed,simulated_dashboard_display,,display_speed
1780532521.292125,2.018756,baseline,100,8,4B0014061E564B00,engine_cluster_state,simulated_engine_cluster,75,engine_cluster_state
1780532521.292183,2.018814,baseline,120,8,0000000000000000,body_status,simulated_body_status,,body_status
1780532521.292223,2.018854,baseline,188,8,00004B0000000000,display_speed,simulated_dashboard_display,,display_speed
1780532521.292263,2.018893,baseline,300,8,EB79C5F5FE2F7FB8,background_noise,background_noise_generator,,background_noise
1780532521.342582,2.069213,baseline,100,8,4B00EC051E564B00,engine_cluster_state,simulated_engine_cluster,75,engine_cluster_state
1780532521.342649,2.069280,baseline,120,8,0000000000000000,body_status,simulated_body_status,,body_status
1780532521.342675,2.069306,baseline,188,8,00004B0000000000,display_speed,simulated_dashboard_display,,display_speed
1780532521.392933,2.119564,baseline,100,8,4A00C5051E564B00,engine_cluster_state,simulated_engine_cluster,74,engine_cluster_state
1780532521.392986,2.119617,baseline,120,8,0000000000000000,body_status,simulated_body_status,,body_status
1780532521.393008,2.119638,baseline,188,8,00004A0000000000,display_speed,simulated_dashboard_display,,display_speed
1780532521.443268,2.169899,baseline,100,8,49009F051E564B00,engine_cluster_state,simulated_engine_cluster,73,engine_cluster_state
1780532521.443469,2.170099,baseline,120,8,0000000000000000,body_status,simulated_body_status,,body_status
1780532521.443588,2.170219,baseline,188,8,0000490000000000,display_speed,simulated_dashboard_display,,display_speed
1780532521.493853,2.220484,baseline,100,8,48007C051E564B00,engine_cluster_state,simulated_engine_cluster,72,engine_cluster_state
1780532521.493922,2.220553,baseline,120,8,0000000000000000,body_status,simulated_body_status,,body_status
1780532521.493952,2.220583,baseline,188,8,0000480000000000,display_speed,simulated_dashboard_display,,display_speed
1780532521.544197,2.270828,baseline,100,8,48005A051E564B00,engine_cluster_state,simulated_engine_cluster,72,engine_cluster_state
1780532521.544252,2.270883,baseline,120,8,0000000000000000,body_status,simulated_body_status,,body_status
1780532521.544273,2.270904,baseline,188,8,0000480000000000,display_speed,simulated_dashboard_display,,display_speed
1780532521.544303,2.270934,baseline,300,8,9FECE8C704756C7D,background_noise,background_noise_generator,,background_noise
1780532521.594563,2.321194,baseline,100,8,47003B051E564B00,engine_cluster_state,simulated_engine_cluster,71,engine_cluster_state
1780532521.594636,2.321267,baseline,120,8,0000000000000000,body_status,simulated_body_status,,body_status
1780532521.594657,2.321288,baseline,188,8,0000470000000000,display_speed,simulated_dashboard_display,,display_speed
1780532521.644886,2.371516,baseline,100,8,46001F051E564B00,engine_cluster_state,simulated_engine_cluster,70,engine_cluster_state
1780532521.644954,2.371585,baseline,120,8,0000000000000000,body_status,simulated_body_status,,body_status
1780532521.644980,2.371611,baseline,188,8,0000460000000000,display_speed,simulated_dashboard_display,,display_speed
1780532521.695241,2.421872,baseline,100,8,450006051E564B00,engine_cluster_state,simulated_engine_cluster,69,engine_cluster_state
1780532521.695364,2.421995,baseline,120,8,0000000000000000,body_status,simulated_body_status,,body_status
1780532521.695431,2.422062,baseline,188,8,0000450000000000,display_speed,simulated_dashboard_display,,display_speed
1780532521.745678,2.472309,baseline,100,8,4400EF041E564B00,engine_cluster_state,simulated_engine_cluster,68,engine_cluster_state
1780532521.745749,2.472380,baseline,120,8,0000000000000000,body_status,simulated_body_status,,body_status
1780532521.745783,2.472414,baseline,188,8,0000440000000000,display_speed,simulated_dashboard_display,,display_speed
1780532521.796021,2.522652,baseline,100,8,4300DC041E564B00,engine_cluster_state,simulated_engine_cluster,67,engine_cluster_state
1780532521.796093,2.522723,baseline,120,8,0000000000000000,body_status,simulated_body_status,,body_status
1780532521.796114,2.522745,baseline,188,8,0000430000000000,display_speed,simulated_dashboard_display,,display_speed
1780532521.796143,2.522774,baseline,300,8,A9AC26ADF557064E,background_noise,background_noise_generator,,background_noise
1780532521.846642,2.573273,baseline,100,8,4200CC041E564B00,engine_cluster_state,simulated_engine_cluster,66,engine_cluster_state
1780532521.846704,2.573335,baseline,120,8,0000000000000000,body_status,simulated_body_status,,body_status
1780532521.846761,2.573392,baseline,188,8,0000420000000000,display_speed,simulated_dashboard_display,,display_speed
1780532521.897008,2.623639,baseline,100,8,4100BF041E564B00,engine_cluster_state,simulated_engine_cluster,65,engine_cluster_state
1780532521.897061,2.623692,baseline,120,8,0000000000000000,body_status,simulated_body_status,,body_status
1780532521.897081,2.623712,baseline,188,8,0000410000000000,display_speed,simulated_dashboard_display,,display_speed
1780532521.947319,2.673950,baseline,100,8,3F00B6041E564B00,engine_cluster_state,simulated_engine_cluster,63,engine_cluster_state
1780532521.947413,2.674044,baseline,120,8,0000000000000000,body_status,simulated_body_status,,body_status
1780532521.947438,2.674069,baseline,188,8,00003F0000000000,display_speed,simulated_dashboard_display,,display_speed
1780532521.997760,2.724391,baseline,100,8,3E00B1041E564B00,engine_cluster_state,simulated_engine_cluster,62,engine_cluster_state
1780532521.997816,2.724447,baseline,120,8,0000000000000000,body_status,simulated_body_status,,body_status
1780532521.997835,2.724466,baseline,188,8,00003E0000000000,display_speed,simulated_dashboard_display,,display_speed
1780532522.048078,2.774709,baseline,100,8,3D00B0041E564B00,engine_cluster_state,simulated_engine_cluster,61,engine_cluster_state
1780532522.048135,2.774766,baseline,120,8,0000000000000000,body_status,simulated_body_status,,body_status
1780532522.048158,2.774789,baseline,188,8,00003D0000000000,display_speed,simulated_dashboard_display,,display_speed
1780532522.048193,2.774823,baseline,300,8,9D8507552D3C1C6F,background_noise,background_noise_generator,,background_noise
1780532522.098586,2.825217,baseline,100,8,3C00B2041E564B00,engine_cluster_state,simulated_engine_cluster,60,engine_cluster_state
1780532522.098673,2.825304,baseline,120,8,0000000000000000,body_status,simulated_body_status,,body_status
1780532522.098713,2.825344,baseline,188,8,00003C0000000000,display_speed,simulated_dashboard_display,,display_speed
1780532522.149103,2.875734,baseline,100,8,3B00B7041E564B00,engine_cluster_state,simulated_engine_cluster,59,engine_cluster_state
1780532522.149192,2.875823,baseline,120,8,0000000000000000,body_status,simulated_body_status,,body_status
1780532522.149232,2.875863,baseline,188,8,00003B0000000000,display_speed,simulated_dashboard_display,,display_speed
1780532522.199594,2.926225,baseline,100,8,3A00C1041E564B00,engine_cluster_state,simulated_engine_cluster,58,engine_cluster_state
1780532522.199650,2.926280,baseline,120,8,0000000000000000,body_status,simulated_body_status,,body_status
1780532522.199673,2.926304,baseline,188,8,00003A0000000000,display_speed,simulated_dashboard_display,,display_speed
1780532522.249905,2.976536,baseline,100,8,3900CD041E564B00,engine_cluster_state,simulated_engine_cluster,57,engine_cluster_state
1780532522.249958,2.976588,baseline,120,8,0000000000000000,body_status,simulated_body_status,,body_status
1780532522.250062,2.976693,baseline,188,8,0000390000000000,display_speed,simulated_dashboard_display,,display_speed
1780532522.300313,3.026944,baseline,100,8,3800DE041E564B00,engine_cluster_state,simulated_engine_cluster,56,engine_cluster_state
1780532522.300412,3.027043,baseline,120,8,0000000000000000,body_status,simulated_body_status,,body_status
1780532522.300438,3.027069,baseline,188,8,0000380000000000,display_speed,simulated_dashboard_display,,display_speed
1780532522.300475,3.027106,baseline,300,8,FCB9122CF173A351,background_noise,background_noise_generator,,background_noise
1780532522.350744,3.077375,baseline,100,8,3700F1041E564B00,engine_cluster_state,simulated_engine_cluster,55,engine_cluster_state
1780532522.350796,3.077427,baseline,120,8,0000000000000000,body_status,simulated_body_status,,body_status
1780532522.350818,3.077449,baseline,188,8,0000370000000000,display_speed,simulated_dashboard_display,,display_speed
1780532522.401081,3.127712,baseline,100,8,360008051E564B00,engine_cluster_state,simulated_engine_cluster,54,engine_cluster_state
1780532522.401151,3.127782,baseline,120,8,0000000000000000,body_status,simulated_body_status,,body_status
1780532522.401176,3.127807,baseline,188,8,0000360000000000,display_speed,simulated_dashboard_display,,display_speed
1780532522.451431,3.178061,baseline,100,8,350022051E564B00,engine_cluster_state,simulated_engine_cluster,53,engine_cluster_state
1780532522.451484,3.178115,baseline,120,8,0000000000000000,body_status,simulated_body_status,,body_status
1780532522.451550,3.178181,baseline,188,8,0000350000000000,display_speed,simulated_dashboard_display,,display_speed
1780532522.501905,3.228536,baseline,100,8,34003F051E564B00,engine_cluster_state,simulated_engine_cluster,52,engine_cluster_state
1780532522.501961,3.228591,baseline,120,8,0000000000000000,body_status,simulated_body_status,,body_status
1780532522.501983,3.228614,baseline,188,8,0000340000000000,display_speed,simulated_dashboard_display,,display_speed
1780532522.552242,3.278873,baseline,100,8,33005E051E564B00,engine_cluster_state,simulated_engine_cluster,51,engine_cluster_state
1780532522.552316,3.278947,baseline,120,8,0000000000000000,body_status,simulated_body_status,,body_status
1780532522.552344,3.278975,baseline,188,8,0000330000000000,display_speed,simulated_dashboard_display,,display_speed
1780532522.552434,3.279065,baseline,300,8,5810FF558B96D636,background_noise,background_noise_generator,,background_noise
1780532522.602725,3.329356,baseline,100,8,320080051E564B00,engine_cluster_state,simulated_engine_cluster,50,engine_cluster_state
1780532522.602776,3.329407,baseline,120,8,0000000000000000,body_status,simulated_body_status,,body_status
1780532522.602797,3.329427,baseline,188,8,0000320000000000,display_speed,simulated_dashboard_display,,display_speed
1780532522.653075,3.379706,baseline,100,8,3100A3051E564B00,engine_cluster_state,simulated_engine_cluster,49,engine_cluster_state
1780532522.653220,3.379851,baseline,120,8,0000000000000000,body_status,simulated_body_status,,body_status
1780532522.653250,3.379881,baseline,188,8,0000310000000000,display_speed,simulated_dashboard_display,,display_speed
1780532522.703580,3.430211,baseline,100,8,3000C9051E564B00,engine_cluster_state,simulated_engine_cluster,48,engine_cluster_state
1780532522.703653,3.430284,baseline,120,8,0000000000000000,body_status,simulated_body_status,,body_status
1780532522.703688,3.430319,baseline,188,8,0000300000000000,display_speed,simulated_dashboard_display,,display_speed
1780532522.753999,3.480630,baseline,100,8,2F00F0051E564B00,engine_cluster_state,simulated_engine_cluster,47,engine_cluster_state
1780532522.754055,3.480686,baseline,120,8,0000000000000000,body_status,simulated_body_status,,body_status
1780532522.754076,3.480707,baseline,188,8,00002F0000000000,display_speed,simulated_dashboard_display,,display_speed
1780532522.804418,3.531049,baseline,100,8,2E0019061E564B00,engine_cluster_state,simulated_engine_cluster,46,engine_cluster_state
1780532522.804541,3.531172,baseline,120,8,0000000000000000,body_status,simulated_body_status,,body_status
1780532522.804585,3.531216,baseline,188,8,00002E0000000000,display_speed,simulated_dashboard_display,,display_speed
1780532522.804664,3.531295,baseline,300,8,F843AC742449A4DD,background_noise,background_noise_generator,,background_noise
1780532522.854960,3.581591,baseline,100,8,2D0043061E564B00,engine_cluster_state,simulated_engine_cluster,45,engine_cluster_state
1780532522.855045,3.581676,baseline,120,8,0000000000000000,body_status,simulated_body_status,,body_status
1780532522.855087,3.581718,baseline,188,8,00002D0000000000,display_speed,simulated_dashboard_display,,display_speed
1780532522.905380,3.632010,baseline,100,8,2C006D061E564B00,engine_cluster_state,simulated_engine_cluster,44,engine_cluster_state
1780532522.905461,3.632092,baseline,120,8,0000000000000000,body_status,simulated_body_status,,body_status
1780532522.905550,3.632181,baseline,188,8,00002C0000000000,display_speed,simulated_dashboard_display,,display_speed
1780532522.955798,3.682429,baseline,100,8,2C0098061E564B00,engine_cluster_state,simulated_engine_cluster,44,engine_cluster_state
1780532522.955848,3.682479,baseline,120,8,0000000000000000,body_status,simulated_body_status,,body_status
1780532522.955867,3.682498,baseline,188,8,00002C0000000000,display_speed,simulated_dashboard_display,,display_speed
1780532523.006142,3.732773,baseline,100,8,2B00C3061E564B00,engine_cluster_state,simulated_engine_cluster,43,engine_cluster_state
1780532523.006209,3.732840,baseline,120,8,0000000000000000,body_status,simulated_body_status,,body_status
1780532523.006239,3.732870,baseline,188,8,00002B0000000000,display_speed,simulated_dashboard_display,,display_speed
1780532523.056562,3.783193,baseline,100,8,2A00ED061E564B00,engine_cluster_state,simulated_engine_cluster,42,engine_cluster_state
1780532523.056634,3.783265,baseline,120,8,0000000000000000,body_status,simulated_body_status,,body_status
1780532523.056659,3.783290,baseline,188,8,00002A0000000000,display_speed,simulated_dashboard_display,,display_speed
1780532523.056690,3.783321,baseline,300,8,066B5288DF11D15B,background_noise,background_noise_generator,,background_noise
1780532523.106916,3.833547,baseline,100,8,2A0017071E564B00,engine_cluster_state,simulated_engine_cluster,42,engine_cluster_state
1780532523.106966,3.833597,baseline,120,8,0000000000000000,body_status,simulated_body_status,,body_status
1780532523.106987,3.833618,baseline,188,8,00002A0000000000,display_speed,simulated_dashboard_display,,display_speed
1780532523.157320,3.883951,baseline,100,8,290040071E564B00,engine_cluster_state,simulated_engine_cluster,41,engine_cluster_state
1780532523.157475,3.884105,baseline,120,8,0000000000000000,body_status,simulated_body_status,,body_status
1780532523.157552,3.884182,baseline,188,8,0000290000000000,display_speed,simulated_dashboard_display,,display_speed
1780532523.207821,3.934452,baseline,100,8,290069071E564B00,engine_cluster_state,simulated_engine_cluster,41,engine_cluster_state
1780532523.207886,3.934516,baseline,120,8,0000000000000000,body_status,simulated_body_status,,body_status
1780532523.207912,3.934543,baseline,188,8,0000290000000000,display_speed,simulated_dashboard_display,,display_speed
1780532523.258169,3.984800,baseline,100,8,29008F071E564B00,engine_cluster_state,simulated_engine_cluster,41,engine_cluster_state
1780532523.258229,3.984859,baseline,120,8,0000000000000000,body_status,simulated_body_status,,body_status
1780532523.258274,3.984905,baseline,188,8,0000290000000000,display_speed,simulated_dashboard_display,,display_speed
1780532523.308536,4.035167,baseline,100,8,2800B4071E564B00,engine_cluster_state,simulated_engine_cluster,40,engine_cluster_state
1780532523.308591,4.035222,baseline,120,8,0000000000000000,body_status,simulated_body_status,,body_status
1780532523.308611,4.035242,baseline,188,8,0000280000000000,display_speed,simulated_dashboard_display,,display_speed
1780532523.308646,4.035277,baseline,300,8,13DCA9CCFF60E4A0,background_noise,background_noise_generator,,background_noise
1780532523.358897,4.085528,baseline,100,8,2800D7071E564B00,engine_cluster_state,simulated_engine_cluster,40,engine_cluster_state
1780532523.358950,4.085581,baseline,120,8,0000000000000000,body_status,simulated_body_status,,body_status
1780532523.358971,4.085602,baseline,188,8,0000280000000000,display_speed,simulated_dashboard_display,,display_speed
1780532523.409240,4.135870,baseline,100,8,2800F7071E564B00,engine_cluster_state,simulated_engine_cluster,40,engine_cluster_state
1780532523.409298,4.135929,baseline,120,8,0000000000000000,body_status,simulated_body_status,,body_status
1780532523.409318,4.135949,baseline,188,8,0000280000000000,display_speed,simulated_dashboard_display,,display_speed
1780532523.459639,4.186270,baseline,100,8,280016081E564B00,engine_cluster_state,simulated_engine_cluster,40,engine_cluster_state
1780532523.459702,4.186333,baseline,120,8,0000000000000000,body_status,simulated_body_status,,body_status
1780532523.459736,4.186367,baseline,188,8,0000280000000000,display_speed,simulated_dashboard_display,,display_speed
1780532523.509999,4.236630,baseline,100,8,280031081E564B00,engine_cluster_state,simulated_engine_cluster,40,engine_cluster_state
1780532523.510074,4.236705,baseline,120,8,0000000000000000,body_status,simulated_body_status,,body_status
1780532523.510095,4.236726,baseline,188,8,0000280000000000,display_speed,simulated_dashboard_display,,display_speed
1780532523.560343,4.286974,baseline,100,8,280049081E564B00,engine_cluster_state,simulated_engine_cluster,40,engine_cluster_state
1780532523.560421,4.287052,baseline,120,8,0000000000000000,body_status,simulated_body_status,,body_status
1780532523.560443,4.287074,baseline,188,8,0000280000000000,display_speed,simulated_dashboard_display,,display_speed
1780532523.560474,4.287105,baseline,300,8,453B300C90B712E3,background_noise,background_noise_generator,,background_noise
1780532523.610822,4.337453,baseline,100,8,28005F081E564B00,engine_cluster_state,simulated_engine_cluster,40,engine_cluster_state
1780532523.610896,4.337527,baseline,120,8,0000000000000000,body_status,simulated_body_status,,body_status
1780532523.610928,4.337559,baseline,188,8,0000280000000000,display_speed,simulated_dashboard_display,,display_speed
1780532523.661149,4.387780,baseline,100,8,280071081E564B00,engine_cluster_state,simulated_engine_cluster,40,engine_cluster_state
1780532523.661198,4.387829,baseline,120,8,0000000000000000,body_status,simulated_body_status,,body_status
1780532523.661226,4.387857,baseline,188,8,0000280000000000,display_speed,simulated_dashboard_display,,display_speed
1780532523.711620,4.438251,baseline,100,8,280080081E564B00,engine_cluster_state,simulated_engine_cluster,40,engine_cluster_state
1780532523.711694,4.438325,baseline,120,8,0000000000000000,body_status,simulated_body_status,,body_status
1780532523.711723,4.438354,baseline,188,8,0000280000000000,display_speed,simulated_dashboard_display,,display_speed
1780532523.762066,4.488697,baseline,100,8,28008B081E564B00,engine_cluster_state,simulated_engine_cluster,40,engine_cluster_state
1780532523.762285,4.488916,baseline,120,8,0000000000000000,body_status,simulated_body_status,,body_status
1780532523.762417,4.489048,baseline,188,8,0000280000000000,display_speed,simulated_dashboard_display,,display_speed
1780532523.812667,4.539298,baseline,100,8,280093081E564B00,engine_cluster_state,simulated_engine_cluster,40,engine_cluster_state
1780532523.812726,4.539357,baseline,120,8,0000000000000000,body_status,simulated_body_status,,body_status
1780532523.812749,4.539380,baseline,188,8,0000280000000000,display_speed,simulated_dashboard_display,,display_speed
1780532523.812781,4.539412,baseline,300,8,743A305BD66D9C5A,background_noise,background_noise_generator,,background_noise
1780532523.862996,4.589627,baseline,100,8,290097081E564B00,engine_cluster_state,simulated_engine_cluster,41,engine_cluster_state
1780532523.863073,4.589704,baseline,120,8,0000000000000000,body_status,simulated_body_status,,body_status
1780532523.863096,4.589726,baseline,188,8,0000290000000000,display_speed,simulated_dashboard_display,,display_speed
1780532523.913345,4.639976,baseline,100,8,290097081E564B00,engine_cluster_state,simulated_engine_cluster,41,engine_cluster_state
1780532523.913467,4.640098,baseline,120,8,0000000000000000,body_status,simulated_body_status,,body_status
1780532523.913534,4.640165,baseline,188,8,0000290000000000,display_speed,simulated_dashboard_display,,display_speed
1780532523.963765,4.690396,baseline,100,8,290094081E564B00,engine_cluster_state,simulated_engine_cluster,41,engine_cluster_state
1780532523.963818,4.690449,baseline,120,8,0000000000000000,body_status,simulated_body_status,,body_status
1780532523.963840,4.690471,baseline,188,8,0000290000000000,display_speed,simulated_dashboard_display,,display_speed
1780532524.014078,4.740709,baseline,100,8,2A008D081E564B00,engine_cluster_state,simulated_engine_cluster,42,engine_cluster_state
1780532524.014133,4.740764,baseline,120,8,0000000000000000,body_status,simulated_body_status,,body_status
1780532524.014154,4.740785,baseline,188,8,00002A0000000000,display_speed,simulated_dashboard_display,,display_speed
1780532524.064630,4.791260,baseline,100,8,2B0082081E564B00,engine_cluster_state,simulated_engine_cluster,43,engine_cluster_state
1780532524.064685,4.791316,baseline,120,8,0000000000000000,body_status,simulated_body_status,,body_status
1780532524.064705,4.791336,baseline,188,8,00002B0000000000,display_speed,simulated_dashboard_display,,display_speed
1780532524.064737,4.791368,baseline,300,8,D375C3678625164B,background_noise,background_noise_generator,,background_noise
1780532524.114916,4.841547,baseline,100,8,2B0074081E564B00,engine_cluster_state,simulated_engine_cluster,43,engine_cluster_state
1780532524.114965,4.841596,baseline,120,8,0000000000000000,body_status,simulated_body_status,,body_status
1780532524.114985,4.841616,baseline,188,8,00002B0000000000,display_speed,simulated_dashboard_display,,display_speed
1780532524.165271,4.891902,baseline,100,8,2C0063081E564B00,engine_cluster_state,simulated_engine_cluster,44,engine_cluster_state
1780532524.165346,4.891977,baseline,120,8,0000000000000000,body_status,simulated_body_status,,body_status
1780532524.165431,4.892062,baseline,188,8,00002C0000000000,display_speed,simulated_dashboard_display,,display_speed
1780532524.215699,4.942330,baseline,100,8,2D004E081E564B00,engine_cluster_state,simulated_engine_cluster,45,engine_cluster_state
1780532524.215754,4.942385,baseline,120,8,0000000000000000,body_status,simulated_body_status,,body_status
1780532524.215775,4.942405,baseline,188,8,00002D0000000000,display_speed,simulated_dashboard_display,,display_speed
1780532524.266049,4.992680,baseline,100,8,2D0037081E564B00,engine_cluster_state,simulated_engine_cluster,45,engine_cluster_state
1780532524.266119,4.992750,baseline,120,8,0000000000000000,body_status,simulated_body_status,,body_status
1780532524.266145,4.992776,baseline,188,8,00002D0000000000,display_speed,simulated_dashboard_display,,display_speed
1780532524.316392,5.043023,spoofing,100,8,C80094115F5A4A00,ATTACK fabricated speed/rpm/throttle,simulated_engine_cluster,200,ATTACK fabricated speed/rpm/throttle
1780532524.316448,5.043079,spoofing,188,8,0000C800AA000000,ATTACK display spoof,simulated_dashboard_display,,ATTACK display spoof
1780532524.336674,5.063305,spoofing,100,8,C80094115F5A4A00,ATTACK fabricated speed/rpm/throttle,simulated_engine_cluster,200,ATTACK fabricated speed/rpm/throttle
1780532524.336843,5.063473,spoofing,188,8,0000C800AA000000,ATTACK display spoof,simulated_dashboard_display,,ATTACK display spoof
1780532524.357106,5.083737,spoofing,100,8,C80094115F5A4A00,ATTACK fabricated speed/rpm/throttle,simulated_engine_cluster,200,ATTACK fabricated speed/rpm/throttle
1780532524.357199,5.083830,spoofing,188,8,0000C800AA000000,ATTACK display spoof,simulated_dashboard_display,,ATTACK display spoof
1780532524.377465,5.104096,spoofing,100,8,C80094115F5A4A00,ATTACK fabricated speed/rpm/throttle,simulated_engine_cluster,200,ATTACK fabricated speed/rpm/throttle
1780532524.377556,5.104187,spoofing,188,8,0000C800AA000000,ATTACK display spoof,simulated_dashboard_display,,ATTACK display spoof
1780532524.397785,5.124416,spoofing,100,8,C80094115F5A4A00,ATTACK fabricated speed/rpm/throttle,simulated_engine_cluster,200,ATTACK fabricated speed/rpm/throttle
1780532524.397838,5.124469,spoofing,188,8,0000C800AA000000,ATTACK display spoof,simulated_dashboard_display,,ATTACK display spoof
1780532524.418203,5.144834,spoofing,100,8,C80094115F5A4A00,ATTACK fabricated speed/rpm/throttle,simulated_engine_cluster,200,ATTACK fabricated speed/rpm/throttle
1780532524.418309,5.144940,spoofing,188,8,0000C800AA000000,ATTACK display spoof,simulated_dashboard_display,,ATTACK display spoof
1780532524.438603,5.165234,spoofing,100,8,C80094115F5A4A00,ATTACK fabricated speed/rpm/throttle,simulated_engine_cluster,200,ATTACK fabricated speed/rpm/throttle
1780532524.438669,5.165300,spoofing,188,8,0000C800AA000000,ATTACK display spoof,simulated_dashboard_display,,ATTACK display spoof
1780532524.458931,5.185562,spoofing,100,8,C80094115F5A4A00,ATTACK fabricated speed/rpm/throttle,simulated_engine_cluster,200,ATTACK fabricated speed/rpm/throttle
1780532524.459004,5.185635,spoofing,188,8,0000C800AA000000,ATTACK display spoof,simulated_dashboard_display,,ATTACK display spoof
1780532524.479367,5.205998,spoofing,100,8,C80094115F5A4A00,ATTACK fabricated speed/rpm/throttle,simulated_engine_cluster,200,ATTACK fabricated speed/rpm/throttle
1780532524.479439,5.206070,spoofing,188,8,0000C800AA000000,ATTACK display spoof,simulated_dashboard_display,,ATTACK display spoof
1780532524.499689,5.226320,spoofing,100,8,C80094115F5A4A00,ATTACK fabricated speed/rpm/throttle,simulated_engine_cluster,200,ATTACK fabricated speed/rpm/throttle
1780532524.499746,5.226377,spoofing,188,8,0000C800AA000000,ATTACK display spoof,simulated_dashboard_display,,ATTACK display spoof
1780532524.520011,5.246642,spoofing,100,8,C80094115F5A4A00,ATTACK fabricated speed/rpm/throttle,simulated_engine_cluster,200,ATTACK fabricated speed/rpm/throttle
1780532524.520068,5.246699,spoofing,188,8,0000C800AA000000,ATTACK display spoof,simulated_dashboard_display,,ATTACK display spoof
1780532524.540305,5.266936,spoofing,100,8,C80094115F5A4A00,ATTACK fabricated speed/rpm/throttle,simulated_engine_cluster,200,ATTACK fabricated speed/rpm/throttle
1780532524.540399,5.267030,spoofing,188,8,0000C800AA000000,ATTACK display spoof,simulated_dashboard_display,,ATTACK display spoof
1780532524.560638,5.287269,spoofing,100,8,C80094115F5A4A00,ATTACK fabricated speed/rpm/throttle,simulated_engine_cluster,200,ATTACK fabricated speed/rpm/throttle
1780532524.560741,5.287372,spoofing,188,8,0000C800AA000000,ATTACK display spoof,simulated_dashboard_display,,ATTACK display spoof
1780532524.580953,5.307584,spoofing,100,8,C80094115F5A4A00,ATTACK fabricated speed/rpm/throttle,simulated_engine_cluster,200,ATTACK fabricated speed/rpm/throttle
1780532524.581002,5.307633,spoofing,188,8,0000C800AA000000,ATTACK display spoof,simulated_dashboard_display,,ATTACK display spoof
1780532524.601274,5.327905,spoofing,100,8,C80094115F5A4A00,ATTACK fabricated speed/rpm/throttle,simulated_engine_cluster,200,ATTACK fabricated speed/rpm/throttle
1780532524.601325,5.327955,spoofing,188,8,0000C800AA000000,ATTACK display spoof,simulated_dashboard_display,,ATTACK display spoof
1780532524.621571,5.348202,spoofing,100,8,C80094115F5A4A00,ATTACK fabricated speed/rpm/throttle,simulated_engine_cluster,200,ATTACK fabricated speed/rpm/throttle
1780532524.621629,5.348259,spoofing,188,8,0000C800AA000000,ATTACK display spoof,simulated_dashboard_display,,ATTACK display spoof
1780532524.641931,5.368562,spoofing,100,8,C80094115F5A4A00,ATTACK fabricated speed/rpm/throttle,simulated_engine_cluster,200,ATTACK fabricated speed/rpm/throttle
1780532524.641992,5.368623,spoofing,188,8,0000C800AA000000,ATTACK display spoof,simulated_dashboard_display,,ATTACK display spoof
1780532524.662261,5.388892,spoofing,100,8,C80094115F5A4A00,ATTACK fabricated speed/rpm/throttle,simulated_engine_cluster,200,ATTACK fabricated speed/rpm/throttle
1780532524.662344,5.388975,spoofing,188,8,0000C800AA000000,ATTACK display spoof,simulated_dashboard_display,,ATTACK display spoof
1780532524.682635,5.409266,spoofing,100,8,C80094115F5A4A00,ATTACK fabricated speed/rpm/throttle,simulated_engine_cluster,200,ATTACK fabricated speed/rpm/throttle
1780532524.682707,5.409338,spoofing,188,8,0000C800AA000000,ATTACK display spoof,simulated_dashboard_display,,ATTACK display spoof
1780532524.702949,5.429580,spoofing,100,8,C80094115F5A4A00,ATTACK fabricated speed/rpm/throttle,simulated_engine_cluster,200,ATTACK fabricated speed/rpm/throttle
1780532524.703038,5.429669,spoofing,188,8,0000C800AA000000,ATTACK display spoof,simulated_dashboard_display,,ATTACK display spoof
1780532524.723279,5.449910,spoofing,100,8,C80094115F5A4A00,ATTACK fabricated speed/rpm/throttle,simulated_engine_cluster,200,ATTACK fabricated speed/rpm/throttle
1780532524.723336,5.449967,spoofing,188,8,0000C800AA000000,ATTACK display spoof,simulated_dashboard_display,,ATTACK display spoof
1780532524.743607,5.470238,spoofing,100,8,C80094115F5A4A00,ATTACK fabricated speed/rpm/throttle,simulated_engine_cluster,200,ATTACK fabricated speed/rpm/throttle
1780532524.743689,5.470320,spoofing,188,8,0000C800AA000000,ATTACK display spoof,simulated_dashboard_display,,ATTACK display spoof
1780532524.764013,5.490644,spoofing,100,8,C80094115F5A4A00,ATTACK fabricated speed/rpm/throttle,simulated_engine_cluster,200,ATTACK fabricated speed/rpm/throttle
1780532524.764092,5.490723,spoofing,188,8,0000C800AA000000,ATTACK display spoof,simulated_dashboard_display,,ATTACK display spoof
1780532524.784340,5.510971,spoofing,100,8,C80094115F5A4A00,ATTACK fabricated speed/rpm/throttle,simulated_engine_cluster,200,ATTACK fabricated speed/rpm/throttle
1780532524.784460,5.511091,spoofing,188,8,0000C800AA000000,ATTACK display spoof,simulated_dashboard_display,,ATTACK display spoof
1780532524.804724,5.531355,spoofing,100,8,C80094115F5A4A00,ATTACK fabricated speed/rpm/throttle,simulated_engine_cluster,200,ATTACK fabricated speed/rpm/throttle
1780532524.804803,5.531434,spoofing,188,8,0000C800AA000000,ATTACK display spoof,simulated_dashboard_display,,ATTACK display spoof
1780532524.825028,5.551659,spoofing,100,8,C80094115F5A4A00,ATTACK fabricated speed/rpm/throttle,simulated_engine_cluster,200,ATTACK fabricated speed/rpm/throttle
1780532524.825102,5.551733,spoofing,188,8,0000C800AA000000,ATTACK display spoof,simulated_dashboard_display,,ATTACK display spoof
1780532524.845318,5.571949,spoofing,100,8,C80094115F5A4A00,ATTACK fabricated speed/rpm/throttle,simulated_engine_cluster,200,ATTACK fabricated speed/rpm/throttle
1780532524.845467,5.572098,spoofing,188,8,0000C800AA000000,ATTACK display spoof,simulated_dashboard_display,,ATTACK display spoof
1780532524.865734,5.592365,spoofing,100,8,C80094115F5A4A00,ATTACK fabricated speed/rpm/throttle,simulated_engine_cluster,200,ATTACK fabricated speed/rpm/throttle
1780532524.865795,5.592426,spoofing,188,8,0000C800AA000000,ATTACK display spoof,simulated_dashboard_display,,ATTACK display spoof
1780532524.886011,5.612642,spoofing,100,8,C80094115F5A4A00,ATTACK fabricated speed/rpm/throttle,simulated_engine_cluster,200,ATTACK fabricated speed/rpm/throttle
1780532524.886070,5.612700,spoofing,188,8,0000C800AA000000,ATTACK display spoof,simulated_dashboard_display,,ATTACK display spoof
1780532524.906328,5.632959,spoofing,100,8,C80094115F5A4A00,ATTACK fabricated speed/rpm/throttle,simulated_engine_cluster,200,ATTACK fabricated speed/rpm/throttle
1780532524.906411,5.633042,spoofing,188,8,0000C800AA000000,ATTACK display spoof,simulated_dashboard_display,,ATTACK display spoof
1780532524.926642,5.653273,spoofing,100,8,C80094115F5A4A00,ATTACK fabricated speed/rpm/throttle,simulated_engine_cluster,200,ATTACK fabricated speed/rpm/throttle
1780532524.926700,5.653331,spoofing,188,8,0000C800AA000000,ATTACK display spoof,simulated_dashboard_display,,ATTACK display spoof
1780532524.946965,5.673596,spoofing,100,8,C80094115F5A4A00,ATTACK fabricated speed/rpm/throttle,simulated_engine_cluster,200,ATTACK fabricated speed/rpm/throttle
1780532524.947038,5.673669,spoofing,188,8,0000C800AA000000,ATTACK display spoof,simulated_dashboard_display,,ATTACK display spoof
1780532524.967300,5.693931,spoofing,100,8,C80094115F5A4A00,ATTACK fabricated speed/rpm/throttle,simulated_engine_cluster,200,ATTACK fabricated speed/rpm/throttle
1780532524.967446,5.694077,spoofing,188,8,0000C800AA000000,ATTACK display spoof,simulated_dashboard_display,,ATTACK display spoof
1780532524.987707,5.714338,spoofing,100,8,C80094115F5A4A00,ATTACK fabricated speed/rpm/throttle,simulated_engine_cluster,200,ATTACK fabricated speed/rpm/throttle
1780532524.987774,5.714405,spoofing,188,8,0000C800AA000000,ATTACK display spoof,simulated_dashboard_display,,ATTACK display spoof
1780532525.008068,5.734699,spoofing,100,8,C80094115F5A4A00,ATTACK fabricated speed/rpm/throttle,simulated_engine_cluster,200,ATTACK fabricated speed/rpm/throttle
1780532525.008149,5.734780,spoofing,188,8,0000C800AA000000,ATTACK display spoof,simulated_dashboard_display,,ATTACK display spoof
1780532525.028449,5.755080,spoofing,100,8,C80094115F5A4A00,ATTACK fabricated speed/rpm/throttle,simulated_engine_cluster,200,ATTACK fabricated speed/rpm/throttle
1780532525.028571,5.755202,spoofing,188,8,0000C800AA000000,ATTACK display spoof,simulated_dashboard_display,,ATTACK display spoof
1780532525.048826,5.775457,spoofing,100,8,C80094115F5A4A00,ATTACK fabricated speed/rpm/throttle,simulated_engine_cluster,200,ATTACK fabricated speed/rpm/throttle
1780532525.048895,5.775526,spoofing,188,8,0000C800AA000000,ATTACK display spoof,simulated_dashboard_display,,ATTACK display spoof
1780532525.069108,5.795739,spoofing,100,8,C80094115F5A4A00,ATTACK fabricated speed/rpm/throttle,simulated_engine_cluster,200,ATTACK fabricated speed/rpm/throttle
1780532525.069163,5.795794,spoofing,188,8,0000C800AA000000,ATTACK display spoof,simulated_dashboard_display,,ATTACK display spoof
1780532525.089409,5.816040,spoofing,100,8,C80094115F5A4A00,ATTACK fabricated speed/rpm/throttle,simulated_engine_cluster,200,ATTACK fabricated speed/rpm/throttle
1780532525.089463,5.816094,spoofing,188,8,0000C800AA000000,ATTACK display spoof,simulated_dashboard_display,,ATTACK display spoof
1780532525.109646,5.836277,spoofing,100,8,C80094115F5A4A00,ATTACK fabricated speed/rpm/throttle,simulated_engine_cluster,200,ATTACK fabricated speed/rpm/throttle
1780532525.109697,5.836328,spoofing,188,8,0000C800AA000000,ATTACK display spoof,simulated_dashboard_display,,ATTACK display spoof
1780532525.129921,5.856552,spoofing,100,8,C80094115F5A4A00,ATTACK fabricated speed/rpm/throttle,simulated_engine_cluster,200,ATTACK fabricated speed/rpm/throttle
1780532525.129980,5.856611,spoofing,188,8,0000C800AA000000,ATTACK display spoof,simulated_dashboard_display,,ATTACK display spoof
1780532525.150419,5.877049,spoofing,100,8,C80094115F5A4A00,ATTACK fabricated speed/rpm/throttle,simulated_engine_cluster,200,ATTACK fabricated speed/rpm/throttle
1780532525.150474,5.877105,spoofing,188,8,0000C800AA000000,ATTACK display spoof,simulated_dashboard_display,,ATTACK display spoof
1780532525.170750,5.897381,spoofing,100,8,C80094115F5A4A00,ATTACK fabricated speed/rpm/throttle,simulated_engine_cluster,200,ATTACK fabricated speed/rpm/throttle
1780532525.170805,5.897436,spoofing,188,8,0000C800AA000000,ATTACK display spoof,simulated_dashboard_display,,ATTACK display spoof
1780532525.191053,5.917684,spoofing,100,8,C80094115F5A4A00,ATTACK fabricated speed/rpm/throttle,simulated_engine_cluster,200,ATTACK fabricated speed/rpm/throttle
1780532525.191106,5.917737,spoofing,188,8,0000C800AA000000,ATTACK display spoof,simulated_dashboard_display,,ATTACK display spoof
1780532525.211335,5.937966,spoofing,100,8,C80094115F5A4A00,ATTACK fabricated speed/rpm/throttle,simulated_engine_cluster,200,ATTACK fabricated speed/rpm/throttle
1780532525.211419,5.938050,spoofing,188,8,0000C800AA000000,ATTACK display spoof,simulated_dashboard_display,,ATTACK display spoof
1780532525.231693,5.958324,spoofing,100,8,C80094115F5A4A00,ATTACK fabricated speed/rpm/throttle,simulated_engine_cluster,200,ATTACK fabricated speed/rpm/throttle
1780532525.231763,5.958394,spoofing,188,8,0000C800AA000000,ATTACK display spoof,simulated_dashboard_display,,ATTACK display spoof
1780532525.251963,5.978594,spoofing,100,8,C80094115F5A4A00,ATTACK fabricated speed/rpm/throttle,simulated_engine_cluster,200,ATTACK fabricated speed/rpm/throttle
1780532525.252032,5.978663,spoofing,188,8,0000C800AA000000,ATTACK display spoof,simulated_dashboard_display,,ATTACK display spoof
1780532525.272232,5.998863,spoofing,100,8,C80094115F5A4A00,ATTACK fabricated speed/rpm/throttle,simulated_engine_cluster,200,ATTACK fabricated speed/rpm/throttle
1780532525.272363,5.998994,spoofing,188,8,0000C800AA000000,ATTACK display spoof,simulated_dashboard_display,,ATTACK display spoof
1780532525.292620,6.019251,spoofing,100,8,C80094115F5A4A00,ATTACK fabricated speed/rpm/throttle,simulated_engine_cluster,200,ATTACK fabricated speed/rpm/throttle
1780532525.292674,6.019305,spoofing,188,8,0000C800AA000000,ATTACK display spoof,simulated_dashboard_display,,ATTACK display spoof
1780532525.312912,6.039543,spoofing,100,8,C80094115F5A4A00,ATTACK fabricated speed/rpm/throttle,simulated_engine_cluster,200,ATTACK fabricated speed/rpm/throttle
1780532525.312968,6.039599,spoofing,188,8,0000C800AA000000,ATTACK display spoof,simulated_dashboard_display,,ATTACK display spoof
1780532525.333237,6.059868,spoofing,100,8,C80094115F5A4A00,ATTACK fabricated speed/rpm/throttle,simulated_engine_cluster,200,ATTACK fabricated speed/rpm/throttle
1780532525.333319,6.059950,spoofing,188,8,0000C800AA000000,ATTACK display spoof,simulated_dashboard_display,,ATTACK display spoof
1780532525.353575,6.080205,spoofing,100,8,C80094115F5A4A00,ATTACK fabricated speed/rpm/throttle,simulated_engine_cluster,200,ATTACK fabricated speed/rpm/throttle
1780532525.353632,6.080263,spoofing,188,8,0000C800AA000000,ATTACK display spoof,simulated_dashboard_display,,ATTACK display spoof
1780532525.373880,6.100511,spoofing,100,8,C80094115F5A4A00,ATTACK fabricated speed/rpm/throttle,simulated_engine_cluster,200,ATTACK fabricated speed/rpm/throttle
1780532525.373948,6.100579,spoofing,188,8,0000C800AA000000,ATTACK display spoof,simulated_dashboard_display,,ATTACK display spoof
1780532525.394247,6.120878,spoofing,100,8,C80094115F5A4A00,ATTACK fabricated speed/rpm/throttle,simulated_engine_cluster,200,ATTACK fabricated speed/rpm/throttle
1780532525.394437,6.121068,spoofing,188,8,0000C800AA000000,ATTACK display spoof,simulated_dashboard_display,,ATTACK display spoof
1780532525.414672,6.141303,spoofing,100,8,C80094115F5A4A00,ATTACK fabricated speed/rpm/throttle,simulated_engine_cluster,200,ATTACK fabricated speed/rpm/throttle
1780532525.414724,6.141355,spoofing,188,8,0000C800AA000000,ATTACK display spoof,simulated_dashboard_display,,ATTACK display spoof
1780532525.434951,6.161582,spoofing,100,8,C80094115F5A4A00,ATTACK fabricated speed/rpm/throttle,simulated_engine_cluster,200,ATTACK fabricated speed/rpm/throttle
1780532525.435004,6.161635,spoofing,188,8,0000C800AA000000,ATTACK display spoof,simulated_dashboard_display,,ATTACK display spoof
1780532525.455226,6.181857,spoofing,100,8,C80094115F5A4A00,ATTACK fabricated speed/rpm/throttle,simulated_engine_cluster,200,ATTACK fabricated speed/rpm/throttle
1780532525.455281,6.181912,spoofing,188,8,0000C800AA000000,ATTACK display spoof,simulated_dashboard_display,,ATTACK display spoof
1780532525.475545,6.202176,spoofing,100,8,C80094115F5A4A00,ATTACK fabricated speed/rpm/throttle,simulated_engine_cluster,200,ATTACK fabricated speed/rpm/throttle
1780532525.475601,6.202232,spoofing,188,8,0000C800AA000000,ATTACK display spoof,simulated_dashboard_display,,ATTACK display spoof
1780532525.495793,6.222424,spoofing,100,8,C80094115F5A4A00,ATTACK fabricated speed/rpm/throttle,simulated_engine_cluster,200,ATTACK fabricated speed/rpm/throttle
1780532525.495880,6.222511,spoofing,188,8,0000C800AA000000,ATTACK display spoof,simulated_dashboard_display,,ATTACK display spoof
1780532525.516128,6.242759,spoofing,100,8,C80094115F5A4A00,ATTACK fabricated speed/rpm/throttle,simulated_engine_cluster,200,ATTACK fabricated speed/rpm/throttle
1780532525.516184,6.242815,spoofing,188,8,0000C800AA000000,ATTACK display spoof,simulated_dashboard_display,,ATTACK display spoof
1780532525.536539,6.263170,spoofing,100,8,C80094115F5A4A00,ATTACK fabricated speed/rpm/throttle,simulated_engine_cluster,200,ATTACK fabricated speed/rpm/throttle
1780532525.536598,6.263229,spoofing,188,8,0000C800AA000000,ATTACK display spoof,simulated_dashboard_display,,ATTACK display spoof
1780532525.556838,6.283469,spoofing,100,8,C80094115F5A4A00,ATTACK fabricated speed/rpm/throttle,simulated_engine_cluster,200,ATTACK fabricated speed/rpm/throttle
1780532525.556917,6.283548,spoofing,188,8,0000C800AA000000,ATTACK display spoof,simulated_dashboard_display,,ATTACK display spoof
1780532525.577171,6.303802,spoofing,100,8,C80094115F5A4A00,ATTACK fabricated speed/rpm/throttle,simulated_engine_cluster,200,ATTACK fabricated speed/rpm/throttle
1780532525.577228,6.303859,spoofing,188,8,0000C800AA000000,ATTACK display spoof,simulated_dashboard_display,,ATTACK display spoof
1780532525.597625,6.324256,spoofing,100,8,C80094115F5A4A00,ATTACK fabricated speed/rpm/throttle,simulated_engine_cluster,200,ATTACK fabricated speed/rpm/throttle
1780532525.597711,6.324342,spoofing,188,8,0000C800AA000000,ATTACK display spoof,simulated_dashboard_display,,ATTACK display spoof
1780532525.617990,6.344621,spoofing,100,8,C80094115F5A4A00,ATTACK fabricated speed/rpm/throttle,simulated_engine_cluster,200,ATTACK fabricated speed/rpm/throttle
1780532525.618066,6.344697,spoofing,188,8,0000C800AA000000,ATTACK display spoof,simulated_dashboard_display,,ATTACK display spoof
1780532525.638411,6.365041,spoofing,100,8,C80094115F5A4A00,ATTACK fabricated speed/rpm/throttle,simulated_engine_cluster,200,ATTACK fabricated speed/rpm/throttle
1780532525.638532,6.365163,spoofing,188,8,0000C800AA000000,ATTACK display spoof,simulated_dashboard_display,,ATTACK display spoof
1780532525.658819,6.385450,spoofing,100,8,C80094115F5A4A00,ATTACK fabricated speed/rpm/throttle,simulated_engine_cluster,200,ATTACK fabricated speed/rpm/throttle
1780532525.658889,6.385520,spoofing,188,8,0000C800AA000000,ATTACK display spoof,simulated_dashboard_display,,ATTACK display spoof
1780532525.679194,6.405825,spoofing,100,8,C80094115F5A4A00,ATTACK fabricated speed/rpm/throttle,simulated_engine_cluster,200,ATTACK fabricated speed/rpm/throttle
1780532525.679377,6.406008,spoofing,188,8,0000C800AA000000,ATTACK display spoof,simulated_dashboard_display,,ATTACK display spoof
1780532525.699700,6.426331,spoofing,100,8,C80094115F5A4A00,ATTACK fabricated speed/rpm/throttle,simulated_engine_cluster,200,ATTACK fabricated speed/rpm/throttle
1780532525.699773,6.426404,spoofing,188,8,0000C800AA000000,ATTACK display spoof,simulated_dashboard_display,,ATTACK display spoof
1780532525.720038,6.446669,spoofing,100,8,C80094115F5A4A00,ATTACK fabricated speed/rpm/throttle,simulated_engine_cluster,200,ATTACK fabricated speed/rpm/throttle
1780532525.720096,6.446727,spoofing,188,8,0000C800AA000000,ATTACK display spoof,simulated_dashboard_display,,ATTACK display spoof
1780532525.740343,6.466974,spoofing,100,8,C80094115F5A4A00,ATTACK fabricated speed/rpm/throttle,simulated_engine_cluster,200,ATTACK fabricated speed/rpm/throttle
1780532525.740463,6.467094,spoofing,188,8,0000C800AA000000,ATTACK display spoof,simulated_dashboard_display,,ATTACK display spoof
1780532525.760723,6.487354,spoofing,100,8,C80094115F5A4A00,ATTACK fabricated speed/rpm/throttle,simulated_engine_cluster,200,ATTACK fabricated speed/rpm/throttle
1780532525.760796,6.487427,spoofing,188,8,0000C800AA000000,ATTACK display spoof,simulated_dashboard_display,,ATTACK display spoof
1780532525.781080,6.507711,spoofing,100,8,C80094115F5A4A00,ATTACK fabricated speed/rpm/throttle,simulated_engine_cluster,200,ATTACK fabricated speed/rpm/throttle
1780532525.781140,6.507771,spoofing,188,8,0000C800AA000000,ATTACK display spoof,simulated_dashboard_display,,ATTACK display spoof
1780532525.801429,6.528060,spoofing,100,8,C80094115F5A4A00,ATTACK fabricated speed/rpm/throttle,simulated_engine_cluster,200,ATTACK fabricated speed/rpm/throttle
1780532525.801550,6.528181,spoofing,188,8,0000C800AA000000,ATTACK display spoof,simulated_dashboard_display,,ATTACK display spoof
1780532525.821795,6.548425,spoofing,100,8,C80094115F5A4A00,ATTACK fabricated speed/rpm/throttle,simulated_engine_cluster,200,ATTACK fabricated speed/rpm/throttle
1780532525.821848,6.548479,spoofing,188,8,0000C800AA000000,ATTACK display spoof,simulated_dashboard_display,,ATTACK display spoof
1780532525.842238,6.568869,spoofing,100,8,C80094115F5A4A00,ATTACK fabricated speed/rpm/throttle,simulated_engine_cluster,200,ATTACK fabricated speed/rpm/throttle
1780532525.842317,6.568948,spoofing,188,8,0000C800AA000000,ATTACK display spoof,simulated_dashboard_display,,ATTACK display spoof
1780532525.862629,6.589260,spoofing,100,8,C80094115F5A4A00,ATTACK fabricated speed/rpm/throttle,simulated_engine_cluster,200,ATTACK fabricated speed/rpm/throttle
1780532525.862683,6.589314,spoofing,188,8,0000C800AA000000,ATTACK display spoof,simulated_dashboard_display,,ATTACK display spoof
1780532525.882948,6.609579,spoofing,100,8,C80094115F5A4A00,ATTACK fabricated speed/rpm/throttle,simulated_engine_cluster,200,ATTACK fabricated speed/rpm/throttle
1780532525.883001,6.609632,spoofing,188,8,0000C800AA000000,ATTACK display spoof,simulated_dashboard_display,,ATTACK display spoof
1780532525.903229,6.629860,spoofing,100,8,C80094115F5A4A00,ATTACK fabricated speed/rpm/throttle,simulated_engine_cluster,200,ATTACK fabricated speed/rpm/throttle
1780532525.903295,6.629926,spoofing,188,8,0000C800AA000000,ATTACK display spoof,simulated_dashboard_display,,ATTACK display spoof
1780532525.923610,6.650241,spoofing,100,8,C80094115F5A4A00,ATTACK fabricated speed/rpm/throttle,simulated_engine_cluster,200,ATTACK fabricated speed/rpm/throttle
1780532525.923688,6.650319,spoofing,188,8,0000C800AA000000,ATTACK display spoof,simulated_dashboard_display,,ATTACK display spoof
1780532525.943936,6.670567,spoofing,100,8,C80094115F5A4A00,ATTACK fabricated speed/rpm/throttle,simulated_engine_cluster,200,ATTACK fabricated speed/rpm/throttle
1780532525.943990,6.670621,spoofing,188,8,0000C800AA000000,ATTACK display spoof,simulated_dashboard_display,,ATTACK display spoof
1780532525.964184,6.690815,spoofing,100,8,C80094115F5A4A00,ATTACK fabricated speed/rpm/throttle,simulated_engine_cluster,200,ATTACK fabricated speed/rpm/throttle
1780532525.964231,6.690862,spoofing,188,8,0000C800AA000000,ATTACK display spoof,simulated_dashboard_display,,ATTACK display spoof
1780532525.984555,6.711186,spoofing,100,8,C80094115F5A4A00,ATTACK fabricated speed/rpm/throttle,simulated_engine_cluster,200,ATTACK fabricated speed/rpm/throttle
1780532525.984612,6.711243,spoofing,188,8,0000C800AA000000,ATTACK display spoof,simulated_dashboard_display,,ATTACK display spoof
1780532526.004908,6.731539,spoofing,100,8,C80094115F5A4A00,ATTACK fabricated speed/rpm/throttle,simulated_engine_cluster,200,ATTACK fabricated speed/rpm/throttle
1780532526.004965,6.731596,spoofing,188,8,0000C800AA000000,ATTACK display spoof,simulated_dashboard_display,,ATTACK display spoof
1780532526.025242,6.751873,spoofing,100,8,C80094115F5A4A00,ATTACK fabricated speed/rpm/throttle,simulated_engine_cluster,200,ATTACK fabricated speed/rpm/throttle
1780532526.025297,6.751928,spoofing,188,8,0000C800AA000000,ATTACK display spoof,simulated_dashboard_display,,ATTACK display spoof
1780532526.045630,6.772261,spoofing,100,8,C80094115F5A4A00,ATTACK fabricated speed/rpm/throttle,simulated_engine_cluster,200,ATTACK fabricated speed/rpm/throttle
1780532526.045690,6.772321,spoofing,188,8,0000C800AA000000,ATTACK display spoof,simulated_dashboard_display,,ATTACK display spoof
1780532526.065975,6.792606,spoofing,100,8,C80094115F5A4A00,ATTACK fabricated speed/rpm/throttle,simulated_engine_cluster,200,ATTACK fabricated speed/rpm/throttle
1780532526.066031,6.792662,spoofing,188,8,0000C800AA000000,ATTACK display spoof,simulated_dashboard_display,,ATTACK display spoof
1780532526.086264,6.812895,spoofing,100,8,C80094115F5A4A00,ATTACK fabricated speed/rpm/throttle,simulated_engine_cluster,200,ATTACK fabricated speed/rpm/throttle
1780532526.086312,6.812943,spoofing,188,8,0000C800AA000000,ATTACK display spoof,simulated_dashboard_display,,ATTACK display spoof
1780532526.106652,6.833283,spoofing,100,8,C80094115F5A4A00,ATTACK fabricated speed/rpm/throttle,simulated_engine_cluster,200,ATTACK fabricated speed/rpm/throttle
1780532526.106707,6.833338,spoofing,188,8,0000C800AA000000,ATTACK display spoof,simulated_dashboard_display,,ATTACK display spoof
1780532526.126970,6.853601,spoofing,100,8,C80094115F5A4A00,ATTACK fabricated speed/rpm/throttle,simulated_engine_cluster,200,ATTACK fabricated speed/rpm/throttle
1780532526.127036,6.853667,spoofing,188,8,0000C800AA000000,ATTACK display spoof,simulated_dashboard_display,,ATTACK display spoof
1780532526.147361,6.873992,spoofing,100,8,C80094115F5A4A00,ATTACK fabricated speed/rpm/throttle,simulated_engine_cluster,200,ATTACK fabricated speed/rpm/throttle
1780532526.147435,6.874066,spoofing,188,8,0000C800AA000000,ATTACK display spoof,simulated_dashboard_display,,ATTACK display spoof
1780532526.167709,6.894340,spoofing,100,8,C80094115F5A4A00,ATTACK fabricated speed/rpm/throttle,simulated_engine_cluster,200,ATTACK fabricated speed/rpm/throttle
1780532526.167774,6.894405,spoofing,188,8,0000C800AA000000,ATTACK display spoof,simulated_dashboard_display,,ATTACK display spoof
1780532526.188021,6.914652,spoofing,100,8,C80094115F5A4A00,ATTACK fabricated speed/rpm/throttle,simulated_engine_cluster,200,ATTACK fabricated speed/rpm/throttle
1780532526.188086,6.914717,spoofing,188,8,0000C800AA000000,ATTACK display spoof,simulated_dashboard_display,,ATTACK display spoof
1780532526.208361,6.934992,spoofing,100,8,C80094115F5A4A00,ATTACK fabricated speed/rpm/throttle,simulated_engine_cluster,200,ATTACK fabricated speed/rpm/throttle
1780532526.208544,6.935175,spoofing,188,8,0000C800AA000000,ATTACK display spoof,simulated_dashboard_display,,ATTACK display spoof
1780532526.228776,6.955407,spoofing,100,8,C80094115F5A4A00,ATTACK fabricated speed/rpm/throttle,simulated_engine_cluster,200,ATTACK fabricated speed/rpm/throttle
1780532526.228836,6.955467,spoofing,188,8,0000C800AA000000,ATTACK display spoof,simulated_dashboard_display,,ATTACK display spoof
1780532526.249069,6.975700,spoofing,100,8,C80094115F5A4A00,ATTACK fabricated speed/rpm/throttle,simulated_engine_cluster,200,ATTACK fabricated speed/rpm/throttle
1780532526.249116,6.975747,spoofing,188,8,0000C800AA000000,ATTACK display spoof,simulated_dashboard_display,,ATTACK display spoof
1780532526.269463,6.996094,spoofing,100,8,C80094115F5A4A00,ATTACK fabricated speed/rpm/throttle,simulated_engine_cluster,200,ATTACK fabricated speed/rpm/throttle
1780532526.269583,6.996213,spoofing,188,8,0000C800AA000000,ATTACK display spoof,simulated_dashboard_display,,ATTACK display spoof
1780532526.289796,7.016427,spoofing,100,8,C80094115F5A4A00,ATTACK fabricated speed/rpm/throttle,simulated_engine_cluster,200,ATTACK fabricated speed/rpm/throttle
1780532526.289845,7.016476,spoofing,188,8,0000C800AA000000,ATTACK display spoof,simulated_dashboard_display,,ATTACK display spoof
1780532526.310031,7.036662,spoofing,100,8,C80094115F5A4A00,ATTACK fabricated speed/rpm/throttle,simulated_engine_cluster,200,ATTACK fabricated speed/rpm/throttle
1780532526.310084,7.036715,spoofing,188,8,0000C800AA000000,ATTACK display spoof,simulated_dashboard_display,,ATTACK display spoof
1780532526.331584,7.058215,spoofing,100,8,C80094115F5A4A00,ATTACK fabricated speed/rpm/throttle,simulated_engine_cluster,200,ATTACK fabricated speed/rpm/throttle
1780532526.331630,7.058261,spoofing,188,8,0000C800AA000000,ATTACK display spoof,simulated_dashboard_display,,ATTACK display spoof
1780532526.351830,7.078460,spoofing,100,8,C80094115F5A4A00,ATTACK fabricated speed/rpm/throttle,simulated_engine_cluster,200,ATTACK fabricated speed/rpm/throttle
1780532526.351895,7.078526,spoofing,188,8,0000C800AA000000,ATTACK display spoof,simulated_dashboard_display,,ATTACK display spoof
1780532526.372066,7.098697,spoofing,100,8,C80094115F5A4A00,ATTACK fabricated speed/rpm/throttle,simulated_engine_cluster,200,ATTACK fabricated speed/rpm/throttle
1780532526.372112,7.098743,spoofing,188,8,0000C800AA000000,ATTACK display spoof,simulated_dashboard_display,,ATTACK display spoof
1780532526.392292,7.118923,spoofing,100,8,C80094115F5A4A00,ATTACK fabricated speed/rpm/throttle,simulated_engine_cluster,200,ATTACK fabricated speed/rpm/throttle
1780532526.392339,7.118970,spoofing,188,8,0000C800AA000000,ATTACK display spoof,simulated_dashboard_display,,ATTACK display spoof
1780532526.412601,7.139232,spoofing,100,8,C80094115F5A4A00,ATTACK fabricated speed/rpm/throttle,simulated_engine_cluster,200,ATTACK fabricated speed/rpm/throttle
1780532526.412651,7.139282,spoofing,188,8,0000C800AA000000,ATTACK display spoof,simulated_dashboard_display,,ATTACK display spoof
1780532526.432836,7.159467,spoofing,100,8,C80094115F5A4A00,ATTACK fabricated speed/rpm/throttle,simulated_engine_cluster,200,ATTACK fabricated speed/rpm/throttle
1780532526.432878,7.159509,spoofing,188,8,0000C800AA000000,ATTACK display spoof,simulated_dashboard_display,,ATTACK display spoof
1780532526.453058,7.179689,spoofing,100,8,C80094115F5A4A00,ATTACK fabricated speed/rpm/throttle,simulated_engine_cluster,200,ATTACK fabricated speed/rpm/throttle
1780532526.453115,7.179746,spoofing,188,8,0000C800AA000000,ATTACK display spoof,simulated_dashboard_display,,ATTACK display spoof
1780532526.473306,7.199937,spoofing,100,8,C80094115F5A4A00,ATTACK fabricated speed/rpm/throttle,simulated_engine_cluster,200,ATTACK fabricated speed/rpm/throttle
1780532526.473397,7.200028,spoofing,188,8,0000C800AA000000,ATTACK display spoof,simulated_dashboard_display,,ATTACK display spoof
1780532526.493582,7.220213,spoofing,100,8,C80094115F5A4A00,ATTACK fabricated speed/rpm/throttle,simulated_engine_cluster,200,ATTACK fabricated speed/rpm/throttle
1780532526.493633,7.220264,spoofing,188,8,0000C800AA000000,ATTACK display spoof,simulated_dashboard_display,,ATTACK display spoof
1780532526.513833,7.240464,spoofing,100,8,C80094115F5A4A00,ATTACK fabricated speed/rpm/throttle,simulated_engine_cluster,200,ATTACK fabricated speed/rpm/throttle
1780532526.513934,7.240565,spoofing,188,8,0000C800AA000000,ATTACK display spoof,simulated_dashboard_display,,ATTACK display spoof
1780532526.534136,7.260767,spoofing,100,8,C80094115F5A4A00,ATTACK fabricated speed/rpm/throttle,simulated_engine_cluster,200,ATTACK fabricated speed/rpm/throttle
1780532526.534200,7.260831,spoofing,188,8,0000C800AA000000,ATTACK display spoof,simulated_dashboard_display,,ATTACK display spoof
1780532526.554394,7.281025,spoofing,100,8,C80094115F5A4A00,ATTACK fabricated speed/rpm/throttle,simulated_engine_cluster,200,ATTACK fabricated speed/rpm/throttle
1780532526.554442,7.281073,spoofing,188,8,0000C800AA000000,ATTACK display spoof,simulated_dashboard_display,,ATTACK display spoof
1780532526.574653,7.301284,spoofing,100,8,C80094115F5A4A00,ATTACK fabricated speed/rpm/throttle,simulated_engine_cluster,200,ATTACK fabricated speed/rpm/throttle
1780532526.574715,7.301346,spoofing,188,8,0000C800AA000000,ATTACK display spoof,simulated_dashboard_display,,ATTACK display spoof
1780532526.594930,7.321561,spoofing,100,8,C80094115F5A4A00,ATTACK fabricated speed/rpm/throttle,simulated_engine_cluster,200,ATTACK fabricated speed/rpm/throttle
1780532526.594980,7.321611,spoofing,188,8,0000C800AA000000,ATTACK display spoof,simulated_dashboard_display,,ATTACK display spoof
1780532526.615179,7.341810,spoofing,100,8,C80094115F5A4A00,ATTACK fabricated speed/rpm/throttle,simulated_engine_cluster,200,ATTACK fabricated speed/rpm/throttle
1780532526.615231,7.341862,spoofing,188,8,0000C800AA000000,ATTACK display spoof,simulated_dashboard_display,,ATTACK display spoof
1780532526.635531,7.362162,spoofing,100,8,C80094115F5A4A00,ATTACK fabricated speed/rpm/throttle,simulated_engine_cluster,200,ATTACK fabricated speed/rpm/throttle
1780532526.635592,7.362223,spoofing,188,8,0000C800AA000000,ATTACK display spoof,simulated_dashboard_display,,ATTACK display spoof
1780532526.655820,7.382451,spoofing,100,8,C80094115F5A4A00,ATTACK fabricated speed/rpm/throttle,simulated_engine_cluster,200,ATTACK fabricated speed/rpm/throttle
1780532526.655887,7.382518,spoofing,188,8,0000C800AA000000,ATTACK display spoof,simulated_dashboard_display,,ATTACK display spoof
1780532526.676117,7.402748,spoofing,100,8,C80094115F5A4A00,ATTACK fabricated speed/rpm/throttle,simulated_engine_cluster,200,ATTACK fabricated speed/rpm/throttle
1780532526.676169,7.402800,spoofing,188,8,0000C800AA000000,ATTACK display spoof,simulated_dashboard_display,,ATTACK display spoof
1780532526.696437,7.423068,spoofing,100,8,C80094115F5A4A00,ATTACK fabricated speed/rpm/throttle,simulated_engine_cluster,200,ATTACK fabricated speed/rpm/throttle
1780532526.696539,7.423170,spoofing,188,8,0000C800AA000000,ATTACK display spoof,simulated_dashboard_display,,ATTACK display spoof
1780532526.716751,7.443382,spoofing,100,8,C80094115F5A4A00,ATTACK fabricated speed/rpm/throttle,simulated_engine_cluster,200,ATTACK fabricated speed/rpm/throttle
1780532526.716796,7.443427,spoofing,188,8,0000C800AA000000,ATTACK display spoof,simulated_dashboard_display,,ATTACK display spoof
1780532526.737003,7.463634,spoofing,100,8,C80094115F5A4A00,ATTACK fabricated speed/rpm/throttle,simulated_engine_cluster,200,ATTACK fabricated speed/rpm/throttle
1780532526.737065,7.463696,spoofing,188,8,0000C800AA000000,ATTACK display spoof,simulated_dashboard_display,,ATTACK display spoof
1780532526.757280,7.483911,spoofing,100,8,C80094115F5A4A00,ATTACK fabricated speed/rpm/throttle,simulated_engine_cluster,200,ATTACK fabricated speed/rpm/throttle
1780532526.757345,7.483976,spoofing,188,8,0000C800AA000000,ATTACK display spoof,simulated_dashboard_display,,ATTACK display spoof
1780532526.777649,7.504280,spoofing,100,8,C80094115F5A4A00,ATTACK fabricated speed/rpm/throttle,simulated_engine_cluster,200,ATTACK fabricated speed/rpm/throttle
1780532526.777749,7.504380,spoofing,188,8,0000C800AA000000,ATTACK display spoof,simulated_dashboard_display,,ATTACK display spoof
1780532526.798044,7.524675,spoofing,100,8,C80094115F5A4A00,ATTACK fabricated speed/rpm/throttle,simulated_engine_cluster,200,ATTACK fabricated speed/rpm/throttle
1780532526.798120,7.524751,spoofing,188,8,0000C800AA000000,ATTACK display spoof,simulated_dashboard_display,,ATTACK display spoof
1780532526.818415,7.545046,spoofing,100,8,C80094115F5A4A00,ATTACK fabricated speed/rpm/throttle,simulated_engine_cluster,200,ATTACK fabricated speed/rpm/throttle
1780532526.818532,7.545163,spoofing,188,8,0000C800AA000000,ATTACK display spoof,simulated_dashboard_display,,ATTACK display spoof
1780532526.838764,7.565395,spoofing,100,8,C80094115F5A4A00,ATTACK fabricated speed/rpm/throttle,simulated_engine_cluster,200,ATTACK fabricated speed/rpm/throttle
1780532526.838836,7.565467,spoofing,188,8,0000C800AA000000,ATTACK display spoof,simulated_dashboard_display,,ATTACK display spoof
1780532526.859026,7.585657,spoofing,100,8,C80094115F5A4A00,ATTACK fabricated speed/rpm/throttle,simulated_engine_cluster,200,ATTACK fabricated speed/rpm/throttle
1780532526.859074,7.585705,spoofing,188,8,0000C800AA000000,ATTACK display spoof,simulated_dashboard_display,,ATTACK display spoof
1780532526.879296,7.605927,spoofing,100,8,C80094115F5A4A00,ATTACK fabricated speed/rpm/throttle,simulated_engine_cluster,200,ATTACK fabricated speed/rpm/throttle
1780532526.879344,7.605975,spoofing,188,8,0000C800AA000000,ATTACK display spoof,simulated_dashboard_display,,ATTACK display spoof
1780532526.899614,7.626245,spoofing,100,8,C80094115F5A4A00,ATTACK fabricated speed/rpm/throttle,simulated_engine_cluster,200,ATTACK fabricated speed/rpm/throttle
1780532526.899665,7.626296,spoofing,188,8,0000C800AA000000,ATTACK display spoof,simulated_dashboard_display,,ATTACK display spoof
1780532526.919846,7.646477,spoofing,100,8,C80094115F5A4A00,ATTACK fabricated speed/rpm/throttle,simulated_engine_cluster,200,ATTACK fabricated speed/rpm/throttle
1780532526.919906,7.646537,spoofing,188,8,0000C800AA000000,ATTACK display spoof,simulated_dashboard_display,,ATTACK display spoof
1780532526.940058,7.666689,spoofing,100,8,C80094115F5A4A00,ATTACK fabricated speed/rpm/throttle,simulated_engine_cluster,200,ATTACK fabricated speed/rpm/throttle
1780532526.940095,7.666726,spoofing,188,8,0000C800AA000000,ATTACK display spoof,simulated_dashboard_display,,ATTACK display spoof
1780532526.960266,7.686897,spoofing,100,8,C80094115F5A4A00,ATTACK fabricated speed/rpm/throttle,simulated_engine_cluster,200,ATTACK fabricated speed/rpm/throttle
1780532526.960305,7.686936,spoofing,188,8,0000C800AA000000,ATTACK display spoof,simulated_dashboard_display,,ATTACK display spoof
1780532526.980475,7.707106,spoofing,100,8,C80094115F5A4A00,ATTACK fabricated speed/rpm/throttle,simulated_engine_cluster,200,ATTACK fabricated speed/rpm/throttle
1780532526.980540,7.707171,spoofing,188,8,0000C800AA000000,ATTACK display spoof,simulated_dashboard_display,,ATTACK display spoof
1780532527.000698,7.727329,spoofing,100,8,C80094115F5A4A00,ATTACK fabricated speed/rpm/throttle,simulated_engine_cluster,200,ATTACK fabricated speed/rpm/throttle
1780532527.000733,7.727364,spoofing,188,8,0000C800AA000000,ATTACK display spoof,simulated_dashboard_display,,ATTACK display spoof
1780532527.020963,7.747594,spoofing,100,8,C80094115F5A4A00,ATTACK fabricated speed/rpm/throttle,simulated_engine_cluster,200,ATTACK fabricated speed/rpm/throttle
1780532527.021016,7.747647,spoofing,188,8,0000C800AA000000,ATTACK display spoof,simulated_dashboard_display,,ATTACK display spoof
1780532527.041271,7.767902,spoofing,100,8,C80094115F5A4A00,ATTACK fabricated speed/rpm/throttle,simulated_engine_cluster,200,ATTACK fabricated speed/rpm/throttle
1780532527.041342,7.767973,spoofing,188,8,0000C800AA000000,ATTACK display spoof,simulated_dashboard_display,,ATTACK display spoof
1780532527.061593,7.788224,spoofing,100,8,C80094115F5A4A00,ATTACK fabricated speed/rpm/throttle,simulated_engine_cluster,200,ATTACK fabricated speed/rpm/throttle
1780532527.061644,7.788275,spoofing,188,8,0000C800AA000000,ATTACK display spoof,simulated_dashboard_display,,ATTACK display spoof
1780532527.081874,7.808505,spoofing,100,8,C80094115F5A4A00,ATTACK fabricated speed/rpm/throttle,simulated_engine_cluster,200,ATTACK fabricated speed/rpm/throttle
1780532527.081925,7.808556,spoofing,188,8,0000C800AA000000,ATTACK display spoof,simulated_dashboard_display,,ATTACK display spoof
1780532527.102155,7.828786,spoofing,100,8,C80094115F5A4A00,ATTACK fabricated speed/rpm/throttle,simulated_engine_cluster,200,ATTACK fabricated speed/rpm/throttle
1780532527.102230,7.828861,spoofing,188,8,0000C800AA000000,ATTACK display spoof,simulated_dashboard_display,,ATTACK display spoof
1780532527.122520,7.849151,spoofing,100,8,C80094115F5A4A00,ATTACK fabricated speed/rpm/throttle,simulated_engine_cluster,200,ATTACK fabricated speed/rpm/throttle
1780532527.122589,7.849220,spoofing,188,8,0000C800AA000000,ATTACK display spoof,simulated_dashboard_display,,ATTACK display spoof
1780532527.142813,7.869444,spoofing,100,8,C80094115F5A4A00,ATTACK fabricated speed/rpm/throttle,simulated_engine_cluster,200,ATTACK fabricated speed/rpm/throttle
1780532527.142947,7.869578,spoofing,188,8,0000C800AA000000,ATTACK display spoof,simulated_dashboard_display,,ATTACK display spoof
1780532527.163172,7.889803,spoofing,100,8,C80094115F5A4A00,ATTACK fabricated speed/rpm/throttle,simulated_engine_cluster,200,ATTACK fabricated speed/rpm/throttle
1780532527.163221,7.889852,spoofing,188,8,0000C800AA000000,ATTACK display spoof,simulated_dashboard_display,,ATTACK display spoof
1780532527.183434,7.910065,spoofing,100,8,C80094115F5A4A00,ATTACK fabricated speed/rpm/throttle,simulated_engine_cluster,200,ATTACK fabricated speed/rpm/throttle
1780532527.183484,7.910115,spoofing,188,8,0000C800AA000000,ATTACK display spoof,simulated_dashboard_display,,ATTACK display spoof
1780532527.203801,7.930432,spoofing,100,8,C80094115F5A4A00,ATTACK fabricated speed/rpm/throttle,simulated_engine_cluster,200,ATTACK fabricated speed/rpm/throttle
1780532527.203854,7.930485,spoofing,188,8,0000C800AA000000,ATTACK display spoof,simulated_dashboard_display,,ATTACK display spoof
1780532527.224148,7.950779,spoofing,100,8,C80094115F5A4A00,ATTACK fabricated speed/rpm/throttle,simulated_engine_cluster,200,ATTACK fabricated speed/rpm/throttle
1780532527.224219,7.950850,spoofing,188,8,0000C800AA000000,ATTACK display spoof,simulated_dashboard_display,,ATTACK display spoof
1780532527.244432,7.971063,spoofing,100,8,C80094115F5A4A00,ATTACK fabricated speed/rpm/throttle,simulated_engine_cluster,200,ATTACK fabricated speed/rpm/throttle
1780532527.244482,7.971113,spoofing,188,8,0000C800AA000000,ATTACK display spoof,simulated_dashboard_display,,ATTACK display spoof
1780532527.264738,7.991369,spoofing,100,8,C80094115F5A4A00,ATTACK fabricated speed/rpm/throttle,simulated_engine_cluster,200,ATTACK fabricated speed/rpm/throttle
1780532527.264802,7.991433,spoofing,188,8,0000C800AA000000,ATTACK display spoof,simulated_dashboard_display,,ATTACK display spoof
1780532527.284989,8.011620,spoofing,100,8,C80094115F5A4A00,ATTACK fabricated speed/rpm/throttle,simulated_engine_cluster,200,ATTACK fabricated speed/rpm/throttle
1780532527.285038,8.011668,spoofing,188,8,0000C800AA000000,ATTACK display spoof,simulated_dashboard_display,,ATTACK display spoof
1780532527.305257,8.031888,spoofing,100,8,C80094115F5A4A00,ATTACK fabricated speed/rpm/throttle,simulated_engine_cluster,200,ATTACK fabricated speed/rpm/throttle
1780532527.305313,8.031944,spoofing,188,8,0000C800AA000000,ATTACK display spoof,simulated_dashboard_display,,ATTACK display spoof
1780532527.325608,8.052239,flooding,32C,8,3470FC5D7DF5CA8E,ATTACK controlled flooding,flooding_or_randomized_traffic,,ATTACK controlled flooding
1780532527.327800,8.054430,flooding,180,8,F8858144B00CAD78,ATTACK controlled flooding,flooding_or_randomized_traffic,,ATTACK controlled flooding
1780532527.329961,8.056592,flooding,7D1,8,D0F16421C405DD3F,ATTACK controlled flooding,flooding_or_randomized_traffic,,ATTACK controlled flooding
1780532527.332175,8.058805,flooding,1B7,8,3AD4C06FBD86EA3A,ATTACK controlled flooding,flooding_or_randomized_traffic,,ATTACK controlled flooding
1780532527.334302,8.060933,flooding,23B,8,CFF03448D78578B8,ATTACK controlled flooding,flooding_or_randomized_traffic,,ATTACK controlled flooding
1780532527.336437,8.063067,flooding,7C2,8,492CD90D6D73EBBE,ATTACK controlled flooding,flooding_or_randomized_traffic,,ATTACK controlled flooding
1780532527.338557,8.065188,flooding,509,8,48F3706AE0988A81,ATTACK controlled flooding,flooding_or_randomized_traffic,,ATTACK controlled flooding
1780532527.340694,8.067325,flooding,28E,8,388F874212F78B0E,ATTACK controlled flooding,flooding_or_randomized_traffic,,ATTACK controlled flooding
1780532527.342832,8.069463,flooding,104,8,9C222B9B9E8E0D77,ATTACK controlled flooding,flooding_or_randomized_traffic,,ATTACK controlled flooding
1780532527.344965,8.071596,flooding,73B,8,C542D8AE2DCB8BBD,ATTACK controlled flooding,flooding_or_randomized_traffic,,ATTACK controlled flooding
1780532527.347101,8.073732,flooding,745,8,172EE8C5B3D7BAED,ATTACK controlled flooding,flooding_or_randomized_traffic,,ATTACK controlled flooding
1780532527.349229,8.075860,flooding,655,8,8E048222D92E1497,ATTACK controlled flooding,flooding_or_randomized_traffic,,ATTACK controlled flooding
1780532527.351403,8.078034,flooding,4E8,8,95C99186D10CF56B,ATTACK controlled flooding,flooding_or_randomized_traffic,,ATTACK controlled flooding
1780532527.353554,8.080185,flooding,A0,8,EE43A6C55C336B48,ATTACK controlled flooding,flooding_or_randomized_traffic,,ATTACK controlled flooding
1780532527.355690,8.082321,flooding,3DF,8,4DB6E19253E76A3B,ATTACK controlled flooding,flooding_or_randomized_traffic,,ATTACK controlled flooding
1780532527.357834,8.084465,flooding,266,8,5789D06EAED0856B,ATTACK controlled flooding,flooding_or_randomized_traffic,,ATTACK controlled flooding
1780532527.359969,8.086600,flooding,128,8,B89E51FA54B754BB,ATTACK controlled flooding,flooding_or_randomized_traffic,,ATTACK controlled flooding
1780532527.362099,8.088730,flooding,736,8,9168CA9E01FB7046,ATTACK controlled flooding,flooding_or_randomized_traffic,,ATTACK controlled flooding
1780532527.364224,8.090855,flooding,2B1,8,8B05DC537EF387F4,ATTACK controlled flooding,flooding_or_randomized_traffic,,ATTACK controlled flooding
1780532527.366371,8.093002,flooding,2DB,8,00B3E50412DECEEA,ATTACK controlled flooding,flooding_or_randomized_traffic,,ATTACK controlled flooding
1780532527.368535,8.095166,flooding,1A0,8,F04EBC659C06BD28,ATTACK controlled flooding,flooding_or_randomized_traffic,,ATTACK controlled flooding
1780532527.370674,8.097305,flooding,573,8,CF8F95E6C2D1F435,ATTACK controlled flooding,flooding_or_randomized_traffic,,ATTACK controlled flooding
1780532527.372814,8.099445,flooding,410,8,DB1FCCD7BDB342CC,ATTACK controlled flooding,flooding_or_randomized_traffic,,ATTACK controlled flooding
1780532527.374963,8.101594,flooding,683,8,909EBA0277844A8B,ATTACK controlled flooding,flooding_or_randomized_traffic,,ATTACK controlled flooding
1780532527.377096,8.103727,flooding,D9,8,534333FB1D96FB51,ATTACK controlled flooding,flooding_or_randomized_traffic,,ATTACK controlled flooding
1780532527.379226,8.105857,flooding,191,8,DDD7A6BA43D1EDC9,ATTACK controlled flooding,flooding_or_randomized_traffic,,ATTACK controlled flooding
1780532527.381366,8.107997,flooding,24D,8,DC4178DC969CC2DD,ATTACK controlled flooding,flooding_or_randomized_traffic,,ATTACK controlled flooding
1780532527.383519,8.110150,flooding,299,8,ABC1AA8AAA516867,ATTACK controlled flooding,flooding_or_randomized_traffic,,ATTACK controlled flooding
1780532527.385650,8.112281,flooding,6DB,8,392D388C1AA2724C,ATTACK controlled flooding,flooding_or_randomized_traffic,,ATTACK controlled flooding
1780532527.387784,8.114415,flooding,731,8,F204C8110260243A,ATTACK controlled flooding,flooding_or_randomized_traffic,,ATTACK controlled flooding
1780532527.389926,8.116557,flooding,32F,8,C66BAABD84F7A4E8,ATTACK controlled flooding,flooding_or_randomized_traffic,,ATTACK controlled flooding
1780532527.392057,8.118688,flooding,B7,8,ADF6F519905D82A4,ATTACK controlled flooding,flooding_or_randomized_traffic,,ATTACK controlled flooding
1780532527.394185,8.120816,flooding,3AC,8,1EEDAACCE6936F60,ATTACK controlled flooding,flooding_or_randomized_traffic,,ATTACK controlled flooding
1780532527.396344,8.122975,flooding,715,8,C5CAD147D4A9CA2B,ATTACK controlled flooding,flooding_or_randomized_traffic,,ATTACK controlled flooding
1780532527.398523,8.125154,flooding,6AA,8,EAA46F1BD0754C9F,ATTACK controlled flooding,flooding_or_randomized_traffic,,ATTACK controlled flooding
1780532527.400656,8.127287,flooding,53A,8,076A459A9C1A15D3,ATTACK controlled flooding,flooding_or_randomized_traffic,,ATTACK controlled flooding
1780532527.402805,8.129436,flooding,57B,8,740217CFF136C171,ATTACK controlled flooding,flooding_or_randomized_traffic,,ATTACK controlled flooding
1780532527.404962,8.131593,flooding,1AD,8,F2EF69071642F313,ATTACK controlled flooding,flooding_or_randomized_traffic,,ATTACK controlled flooding
1780532527.407091,8.133722,flooding,2FB,8,7C66D208C5A170AC,ATTACK controlled flooding,flooding_or_randomized_traffic,,ATTACK controlled flooding
1780532527.409222,8.135853,flooding,6A2,8,D39668801828E0BE,ATTACK controlled flooding,flooding_or_randomized_traffic,,ATTACK controlled flooding
1780532527.411339,8.137970,flooding,191,8,60E1246597B6ECC3,ATTACK controlled flooding,flooding_or_randomized_traffic,,ATTACK controlled flooding
1780532527.413523,8.140154,flooding,9,8,3B31CF28A914A55F,ATTACK controlled flooding,flooding_or_randomized_traffic,,ATTACK controlled flooding
1780532527.415673,8.142304,flooding,260,8,56DCEB5A483D2983,ATTACK controlled flooding,flooding_or_randomized_traffic,,ATTACK controlled flooding
1780532527.417832,8.144463,flooding,5E7,8,761E010080C1AE8D,ATTACK controlled flooding,flooding_or_randomized_traffic,,ATTACK controlled flooding
1780532527.419997,8.146628,flooding,5C3,8,76814C4E41655C6B,ATTACK controlled flooding,flooding_or_randomized_traffic,,ATTACK controlled flooding
1780532527.422161,8.148792,flooding,69D,8,252E9A1EE23E27D1,ATTACK controlled flooding,flooding_or_randomized_traffic,,ATTACK controlled flooding
1780532527.424315,8.150946,flooding,4EE,8,932AF4485B545D06,ATTACK controlled flooding,flooding_or_randomized_traffic,,ATTACK controlled flooding
1780532527.426457,8.153088,flooding,345,8,A499CA36A03AA0E2,ATTACK controlled flooding,flooding_or_randomized_traffic,,ATTACK controlled flooding
1780532527.428639,8.155270,flooding,4CC,8,B746592FADCFD557,ATTACK controlled flooding,flooding_or_randomized_traffic,,ATTACK controlled flooding
1780532527.430805,8.157436,flooding,603,8,08494DB23E9097F8,ATTACK controlled flooding,flooding_or_randomized_traffic,,ATTACK controlled flooding
1780532527.432964,8.159595,flooding,A5,8,76E11DECEB50355F,ATTACK controlled flooding,flooding_or_randomized_traffic,,ATTACK controlled flooding
1780532527.435112,8.161742,flooding,796,8,A0BFD2D6E6B062CE,ATTACK controlled flooding,flooding_or_randomized_traffic,,ATTACK controlled flooding
1780532527.437247,8.163878,flooding,34A,8,AEFA335D174CCBE9,ATTACK controlled flooding,flooding_or_randomized_traffic,,ATTACK controlled flooding
1780532527.439409,8.166040,flooding,F0,8,FA156FCE21755BE1,ATTACK controlled flooding,flooding_or_randomized_traffic,,ATTACK controlled flooding
1780532527.441557,8.168188,flooding,7D2,8,507E88D01219AA71,ATTACK controlled flooding,flooding_or_randomized_traffic,,ATTACK controlled flooding
1780532527.443697,8.170328,flooding,464,8,17FE363A0BAFC110,ATTACK controlled flooding,flooding_or_randomized_traffic,,ATTACK controlled flooding
1780532527.445835,8.172466,flooding,1A8,8,5BF5308593CD72B7,ATTACK controlled flooding,flooding_or_randomized_traffic,,ATTACK controlled flooding
1780532527.448007,8.174638,flooding,5E0,8,2ABB405E06DDB19D,ATTACK controlled flooding,flooding_or_randomized_traffic,,ATTACK controlled flooding
1780532527.450166,8.176797,flooding,31F,8,4862FDCCCC2EB16A,ATTACK controlled flooding,flooding_or_randomized_traffic,,ATTACK controlled flooding
1780532527.452341,8.178972,flooding,216,8,86AC18B6E10118E0,ATTACK controlled flooding,flooding_or_randomized_traffic,,ATTACK controlled flooding
1780532527.454556,8.181187,flooding,1C4,8,187600244C99E031,ATTACK controlled flooding,flooding_or_randomized_traffic,,ATTACK controlled flooding
1780532527.456704,8.183335,flooding,7C3,8,825A1D694887683A,ATTACK controlled flooding,flooding_or_randomized_traffic,,ATTACK controlled flooding
1780532527.458856,8.185487,flooding,4AF,8,48B113EE696C2B92,ATTACK controlled flooding,flooding_or_randomized_traffic,,ATTACK controlled flooding
1780532527.460991,8.187622,flooding,263,8,01B5665F8C21E0DD,ATTACK controlled flooding,flooding_or_randomized_traffic,,ATTACK controlled flooding
1780532527.463119,8.189750,flooding,37F,8,AA5926ACE2D0D708,ATTACK controlled flooding,flooding_or_randomized_traffic,,ATTACK controlled flooding
1780532527.465252,8.191883,flooding,398,8,ACC5C92B16EB6EAC,ATTACK controlled flooding,flooding_or_randomized_traffic,,ATTACK controlled flooding
1780532527.467396,8.194027,flooding,4D9,8,6EFC9DB060D9ACBE,ATTACK controlled flooding,flooding_or_randomized_traffic,,ATTACK controlled flooding
1780532527.469602,8.196233,flooding,295,8,DCBFB255C5839458,ATTACK controlled flooding,flooding_or_randomized_traffic,,ATTACK controlled flooding
1780532527.471734,8.198365,flooding,130,8,E3AE7DBCEF11BCD6,ATTACK controlled flooding,flooding_or_randomized_traffic,,ATTACK controlled flooding
1780532527.473880,8.200511,flooding,76E,8,E10F43E7BD073CEB,ATTACK controlled flooding,flooding_or_randomized_traffic,,ATTACK controlled flooding
1780532527.476043,8.202674,flooding,7A0,8,A86B59CA4AAE46E4,ATTACK controlled flooding,flooding_or_randomized_traffic,,ATTACK controlled flooding
1780532527.478202,8.204833,flooding,41,8,E21FEF15CF8CB9AA,ATTACK controlled flooding,flooding_or_randomized_traffic,,ATTACK controlled flooding
1780532527.480382,8.207013,flooding,363,8,F8F33ECD01FCBF30,ATTACK controlled flooding,flooding_or_randomized_traffic,,ATTACK controlled flooding
1780532527.482564,8.209195,flooding,303,8,74DFB1C9EFCDFDF9,ATTACK controlled flooding,flooding_or_randomized_traffic,,ATTACK controlled flooding
1780532527.484715,8.211346,flooding,39E,8,62013E7E04227AF7,ATTACK controlled flooding,flooding_or_randomized_traffic,,ATTACK controlled flooding
1780532527.486868,8.213499,flooding,468,8,85CF73F276FBD0EC,ATTACK controlled flooding,flooding_or_randomized_traffic,,ATTACK controlled flooding
1780532527.489092,8.215723,flooding,C6,8,12303894953F517D,ATTACK controlled flooding,flooding_or_randomized_traffic,,ATTACK controlled flooding
1780532527.491229,8.217860,flooding,48,8,A08F9EDAF6D53E73,ATTACK controlled flooding,flooding_or_randomized_traffic,,ATTACK controlled flooding
1780532527.493396,8.220026,flooding,1C8,8,B809011FD6BD52EB,ATTACK controlled flooding,flooding_or_randomized_traffic,,ATTACK controlled flooding
1780532527.495538,8.222169,flooding,CB,8,94970816D679FF84,ATTACK controlled flooding,flooding_or_randomized_traffic,,ATTACK controlled flooding
1780532527.497667,8.224298,flooding,688,8,5127E0E45AC29DF1,ATTACK controlled flooding,flooding_or_randomized_traffic,,ATTACK controlled flooding
1780532527.499822,8.226453,flooding,25A,8,6477950B826D7A43,ATTACK controlled flooding,flooding_or_randomized_traffic,,ATTACK controlled flooding
1780532527.501965,8.228596,flooding,2DB,8,0AA6FB24A536F44D,ATTACK controlled flooding,flooding_or_randomized_traffic,,ATTACK controlled flooding
1780532527.504093,8.230724,flooding,2C2,8,9B99074860D41522,ATTACK controlled flooding,flooding_or_randomized_traffic,,ATTACK controlled flooding
1780532527.506222,8.232853,flooding,41D,8,801C4A03AD204E73,ATTACK controlled flooding,flooding_or_randomized_traffic,,ATTACK controlled flooding
1780532527.508377,8.235008,flooding,A3,8,6B937B2958056007,ATTACK controlled flooding,flooding_or_randomized_traffic,,ATTACK controlled flooding
1780532527.510530,8.237161,flooding,73B,8,5184CBF20814CD27,ATTACK controlled flooding,flooding_or_randomized_traffic,,ATTACK controlled flooding
1780532527.512745,8.239376,flooding,28,8,8353441F01CF2490,ATTACK controlled flooding,flooding_or_randomized_traffic,,ATTACK controlled flooding
1780532527.514875,8.241506,flooding,5E4,8,1FD83230463200D4,ATTACK controlled flooding,flooding_or_randomized_traffic,,ATTACK controlled flooding
1780532527.517039,8.243670,flooding,2E2,8,2E961CDF347FED10,ATTACK controlled flooding,flooding_or_randomized_traffic,,ATTACK controlled flooding
1780532527.519174,8.245805,flooding,716,8,9A2532D5E9E3F0D5,ATTACK controlled flooding,flooding_or_randomized_traffic,,ATTACK controlled flooding
1780532527.521324,8.247955,flooding,485,8,CDB92E2DBAD694AE,ATTACK controlled flooding,flooding_or_randomized_traffic,,ATTACK controlled flooding
1780532527.523464,8.250095,flooding,1ED,8,86D1A98B8C1F446B,ATTACK controlled flooding,flooding_or_randomized_traffic,,ATTACK controlled flooding
1780532527.525593,8.252223,flooding,40A,8,32C96DFC31A929D0,ATTACK controlled flooding,flooding_or_randomized_traffic,,ATTACK controlled flooding
1780532527.527731,8.254362,flooding,3E3,8,B5459BEA25102EF9,ATTACK controlled flooding,flooding_or_randomized_traffic,,ATTACK controlled flooding
1780532527.529858,8.256489,flooding,420,8,304E10B828CCCA43,ATTACK controlled flooding,flooding_or_randomized_traffic,,ATTACK controlled flooding
1780532527.531986,8.258617,flooding,4AF,8,2297570F567B4C53,ATTACK controlled flooding,flooding_or_randomized_traffic,,ATTACK controlled flooding
1780532527.534131,8.260761,flooding,8F,8,9726FCFFFEEDEB40,ATTACK controlled flooding,flooding_or_randomized_traffic,,ATTACK controlled flooding
1780532527.536267,8.262897,flooding,DA,8,175C0613C1315568,ATTACK controlled flooding,flooding_or_randomized_traffic,,ATTACK controlled flooding
1780532527.538413,8.265043,flooding,283,8,A9EA7C136945C27A,ATTACK controlled flooding,flooding_or_randomized_traffic,,ATTACK controlled flooding
1780532527.540585,8.267215,flooding,64B,8,1B30181584444BCF,ATTACK controlled flooding,flooding_or_randomized_traffic,,ATTACK controlled flooding
1780532527.542724,8.269355,flooding,313,8,CDF097444BEF31CA,ATTACK controlled flooding,flooding_or_randomized_traffic,,ATTACK controlled flooding
1780532527.544855,8.271486,flooding,69,8,172432118C05948E,ATTACK controlled flooding,flooding_or_randomized_traffic,,ATTACK controlled flooding
1780532527.546984,8.273615,flooding,14F,8,2EE2B7782600B152,ATTACK controlled flooding,flooding_or_randomized_traffic,,ATTACK controlled flooding
1780532527.549137,8.275768,flooding,399,8,6B950D228F64D47A,ATTACK controlled flooding,flooding_or_randomized_traffic,,ATTACK controlled flooding
1780532527.551316,8.277947,flooding,97,8,7910DAB38272118A,ATTACK controlled flooding,flooding_or_randomized_traffic,,ATTACK controlled flooding
1780532527.553441,8.280072,flooding,74C,8,A21F4161195D07B4,ATTACK controlled flooding,flooding_or_randomized_traffic,,ATTACK controlled flooding
1780532527.555571,8.282202,flooding,88,8,FF4A6D6DC7AD0E7B,ATTACK controlled flooding,flooding_or_randomized_traffic,,ATTACK controlled flooding
1780532527.557750,8.284381,flooding,5C6,8,3E92487E243EE077,ATTACK controlled flooding,flooding_or_randomized_traffic,,ATTACK controlled flooding
1780532527.559940,8.286571,flooding,1EC,8,DACDE8EBFAD1AF21,ATTACK controlled flooding,flooding_or_randomized_traffic,,ATTACK controlled flooding
1780532527.562068,8.288698,flooding,29,8,317DC64F7D70155E,ATTACK controlled flooding,flooding_or_randomized_traffic,,ATTACK controlled flooding
1780532527.564211,8.290842,flooding,231,8,478482E4823F2154,ATTACK controlled flooding,flooding_or_randomized_traffic,,ATTACK controlled flooding
1780532527.566370,8.293001,flooding,671,8,4C3F504176C8B332,ATTACK controlled flooding,flooding_or_randomized_traffic,,ATTACK controlled flooding
1780532527.568566,8.295197,flooding,682,8,B5D6D92917D67FF4,ATTACK controlled flooding,flooding_or_randomized_traffic,,ATTACK controlled flooding
1780532527.570700,8.297331,flooding,53C,8,3F3FA568229347C3,ATTACK controlled flooding,flooding_or_randomized_traffic,,ATTACK controlled flooding
1780532527.572829,8.299460,flooding,312,8,CEE4C0B24EB93C80,ATTACK controlled flooding,flooding_or_randomized_traffic,,ATTACK controlled flooding
1780532527.574961,8.301592,flooding,1AD,8,9CE54266E1E746A3,ATTACK controlled flooding,flooding_or_randomized_traffic,,ATTACK controlled flooding
1780532527.577095,8.303726,flooding,564,8,7CA2F5A66AC07C99,ATTACK controlled flooding,flooding_or_randomized_traffic,,ATTACK controlled flooding
1780532527.579222,8.305853,flooding,408,8,3799DCAE33652E53,ATTACK controlled flooding,flooding_or_randomized_traffic,,ATTACK controlled flooding
1780532527.581365,8.307996,flooding,76B,8,9697B662ED46A67F,ATTACK controlled flooding,flooding_or_randomized_traffic,,ATTACK controlled flooding
1780532527.583509,8.310140,flooding,383,8,D01DB0462D094167,ATTACK controlled flooding,flooding_or_randomized_traffic,,ATTACK controlled flooding
1780532527.585637,8.312268,flooding,46A,8,F1D3C4AE00460D4A,ATTACK controlled flooding,flooding_or_randomized_traffic,,ATTACK controlled flooding
1780532527.587774,8.314405,flooding,710,8,1EE24BEBDFE8A9DE,ATTACK controlled flooding,flooding_or_randomized_traffic,,ATTACK controlled flooding
1780532527.589935,8.316566,flooding,327,8,0D78D57B684984AE,ATTACK controlled flooding,flooding_or_randomized_traffic,,ATTACK controlled flooding
1780532527.592067,8.318697,flooding,29F,8,4CF90D7474F0B733,ATTACK controlled flooding,flooding_or_randomized_traffic,,ATTACK controlled flooding
1780532527.594205,8.320836,flooding,1EB,8,5408F18E732B22B0,ATTACK controlled flooding,flooding_or_randomized_traffic,,ATTACK controlled flooding
1780532527.596331,8.322962,flooding,1A0,8,7B9E77D19792FC78,ATTACK controlled flooding,flooding_or_randomized_traffic,,ATTACK controlled flooding
1780532527.598458,8.325089,flooding,6B1,8,7372E2BE2C9331BC,ATTACK controlled flooding,flooding_or_randomized_traffic,,ATTACK controlled flooding
1780532527.600583,8.327214,flooding,29D,8,C1F7AD1DBD33283C,ATTACK controlled flooding,flooding_or_randomized_traffic,,ATTACK controlled flooding
1780532527.602706,8.329337,flooding,426,8,F412B987FA1FCA22,ATTACK controlled flooding,flooding_or_randomized_traffic,,ATTACK controlled flooding
1780532527.604834,8.331465,flooding,5CF,8,4818F6ABAC76F932,ATTACK controlled flooding,flooding_or_randomized_traffic,,ATTACK controlled flooding
1780532527.606980,8.333611,flooding,6AC,8,E3F91C9E3A490846,ATTACK controlled flooding,flooding_or_randomized_traffic,,ATTACK controlled flooding
1780532527.609114,8.335745,flooding,333,8,7BEC63924D4B6C14,ATTACK controlled flooding,flooding_or_randomized_traffic,,ATTACK controlled flooding
1780532527.611245,8.337876,flooding,6F8,8,5AE388A4076F9B19,ATTACK controlled flooding,flooding_or_randomized_traffic,,ATTACK controlled flooding
1780532527.613406,8.340037,flooding,47F,8,AD0D61AE52A20F37,ATTACK controlled flooding,flooding_or_randomized_traffic,,ATTACK controlled flooding
1780532527.615547,8.342178,flooding,402,8,5BFCE8800BFC162A,ATTACK controlled flooding,flooding_or_randomized_traffic,,ATTACK controlled flooding
1780532527.617683,8.344314,flooding,92,8,188F8D450709B9F2,ATTACK controlled flooding,flooding_or_randomized_traffic,,ATTACK controlled flooding
1780532527.619836,8.346467,flooding,36E,8,CF676A614A19D159,ATTACK controlled flooding,flooding_or_randomized_traffic,,ATTACK controlled flooding
1780532527.621968,8.348599,flooding,702,8,3E0FAC76F1EDD1A2,ATTACK controlled flooding,flooding_or_randomized_traffic,,ATTACK controlled flooding
1780532527.624096,8.350727,flooding,70E,8,3B043926B53205AB,ATTACK controlled flooding,flooding_or_randomized_traffic,,ATTACK controlled flooding
1780532527.626220,8.352851,flooding,4E6,8,9EC3E522B612E100,ATTACK controlled flooding,flooding_or_randomized_traffic,,ATTACK controlled flooding
1780532527.628360,8.354991,flooding,38C,8,20CBC1DAF49A223D,ATTACK controlled flooding,flooding_or_randomized_traffic,,ATTACK controlled flooding
1780532527.630514,8.357145,flooding,93,8,325826E42479C3B7,ATTACK controlled flooding,flooding_or_randomized_traffic,,ATTACK controlled flooding
1780532527.632641,8.359272,flooding,4C4,8,61B9806D1F60D187,ATTACK controlled flooding,flooding_or_randomized_traffic,,ATTACK controlled flooding
1780532527.634779,8.361410,flooding,5BA,8,465FF2C7C8C280FD,ATTACK controlled flooding,flooding_or_randomized_traffic,,ATTACK controlled flooding
1780532527.636909,8.363540,flooding,5EE,8,13EEF86E8618EF63,ATTACK controlled flooding,flooding_or_randomized_traffic,,ATTACK controlled flooding
1780532527.639046,8.365677,flooding,2B,8,74EC950CB2B643E1,ATTACK controlled flooding,flooding_or_randomized_traffic,,ATTACK controlled flooding
1780532527.641195,8.367826,flooding,5C9,8,4810C126AB8C45C4,ATTACK controlled flooding,flooding_or_randomized_traffic,,ATTACK controlled flooding
1780532527.643344,8.369975,flooding,7AA,8,B18787405539C68B,ATTACK controlled flooding,flooding_or_randomized_traffic,,ATTACK controlled flooding
1780532527.645572,8.372203,flooding,3F,8,547CDC9F17F1923D,ATTACK controlled flooding,flooding_or_randomized_traffic,,ATTACK controlled flooding
1780532527.647726,8.374357,flooding,219,8,8477828E485D5559,ATTACK controlled flooding,flooding_or_randomized_traffic,,ATTACK controlled flooding
1780532527.649892,8.376523,flooding,46A,8,4DEBACF490B2D6EE,ATTACK controlled flooding,flooding_or_randomized_traffic,,ATTACK controlled flooding
1780532527.652046,8.378677,flooding,31A,8,E20616D2F7F0F76D,ATTACK controlled flooding,flooding_or_randomized_traffic,,ATTACK controlled flooding
1780532527.654203,8.380834,flooding,47C,8,3B88DA9111416A04,ATTACK controlled flooding,flooding_or_randomized_traffic,,ATTACK controlled flooding
1780532527.656376,8.383007,flooding,77E,8,FB3D6D4D35C4B277,ATTACK controlled flooding,flooding_or_randomized_traffic,,ATTACK controlled flooding
1780532527.658551,8.385182,flooding,5E3,8,AF415FFA053B8658,ATTACK controlled flooding,flooding_or_randomized_traffic,,ATTACK controlled flooding
1780532527.660705,8.387336,flooding,C9,8,A85FCF077DCEF9B8,ATTACK controlled flooding,flooding_or_randomized_traffic,,ATTACK controlled flooding
1780532527.662859,8.389490,flooding,1F2,8,3189247BA8D20E51,ATTACK controlled flooding,flooding_or_randomized_traffic,,ATTACK controlled flooding
1780532527.664999,8.391630,flooding,2A3,8,C9FDBDB3F01B6C86,ATTACK controlled flooding,flooding_or_randomized_traffic,,ATTACK controlled flooding
1780532527.667135,8.393766,flooding,10A,8,8CA15A3DDB78640D,ATTACK controlled flooding,flooding_or_randomized_traffic,,ATTACK controlled flooding
1780532527.669266,8.395897,flooding,4CA,8,D26F26DB1B5FA512,ATTACK controlled flooding,flooding_or_randomized_traffic,,ATTACK controlled flooding
1780532527.671420,8.398051,flooding,40C,8,698E6EF962881A64,ATTACK controlled flooding,flooding_or_randomized_traffic,,ATTACK controlled flooding
1780532527.673551,8.400182,flooding,5CD,8,239F44ACE488BFFF,ATTACK controlled flooding,flooding_or_randomized_traffic,,ATTACK controlled flooding
1780532527.675683,8.402314,flooding,268,8,EEDBB46E62C06493,ATTACK controlled flooding,flooding_or_randomized_traffic,,ATTACK controlled flooding
1780532527.677813,8.404444,flooding,658,8,11172C997AC22DBA,ATTACK controlled flooding,flooding_or_randomized_traffic,,ATTACK controlled flooding
1780532527.679972,8.406603,flooding,41F,8,5313A37ED3235503,ATTACK controlled flooding,flooding_or_randomized_traffic,,ATTACK controlled flooding
1780532527.682102,8.408733,flooding,1F3,8,3D3ADB4C30804389,ATTACK controlled flooding,flooding_or_randomized_traffic,,ATTACK controlled flooding
1780532527.684233,8.410864,flooding,287,8,11FF5FDCA0AAF00B,ATTACK controlled flooding,flooding_or_randomized_traffic,,ATTACK controlled flooding
1780532527.686402,8.413033,flooding,7CC,8,77E2F8E9461F0E9B,ATTACK controlled flooding,flooding_or_randomized_traffic,,ATTACK controlled flooding
1780532527.688573,8.415204,flooding,753,8,A1F13641C28BA239,ATTACK controlled flooding,flooding_or_randomized_traffic,,ATTACK controlled flooding
1780532527.690762,8.417393,flooding,158,8,2A8A853010B25ACB,ATTACK controlled flooding,flooding_or_randomized_traffic,,ATTACK controlled flooding
1780532527.692938,8.419569,flooding,1B4,8,E58D2192AB0CD7E6,ATTACK controlled flooding,flooding_or_randomized_traffic,,ATTACK controlled flooding
1780532527.695068,8.421699,flooding,6E6,8,CDC82781A5BD0AF0,ATTACK controlled flooding,flooding_or_randomized_traffic,,ATTACK controlled flooding
1780532527.697368,8.423999,flooding,683,8,A000D05CD71534E9,ATTACK controlled flooding,flooding_or_randomized_traffic,,ATTACK controlled flooding
1780532527.699553,8.426183,flooding,4B3,8,BD7FF33159701697,ATTACK controlled flooding,flooding_or_randomized_traffic,,ATTACK controlled flooding
1780532527.701682,8.428313,flooding,4B0,8,CC9D8F94E9C534DF,ATTACK controlled flooding,flooding_or_randomized_traffic,,ATTACK controlled flooding
1780532527.703809,8.430439,flooding,34C,8,BAD11F97A7D5D4FF,ATTACK controlled flooding,flooding_or_randomized_traffic,,ATTACK controlled flooding
1780532527.705950,8.432581,flooding,17,8,82963D29EA1EFEDF,ATTACK controlled flooding,flooding_or_randomized_traffic,,ATTACK controlled flooding
1780532527.708083,8.434714,flooding,236,8,03CC0E0502A30BE5,ATTACK controlled flooding,flooding_or_randomized_traffic,,ATTACK controlled flooding
1780532527.710222,8.436853,flooding,599,8,15EC60CD755C9D6A,ATTACK controlled flooding,flooding_or_randomized_traffic,,ATTACK controlled flooding
1780532527.712544,8.439175,flooding,5,8,18B79704785EE0F7,ATTACK controlled flooding,flooding_or_randomized_traffic,,ATTACK controlled flooding
1780532527.714778,8.441409,flooding,3B2,8,1A6FE441857768BD,ATTACK controlled flooding,flooding_or_randomized_traffic,,ATTACK controlled flooding
1780532527.716973,8.443604,flooding,531,8,752A6B22B01B7DFC,ATTACK controlled flooding,flooding_or_randomized_traffic,,ATTACK controlled flooding
1780532527.719153,8.445784,flooding,30,8,4FE02AEB5BF0C33A,ATTACK controlled flooding,flooding_or_randomized_traffic,,ATTACK controlled flooding
1780532527.721436,8.448067,flooding,4A8,8,BABE52FE61AC0BFB,ATTACK controlled flooding,flooding_or_randomized_traffic,,ATTACK controlled flooding
1780532527.723584,8.450215,flooding,415,8,648B728F4AFCA8DA,ATTACK controlled flooding,flooding_or_randomized_traffic,,ATTACK controlled flooding
1780532527.725735,8.452366,flooding,6C,8,9905372A82D5AC9A,ATTACK controlled flooding,flooding_or_randomized_traffic,,ATTACK controlled flooding
1780532527.727870,8.454500,flooding,2CB,8,BE8E9AD9CB6001E4,ATTACK controlled flooding,flooding_or_randomized_traffic,,ATTACK controlled flooding
1780532527.730015,8.456646,flooding,68E,8,ED336DEB3B46CA62,ATTACK controlled flooding,flooding_or_randomized_traffic,,ATTACK controlled flooding
1780532527.732160,8.458791,flooding,7BA,8,BDBC7331E8F1838B,ATTACK controlled flooding,flooding_or_randomized_traffic,,ATTACK controlled flooding
1780532527.734297,8.460928,flooding,293,8,7F1D1E3D1045986C,ATTACK controlled flooding,flooding_or_randomized_traffic,,ATTACK controlled flooding
1780532527.736438,8.463068,flooding,71A,8,44FCDE432DAE67ED,ATTACK controlled flooding,flooding_or_randomized_traffic,,ATTACK controlled flooding
1780532527.738566,8.465197,flooding,76B,8,92BB3A12C4D65282,ATTACK controlled flooding,flooding_or_randomized_traffic,,ATTACK controlled flooding
1780532527.740699,8.467330,flooding,73A,8,D147B05D01F001F1,ATTACK controlled flooding,flooding_or_randomized_traffic,,ATTACK controlled flooding
1780532527.742830,8.469461,flooding,285,8,0857FDC22EAE6E89,ATTACK controlled flooding,flooding_or_randomized_traffic,,ATTACK controlled flooding
1780532527.744982,8.471613,flooding,CA,8,6DFE5E7CFF859F80,ATTACK controlled flooding,flooding_or_randomized_traffic,,ATTACK controlled flooding
1780532527.747121,8.473752,flooding,4A9,8,3339C06EA5B74086,ATTACK controlled flooding,flooding_or_randomized_traffic,,ATTACK controlled flooding
1780532527.749268,8.475899,flooding,7BB,8,2D932F1A9441000C,ATTACK controlled flooding,flooding_or_randomized_traffic,,ATTACK controlled flooding
1780532527.751680,8.478311,flooding,2A8,8,14EFBFF2307F1C89,ATTACK controlled flooding,flooding_or_randomized_traffic,,ATTACK controlled flooding
1780532527.753901,8.480532,flooding,534,8,3243EF132033BC61,ATTACK controlled flooding,flooding_or_randomized_traffic,,ATTACK controlled flooding
1780532527.756106,8.482737,flooding,6E1,8,EE8FAB90B06DF2F8,ATTACK controlled flooding,flooding_or_randomized_traffic,,ATTACK controlled flooding
1780532527.758295,8.484926,flooding,5D6,8,B3E9C162BCDD89AB,ATTACK controlled flooding,flooding_or_randomized_traffic,,ATTACK controlled flooding
1780532527.760437,8.487068,flooding,6C7,8,54BD223879B19F30,ATTACK controlled flooding,flooding_or_randomized_traffic,,ATTACK controlled flooding
1780532527.762581,8.489212,flooding,2A5,8,7B25AD0A84177B4F,ATTACK controlled flooding,flooding_or_randomized_traffic,,ATTACK controlled flooding
1780532527.764714,8.491345,flooding,172,8,D7F5A2819891E4AD,ATTACK controlled flooding,flooding_or_randomized_traffic,,ATTACK controlled flooding
1780532527.766849,8.493480,flooding,7E,8,93B6C9C3A6CE93A6,ATTACK controlled flooding,flooding_or_randomized_traffic,,ATTACK controlled flooding
1780532527.768983,8.495614,flooding,2D,8,2264CDCC3EB5D2F5,ATTACK controlled flooding,flooding_or_randomized_traffic,,ATTACK controlled flooding
1780532527.771123,8.497754,flooding,30A,8,D9E0145E9CFB6D08,ATTACK controlled flooding,flooding_or_randomized_traffic,,ATTACK controlled flooding
1780532527.773262,8.499893,flooding,204,8,7688524D893A29DA,ATTACK controlled flooding,flooding_or_randomized_traffic,,ATTACK controlled flooding
1780532527.775424,8.502055,flooding,9,8,DD3194A1D6446A9F,ATTACK controlled flooding,flooding_or_randomized_traffic,,ATTACK controlled flooding
1780532527.777591,8.504221,flooding,615,8,5BA065E201F0754B,ATTACK controlled flooding,flooding_or_randomized_traffic,,ATTACK controlled flooding
1780532527.779754,8.506385,flooding,664,8,B3A8A4920B3B65E8,ATTACK controlled flooding,flooding_or_randomized_traffic,,ATTACK controlled flooding
1780532527.781933,8.508564,flooding,644,8,36023C75EFCEC6EF,ATTACK controlled flooding,flooding_or_randomized_traffic,,ATTACK controlled flooding
1780532527.784108,8.510739,flooding,2,8,B7004A45C2DDCD37,ATTACK controlled flooding,flooding_or_randomized_traffic,,ATTACK controlled flooding
1780532527.786265,8.512896,flooding,7C9,8,27B85CCA2D8FD512,ATTACK controlled flooding,flooding_or_randomized_traffic,,ATTACK controlled flooding
1780532527.788451,8.515082,flooding,350,8,A171B599E815998C,ATTACK controlled flooding,flooding_or_randomized_traffic,,ATTACK controlled flooding
1780532527.790620,8.517251,flooding,599,8,3FD42504F94070D9,ATTACK controlled flooding,flooding_or_randomized_traffic,,ATTACK controlled flooding
1780532527.792765,8.519396,flooding,52F,8,3E23A9084AB760BC,ATTACK controlled flooding,flooding_or_randomized_traffic,,ATTACK controlled flooding
1780532527.794899,8.521530,flooding,618,8,581CB9AB23517D83,ATTACK controlled flooding,flooding_or_randomized_traffic,,ATTACK controlled flooding
1780532527.797038,8.523669,flooding,588,8,6268C509F226435D,ATTACK controlled flooding,flooding_or_randomized_traffic,,ATTACK controlled flooding
1780532527.799174,8.525805,flooding,31D,8,3663D9EFA758C95D,ATTACK controlled flooding,flooding_or_randomized_traffic,,ATTACK controlled flooding
1780532527.801330,8.527961,flooding,678,8,ACEBBA78BD29563A,ATTACK controlled flooding,flooding_or_randomized_traffic,,ATTACK controlled flooding
1780532527.803460,8.530091,flooding,6FC,8,E656B2236D86A21E,ATTACK controlled flooding,flooding_or_randomized_traffic,,ATTACK controlled flooding
1780532527.805592,8.532223,flooding,2FE,8,A02E8425E6F961B7,ATTACK controlled flooding,flooding_or_randomized_traffic,,ATTACK controlled flooding
1780532527.807726,8.534357,flooding,6BF,8,F83612035BA12256,ATTACK controlled flooding,flooding_or_randomized_traffic,,ATTACK controlled flooding
1780532527.809857,8.536488,flooding,215,8,A46F55ADD703D277,ATTACK controlled flooding,flooding_or_randomized_traffic,,ATTACK controlled flooding
1780532527.812000,8.538631,flooding,7B,8,4A49B808243C1808,ATTACK controlled flooding,flooding_or_randomized_traffic,,ATTACK controlled flooding
1780532527.814133,8.540764,flooding,89,8,D016C4DDD2F874BC,ATTACK controlled flooding,flooding_or_randomized_traffic,,ATTACK controlled flooding
1780532527.816282,8.542913,flooding,740,8,13C940E7AD9D78CA,ATTACK controlled flooding,flooding_or_randomized_traffic,,ATTACK controlled flooding
1780532527.818450,8.545081,flooding,1D4,8,AD406B968BEC35BC,ATTACK controlled flooding,flooding_or_randomized_traffic,,ATTACK controlled flooding
1780532527.820590,8.547221,flooding,6F0,8,3544505B98556937,ATTACK controlled flooding,flooding_or_randomized_traffic,,ATTACK controlled flooding
1780532527.822777,8.549408,flooding,79B,8,6AFE5C09120FA7F2,ATTACK controlled flooding,flooding_or_randomized_traffic,,ATTACK controlled flooding
1780532527.824972,8.551603,flooding,726,8,FBE0A1E1B324FA92,ATTACK controlled flooding,flooding_or_randomized_traffic,,ATTACK controlled flooding
1780532527.827140,8.553771,flooding,660,8,46288F7F616BE5C7,ATTACK controlled flooding,flooding_or_randomized_traffic,,ATTACK controlled flooding
1780532527.829281,8.555912,flooding,D5,8,8EDD3876294137D9,ATTACK controlled flooding,flooding_or_randomized_traffic,,ATTACK controlled flooding
1780532527.831432,8.558063,flooding,46D,8,9AC6CD1ED10768AE,ATTACK controlled flooding,flooding_or_randomized_traffic,,ATTACK controlled flooding
1780532527.833592,8.560223,flooding,35F,8,E44AD1B3089EB213,ATTACK controlled flooding,flooding_or_randomized_traffic,,ATTACK controlled flooding
1780532527.835755,8.562386,flooding,127,8,93303769A3B94D7C,ATTACK controlled flooding,flooding_or_randomized_traffic,,ATTACK controlled flooding
1780532527.837896,8.564527,flooding,1C4,8,94746E974311140A,ATTACK controlled flooding,flooding_or_randomized_traffic,,ATTACK controlled flooding
1780532527.840045,8.566676,flooding,297,8,F0509C820C4A99CA,ATTACK controlled flooding,flooding_or_randomized_traffic,,ATTACK controlled flooding
1780532527.842177,8.568808,flooding,5AC,8,7F6156128B9ECCF8,ATTACK controlled flooding,flooding_or_randomized_traffic,,ATTACK controlled flooding
1780532527.844335,8.570966,flooding,4D3,8,2F1EEE5AABBEDC85,ATTACK controlled flooding,flooding_or_randomized_traffic,,ATTACK controlled flooding
1780532527.846584,8.573215,flooding,6AC,8,43EEB10D9243B822,ATTACK controlled flooding,flooding_or_randomized_traffic,,ATTACK controlled flooding
1780532527.848731,8.575361,flooding,1BB,8,E1776359CFBA5F33,ATTACK controlled flooding,flooding_or_randomized_traffic,,ATTACK controlled flooding
1780532527.850866,8.577497,flooding,7CC,8,7021BCF2B82F80E2,ATTACK controlled flooding,flooding_or_randomized_traffic,,ATTACK controlled flooding
1780532527.853007,8.579638,flooding,72,8,88D53658F82431AE,ATTACK controlled flooding,flooding_or_randomized_traffic,,ATTACK controlled flooding
1780532527.855152,8.581783,flooding,2AD,8,E932603052FC8CCC,ATTACK controlled flooding,flooding_or_randomized_traffic,,ATTACK controlled flooding
1780532527.857297,8.583928,flooding,154,8,09979A84BFA5B608,ATTACK controlled flooding,flooding_or_randomized_traffic,,ATTACK controlled flooding
1780532527.859430,8.586061,flooding,142,8,566CFFB6FE6F3385,ATTACK controlled flooding,flooding_or_randomized_traffic,,ATTACK controlled flooding
1780532527.861586,8.588217,flooding,654,8,069F1E20639F820D,ATTACK controlled flooding,flooding_or_randomized_traffic,,ATTACK controlled flooding
1780532527.863732,8.590363,flooding,1AA,8,147B31D44F91C49E,ATTACK controlled flooding,flooding_or_randomized_traffic,,ATTACK controlled flooding
1780532527.865899,8.592530,flooding,42A,8,7BFB352A007DAA59,ATTACK controlled flooding,flooding_or_randomized_traffic,,ATTACK controlled flooding
1780532527.868041,8.594671,flooding,247,8,B4EAA50BC198F7F6,ATTACK controlled flooding,flooding_or_randomized_traffic,,ATTACK controlled flooding
1780532527.870175,8.596806,flooding,599,8,6DE0950871F1853C,ATTACK controlled flooding,flooding_or_randomized_traffic,,ATTACK controlled flooding
1780532527.872319,8.598950,flooding,51C,8,D8848EC62B26C55A,ATTACK controlled flooding,flooding_or_randomized_traffic,,ATTACK controlled flooding
1780532527.874576,8.601207,flooding,4E1,8,F6AC896102C63A25,ATTACK controlled flooding,flooding_or_randomized_traffic,,ATTACK controlled flooding
1780532527.876811,8.603442,flooding,346,8,66A38E9418D4DEE6,ATTACK controlled flooding,flooding_or_randomized_traffic,,ATTACK controlled flooding
1780532527.878983,8.605614,flooding,238,8,8AD175C4CDD98536,ATTACK controlled flooding,flooding_or_randomized_traffic,,ATTACK controlled flooding
1780532527.881120,8.607751,flooding,3C4,8,4E1D24685BA759E9,ATTACK controlled flooding,flooding_or_randomized_traffic,,ATTACK controlled flooding
1780532527.883317,8.609948,flooding,2F3,8,80ABE6F7ECF821C5,ATTACK controlled flooding,flooding_or_randomized_traffic,,ATTACK controlled flooding
1780532527.885556,8.612187,flooding,751,8,ADFF8178F14C1002,ATTACK controlled flooding,flooding_or_randomized_traffic,,ATTACK controlled flooding
1780532527.887697,8.614328,flooding,774,8,64418E0BB0A11442,ATTACK controlled flooding,flooding_or_randomized_traffic,,ATTACK controlled flooding
1780532527.889876,8.616507,flooding,356,8,8D4D4A55F912EEEC,ATTACK controlled flooding,flooding_or_randomized_traffic,,ATTACK controlled flooding
1780532527.892038,8.618669,flooding,38F,8,D3DC7FEEEA063DF2,ATTACK controlled flooding,flooding_or_randomized_traffic,,ATTACK controlled flooding
1780532527.894246,8.620877,flooding,379,8,3229A6D264DE15B4,ATTACK controlled flooding,flooding_or_randomized_traffic,,ATTACK controlled flooding
1780532527.896437,8.623068,flooding,6DA,8,84A6B2B7107C8B08,ATTACK controlled flooding,flooding_or_randomized_traffic,,ATTACK controlled flooding
1780532527.898598,8.625229,flooding,7F8,8,3ECB6E4D44EC5778,ATTACK controlled flooding,flooding_or_randomized_traffic,,ATTACK controlled flooding
1780532527.900736,8.627367,flooding,796,8,8EF394E38D6BF10F,ATTACK controlled flooding,flooding_or_randomized_traffic,,ATTACK controlled flooding
1780532527.902874,8.629505,flooding,268,8,FE2E913877FF0F73,ATTACK controlled flooding,flooding_or_randomized_traffic,,ATTACK controlled flooding
1780532527.905005,8.631635,flooding,1D5,8,0BB438313E1C735D,ATTACK controlled flooding,flooding_or_randomized_traffic,,ATTACK controlled flooding
1780532527.907139,8.633770,flooding,4A0,8,BDED594DA4B2DE80,ATTACK controlled flooding,flooding_or_randomized_traffic,,ATTACK controlled flooding
1780532527.909271,8.635902,flooding,1E7,8,216FCD1BF00B0BF1,ATTACK controlled flooding,flooding_or_randomized_traffic,,ATTACK controlled flooding
1780532527.911444,8.638075,flooding,D5,8,C7BB60CED32ECA48,ATTACK controlled flooding,flooding_or_randomized_traffic,,ATTACK controlled flooding
1780532527.913581,8.640212,flooding,18E,8,7B2CBDDCA9DF2FF0,ATTACK controlled flooding,flooding_or_randomized_traffic,,ATTACK controlled flooding
1780532527.915752,8.642383,flooding,1B5,8,EB3AB4C7DAC015DC,ATTACK controlled flooding,flooding_or_randomized_traffic,,ATTACK controlled flooding
1780532527.917919,8.644550,flooding,7DB,8,234DF51DA036BD6D,ATTACK controlled flooding,flooding_or_randomized_traffic,,ATTACK controlled flooding
1780532527.920074,8.646705,flooding,1FE,8,EF4BC23403D89D88,ATTACK controlled flooding,flooding_or_randomized_traffic,,ATTACK controlled flooding
1780532527.922220,8.648850,flooding,399,8,B09CD5DDC0B615C7,ATTACK controlled flooding,flooding_or_randomized_traffic,,ATTACK controlled flooding
1780532527.924365,8.650996,flooding,3A6,8,C9C32B2E4783B853,ATTACK controlled flooding,flooding_or_randomized_traffic,,ATTACK controlled flooding
1780532527.926560,8.653191,flooding,7A,8,27A2206103C4E982,ATTACK controlled flooding,flooding_or_randomized_traffic,,ATTACK controlled flooding
1780532527.928715,8.655346,flooding,750,8,397ABABF7D9D51BF,ATTACK controlled flooding,flooding_or_randomized_traffic,,ATTACK controlled flooding
1780532527.930886,8.657517,flooding,81,8,7BAE6DA735997E37,ATTACK controlled flooding,flooding_or_randomized_traffic,,ATTACK controlled flooding
1780532527.933038,8.659669,flooding,7F9,8,B6029D1293CE6B12,ATTACK controlled flooding,flooding_or_randomized_traffic,,ATTACK controlled flooding
1780532527.935199,8.661830,flooding,2C7,8,064EF699D8744F67,ATTACK controlled flooding,flooding_or_randomized_traffic,,ATTACK controlled flooding
1780532527.937369,8.664000,flooding,6F0,8,A27F7FC7477E088C,ATTACK controlled flooding,flooding_or_randomized_traffic,,ATTACK controlled flooding
1780532527.939547,8.666178,flooding,5C4,8,D9308332854D40F8,ATTACK controlled flooding,flooding_or_randomized_traffic,,ATTACK controlled flooding
1780532527.941711,8.668342,flooding,421,8,8CAB8196EB526D18,ATTACK controlled flooding,flooding_or_randomized_traffic,,ATTACK controlled flooding
1780532527.943870,8.670501,flooding,3F5,8,9368B66C963E11A7,ATTACK controlled flooding,flooding_or_randomized_traffic,,ATTACK controlled flooding
1780532527.946028,8.672659,flooding,144,8,05C0C2BDC1459831,ATTACK controlled flooding,flooding_or_randomized_traffic,,ATTACK controlled flooding
1780532527.948187,8.674818,flooding,412,8,2E2A6610CB325351,ATTACK controlled flooding,flooding_or_randomized_traffic,,ATTACK controlled flooding
1780532527.950375,8.677006,flooding,66E,8,961D954F7C8AAEAA,ATTACK controlled flooding,flooding_or_randomized_traffic,,ATTACK controlled flooding
1780532527.952549,8.679180,flooding,406,8,4F2AB3FF94E7B0D0,ATTACK controlled flooding,flooding_or_randomized_traffic,,ATTACK controlled flooding
1780532527.954719,8.681350,flooding,8D,8,EAE2CDE513A3875C,ATTACK controlled flooding,flooding_or_randomized_traffic,,ATTACK controlled flooding
1780532527.956875,8.683506,flooding,49B,8,BC83D4D7C11B6861,ATTACK controlled flooding,flooding_or_randomized_traffic,,ATTACK controlled flooding
1780532527.959019,8.685650,flooding,196,8,1094123710B48ADD,ATTACK controlled flooding,flooding_or_randomized_traffic,,ATTACK controlled flooding
1780532527.961160,8.687791,flooding,5E,8,C95FF13E3D78725C,ATTACK controlled flooding,flooding_or_randomized_traffic,,ATTACK controlled flooding
1780532527.963305,8.689936,flooding,22D,8,33C07CC401E95F48,ATTACK controlled flooding,flooding_or_randomized_traffic,,ATTACK controlled flooding
1780532527.965481,8.692112,flooding,54,8,A64CA8B617A0A118,ATTACK controlled flooding,flooding_or_randomized_traffic,,ATTACK controlled flooding
1780532527.967649,8.694280,flooding,3DC,8,0E4E7BB7B2CC03D7,ATTACK controlled flooding,flooding_or_randomized_traffic,,ATTACK controlled flooding
1780532527.969788,8.696419,flooding,10C,8,5F293521D2F035C9,ATTACK controlled flooding,flooding_or_randomized_traffic,,ATTACK controlled flooding
1780532527.971917,8.698548,flooding,2F8,8,10B98BCA1D05925A,ATTACK controlled flooding,flooding_or_randomized_traffic,,ATTACK controlled flooding
1780532527.974089,8.700720,flooding,52E,8,FB6050B72C504887,ATTACK controlled flooding,flooding_or_randomized_traffic,,ATTACK controlled flooding
1780532527.976266,8.702897,flooding,446,8,88BC141527A12E60,ATTACK controlled flooding,flooding_or_randomized_traffic,,ATTACK controlled flooding
1780532527.978433,8.705064,flooding,A9,8,3322810AC282E2A5,ATTACK controlled flooding,flooding_or_randomized_traffic,,ATTACK controlled flooding
1780532527.980586,8.707217,flooding,E9,8,5B25139762D02B44,ATTACK controlled flooding,flooding_or_randomized_traffic,,ATTACK controlled flooding
1780532527.982742,8.709373,flooding,505,8,6CAB7C3E7725173A,ATTACK controlled flooding,flooding_or_randomized_traffic,,ATTACK controlled flooding
1780532527.984895,8.711526,flooding,31E,8,238FE6230DF03E88,ATTACK controlled flooding,flooding_or_randomized_traffic,,ATTACK controlled flooding
1780532527.987049,8.713680,flooding,1FE,8,B0BF94AC440F9ECF,ATTACK controlled flooding,flooding_or_randomized_traffic,,ATTACK controlled flooding
1780532527.989185,8.715816,flooding,2C4,8,6C0E0B66429A60AB,ATTACK controlled flooding,flooding_or_randomized_traffic,,ATTACK controlled flooding
1780532527.991372,8.718003,flooding,741,8,E6914C956AC90914,ATTACK controlled flooding,flooding_or_randomized_traffic,,ATTACK controlled flooding
1780532527.993554,8.720185,flooding,4F9,8,3A77F659E5B89090,ATTACK controlled flooding,flooding_or_randomized_traffic,,ATTACK controlled flooding
1780532527.995699,8.722330,flooding,2E2,8,C9DD8F7DA2808B8C,ATTACK controlled flooding,flooding_or_randomized_traffic,,ATTACK controlled flooding
1780532527.997851,8.724482,flooding,7D5,8,F9BFB354EC7DFAB6,ATTACK controlled flooding,flooding_or_randomized_traffic,,ATTACK controlled flooding
1780532527.999990,8.726621,flooding,42C,8,97C2138E91014D77,ATTACK controlled flooding,flooding_or_randomized_traffic,,ATTACK controlled flooding
1780532528.002135,8.728766,flooding,F5,8,48CF84B60FCBCD8D,ATTACK controlled flooding,flooding_or_randomized_traffic,,ATTACK controlled flooding
1780532528.004301,8.730932,flooding,1BB,8,624D7B25DD17339A,ATTACK controlled flooding,flooding_or_randomized_traffic,,ATTACK controlled flooding
1780532528.006484,8.733115,flooding,145,8,8BD72211E685AB29,ATTACK controlled flooding,flooding_or_randomized_traffic,,ATTACK controlled flooding
1780532528.008667,8.735298,flooding,727,8,80517D3B895EE6B0,ATTACK controlled flooding,flooding_or_randomized_traffic,,ATTACK controlled flooding
1780532528.010802,8.737432,flooding,69F,8,39D016D1CC97C6EC,ATTACK controlled flooding,flooding_or_randomized_traffic,,ATTACK controlled flooding
1780532528.013011,8.739642,flooding,71,8,6E8958349E78922B,ATTACK controlled flooding,flooding_or_randomized_traffic,,ATTACK controlled flooding
1780532528.015187,8.741818,flooding,3EF,8,4C2AA2F1A075C650,ATTACK controlled flooding,flooding_or_randomized_traffic,,ATTACK controlled flooding
1780532528.017345,8.743976,flooding,666,8,89DFF6DED141EE5F,ATTACK controlled flooding,flooding_or_randomized_traffic,,ATTACK controlled flooding
1780532528.019577,8.746207,flooding,38A,8,5DC06333D2E67535,ATTACK controlled flooding,flooding_or_randomized_traffic,,ATTACK controlled flooding
1780532528.021721,8.748352,flooding,3D0,8,0AB4384D1BB6F1E1,ATTACK controlled flooding,flooding_or_randomized_traffic,,ATTACK controlled flooding
1780532528.023866,8.750497,flooding,96,8,C0CBF27E03BFF778,ATTACK controlled flooding,flooding_or_randomized_traffic,,ATTACK controlled flooding
1780532528.026017,8.752648,flooding,367,8,F0A5ACDF519F803C,ATTACK controlled flooding,flooding_or_randomized_traffic,,ATTACK controlled flooding
1780532528.028171,8.754802,flooding,475,8,301B8294899916C0,ATTACK controlled flooding,flooding_or_randomized_traffic,,ATTACK controlled flooding
1780532528.030308,8.756939,flooding,713,8,254F749CCBA7E155,ATTACK controlled flooding,flooding_or_randomized_traffic,,ATTACK controlled flooding
1780532528.032443,8.759074,flooding,779,8,5729C7C6C666856C,ATTACK controlled flooding,flooding_or_randomized_traffic,,ATTACK controlled flooding
1780532528.034581,8.761212,flooding,481,8,E887BAC4F2E41E7D,ATTACK controlled flooding,flooding_or_randomized_traffic,,ATTACK controlled flooding
1780532528.036713,8.763344,flooding,1AB,8,4A7735924AFB89DB,ATTACK controlled flooding,flooding_or_randomized_traffic,,ATTACK controlled flooding
1780532528.038846,8.765477,flooding,61B,8,58C5021AB8623932,ATTACK controlled flooding,flooding_or_randomized_traffic,,ATTACK controlled flooding
1780532528.040977,8.767607,flooding,3,8,E12EF1BFD68B849B,ATTACK controlled flooding,flooding_or_randomized_traffic,,ATTACK controlled flooding
1780532528.043105,8.769736,flooding,E,8,CB79046B4B47AB3A,ATTACK controlled flooding,flooding_or_randomized_traffic,,ATTACK controlled flooding
1780532528.045404,8.772035,flooding,4AB,8,7BB9B09B1C5663C0,ATTACK controlled flooding,flooding_or_randomized_traffic,,ATTACK controlled flooding
1780532528.047531,8.774162,flooding,C8,8,9FE5F4F028B4DDCE,ATTACK controlled flooding,flooding_or_randomized_traffic,,ATTACK controlled flooding
1780532528.049662,8.776293,flooding,267,8,17E9C26EE34FC5FD,ATTACK controlled flooding,flooding_or_randomized_traffic,,ATTACK controlled flooding
1780532528.051795,8.778426,flooding,7F4,8,5D00EEA5C5BA90B1,ATTACK controlled flooding,flooding_or_randomized_traffic,,ATTACK controlled flooding
1780532528.053937,8.780568,flooding,5F9,8,8B0B0FA02D509281,ATTACK controlled flooding,flooding_or_randomized_traffic,,ATTACK controlled flooding
1780532528.056257,8.782887,flooding,708,8,CCB4E878175C936A,ATTACK controlled flooding,flooding_or_randomized_traffic,,ATTACK controlled flooding
1780532528.058414,8.785044,flooding,40B,8,FC91AB3E5A9343F3,ATTACK controlled flooding,flooding_or_randomized_traffic,,ATTACK controlled flooding
1780532528.060546,8.787177,flooding,6CC,8,31364EE4BCFD77E6,ATTACK controlled flooding,flooding_or_randomized_traffic,,ATTACK controlled flooding
1780532528.062676,8.789307,flooding,134,8,A5FE1143D762FCED,ATTACK controlled flooding,flooding_or_randomized_traffic,,ATTACK controlled flooding
1780532528.064802,8.791433,flooding,1C6,8,42A3A90FE4B11FBC,ATTACK controlled flooding,flooding_or_randomized_traffic,,ATTACK controlled flooding
1780532528.066929,8.793560,flooding,FD,8,43E54FFA541FAADB,ATTACK controlled flooding,flooding_or_randomized_traffic,,ATTACK controlled flooding
1780532528.069059,8.795690,flooding,346,8,8F0D6BB3F9972DAC,ATTACK controlled flooding,flooding_or_randomized_traffic,,ATTACK controlled flooding
1780532528.071188,8.797819,flooding,3E3,8,DA112234AF5505B1,ATTACK controlled flooding,flooding_or_randomized_traffic,,ATTACK controlled flooding
1780532528.073315,8.799946,flooding,6E8,8,CC3B6B20C4C74269,ATTACK controlled flooding,flooding_or_randomized_traffic,,ATTACK controlled flooding
1780532528.075475,8.802105,flooding,7FD,8,2B0C22F63E8029B2,ATTACK controlled flooding,flooding_or_randomized_traffic,,ATTACK controlled flooding
1780532528.077734,8.804365,flooding,121,8,C34832FF0741FECB,ATTACK controlled flooding,flooding_or_randomized_traffic,,ATTACK controlled flooding
1780532528.079889,8.806520,flooding,635,8,FAC44BD68110B3B0,ATTACK controlled flooding,flooding_or_randomized_traffic,,ATTACK controlled flooding
1780532528.082027,8.808658,flooding,197,8,0039046B19307DFC,ATTACK controlled flooding,flooding_or_randomized_traffic,,ATTACK controlled flooding
1780532528.084158,8.810789,flooding,717,8,28505985F2FED9CA,ATTACK controlled flooding,flooding_or_randomized_traffic,,ATTACK controlled flooding
1780532528.086314,8.812945,flooding,732,8,43A1707EB0F307FA,ATTACK controlled flooding,flooding_or_randomized_traffic,,ATTACK controlled flooding
1780532528.088444,8.815075,flooding,3CC,8,BC462E87678E8D02,ATTACK controlled flooding,flooding_or_randomized_traffic,,ATTACK controlled flooding
1780532528.090574,8.817204,flooding,4CB,8,09B229A935954C32,ATTACK controlled flooding,flooding_or_randomized_traffic,,ATTACK controlled flooding
1780532528.092702,8.819333,flooding,48B,8,7DCB7C7834B9BE25,ATTACK controlled flooding,flooding_or_randomized_traffic,,ATTACK controlled flooding
1780532528.094833,8.821464,flooding,3D8,8,E2A6BB168AA9085D,ATTACK controlled flooding,flooding_or_randomized_traffic,,ATTACK controlled flooding
1780532528.097035,8.823666,flooding,511,8,E2AA683462723CC4,ATTACK controlled flooding,flooding_or_randomized_traffic,,ATTACK controlled flooding
1780532528.099162,8.825793,flooding,14B,8,A7EB118869227C3E,ATTACK controlled flooding,flooding_or_randomized_traffic,,ATTACK controlled flooding
1780532528.101312,8.827943,flooding,605,8,5DB2654B8038D404,ATTACK controlled flooding,flooding_or_randomized_traffic,,ATTACK controlled flooding
1780532528.103536,8.830167,flooding,54A,8,F5C16FFBA7D8E9F3,ATTACK controlled flooding,flooding_or_randomized_traffic,,ATTACK controlled flooding
1780532528.105675,8.832306,flooding,495,8,78EBBB8AC92FAF2A,ATTACK controlled flooding,flooding_or_randomized_traffic,,ATTACK controlled flooding
1780532528.107814,8.834445,flooding,6F5,8,5A5BA163910485A6,ATTACK controlled flooding,flooding_or_randomized_traffic,,ATTACK controlled flooding
1780532528.109975,8.836606,flooding,491,8,45822C46D478503C,ATTACK controlled flooding,flooding_or_randomized_traffic,,ATTACK controlled flooding
1780532528.112117,8.838748,flooding,4C0,8,87B9E10696B901C9,ATTACK controlled flooding,flooding_or_randomized_traffic,,ATTACK controlled flooding
1780532528.114465,8.841095,flooding,45D,8,D5A4DD8D87E1BA9A,ATTACK controlled flooding,flooding_or_randomized_traffic,,ATTACK controlled flooding
1780532528.116669,8.843300,flooding,598,8,47B7A1214EEC5A67,ATTACK controlled flooding,flooding_or_randomized_traffic,,ATTACK controlled flooding
1780532528.118817,8.845448,flooding,405,8,EB5C54272FC315D6,ATTACK controlled flooding,flooding_or_randomized_traffic,,ATTACK controlled flooding
1780532528.120951,8.847582,flooding,49C,8,FE9E98E34C595299,ATTACK controlled flooding,flooding_or_randomized_traffic,,ATTACK controlled flooding
1780532528.123172,8.849803,flooding,1A3,8,57B1DF35C09DACBF,ATTACK controlled flooding,flooding_or_randomized_traffic,,ATTACK controlled flooding
1780532528.125427,8.852058,flooding,107,8,5B7A12E7007CE6A7,ATTACK controlled flooding,flooding_or_randomized_traffic,,ATTACK controlled flooding
1780532528.127590,8.854221,flooding,6D9,8,FAA67E11885C55DF,ATTACK controlled flooding,flooding_or_randomized_traffic,,ATTACK controlled flooding
1780532528.129756,8.856387,flooding,1D2,8,FBB4C49926AE7EC9,ATTACK controlled flooding,flooding_or_randomized_traffic,,ATTACK controlled flooding
1780532528.131962,8.858593,flooding,5A6,8,C20719F2B0C516C7,ATTACK controlled flooding,flooding_or_randomized_traffic,,ATTACK controlled flooding
1780532528.134126,8.860757,flooding,2D5,8,5171711CFD76FB27,ATTACK controlled flooding,flooding_or_randomized_traffic,,ATTACK controlled flooding
1780532528.136275,8.862906,flooding,3E4,8,17CB957264A22ED2,ATTACK controlled flooding,flooding_or_randomized_traffic,,ATTACK controlled flooding
1780532528.138435,8.865066,flooding,5C4,8,489B22C88A9676CA,ATTACK controlled flooding,flooding_or_randomized_traffic,,ATTACK controlled flooding
1780532528.140601,8.867232,flooding,9,8,ADFA3EF72976E2F4,ATTACK controlled flooding,flooding_or_randomized_traffic,,ATTACK controlled flooding
1780532528.142764,8.869395,flooding,400,8,E645AFEBA018A090,ATTACK controlled flooding,flooding_or_randomized_traffic,,ATTACK controlled flooding
1780532528.144933,8.871564,flooding,2A0,8,95C2130E00AD5261,ATTACK controlled flooding,flooding_or_randomized_traffic,,ATTACK controlled flooding
1780532528.147079,8.873709,flooding,6A6,8,29EC2E35123A33D0,ATTACK controlled flooding,flooding_or_randomized_traffic,,ATTACK controlled flooding
1780532528.149233,8.875864,flooding,33A,8,5EB3579067A331B4,ATTACK controlled flooding,flooding_or_randomized_traffic,,ATTACK controlled flooding
1780532528.151399,8.878030,flooding,786,8,D5AA9F0FD0D7E75D,ATTACK controlled flooding,flooding_or_randomized_traffic,,ATTACK controlled flooding
1780532528.153557,8.880188,flooding,1B,8,A9B471F6123137D3,ATTACK controlled flooding,flooding_or_randomized_traffic,,ATTACK controlled flooding
1780532528.155706,8.882337,flooding,6CB,8,D1743808229FD54D,ATTACK controlled flooding,flooding_or_randomized_traffic,,ATTACK controlled flooding
1780532528.157864,8.884495,flooding,71D,8,CA4940E2DFCB8325,ATTACK controlled flooding,flooding_or_randomized_traffic,,ATTACK controlled flooding
1780532528.160033,8.886664,flooding,4C1,8,246B823E0AEF1B99,ATTACK controlled flooding,flooding_or_randomized_traffic,,ATTACK controlled flooding
1780532528.162221,8.888852,flooding,680,8,12FDFC072D3C1C82,ATTACK controlled flooding,flooding_or_randomized_traffic,,ATTACK controlled flooding
1780532528.164460,8.891091,flooding,A,8,AAC700DF4D9C72D2,ATTACK controlled flooding,flooding_or_randomized_traffic,,ATTACK controlled flooding
1780532528.166701,8.893332,flooding,1EB,8,6E5C63194BEB088E,ATTACK controlled flooding,flooding_or_randomized_traffic,,ATTACK controlled flooding
1780532528.168867,8.895498,flooding,6B8,8,9DF2BBA26F3F84E8,ATTACK controlled flooding,flooding_or_randomized_traffic,,ATTACK controlled flooding
1780532528.171028,8.897659,flooding,79B,8,4B63B827016F9A98,ATTACK controlled flooding,flooding_or_randomized_traffic,,ATTACK controlled flooding
1780532528.173197,8.899827,flooding,574,8,FDCE6A44715D94E3,ATTACK controlled flooding,flooding_or_randomized_traffic,,ATTACK controlled flooding
1780532528.175339,8.901970,flooding,87,8,24BDCA7F736DB79A,ATTACK controlled flooding,flooding_or_randomized_traffic,,ATTACK controlled flooding
1780532528.177530,8.904160,flooding,5C6,8,58423C2621C1EDE7,ATTACK controlled flooding,flooding_or_randomized_traffic,,ATTACK controlled flooding
1780532528.179690,8.906321,flooding,436,8,D2DD1140D4E76F35,ATTACK controlled flooding,flooding_or_randomized_traffic,,ATTACK controlled flooding
1780532528.181857,8.908488,flooding,15E,8,6EE60023BCFE298A,ATTACK controlled flooding,flooding_or_randomized_traffic,,ATTACK controlled flooding
1780532528.184016,8.910647,flooding,459,8,A32728FB9F8DB2DA,ATTACK controlled flooding,flooding_or_randomized_traffic,,ATTACK controlled flooding
1780532528.186184,8.912815,flooding,176,8,7BF120F938A6B3D4,ATTACK controlled flooding,flooding_or_randomized_traffic,,ATTACK controlled flooding
1780532528.188344,8.914975,flooding,165,8,5D91CEE7869F2743,ATTACK controlled flooding,flooding_or_randomized_traffic,,ATTACK controlled flooding
1780532528.190558,8.917189,flooding,3BF,8,6380766D7AC7A561,ATTACK controlled flooding,flooding_or_randomized_traffic,,ATTACK controlled flooding
1780532528.192735,8.919366,flooding,72C,8,7EAE6A35FEADECE4,ATTACK controlled flooding,flooding_or_randomized_traffic,,ATTACK controlled flooding
1780532528.194915,8.921546,flooding,DD,8,76252025024DD476,ATTACK controlled flooding,flooding_or_randomized_traffic,,ATTACK controlled flooding
1780532528.197120,8.923751,flooding,2FE,8,9CF8FE9640D2AF5E,ATTACK controlled flooding,flooding_or_randomized_traffic,,ATTACK controlled flooding
1780532528.199293,8.925924,flooding,1A6,8,C23C8878B005C295,ATTACK controlled flooding,flooding_or_randomized_traffic,,ATTACK controlled flooding
1780532528.201452,8.928082,flooding,138,8,87A2CEC69C142558,ATTACK controlled flooding,flooding_or_randomized_traffic,,ATTACK controlled flooding
1780532528.203590,8.930221,flooding,620,8,E7F7C55CDF2287C8,ATTACK controlled flooding,flooding_or_randomized_traffic,,ATTACK controlled flooding
1780532528.205752,8.932383,flooding,2A8,8,511D56CC3BCFA473,ATTACK controlled flooding,flooding_or_randomized_traffic,,ATTACK controlled flooding
1780532528.207901,8.934532,flooding,5FF,8,227E0633D82EF94F,ATTACK controlled flooding,flooding_or_randomized_traffic,,ATTACK controlled flooding
1780532528.210051,8.936682,flooding,706,8,5A26BEB078765AAF,ATTACK controlled flooding,flooding_or_randomized_traffic,,ATTACK controlled flooding
1780532528.212186,8.938817,flooding,56C,8,B561C0E26143C452,ATTACK controlled flooding,flooding_or_randomized_traffic,,ATTACK controlled flooding
1780532528.214335,8.940966,flooding,54A,8,4BF52E74F1C6D796,ATTACK controlled flooding,flooding_or_randomized_traffic,,ATTACK controlled flooding
1780532528.216565,8.943196,flooding,757,8,72FD292FD90CF218,ATTACK controlled flooding,flooding_or_randomized_traffic,,ATTACK controlled flooding
1780532528.218772,8.945403,flooding,3CE,8,C13040B11A4AEFF5,ATTACK controlled flooding,flooding_or_randomized_traffic,,ATTACK controlled flooding
1780532528.220905,8.947536,flooding,1F6,8,0D28FEFC428E3B18,ATTACK controlled flooding,flooding_or_randomized_traffic,,ATTACK controlled flooding
1780532528.223043,8.949674,flooding,51C,8,B4E63B28AA1464D7,ATTACK controlled flooding,flooding_or_randomized_traffic,,ATTACK controlled flooding
1780532528.225186,8.951817,flooding,7B6,8,7ADE308C5402B710,ATTACK controlled flooding,flooding_or_randomized_traffic,,ATTACK controlled flooding
1780532528.227411,8.954042,flooding,598,8,96D3A48A526FF5CF,ATTACK controlled flooding,flooding_or_randomized_traffic,,ATTACK controlled flooding
1780532528.229547,8.956178,flooding,C2,8,680518D6EEF6CD53,ATTACK controlled flooding,flooding_or_randomized_traffic,,ATTACK controlled flooding
1780532528.231679,8.958310,flooding,6A1,8,9E5C52DDFFE29BDD,ATTACK controlled flooding,flooding_or_randomized_traffic,,ATTACK controlled flooding
1780532528.233821,8.960452,flooding,6D7,8,6438C61505B9AB3B,ATTACK controlled flooding,flooding_or_randomized_traffic,,ATTACK controlled flooding
1780532528.235956,8.962587,flooding,5E2,8,574E8377920B366B,ATTACK controlled flooding,flooding_or_randomized_traffic,,ATTACK controlled flooding
1780532528.238161,8.964792,flooding,3ED,8,96E217785D0107A1,ATTACK controlled flooding,flooding_or_randomized_traffic,,ATTACK controlled flooding
1780532528.240314,8.966945,flooding,799,8,766D8BE48BB33B1C,ATTACK controlled flooding,flooding_or_randomized_traffic,,ATTACK controlled flooding
1780532528.242465,8.969095,flooding,7D2,8,302D764C80D8AF4A,ATTACK controlled flooding,flooding_or_randomized_traffic,,ATTACK controlled flooding
1780532528.244601,8.971231,flooding,795,8,4264BC1AFE024328,ATTACK controlled flooding,flooding_or_randomized_traffic,,ATTACK controlled flooding
1780532528.246737,8.973368,flooding,3A4,8,5CC20398CB483EDB,ATTACK controlled flooding,flooding_or_randomized_traffic,,ATTACK controlled flooding
1780532528.248853,8.975484,flooding,282,8,C10FDB4ED4BE18EB,ATTACK controlled flooding,flooding_or_randomized_traffic,,ATTACK controlled flooding
1780532528.250973,8.977604,flooding,6E1,8,32202BBDE225DC1D,ATTACK controlled flooding,flooding_or_randomized_traffic,,ATTACK controlled flooding
1780532528.253090,8.979721,flooding,5A1,8,388A8A3435E5198B,ATTACK controlled flooding,flooding_or_randomized_traffic,,ATTACK controlled flooding
1780532528.255230,8.981861,flooding,213,8,4A15827C967D3071,ATTACK controlled flooding,flooding_or_randomized_traffic,,ATTACK controlled flooding
1780532528.257410,8.984041,flooding,1D,8,F6D90C6CC2181970,ATTACK controlled flooding,flooding_or_randomized_traffic,,ATTACK controlled flooding
1780532528.259553,8.986184,flooding,19D,8,0CABA07EA8640ADB,ATTACK controlled flooding,flooding_or_randomized_traffic,,ATTACK controlled flooding
1780532528.261686,8.988317,flooding,3A5,8,9B78725360EB7506,ATTACK controlled flooding,flooding_or_randomized_traffic,,ATTACK controlled flooding
1780532528.263804,8.990435,flooding,7AF,8,5CA24F38E100B36F,ATTACK controlled flooding,flooding_or_randomized_traffic,,ATTACK controlled flooding
1780532528.265970,8.992601,flooding,4E0,8,F3D3AB4E382A30C6,ATTACK controlled flooding,flooding_or_randomized_traffic,,ATTACK controlled flooding
1780532528.268097,8.994728,flooding,7CD,8,263950E9581A71EB,ATTACK controlled flooding,flooding_or_randomized_traffic,,ATTACK controlled flooding
1780532528.270224,8.996855,flooding,3D4,8,47A899D43D44E17E,ATTACK controlled flooding,flooding_or_randomized_traffic,,ATTACK controlled flooding
1780532528.272364,8.998995,flooding,57C,8,02EA0D010615AE65,ATTACK controlled flooding,flooding_or_randomized_traffic,,ATTACK controlled flooding
1780532528.274527,9.001158,flooding,6DD,8,1F61718D532A0E3B,ATTACK controlled flooding,flooding_or_randomized_traffic,,ATTACK controlled flooding
1780532528.276670,9.003301,flooding,4AD,8,CF66F9ACAF5B49BF,ATTACK controlled flooding,flooding_or_randomized_traffic,,ATTACK controlled flooding
1780532528.278812,9.005443,flooding,461,8,A8665DB2A4AA4EBC,ATTACK controlled flooding,flooding_or_randomized_traffic,,ATTACK controlled flooding
1780532528.280957,9.007587,flooding,5B5,8,85978ABF226AA44C,ATTACK controlled flooding,flooding_or_randomized_traffic,,ATTACK controlled flooding
1780532528.283104,9.009735,flooding,7E2,8,2FB62DD2E4BF63E4,ATTACK controlled flooding,flooding_or_randomized_traffic,,ATTACK controlled flooding
1780532528.285265,9.011896,flooding,88,8,331B733B3DC5D8F1,ATTACK controlled flooding,flooding_or_randomized_traffic,,ATTACK controlled flooding
1780532528.287444,9.014075,flooding,224,8,F8E1F1F7895FAFFD,ATTACK controlled flooding,flooding_or_randomized_traffic,,ATTACK controlled flooding
1780532528.289584,9.016215,flooding,411,8,BEF65B29D58D5497,ATTACK controlled flooding,flooding_or_randomized_traffic,,ATTACK controlled flooding
1780532528.291729,9.018360,flooding,7C3,8,615592A100966AE0,ATTACK controlled flooding,flooding_or_randomized_traffic,,ATTACK controlled flooding
1780532528.293864,9.020494,flooding,13A,8,8F071AD029193F3A,ATTACK controlled flooding,flooding_or_randomized_traffic,,ATTACK controlled flooding
1780532528.296049,9.022680,flooding,216,8,1BE922A454FA7858,ATTACK controlled flooding,flooding_or_randomized_traffic,,ATTACK controlled flooding
1780532528.298183,9.024814,flooding,6F6,8,1EFFB15FE095264F,ATTACK controlled flooding,flooding_or_randomized_traffic,,ATTACK controlled flooding
1780532528.300404,9.027035,flooding,35A,8,8F08E7CD5B664F4C,ATTACK controlled flooding,flooding_or_randomized_traffic,,ATTACK controlled flooding
1780532528.302598,9.029229,flooding,51,8,6AC0D0C5467DBC2D,ATTACK controlled flooding,flooding_or_randomized_traffic,,ATTACK controlled flooding
1780532528.304727,9.031358,flooding,270,8,26A0644593CC98AF,ATTACK controlled flooding,flooding_or_randomized_traffic,,ATTACK controlled flooding
1780532528.306914,9.033545,flooding,524,8,FA14BA78832CD26C,ATTACK controlled flooding,flooding_or_randomized_traffic,,ATTACK controlled flooding
1780532528.309066,9.035697,flooding,56,8,9F7B086164CF94A8,ATTACK controlled flooding,flooding_or_randomized_traffic,,ATTACK controlled flooding
1780532528.311212,9.037843,flooding,681,8,2DD6760BB0C39E01,ATTACK controlled flooding,flooding_or_randomized_traffic,,ATTACK controlled flooding
1780532528.313372,9.040003,flooding,468,8,138BC06E8847B138,ATTACK controlled flooding,flooding_or_randomized_traffic,,ATTACK controlled flooding
1780532528.315555,9.042186,flooding,195,8,214D17B8B0FA876E,ATTACK controlled flooding,flooding_or_randomized_traffic,,ATTACK controlled flooding
1780532528.317705,9.044336,flooding,4A6,8,C9706A3FF25C90D9,ATTACK controlled flooding,flooding_or_randomized_traffic,,ATTACK controlled flooding
1780532528.319860,9.046491,flooding,108,8,DC25F389066E94F1,ATTACK controlled flooding,flooding_or_randomized_traffic,,ATTACK controlled flooding
1780532528.322016,9.048647,flooding,EC,8,D05317FA9CDFF0A9,ATTACK controlled flooding,flooding_or_randomized_traffic,,ATTACK controlled flooding
1780532528.324421,9.051052,flooding,718,8,936ABEB251A4309E,ATTACK controlled flooding,flooding_or_randomized_traffic,,ATTACK controlled flooding
1780532528.326678,9.053309,flooding,7DB,8,D4F2871DD8BC0107,ATTACK controlled flooding,flooding_or_randomized_traffic,,ATTACK controlled flooding
1780532528.328879,9.055510,flooding,61B,8,B9EBEED66B1A88C0,ATTACK controlled flooding,flooding_or_randomized_traffic,,ATTACK controlled flooding
1780532528.331056,9.057687,flooding,368,8,CC835F56DB6E7E2D,ATTACK controlled flooding,flooding_or_randomized_traffic,,ATTACK controlled flooding
1780532528.333215,9.059846,flooding,45E,8,8B5B8D24A886539F,ATTACK controlled flooding,flooding_or_randomized_traffic,,ATTACK controlled flooding
1780532528.335384,9.062015,flooding,569,8,1032C98233431E5E,ATTACK controlled flooding,flooding_or_randomized_traffic,,ATTACK controlled flooding
1780532528.337537,9.064167,flooding,187,8,E59FAD19059A7E20,ATTACK controlled flooding,flooding_or_randomized_traffic,,ATTACK controlled flooding
1780532528.339706,9.066337,flooding,767,8,775817FCE4B9F63C,ATTACK controlled flooding,flooding_or_randomized_traffic,,ATTACK controlled flooding
1780532528.341868,9.068499,flooding,178,8,0DED8BF3C0F2A4D5,ATTACK controlled flooding,flooding_or_randomized_traffic,,ATTACK controlled flooding
1780532528.344024,9.070655,flooding,6C0,8,BD7DB00C8CC28AC0,ATTACK controlled flooding,flooding_or_randomized_traffic,,ATTACK controlled flooding
1780532528.346184,9.072815,flooding,501,8,1FD88E26936D7CBB,ATTACK controlled flooding,flooding_or_randomized_traffic,,ATTACK controlled flooding
1780532528.348367,9.074998,flooding,437,8,1E2D95503AB7CB19,ATTACK controlled flooding,flooding_or_randomized_traffic,,ATTACK controlled flooding
1780532528.350554,9.077185,flooding,203,8,1342B19C015314DD,ATTACK controlled flooding,flooding_or_randomized_traffic,,ATTACK controlled flooding
1780532528.352692,9.079323,flooding,7FA,8,9DF8D549514FC869,ATTACK controlled flooding,flooding_or_randomized_traffic,,ATTACK controlled flooding
1780532528.354828,9.081459,flooding,2BE,8,F5E5BAD018AFC82A,ATTACK controlled flooding,flooding_or_randomized_traffic,,ATTACK controlled flooding
1780532528.357059,9.083690,flooding,1A2,8,C4D03F81F5E27EA2,ATTACK controlled flooding,flooding_or_randomized_traffic,,ATTACK controlled flooding
1780532528.359216,9.085847,flooding,4E2,8,157451E107EE36C9,ATTACK controlled flooding,flooding_or_randomized_traffic,,ATTACK controlled flooding
1780532528.361425,9.088056,flooding,747,8,F3F193F343B4FEEF,ATTACK controlled flooding,flooding_or_randomized_traffic,,ATTACK controlled flooding
1780532528.363589,9.090219,flooding,24F,8,488A6733A8A1E8DD,ATTACK controlled flooding,flooding_or_randomized_traffic,,ATTACK controlled flooding
1780532528.365726,9.092357,flooding,2BF,8,CC5F8EEAE252D2F5,ATTACK controlled flooding,flooding_or_randomized_traffic,,ATTACK controlled flooding
1780532528.367853,9.094484,flooding,64C,8,E2CEE37315590E30,ATTACK controlled flooding,flooding_or_randomized_traffic,,ATTACK controlled flooding
1780532528.369979,9.096610,flooding,596,8,8EB8E489BF3E5959,ATTACK controlled flooding,flooding_or_randomized_traffic,,ATTACK controlled flooding
1780532528.372108,9.098739,flooding,6A9,8,6946EF40ED58C5A8,ATTACK controlled flooding,flooding_or_randomized_traffic,,ATTACK controlled flooding
1780532528.374245,9.100876,flooding,665,8,D04DEACDC4AF392C,ATTACK controlled flooding,flooding_or_randomized_traffic,,ATTACK controlled flooding
1780532528.376443,9.103074,flooding,6E0,8,1A4BFE689AAEEF6F,ATTACK controlled flooding,flooding_or_randomized_traffic,,ATTACK controlled flooding
1780532528.378614,9.105245,flooding,450,8,4FB63C01A37D0505,ATTACK controlled flooding,flooding_or_randomized_traffic,,ATTACK controlled flooding
1780532528.380789,9.107419,flooding,7C8,8,5F3708DF9FC1755F,ATTACK controlled flooding,flooding_or_randomized_traffic,,ATTACK controlled flooding
1780532528.382951,9.109582,flooding,2DF,8,3B07C456852F5473,ATTACK controlled flooding,flooding_or_randomized_traffic,,ATTACK controlled flooding
1780532528.385095,9.111726,flooding,66B,8,9223DA6EF1563640,ATTACK controlled flooding,flooding_or_randomized_traffic,,ATTACK controlled flooding
1780532528.387233,9.113864,flooding,3FC,8,3F52CC0BB4D0BDFF,ATTACK controlled flooding,flooding_or_randomized_traffic,,ATTACK controlled flooding
1780532528.389424,9.116055,flooding,131,8,C212335B69BED0B8,ATTACK controlled flooding,flooding_or_randomized_traffic,,ATTACK controlled flooding
1780532528.391572,9.118203,flooding,510,8,CD04EB89C314E3F5,ATTACK controlled flooding,flooding_or_randomized_traffic,,ATTACK controlled flooding
1780532528.393709,9.120340,flooding,106,8,46B93029915F2968,ATTACK controlled flooding,flooding_or_randomized_traffic,,ATTACK controlled flooding
1780532528.395873,9.122504,flooding,72F,8,EA0B4E8FC321AD38,ATTACK controlled flooding,flooding_or_randomized_traffic,,ATTACK controlled flooding
1780532528.398041,9.124672,flooding,612,8,818ACABD137A7D51,ATTACK controlled flooding,flooding_or_randomized_traffic,,ATTACK controlled flooding
1780532528.400207,9.126838,flooding,1D5,8,C6EF8835F5139FA1,ATTACK controlled flooding,flooding_or_randomized_traffic,,ATTACK controlled flooding
1780532528.402418,9.129049,flooding,4DB,8,3A75A47DF6217C8B,ATTACK controlled flooding,flooding_or_randomized_traffic,,ATTACK controlled flooding
1780532528.404584,9.131215,flooding,545,8,5ACE1F46368C6476,ATTACK controlled flooding,flooding_or_randomized_traffic,,ATTACK controlled flooding
1780532528.406773,9.133404,flooding,10C,8,E640F20190BF6D46,ATTACK controlled flooding,flooding_or_randomized_traffic,,ATTACK controlled flooding
1780532528.409184,9.135815,flooding,29B,8,A56368B06109A79A,ATTACK controlled flooding,flooding_or_randomized_traffic,,ATTACK controlled flooding
1780532528.411663,9.138294,flooding,3D8,8,CA26A6F07661C745,ATTACK controlled flooding,flooding_or_randomized_traffic,,ATTACK controlled flooding
1780532528.413835,9.140465,flooding,12B,8,E2A58BA809D706EC,ATTACK controlled flooding,flooding_or_randomized_traffic,,ATTACK controlled flooding
1780532528.415985,9.142616,flooding,2E7,8,CACFE340C1821A47,ATTACK controlled flooding,flooding_or_randomized_traffic,,ATTACK controlled flooding
1780532528.418127,9.144758,flooding,7DE,8,28B101EC330E9238,ATTACK controlled flooding,flooding_or_randomized_traffic,,ATTACK controlled flooding
1780532528.420327,9.146958,flooding,79,8,C4DFBD0190788AC8,ATTACK controlled flooding,flooding_or_randomized_traffic,,ATTACK controlled flooding
1780532528.422477,9.149108,flooding,3AF,8,76CB15C9C98DE42B,ATTACK controlled flooding,flooding_or_randomized_traffic,,ATTACK controlled flooding
1780532528.424632,9.151263,flooding,34A,8,93CE49982B8913E0,ATTACK controlled flooding,flooding_or_randomized_traffic,,ATTACK controlled flooding
1780532528.426747,9.153378,flooding,265,8,0E74119F278336CC,ATTACK controlled flooding,flooding_or_randomized_traffic,,ATTACK controlled flooding
1780532528.428881,9.155512,flooding,3B8,8,62DB06275A03B942,ATTACK controlled flooding,flooding_or_randomized_traffic,,ATTACK controlled flooding
1780532528.431017,9.157648,flooding,16D,8,66D65B59DE6319B4,ATTACK controlled flooding,flooding_or_randomized_traffic,,ATTACK controlled flooding
1780532528.433155,9.159786,flooding,4BC,8,DFFE0E00C9F7F651,ATTACK controlled flooding,flooding_or_randomized_traffic,,ATTACK controlled flooding
1780532528.435307,9.161938,flooding,54B,8,D42E701E4A856EF7,ATTACK controlled flooding,flooding_or_randomized_traffic,,ATTACK controlled flooding
1780532528.437462,9.164093,flooding,E8,8,5A4B11FF197B2BF9,ATTACK controlled flooding,flooding_or_randomized_traffic,,ATTACK controlled flooding
1780532528.439604,9.166235,flooding,EE,8,88F762C1C65F0C1A,ATTACK controlled flooding,flooding_or_randomized_traffic,,ATTACK controlled flooding
1780532528.441754,9.168385,flooding,69F,8,AF83B28201CF35B5,ATTACK controlled flooding,flooding_or_randomized_traffic,,ATTACK controlled flooding
1780532528.443896,9.170527,flooding,7D,8,5B27F66C83734CF6,ATTACK controlled flooding,flooding_or_randomized_traffic,,ATTACK controlled flooding
1780532528.446037,9.172668,flooding,532,8,13AD5D87E6E6BAAA,ATTACK controlled flooding,flooding_or_randomized_traffic,,ATTACK controlled flooding
1780532528.448172,9.174803,flooding,100,8,4384C89BB13F7E1C,ATTACK controlled flooding,simulated_engine_cluster,33859,ATTACK controlled flooding
1780532528.450311,9.176942,flooding,34E,8,31F7F81F5E398B26,ATTACK controlled flooding,flooding_or_randomized_traffic,,ATTACK controlled flooding
1780532528.452474,9.179105,flooding,489,8,2C3F3CE8E6E0272C,ATTACK controlled flooding,flooding_or_randomized_traffic,,ATTACK controlled flooding
1780532528.454636,9.181267,flooding,1C2,8,77846FFC2A61663E,ATTACK controlled flooding,flooding_or_randomized_traffic,,ATTACK controlled flooding
1780532528.456894,9.183525,flooding,6CB,8,65ACB45CDCF0CCDD,ATTACK controlled flooding,flooding_or_randomized_traffic,,ATTACK controlled flooding
1780532528.459116,9.185747,flooding,709,8,90A4DA90DBD5395A,ATTACK controlled flooding,flooding_or_randomized_traffic,,ATTACK controlled flooding
1780532528.461294,9.187925,flooding,7B0,8,EFF7DE399274FA6D,ATTACK controlled flooding,flooding_or_randomized_traffic,,ATTACK controlled flooding
1780532528.463476,9.190107,flooding,202,8,D74EA8ABA5A5F3EE,ATTACK controlled flooding,flooding_or_randomized_traffic,,ATTACK controlled flooding
1780532528.465653,9.192284,flooding,76C,8,D8767AD5D49B7718,ATTACK controlled flooding,flooding_or_randomized_traffic,,ATTACK controlled flooding
1780532528.467804,9.194435,flooding,38B,8,53FC4CBD0B968AAA,ATTACK controlled flooding,flooding_or_randomized_traffic,,ATTACK controlled flooding
1780532528.469943,9.196574,flooding,5F8,8,D9DAAFEE3B90852B,ATTACK controlled flooding,flooding_or_randomized_traffic,,ATTACK controlled flooding
1780532528.472107,9.198738,flooding,566,8,49D9736D1980D513,ATTACK controlled flooding,flooding_or_randomized_traffic,,ATTACK controlled flooding
1780532528.474251,9.200881,flooding,209,8,7C408666013EE8A2,ATTACK controlled flooding,flooding_or_randomized_traffic,,ATTACK controlled flooding
1780532528.476413,9.203044,flooding,36D,8,0DE9922B877595C9,ATTACK controlled flooding,flooding_or_randomized_traffic,,ATTACK controlled flooding
1780532528.478548,9.205178,flooding,31,8,E74365BE10C4B663,ATTACK controlled flooding,flooding_or_randomized_traffic,,ATTACK controlled flooding
1780532528.480693,9.207324,flooding,668,8,7D7AAF2270E9F3DF,ATTACK controlled flooding,flooding_or_randomized_traffic,,ATTACK controlled flooding
1780532528.482824,9.209455,flooding,1B7,8,EC62300E1F3C82DE,ATTACK controlled flooding,flooding_or_randomized_traffic,,ATTACK controlled flooding
1780532528.484953,9.211584,flooding,FF,8,D2B4AD91D8E3CCAC,ATTACK controlled flooding,flooding_or_randomized_traffic,,ATTACK controlled flooding
1780532528.487080,9.213711,flooding,656,8,5FD6EAAA7251759C,ATTACK controlled flooding,flooding_or_randomized_traffic,,ATTACK controlled flooding
1780532528.489223,9.215854,flooding,56E,8,0DD2E64103922426,ATTACK controlled flooding,flooding_or_randomized_traffic,,ATTACK controlled flooding
1780532528.491390,9.218021,flooding,616,8,26C773DF49B3D591,ATTACK controlled flooding,flooding_or_randomized_traffic,,ATTACK controlled flooding
1780532528.493550,9.220181,flooding,3F8,8,3B695BFD38E8FC45,ATTACK controlled flooding,flooding_or_randomized_traffic,,ATTACK controlled flooding
1780532528.495686,9.222317,flooding,73D,8,81C838176E2CC9A2,ATTACK controlled flooding,flooding_or_randomized_traffic,,ATTACK controlled flooding
1780532528.497818,9.224449,flooding,4BC,8,2F06AE6A8461EDA9,ATTACK controlled flooding,flooding_or_randomized_traffic,,ATTACK controlled flooding
1780532528.499959,9.226590,flooding,318,8,A36D63E9AEE2D6FF,ATTACK controlled flooding,flooding_or_randomized_traffic,,ATTACK controlled flooding
1780532528.502098,9.228729,flooding,750,8,D88145EE8BA99F47,ATTACK controlled flooding,flooding_or_randomized_traffic,,ATTACK controlled flooding
1780532528.504289,9.230920,flooding,EC,8,1B1C2FFEE1881BD4,ATTACK controlled flooding,flooding_or_randomized_traffic,,ATTACK controlled flooding
1780532528.506440,9.233071,flooding,4E0,8,146DB457B2F9E34A,ATTACK controlled flooding,flooding_or_randomized_traffic,,ATTACK controlled flooding
1780532528.508604,9.235235,flooding,749,8,E3B7A3563B9AC0F0,ATTACK controlled flooding,flooding_or_randomized_traffic,,ATTACK controlled flooding
1780532528.510761,9.237392,flooding,5FA,8,083BB8DB7BF68060,ATTACK controlled flooding,flooding_or_randomized_traffic,,ATTACK controlled flooding
1780532528.512894,9.239525,flooding,279,8,5FFDFD7E1A1AF953,ATTACK controlled flooding,flooding_or_randomized_traffic,,ATTACK controlled flooding
1780532528.515120,9.241751,flooding,1A1,8,1BBE32B0406C00CF,ATTACK controlled flooding,flooding_or_randomized_traffic,,ATTACK controlled flooding
1780532528.517278,9.243909,flooding,658,8,FB97B78C652BCC45,ATTACK controlled flooding,flooding_or_randomized_traffic,,ATTACK controlled flooding
1780532528.519436,9.246067,flooding,6CD,8,AEC74F0D3968B802,ATTACK controlled flooding,flooding_or_randomized_traffic,,ATTACK controlled flooding
1780532528.521615,9.248246,flooding,66,8,D086AAA832947033,ATTACK controlled flooding,flooding_or_randomized_traffic,,ATTACK controlled flooding
1780532528.523759,9.250390,flooding,4A5,8,6E74E0688ECC1C08,ATTACK controlled flooding,flooding_or_randomized_traffic,,ATTACK controlled flooding
1780532528.525901,9.252532,flooding,5F6,8,F857FC90021DB3C6,ATTACK controlled flooding,flooding_or_randomized_traffic,,ATTACK controlled flooding
1780532528.528042,9.254673,flooding,112,8,2631B4BDCE0B5F2F,ATTACK controlled flooding,flooding_or_randomized_traffic,,ATTACK controlled flooding
1780532528.530343,9.256974,flooding,34D,8,44C96EC9D0116BF7,ATTACK controlled flooding,flooding_or_randomized_traffic,,ATTACK controlled flooding
1780532528.532545,9.259176,flooding,3EF,8,FF8E37B7BC7ABCBF,ATTACK controlled flooding,flooding_or_randomized_traffic,,ATTACK controlled flooding
1780532528.534673,9.261304,flooding,345,8,FFE876D710064FBE,ATTACK controlled flooding,flooding_or_randomized_traffic,,ATTACK controlled flooding
1780532528.536809,9.263440,flooding,448,8,737F73FA98101237,ATTACK controlled flooding,flooding_or_randomized_traffic,,ATTACK controlled flooding
1780532528.538938,9.265569,flooding,7EE,8,033321C37A77960B,ATTACK controlled flooding,flooding_or_randomized_traffic,,ATTACK controlled flooding
1780532528.541076,9.267707,flooding,3F2,8,603F7BA89ADCA32C,ATTACK controlled flooding,flooding_or_randomized_traffic,,ATTACK controlled flooding
1780532528.543229,9.269860,flooding,2E5,8,A05342D9BD6C8671,ATTACK controlled flooding,flooding_or_randomized_traffic,,ATTACK controlled flooding
1780532528.545381,9.272012,flooding,7A,8,CAD43B78694298DF,ATTACK controlled flooding,flooding_or_randomized_traffic,,ATTACK controlled flooding
1780532528.547544,9.274174,flooding,665,8,5C88B3EA45D20289,ATTACK controlled flooding,flooding_or_randomized_traffic,,ATTACK controlled flooding
1780532528.549678,9.276309,flooding,473,8,2A61AE9B8E757B6C,ATTACK controlled flooding,flooding_or_randomized_traffic,,ATTACK controlled flooding
1780532528.551806,9.278437,flooding,731,8,78CA302D2872F02F,ATTACK controlled flooding,flooding_or_randomized_traffic,,ATTACK controlled flooding
1780532528.553921,9.280552,flooding,31E,8,14FB9D16DB5F1D92,ATTACK controlled flooding,flooding_or_randomized_traffic,,ATTACK controlled flooding
1780532528.556018,9.282649,flooding,B5,8,4BB31AD45F475702,ATTACK controlled flooding,flooding_or_randomized_traffic,,ATTACK controlled flooding
1780532528.558145,9.284776,flooding,51C,8,20F7B833DE7B4C4D,ATTACK controlled flooding,flooding_or_randomized_traffic,,ATTACK controlled flooding
1780532528.560262,9.286893,flooding,218,8,78C2524EB026821C,ATTACK controlled flooding,flooding_or_randomized_traffic,,ATTACK controlled flooding
1780532528.564550,9.291181,flooding,618,8,3A88C7BE3B3EAA5A,ATTACK controlled flooding,flooding_or_randomized_traffic,,ATTACK controlled flooding
1780532528.566669,9.293300,flooding,2B,8,036AAB725DBE082F,ATTACK controlled flooding,flooding_or_randomized_traffic,,ATTACK controlled flooding
1780532528.568787,9.295418,flooding,39,8,AC7FA595F12830CD,ATTACK controlled flooding,flooding_or_randomized_traffic,,ATTACK controlled flooding
1780532528.570911,9.297542,flooding,55,8,811B4C4548382579,ATTACK controlled flooding,flooding_or_randomized_traffic,,ATTACK controlled flooding
1780532528.573038,9.299669,flooding,4B0,8,E1D43A8BD146E952,ATTACK controlled flooding,flooding_or_randomized_traffic,,ATTACK controlled flooding
1780532528.575160,9.301790,flooding,7F4,8,82C44DC3A5A3B4CF,ATTACK controlled flooding,flooding_or_randomized_traffic,,ATTACK controlled flooding
1780532528.577264,9.303895,flooding,667,8,36F0B6ECD7DEEF94,ATTACK controlled flooding,flooding_or_randomized_traffic,,ATTACK controlled flooding
1780532528.579366,9.305997,flooding,590,8,B13DFD6D44ACDF70,ATTACK controlled flooding,flooding_or_randomized_traffic,,ATTACK controlled flooding
1780532528.581479,9.308110,flooding,427,8,FC98B4B3AEC6181C,ATTACK controlled flooding,flooding_or_randomized_traffic,,ATTACK controlled flooding
1780532528.583603,9.310234,flooding,1AC,8,F6684193841C3C4D,ATTACK controlled flooding,flooding_or_randomized_traffic,,ATTACK controlled flooding
1780532528.585712,9.312343,flooding,106,8,44F49C478E5B9273,ATTACK controlled flooding,flooding_or_randomized_traffic,,ATTACK controlled flooding
1780532528.587822,9.314453,flooding,65C,8,9C2F4BE2B38E8611,ATTACK controlled flooding,flooding_or_randomized_traffic,,ATTACK controlled flooding
1780532528.589945,9.316576,flooding,6A8,8,9F2E4112FA9EF3A2,ATTACK controlled flooding,flooding_or_randomized_traffic,,ATTACK controlled flooding
1780532528.592053,9.318684,flooding,132,8,EDB87FCFA9652D88,ATTACK controlled flooding,flooding_or_randomized_traffic,,ATTACK controlled flooding
1780532528.594189,9.320820,flooding,54D,8,43D582FFC273EB20,ATTACK controlled flooding,flooding_or_randomized_traffic,,ATTACK controlled flooding
1780532528.596292,9.322923,flooding,69F,8,911940A656AA5002,ATTACK controlled flooding,flooding_or_randomized_traffic,,ATTACK controlled flooding
1780532528.598406,9.325037,flooding,683,8,E130504EB409EEFB,ATTACK controlled flooding,flooding_or_randomized_traffic,,ATTACK controlled flooding
1780532528.600528,9.327159,flooding,6CB,8,46063E2058DA7E8D,ATTACK controlled flooding,flooding_or_randomized_traffic,,ATTACK controlled flooding
1780532528.602732,9.329363,flooding,209,8,1542B17A32849F4C,ATTACK controlled flooding,flooding_or_randomized_traffic,,ATTACK controlled flooding
1780532528.604861,9.331492,flooding,11C,8,3BDB3D5E88F893FC,ATTACK controlled flooding,flooding_or_randomized_traffic,,ATTACK controlled flooding
1780532528.606966,9.333597,flooding,631,8,EA573060444D1F47,ATTACK controlled flooding,flooding_or_randomized_traffic,,ATTACK controlled flooding
1780532528.609101,9.335732,flooding,580,8,EA95CA05B31A81C3,ATTACK controlled flooding,flooding_or_randomized_traffic,,ATTACK controlled flooding
1780532528.611219,9.337850,flooding,B2,8,E1C7C764652FED2F,ATTACK controlled flooding,flooding_or_randomized_traffic,,ATTACK controlled flooding
1780532528.613337,9.339968,flooding,212,8,DCD40A6D696C86BC,ATTACK controlled flooding,flooding_or_randomized_traffic,,ATTACK controlled flooding
1780532528.615466,9.342097,flooding,101,8,3E72F418D528BD81,ATTACK controlled flooding,flooding_or_randomized_traffic,,ATTACK controlled flooding
1780532528.617557,9.344188,flooding,E8,8,388CF0D7AD6C8CE2,ATTACK controlled flooding,flooding_or_randomized_traffic,,ATTACK controlled flooding
1780532528.619678,9.346309,flooding,4A1,8,F66C6DF7791840E1,ATTACK controlled flooding,flooding_or_randomized_traffic,,ATTACK controlled flooding
1780532528.621794,9.348424,flooding,D1,8,0E6CF0228729C56C,ATTACK controlled flooding,flooding_or_randomized_traffic,,ATTACK controlled flooding
1780532528.623912,9.350543,flooding,5A5,8,FB496E42E38B9CC5,ATTACK controlled flooding,flooding_or_randomized_traffic,,ATTACK controlled flooding
1780532528.626035,9.352666,flooding,7A7,8,024A0F53137467E5,ATTACK controlled flooding,flooding_or_randomized_traffic,,ATTACK controlled flooding
1780532528.628171,9.354802,flooding,18F,8,225007AF6500E956,ATTACK controlled flooding,flooding_or_randomized_traffic,,ATTACK controlled flooding
1780532528.630301,9.356932,flooding,113,8,6D7CA29B5B2E7EB3,ATTACK controlled flooding,flooding_or_randomized_traffic,,ATTACK controlled flooding
1780532528.632414,9.359045,flooding,4AB,8,FE1C5C0ECB78D7A5,ATTACK controlled flooding,flooding_or_randomized_traffic,,ATTACK controlled flooding
1780532528.634532,9.361163,flooding,443,8,2FBF2C632B3AAD13,ATTACK controlled flooding,flooding_or_randomized_traffic,,ATTACK controlled flooding
1780532528.636641,9.363272,flooding,C7,8,10EFB1788ED31DA8,ATTACK controlled flooding,flooding_or_randomized_traffic,,ATTACK controlled flooding
1780532528.638754,9.365385,flooding,21E,8,569B500CA6218031,ATTACK controlled flooding,flooding_or_randomized_traffic,,ATTACK controlled flooding
1780532528.640875,9.367506,flooding,38A,8,1F51BC85F695B96C,ATTACK controlled flooding,flooding_or_randomized_traffic,,ATTACK controlled flooding
1780532528.643078,9.369709,flooding,217,8,B3CD887002F5D3AE,ATTACK controlled flooding,flooding_or_randomized_traffic,,ATTACK controlled flooding
1780532528.645206,9.371837,flooding,28B,8,934E36773473136E,ATTACK controlled flooding,flooding_or_randomized_traffic,,ATTACK controlled flooding
1780532528.647323,9.373954,flooding,554,8,D57C995E7A9E8EFD,ATTACK controlled flooding,flooding_or_randomized_traffic,,ATTACK controlled flooding
1780532528.649563,9.376194,flooding,271,8,AAAF2D5CB840FC7D,ATTACK controlled flooding,flooding_or_randomized_traffic,,ATTACK controlled flooding
1780532528.651687,9.378318,flooding,2DC,8,69594F819C51AE5B,ATTACK controlled flooding,flooding_or_randomized_traffic,,ATTACK controlled flooding
1780532528.653961,9.380592,flooding,764,8,DE3E64D9A6DC02CE,ATTACK controlled flooding,flooding_or_randomized_traffic,,ATTACK controlled flooding
1780532528.656185,9.382816,flooding,486,8,77F544E269D977C1,ATTACK controlled flooding,flooding_or_randomized_traffic,,ATTACK controlled flooding
1780532528.658331,9.384962,flooding,3B3,8,D10333EC04D608E6,ATTACK controlled flooding,flooding_or_randomized_traffic,,ATTACK controlled flooding
1780532528.660461,9.387092,flooding,4AE,8,79569E784555E237,ATTACK controlled flooding,flooding_or_randomized_traffic,,ATTACK controlled flooding
1780532528.662636,9.389267,flooding,758,8,7B5BEE597A3F8018,ATTACK controlled flooding,flooding_or_randomized_traffic,,ATTACK controlled flooding
1780532528.664779,9.391410,flooding,591,8,D89FC3999A91B6BD,ATTACK controlled flooding,flooding_or_randomized_traffic,,ATTACK controlled flooding
1780532528.666910,9.393541,flooding,5EB,8,76408F97A6E80537,ATTACK controlled flooding,flooding_or_randomized_traffic,,ATTACK controlled flooding
1780532528.669049,9.395680,flooding,572,8,3EF8A1390FB66196,ATTACK controlled flooding,flooding_or_randomized_traffic,,ATTACK controlled flooding
1780532528.671183,9.397814,flooding,557,8,F6A185BC1759CB10,ATTACK controlled flooding,flooding_or_randomized_traffic,,ATTACK controlled flooding
1780532528.673316,9.399947,flooding,6E2,8,3E02220C1393F8AC,ATTACK controlled flooding,flooding_or_randomized_traffic,,ATTACK controlled flooding
1780532528.675439,9.402070,flooding,32F,8,8EBC6F729903C2C4,ATTACK controlled flooding,flooding_or_randomized_traffic,,ATTACK controlled flooding
1780532528.677566,9.404197,flooding,32D,8,524926820551484B,ATTACK controlled flooding,flooding_or_randomized_traffic,,ATTACK controlled flooding
1780532528.679706,9.406337,flooding,1F3,8,C1AEE6CA45370EDA,ATTACK controlled flooding,flooding_or_randomized_traffic,,ATTACK controlled flooding
1780532528.681946,9.408577,flooding,760,8,5E54773DB01528DA,ATTACK controlled flooding,flooding_or_randomized_traffic,,ATTACK controlled flooding
1780532528.684080,9.410711,flooding,57F,8,42C619689D81CE08,ATTACK controlled flooding,flooding_or_randomized_traffic,,ATTACK controlled flooding
1780532528.686210,9.412841,flooding,6A4,8,947FDF1946967423,ATTACK controlled flooding,flooding_or_randomized_traffic,,ATTACK controlled flooding
1780532528.688361,9.414992,flooding,334,8,F031AF487D0053FF,ATTACK controlled flooding,flooding_or_randomized_traffic,,ATTACK controlled flooding
1780532528.690523,9.417154,flooding,664,8,CCCC37C68E4EA246,ATTACK controlled flooding,flooding_or_randomized_traffic,,ATTACK controlled flooding
1780532528.692649,9.419280,flooding,619,8,BFAC996C9B175895,ATTACK controlled flooding,flooding_or_randomized_traffic,,ATTACK controlled flooding
1780532528.694776,9.421407,flooding,2AD,8,C1A27A8BF9CF8325,ATTACK controlled flooding,flooding_or_randomized_traffic,,ATTACK controlled flooding
1780532528.696890,9.423521,flooding,470,8,23519381CB56986E,ATTACK controlled flooding,flooding_or_randomized_traffic,,ATTACK controlled flooding
1780532528.699013,9.425644,flooding,4E9,8,C8953C2934EAA9DE,ATTACK controlled flooding,flooding_or_randomized_traffic,,ATTACK controlled flooding
1780532528.701136,9.427767,flooding,395,8,B110A7FCD98AD5A5,ATTACK controlled flooding,flooding_or_randomized_traffic,,ATTACK controlled flooding
1780532528.703267,9.429898,flooding,4CB,8,F400B301C1CE0E02,ATTACK controlled flooding,flooding_or_randomized_traffic,,ATTACK controlled flooding
1780532528.705463,9.432094,flooding,1D8,8,935BF9084A18D8B7,ATTACK controlled flooding,flooding_or_randomized_traffic,,ATTACK controlled flooding
1780532528.707724,9.434355,flooding,48A,8,BC102824743B7723,ATTACK controlled flooding,flooding_or_randomized_traffic,,ATTACK controlled flooding
1780532528.709861,9.436492,flooding,6E0,8,52618A153CB8DDD6,ATTACK controlled flooding,flooding_or_randomized_traffic,,ATTACK controlled flooding
1780532528.712000,9.438631,flooding,335,8,3B7D8ADED4EFFCB8,ATTACK controlled flooding,flooding_or_randomized_traffic,,ATTACK controlled flooding
1780532528.714211,9.440842,flooding,69D,8,498A8454FFC90F11,ATTACK controlled flooding,flooding_or_randomized_traffic,,ATTACK controlled flooding
1780532528.716356,9.442987,flooding,696,8,6A53EBA13D194A90,ATTACK controlled flooding,flooding_or_randomized_traffic,,ATTACK controlled flooding
1780532528.718484,9.445115,flooding,665,8,4BBCAE04CBA8E1CA,ATTACK controlled flooding,flooding_or_randomized_traffic,,ATTACK controlled flooding
1780532528.720634,9.447264,flooding,4C2,8,3681B7BFF331F63F,ATTACK controlled flooding,flooding_or_randomized_traffic,,ATTACK controlled flooding
1780532528.722798,9.449429,flooding,349,8,4101323D1C54FEDE,ATTACK controlled flooding,flooding_or_randomized_traffic,,ATTACK controlled flooding
1780532528.724926,9.451557,flooding,4C0,8,0CF5B4BAF302AEF0,ATTACK controlled flooding,flooding_or_randomized_traffic,,ATTACK controlled flooding
1780532528.727051,9.453682,flooding,724,8,146D5F530CBC3C3E,ATTACK controlled flooding,flooding_or_randomized_traffic,,ATTACK controlled flooding
1780532528.729175,9.455806,flooding,558,8,5AFB06DA6DD6BEA7,ATTACK controlled flooding,flooding_or_randomized_traffic,,ATTACK controlled flooding
1780532528.731314,9.457945,flooding,198,8,B49CF01EE79A6469,ATTACK controlled flooding,flooding_or_randomized_traffic,,ATTACK controlled flooding
1780532528.733444,9.460075,flooding,26F,8,B6E0856E1ADFEA18,ATTACK controlled flooding,flooding_or_randomized_traffic,,ATTACK controlled flooding
1780532528.735587,9.462218,flooding,1B2,8,C7C16D0AD0E55EBE,ATTACK controlled flooding,flooding_or_randomized_traffic,,ATTACK controlled flooding
1780532528.737738,9.464369,flooding,452,8,42B122FF804AA446,ATTACK controlled flooding,flooding_or_randomized_traffic,,ATTACK controlled flooding
1780532528.739879,9.466510,flooding,299,8,898CC9714BC8B4F7,ATTACK controlled flooding,flooding_or_randomized_traffic,,ATTACK controlled flooding
1780532528.742202,9.468833,flooding,3AB,8,8241E1FF419BC252,ATTACK controlled flooding,flooding_or_randomized_traffic,,ATTACK controlled flooding
1780532528.744446,9.471077,flooding,39E,8,E2D288DEFDFA9A88,ATTACK controlled flooding,flooding_or_randomized_traffic,,ATTACK controlled flooding
1780532528.746589,9.473220,flooding,1E,8,FAA051B828B9704A,ATTACK controlled flooding,flooding_or_randomized_traffic,,ATTACK controlled flooding
1780532528.748739,9.475370,flooding,2AB,8,692DE4F260FD0566,ATTACK controlled flooding,flooding_or_randomized_traffic,,ATTACK controlled flooding
1780532528.750875,9.477506,flooding,65A,8,DCDCEE93067CEFD3,ATTACK controlled flooding,flooding_or_randomized_traffic,,ATTACK controlled flooding
1780532528.753016,9.479647,flooding,7D7,8,335FBF78E21BC872,ATTACK controlled flooding,flooding_or_randomized_traffic,,ATTACK controlled flooding
1780532528.755143,9.481774,flooding,54,8,1A2CC47555432243,ATTACK controlled flooding,flooding_or_randomized_traffic,,ATTACK controlled flooding
1780532528.757276,9.483907,flooding,24B,8,040259365300AEE0,ATTACK controlled flooding,flooding_or_randomized_traffic,,ATTACK controlled flooding
1780532528.759418,9.486049,flooding,228,8,3C57C7B520E33865,ATTACK controlled flooding,flooding_or_randomized_traffic,,ATTACK controlled flooding
1780532528.761556,9.488187,flooding,22A,8,83F036228C8EAE97,ATTACK controlled flooding,flooding_or_randomized_traffic,,ATTACK controlled flooding
1780532528.763687,9.490318,flooding,272,8,27663ACF80E82DD5,ATTACK controlled flooding,flooding_or_randomized_traffic,,ATTACK controlled flooding
1780532528.765813,9.492444,flooding,B3,8,D589AB3380C40A88,ATTACK controlled flooding,flooding_or_randomized_traffic,,ATTACK controlled flooding
1780532528.767948,9.494579,flooding,72,8,DD6C3658E99A5D7D,ATTACK controlled flooding,flooding_or_randomized_traffic,,ATTACK controlled flooding
1780532528.770087,9.496718,flooding,730,8,F93E0E6FD1984583,ATTACK controlled flooding,flooding_or_randomized_traffic,,ATTACK controlled flooding
1780532528.772213,9.498844,flooding,2BE,8,2F6B5EDAA5FB7E7D,ATTACK controlled flooding,flooding_or_randomized_traffic,,ATTACK controlled flooding
1780532528.774399,9.501029,flooding,7B,8,067C47FC84F1D7BA,ATTACK controlled flooding,flooding_or_randomized_traffic,,ATTACK controlled flooding
1780532528.776550,9.503181,flooding,3C9,8,CF8C52BDA6471C71,ATTACK controlled flooding,flooding_or_randomized_traffic,,ATTACK controlled flooding
1780532528.778676,9.505307,flooding,4A0,8,047E351F8687FC3C,ATTACK controlled flooding,flooding_or_randomized_traffic,,ATTACK controlled flooding
1780532528.780802,9.507433,flooding,699,8,9E44955B0722D7DA,ATTACK controlled flooding,flooding_or_randomized_traffic,,ATTACK controlled flooding
1780532528.782994,9.509624,flooding,298,8,D4A18FEAD664FBD9,ATTACK controlled flooding,flooding_or_randomized_traffic,,ATTACK controlled flooding
1780532528.785122,9.511753,flooding,8A,8,4DF082F9A1D11214,ATTACK controlled flooding,flooding_or_randomized_traffic,,ATTACK controlled flooding
1780532528.787241,9.513872,flooding,10F,8,70E0B7C3E47F5DCE,ATTACK controlled flooding,flooding_or_randomized_traffic,,ATTACK controlled flooding
1780532528.789427,9.516058,flooding,186,8,98D43A3F0BFC0FC7,ATTACK controlled flooding,flooding_or_randomized_traffic,,ATTACK controlled flooding
1780532528.791553,9.518183,flooding,276,8,4EC34182E80CBF3F,ATTACK controlled flooding,flooding_or_randomized_traffic,,ATTACK controlled flooding
1780532528.793706,9.520337,flooding,2FF,8,63A56743A5C82532,ATTACK controlled flooding,flooding_or_randomized_traffic,,ATTACK controlled flooding
1780532528.795840,9.522471,flooding,489,8,3A7DAC7A1A1A3CE2,ATTACK controlled flooding,flooding_or_randomized_traffic,,ATTACK controlled flooding
1780532528.797989,9.524620,flooding,20F,8,C68233DAB6924A64,ATTACK controlled flooding,flooding_or_randomized_traffic,,ATTACK controlled flooding
1780532528.800134,9.526765,flooding,74E,8,5FA3D8C77055D00F,ATTACK controlled flooding,flooding_or_randomized_traffic,,ATTACK controlled flooding
1780532528.802268,9.528898,flooding,136,8,AC6906E94B6A58E4,ATTACK controlled flooding,flooding_or_randomized_traffic,,ATTACK controlled flooding
1780532528.804407,9.531038,flooding,686,8,CB304D8D113E5340,ATTACK controlled flooding,flooding_or_randomized_traffic,,ATTACK controlled flooding
1780532528.806557,9.533188,flooding,F,8,56034D794D9FAF32,ATTACK controlled flooding,flooding_or_randomized_traffic,,ATTACK controlled flooding
1780532528.808720,9.535351,flooding,712,8,DCFA8A834F435C5D,ATTACK controlled flooding,flooding_or_randomized_traffic,,ATTACK controlled flooding
1780532528.810882,9.537513,flooding,651,8,CE680B09A01449D0,ATTACK controlled flooding,flooding_or_randomized_traffic,,ATTACK controlled flooding
1780532528.813047,9.539678,flooding,544,8,2417E85714896A97,ATTACK controlled flooding,flooding_or_randomized_traffic,,ATTACK controlled flooding
1780532528.815179,9.541810,flooding,749,8,6CE51D651DE38135,ATTACK controlled flooding,flooding_or_randomized_traffic,,ATTACK controlled flooding
1780532528.817308,9.543939,flooding,32D,8,4A32B142A49EA37E,ATTACK controlled flooding,flooding_or_randomized_traffic,,ATTACK controlled flooding
1780532528.819534,9.546165,flooding,471,8,56921365925A4D52,ATTACK controlled flooding,flooding_or_randomized_traffic,,ATTACK controlled flooding
1780532528.821688,9.548319,flooding,698,8,3861B17BB99A115F,ATTACK controlled flooding,flooding_or_randomized_traffic,,ATTACK controlled flooding
1780532528.823862,9.550493,flooding,31C,8,410DDD78B55A457A,ATTACK controlled flooding,flooding_or_randomized_traffic,,ATTACK controlled flooding
1780532528.826026,9.552657,flooding,70E,8,6C53704754F2004A,ATTACK controlled flooding,flooding_or_randomized_traffic,,ATTACK controlled flooding
1780532528.828185,9.554816,flooding,417,8,DC98DD6DD2494E57,ATTACK controlled flooding,flooding_or_randomized_traffic,,ATTACK controlled flooding
1780532528.830339,9.556970,flooding,5E5,8,71C734A5DDE09EA7,ATTACK controlled flooding,flooding_or_randomized_traffic,,ATTACK controlled flooding
1780532528.832542,9.559173,flooding,46E,8,2C03BE4277090B19,ATTACK controlled flooding,flooding_or_randomized_traffic,,ATTACK controlled flooding
1780532528.834697,9.561328,flooding,665,8,88AEF077B868AAC6,ATTACK controlled flooding,flooding_or_randomized_traffic,,ATTACK controlled flooding
1780532528.836852,9.563483,flooding,3F8,8,5F371040B2B15420,ATTACK controlled flooding,flooding_or_randomized_traffic,,ATTACK controlled flooding
1780532528.839006,9.565637,flooding,3D2,8,DE8A61B01F5B1172,ATTACK controlled flooding,flooding_or_randomized_traffic,,ATTACK controlled flooding
1780532528.841162,9.567793,flooding,429,8,57AD48FC81C6DC0D,ATTACK controlled flooding,flooding_or_randomized_traffic,,ATTACK controlled flooding
1780532528.843316,9.569947,flooding,429,8,CE5F6264D75CAEA8,ATTACK controlled flooding,flooding_or_randomized_traffic,,ATTACK controlled flooding
1780532528.845590,9.572221,flooding,FF,8,D583B9D0B7F72BDE,ATTACK controlled flooding,flooding_or_randomized_traffic,,ATTACK controlled flooding
1780532528.847809,9.574440,flooding,582,8,FC7533AC3866150B,ATTACK controlled flooding,flooding_or_randomized_traffic,,ATTACK controlled flooding
1780532528.849988,9.576618,flooding,76B,8,4011C68CDD6923DD,ATTACK controlled flooding,flooding_or_randomized_traffic,,ATTACK controlled flooding
1780532528.852141,9.578772,flooding,2D1,8,F788905D1AB4AD44,ATTACK controlled flooding,flooding_or_randomized_traffic,,ATTACK controlled flooding
1780532528.854277,9.580908,flooding,4AB,8,89405B5DBA487CDE,ATTACK controlled flooding,flooding_or_randomized_traffic,,ATTACK controlled flooding
1780532528.856421,9.583052,flooding,4F5,8,6B1898D21EA309C0,ATTACK controlled flooding,flooding_or_randomized_traffic,,ATTACK controlled flooding
1780532528.858564,9.585195,flooding,334,8,FADAF9D7C8E35CF7,ATTACK controlled flooding,flooding_or_randomized_traffic,,ATTACK controlled flooding
1780532528.860762,9.587393,flooding,5FA,8,022ABE4D00ECC37C,ATTACK controlled flooding,flooding_or_randomized_traffic,,ATTACK controlled flooding
1780532528.862923,9.589554,flooding,1F1,8,6EC181D14023B1BB,ATTACK controlled flooding,flooding_or_randomized_traffic,,ATTACK controlled flooding
1780532528.865088,9.591718,flooding,21E,8,17AA93CE72C7642C,ATTACK controlled flooding,flooding_or_randomized_traffic,,ATTACK controlled flooding
1780532528.867255,9.593886,flooding,3F4,8,F16E8B50AA71EE49,ATTACK controlled flooding,flooding_or_randomized_traffic,,ATTACK controlled flooding
1780532528.869430,9.596061,flooding,10F,8,95FED825720C690F,ATTACK controlled flooding,flooding_or_randomized_traffic,,ATTACK controlled flooding
1780532528.871585,9.598216,flooding,604,8,1912AA9DAFA320D5,ATTACK controlled flooding,flooding_or_randomized_traffic,,ATTACK controlled flooding
1780532528.873716,9.600347,flooding,208,8,88FD1FECB1FD2789,ATTACK controlled flooding,flooding_or_randomized_traffic,,ATTACK controlled flooding
1780532528.876280,9.602911,flooding,3FA,8,187BCAC220AA4E02,ATTACK controlled flooding,flooding_or_randomized_traffic,,ATTACK controlled flooding
1780532528.878593,9.605224,flooding,349,8,22901C454B51B028,ATTACK controlled flooding,flooding_or_randomized_traffic,,ATTACK controlled flooding
1780532528.880817,9.607448,flooding,1D8,8,A9D686234675C2DD,ATTACK controlled flooding,flooding_or_randomized_traffic,,ATTACK controlled flooding
1780532528.883042,9.609673,flooding,25A,8,134C9A74B039DD6E,ATTACK controlled flooding,flooding_or_randomized_traffic,,ATTACK controlled flooding
1780532528.885228,9.611859,flooding,62C,8,7040DC239452CCA3,ATTACK controlled flooding,flooding_or_randomized_traffic,,ATTACK controlled flooding
1780532528.887425,9.614056,flooding,5BF,8,57D02633960E81E4,ATTACK controlled flooding,flooding_or_randomized_traffic,,ATTACK controlled flooding
1780532528.889602,9.616233,flooding,44B,8,5AD853F96E81DF7F,ATTACK controlled flooding,flooding_or_randomized_traffic,,ATTACK controlled flooding
1780532528.891764,9.618395,flooding,3C0,8,652D1E2C48F6E87B,ATTACK controlled flooding,flooding_or_randomized_traffic,,ATTACK controlled flooding
1780532528.893906,9.620537,flooding,77A,8,BC539977B7C0A4E1,ATTACK controlled flooding,flooding_or_randomized_traffic,,ATTACK controlled flooding
1780532528.896082,9.622713,flooding,1A4,8,DA25541B76E3E00D,ATTACK controlled flooding,flooding_or_randomized_traffic,,ATTACK controlled flooding
1780532528.898238,9.624869,flooding,248,8,5B2053705B084AF4,ATTACK controlled flooding,flooding_or_randomized_traffic,,ATTACK controlled flooding
1780532528.900414,9.627045,flooding,10B,8,5D4079161DEA418B,ATTACK controlled flooding,flooding_or_randomized_traffic,,ATTACK controlled flooding
1780532528.902571,9.629202,flooding,30C,8,9305B877FCBFAF23,ATTACK controlled flooding,flooding_or_randomized_traffic,,ATTACK controlled flooding
1780532528.904720,9.631351,flooding,42F,8,FCC8930C12D9AD9A,ATTACK controlled flooding,flooding_or_randomized_traffic,,ATTACK controlled flooding
1780532528.906870,9.633501,flooding,6B8,8,C559868ED218D8AF,ATTACK controlled flooding,flooding_or_randomized_traffic,,ATTACK controlled flooding
1780532528.909002,9.635633,flooding,134,8,E87A4F894A4E5F1D,ATTACK controlled flooding,flooding_or_randomized_traffic,,ATTACK controlled flooding
1780532528.911224,9.637855,flooding,5BE,8,F6195F008B44C1A3,ATTACK controlled flooding,flooding_or_randomized_traffic,,ATTACK controlled flooding
1780532528.913419,9.640050,flooding,2E7,8,F72193341B26D329,ATTACK controlled flooding,flooding_or_randomized_traffic,,ATTACK controlled flooding
1780532528.915564,9.642195,flooding,6E8,8,728A743D058FF4D0,ATTACK controlled flooding,flooding_or_randomized_traffic,,ATTACK controlled flooding
1780532528.917695,9.644326,flooding,20F,8,08403EA253C1AEF7,ATTACK controlled flooding,flooding_or_randomized_traffic,,ATTACK controlled flooding
1780532528.919853,9.646484,flooding,6DF,8,3A099E76AD023E0C,ATTACK controlled flooding,flooding_or_randomized_traffic,,ATTACK controlled flooding
1780532528.921994,9.648625,flooding,40C,8,545745EAAFB55160,ATTACK controlled flooding,flooding_or_randomized_traffic,,ATTACK controlled flooding
1780532528.924567,9.651198,flooding,642,8,8B8F8AD245D07F67,ATTACK controlled flooding,flooding_or_randomized_traffic,,ATTACK controlled flooding
1780532528.926835,9.653466,flooding,6DB,8,3851DAA101A0A19C,ATTACK controlled flooding,flooding_or_randomized_traffic,,ATTACK controlled flooding
1780532528.929339,9.655970,flooding,4E1,8,9EF456485590A9BB,ATTACK controlled flooding,flooding_or_randomized_traffic,,ATTACK controlled flooding
1780532528.931573,9.658204,flooding,2F7,8,17ADC98B19CF04B2,ATTACK controlled flooding,flooding_or_randomized_traffic,,ATTACK controlled flooding
1780532528.933734,9.660365,flooding,5BD,8,F5C6D7C2C9E2B0B0,ATTACK controlled flooding,flooding_or_randomized_traffic,,ATTACK controlled flooding
1780532528.935939,9.662570,flooding,292,8,2031601CD8D314B3,ATTACK controlled flooding,flooding_or_randomized_traffic,,ATTACK controlled flooding
1780532528.938118,9.664749,flooding,469,8,215EA53C6977C642,ATTACK controlled flooding,flooding_or_randomized_traffic,,ATTACK controlled flooding
1780532528.940296,9.666927,flooding,5B4,8,5ECC021F0E3925CB,ATTACK controlled flooding,flooding_or_randomized_traffic,,ATTACK controlled flooding
1780532528.942453,9.669084,flooding,134,8,8A403E5C20BBBED4,ATTACK controlled flooding,flooding_or_randomized_traffic,,ATTACK controlled flooding
1780532528.944616,9.671247,flooding,4F4,8,020FABDF8E16B15B,ATTACK controlled flooding,flooding_or_randomized_traffic,,ATTACK controlled flooding
1780532528.946754,9.673385,flooding,339,8,765AF234EC310BE8,ATTACK controlled flooding,flooding_or_randomized_traffic,,ATTACK controlled flooding
1780532528.948884,9.675515,flooding,71D,8,71C28204768406A3,ATTACK controlled flooding,flooding_or_randomized_traffic,,ATTACK controlled flooding
1780532528.951048,9.677679,flooding,738,8,D8FAA7B16277B296,ATTACK controlled flooding,flooding_or_randomized_traffic,,ATTACK controlled flooding
1780532528.953203,9.679834,flooding,3BD,8,C4C74A77157D7BFF,ATTACK controlled flooding,flooding_or_randomized_traffic,,ATTACK controlled flooding
1780532528.955389,9.682020,flooding,617,8,2126A3D234B36CCB,ATTACK controlled flooding,flooding_or_randomized_traffic,,ATTACK controlled flooding
1780532528.957557,9.684188,flooding,2FE,8,6E474DA3C3F2B683,ATTACK controlled flooding,flooding_or_randomized_traffic,,ATTACK controlled flooding
1780532528.959735,9.686366,flooding,52A,8,23DD917DDAADE212,ATTACK controlled flooding,flooding_or_randomized_traffic,,ATTACK controlled flooding
1780532528.961894,9.688525,flooding,1FC,8,053E8F3217CCDF37,ATTACK controlled flooding,flooding_or_randomized_traffic,,ATTACK controlled flooding
1780532528.964042,9.690673,flooding,776,8,730CEF29E0A02510,ATTACK controlled flooding,flooding_or_randomized_traffic,,ATTACK controlled flooding
1780532528.966279,9.692910,flooding,59,8,9980601D0A8A8ACC,ATTACK controlled flooding,flooding_or_randomized_traffic,,ATTACK controlled flooding
1780532528.968434,9.695065,flooding,366,8,047C23CAACD60CA1,ATTACK controlled flooding,flooding_or_randomized_traffic,,ATTACK controlled flooding
1780532528.970670,9.697301,flooding,660,8,8DD2740457387D53,ATTACK controlled flooding,flooding_or_randomized_traffic,,ATTACK controlled flooding
1780532528.972821,9.699451,flooding,47C,8,EA0A82C8C2F0132A,ATTACK controlled flooding,flooding_or_randomized_traffic,,ATTACK controlled flooding
1780532528.974962,9.701593,flooding,5DD,8,FE011F4E49BCCC00,ATTACK controlled flooding,flooding_or_randomized_traffic,,ATTACK controlled flooding
1780532528.977116,9.703747,flooding,76E,8,03CDE7A5BFE73447,ATTACK controlled flooding,flooding_or_randomized_traffic,,ATTACK controlled flooding
1780532528.979298,9.705929,flooding,726,8,59AD2B0991C738B8,ATTACK controlled flooding,flooding_or_randomized_traffic,,ATTACK controlled flooding
1780532528.981483,9.708113,flooding,5F5,8,1062499A36079B31,ATTACK controlled flooding,flooding_or_randomized_traffic,,ATTACK controlled flooding
1780532528.983690,9.710321,flooding,6E7,8,A31A3E5998DC58BB,ATTACK controlled flooding,flooding_or_randomized_traffic,,ATTACK controlled flooding
1780532528.985854,9.712485,flooding,2CF,8,E0BDC758B971D5EC,ATTACK controlled flooding,flooding_or_randomized_traffic,,ATTACK controlled flooding
1780532528.987999,9.714630,flooding,169,8,B2A6B67212A747F4,ATTACK controlled flooding,flooding_or_randomized_traffic,,ATTACK controlled flooding
1780532528.990141,9.716772,flooding,36A,8,95F5C6DC2BF0BAA1,ATTACK controlled flooding,flooding_or_randomized_traffic,,ATTACK controlled flooding
1780532528.992287,9.718918,flooding,133,8,A168D9241EFA7D29,ATTACK controlled flooding,flooding_or_randomized_traffic,,ATTACK controlled flooding
1780532528.994427,9.721058,flooding,3D4,8,E6E0581A9560864A,ATTACK controlled flooding,flooding_or_randomized_traffic,,ATTACK controlled flooding
1780532528.996562,9.723193,flooding,DD,8,157B281F07126241,ATTACK controlled flooding,flooding_or_randomized_traffic,,ATTACK controlled flooding
1780532528.998688,9.725319,flooding,16F,8,DFC222D15C92D20E,ATTACK controlled flooding,flooding_or_randomized_traffic,,ATTACK controlled flooding
1780532529.000815,9.727446,flooding,294,8,5909DB1265E5E3C0,ATTACK controlled flooding,flooding_or_randomized_traffic,,ATTACK controlled flooding
1780532529.002976,9.729607,flooding,1BF,8,C6FB9F72029AD087,ATTACK controlled flooding,flooding_or_randomized_traffic,,ATTACK controlled flooding
1780532529.005105,9.731736,flooding,6F3,8,90A7EA58FD8E25DF,ATTACK controlled flooding,flooding_or_randomized_traffic,,ATTACK controlled flooding
1780532529.007244,9.733875,flooding,790,8,7ECB7D76BB3E2BB5,ATTACK controlled flooding,flooding_or_randomized_traffic,,ATTACK controlled flooding
1780532529.009389,9.736020,flooding,555,8,0C26810649287577,ATTACK controlled flooding,flooding_or_randomized_traffic,,ATTACK controlled flooding
1780532529.011550,9.738181,flooding,30F,8,E5E29C10D20CC201,ATTACK controlled flooding,flooding_or_randomized_traffic,,ATTACK controlled flooding
1780532529.013689,9.740319,flooding,22A,8,49E3F370DFD8C425,ATTACK controlled flooding,flooding_or_randomized_traffic,,ATTACK controlled flooding
1780532529.015822,9.742453,flooding,402,8,8DE56F224A03D861,ATTACK controlled flooding,flooding_or_randomized_traffic,,ATTACK controlled flooding
1780532529.017958,9.744589,flooding,B0,8,9C1BB6EF50485026,ATTACK controlled flooding,flooding_or_randomized_traffic,,ATTACK controlled flooding
1780532529.020097,9.746728,flooding,2A6,8,9D7E19D0E9CDFE38,ATTACK controlled flooding,flooding_or_randomized_traffic,,ATTACK controlled flooding
1780532529.022253,9.748884,flooding,76D,8,0400D12A1653C1C9,ATTACK controlled flooding,flooding_or_randomized_traffic,,ATTACK controlled flooding
1780532529.024409,9.751040,flooding,501,8,CA3DFC681B2179C6,ATTACK controlled flooding,flooding_or_randomized_traffic,,ATTACK controlled flooding
1780532529.026559,9.753190,flooding,299,8,1A4342A045A924E3,ATTACK controlled flooding,flooding_or_randomized_traffic,,ATTACK controlled flooding
1780532529.028699,9.755330,flooding,3D5,8,8C8900827469245E,ATTACK controlled flooding,flooding_or_randomized_traffic,,ATTACK controlled flooding
1780532529.030834,9.757465,flooding,74A,8,ABF36E13ABDBE4EE,ATTACK controlled flooding,flooding_or_randomized_traffic,,ATTACK controlled flooding
1780532529.032963,9.759593,flooding,526,8,BB15090D4E4D9540,ATTACK controlled flooding,flooding_or_randomized_traffic,,ATTACK controlled flooding
1780532529.035101,9.761732,flooding,2D6,8,12317E03A4B2E53E,ATTACK controlled flooding,flooding_or_randomized_traffic,,ATTACK controlled flooding
1780532529.037244,9.763875,flooding,F2,8,422BEEBCC4193617,ATTACK controlled flooding,flooding_or_randomized_traffic,,ATTACK controlled flooding
1780532529.039423,9.766054,flooding,280,8,AA96485EBCBFC1F5,ATTACK controlled flooding,flooding_or_randomized_traffic,,ATTACK controlled flooding
1780532529.041557,9.768188,flooding,17B,8,FDA0012A665A637E,ATTACK controlled flooding,flooding_or_randomized_traffic,,ATTACK controlled flooding
1780532529.043674,9.770305,flooding,98,8,7960E5F7FC4B4E07,ATTACK controlled flooding,flooding_or_randomized_traffic,,ATTACK controlled flooding
1780532529.045796,9.772427,flooding,4A1,8,A5087CFA58FD9030,ATTACK controlled flooding,flooding_or_randomized_traffic,,ATTACK controlled flooding
1780532529.047925,9.774556,flooding,6C9,8,EDDE067DC029485A,ATTACK controlled flooding,flooding_or_randomized_traffic,,ATTACK controlled flooding
1780532529.050064,9.776695,flooding,671,8,6945BDBDF9D60AD3,ATTACK controlled flooding,flooding_or_randomized_traffic,,ATTACK controlled flooding
1780532529.052212,9.778843,flooding,6D4,8,AB3B01341719E3F7,ATTACK controlled flooding,flooding_or_randomized_traffic,,ATTACK controlled flooding
1780532529.054342,9.780973,flooding,460,8,DB0B913692AA5DDB,ATTACK controlled flooding,flooding_or_randomized_traffic,,ATTACK controlled flooding
1780532529.056552,9.783183,flooding,5BD,8,3991C2A0B22E6728,ATTACK controlled flooding,flooding_or_randomized_traffic,,ATTACK controlled flooding
1780532529.058680,9.785311,flooding,467,8,3CE04D2BEAC19D24,ATTACK controlled flooding,flooding_or_randomized_traffic,,ATTACK controlled flooding
1780532529.060818,9.787449,flooding,247,8,6FB8506F2830C689,ATTACK controlled flooding,flooding_or_randomized_traffic,,ATTACK controlled flooding
1780532529.062951,9.789582,flooding,142,8,75C01F22E2231C7C,ATTACK controlled flooding,flooding_or_randomized_traffic,,ATTACK controlled flooding
1780532529.065080,9.791711,flooding,69,8,CA15A340F47CDA31,ATTACK controlled flooding,flooding_or_randomized_traffic,,ATTACK controlled flooding
1780532529.067213,9.793844,flooding,173,8,4B2ABE3E9D84607F,ATTACK controlled flooding,flooding_or_randomized_traffic,,ATTACK controlled flooding
1780532529.069407,9.796038,flooding,180,8,E0763B8D02FEC374,ATTACK controlled flooding,flooding_or_randomized_traffic,,ATTACK controlled flooding
1780532529.071539,9.798170,flooding,154,8,55D4FF39AFFD6598,ATTACK controlled flooding,flooding_or_randomized_traffic,,ATTACK controlled flooding
1780532529.073666,9.800297,flooding,24E,8,4D1692675003BB25,ATTACK controlled flooding,flooding_or_randomized_traffic,,ATTACK controlled flooding
1780532529.075790,9.802421,flooding,496,8,9BA47AF8401C6373,ATTACK controlled flooding,flooding_or_randomized_traffic,,ATTACK controlled flooding
1780532529.077924,9.804555,flooding,6DA,8,55B1CD2EA36EF0B3,ATTACK controlled flooding,flooding_or_randomized_traffic,,ATTACK controlled flooding
1780532529.080086,9.806717,flooding,2C1,8,F6FFB7289616578C,ATTACK controlled flooding,flooding_or_randomized_traffic,,ATTACK controlled flooding
1780532529.082234,9.808865,flooding,1EA,8,A5458D44EE73B58C,ATTACK controlled flooding,flooding_or_randomized_traffic,,ATTACK controlled flooding
1780532529.084419,9.811050,flooding,385,8,BB4F322BB3DBEED6,ATTACK controlled flooding,flooding_or_randomized_traffic,,ATTACK controlled flooding
1780532529.086561,9.813192,flooding,F8,8,9BAEC5E563E8115E,ATTACK controlled flooding,flooding_or_randomized_traffic,,ATTACK controlled flooding
1780532529.088691,9.815322,flooding,685,8,91A8260292DDFBDE,ATTACK controlled flooding,flooding_or_randomized_traffic,,ATTACK controlled flooding
1780532529.090822,9.817453,flooding,5F5,8,B231F11A4F31D8CC,ATTACK controlled flooding,flooding_or_randomized_traffic,,ATTACK controlled flooding
1780532529.092959,9.819590,flooding,441,8,A08B4DC20129A2ED,ATTACK controlled flooding,flooding_or_randomized_traffic,,ATTACK controlled flooding
1780532529.095101,9.821732,flooding,1A7,8,C1F57FFE36ED67CF,ATTACK controlled flooding,flooding_or_randomized_traffic,,ATTACK controlled flooding
1780532529.097230,9.823861,flooding,466,8,4355DD729BCB71F8,ATTACK controlled flooding,flooding_or_randomized_traffic,,ATTACK controlled flooding
1780532529.099416,9.826046,flooding,6D7,8,B902C944410DD783,ATTACK controlled flooding,flooding_or_randomized_traffic,,ATTACK controlled flooding
1780532529.101550,9.828181,flooding,59A,8,481C34E307CCF9B4,ATTACK controlled flooding,flooding_or_randomized_traffic,,ATTACK controlled flooding
1780532529.103705,9.830336,flooding,207,8,BD09464158B0DB4C,ATTACK controlled flooding,flooding_or_randomized_traffic,,ATTACK controlled flooding
1780532529.105840,9.832471,flooding,633,8,5AA6383ED9252E91,ATTACK controlled flooding,flooding_or_randomized_traffic,,ATTACK controlled flooding
1780532529.107987,9.834618,flooding,1BF,8,0B10D56EA900A8AD,ATTACK controlled flooding,flooding_or_randomized_traffic,,ATTACK controlled flooding
1780532529.110138,9.836769,flooding,726,8,A66586ECF149B268,ATTACK controlled flooding,flooding_or_randomized_traffic,,ATTACK controlled flooding
1780532529.112261,9.838892,flooding,427,8,C1E40841D538CAD9,ATTACK controlled flooding,flooding_or_randomized_traffic,,ATTACK controlled flooding
1780532529.114465,9.841096,flooding,1C,8,34B260E048A3DD3C,ATTACK controlled flooding,flooding_or_randomized_traffic,,ATTACK controlled flooding
1780532529.116648,9.843279,flooding,121,8,93EAA3488BECB350,ATTACK controlled flooding,flooding_or_randomized_traffic,,ATTACK controlled flooding
1780532529.118779,9.845410,flooding,114,8,8DB343B543F2AE85,ATTACK controlled flooding,flooding_or_randomized_traffic,,ATTACK controlled flooding
1780532529.120899,9.847530,flooding,DA,8,09F47F78B4B0C41B,ATTACK controlled flooding,flooding_or_randomized_traffic,,ATTACK controlled flooding
1780532529.123014,9.849645,flooding,3B,8,062EB027B1A257B8,ATTACK controlled flooding,flooding_or_randomized_traffic,,ATTACK controlled flooding
1780532529.125135,9.851766,flooding,6C1,8,FCE339E0CBBCF824,ATTACK controlled flooding,flooding_or_randomized_traffic,,ATTACK controlled flooding
1780532529.127265,9.853896,flooding,1F1,8,365A5C94306E0565,ATTACK controlled flooding,flooding_or_randomized_traffic,,ATTACK controlled flooding
1780532529.129403,9.856034,flooding,387,8,5260ECB9C66AEA0B,ATTACK controlled flooding,flooding_or_randomized_traffic,,ATTACK controlled flooding
1780532529.131538,9.858169,flooding,18B,8,1BB07247D3E48D92,ATTACK controlled flooding,flooding_or_randomized_traffic,,ATTACK controlled flooding
1780532529.133676,9.860307,flooding,61C,8,B642E03EE3DE4C9D,ATTACK controlled flooding,flooding_or_randomized_traffic,,ATTACK controlled flooding
1780532529.135809,9.862440,flooding,201,8,F462963AC55E1AE8,ATTACK controlled flooding,flooding_or_randomized_traffic,,ATTACK controlled flooding
1780532529.137954,9.864584,flooding,4B6,8,3CF01B1C26C3948A,ATTACK controlled flooding,flooding_or_randomized_traffic,,ATTACK controlled flooding
1780532529.140100,9.866730,flooding,2EA,8,029A43DF19001FD7,ATTACK controlled flooding,flooding_or_randomized_traffic,,ATTACK controlled flooding
1780532529.142252,9.868883,flooding,763,8,785A65F9A9539FFA,ATTACK controlled flooding,flooding_or_randomized_traffic,,ATTACK controlled flooding
1780532529.144409,9.871040,flooding,430,8,3F56777153ED5E95,ATTACK controlled flooding,flooding_or_randomized_traffic,,ATTACK controlled flooding
1780532529.146656,9.873287,flooding,429,8,F7D304F4AEB26C12,ATTACK controlled flooding,flooding_or_randomized_traffic,,ATTACK controlled flooding
1780532529.148807,9.875438,flooding,556,8,98919646735FA97F,ATTACK controlled flooding,flooding_or_randomized_traffic,,ATTACK controlled flooding
1780532529.150950,9.877581,flooding,440,8,B705E881B2901D48,ATTACK controlled flooding,flooding_or_randomized_traffic,,ATTACK controlled flooding
1780532529.153080,9.879711,flooding,479,8,EF0DE60B3DC42C2F,ATTACK controlled flooding,flooding_or_randomized_traffic,,ATTACK controlled flooding
1780532529.155213,9.881844,flooding,29E,8,E99015D233456C5D,ATTACK controlled flooding,flooding_or_randomized_traffic,,ATTACK controlled flooding
1780532529.157344,9.883975,flooding,4D8,8,879F6F7ABA1867A1,ATTACK controlled flooding,flooding_or_randomized_traffic,,ATTACK controlled flooding
1780532529.159545,9.886176,flooding,7C1,8,EDF14B5A6260B613,ATTACK controlled flooding,flooding_or_randomized_traffic,,ATTACK controlled flooding
1780532529.161676,9.888307,flooding,1A7,8,F1BB19F1021DA0E8,ATTACK controlled flooding,flooding_or_randomized_traffic,,ATTACK controlled flooding
1780532529.163809,9.890440,flooding,601,8,7F128CFD28904607,ATTACK controlled flooding,flooding_or_randomized_traffic,,ATTACK controlled flooding
1780532529.165948,9.892579,flooding,6,8,9E405077AD378D3F,ATTACK controlled flooding,flooding_or_randomized_traffic,,ATTACK controlled flooding
1780532529.168093,9.894724,flooding,36C,8,EADB95E02996F416,ATTACK controlled flooding,flooding_or_randomized_traffic,,ATTACK controlled flooding
1780532529.170248,9.896879,flooding,57B,8,D7C2917D8D7FA103,ATTACK controlled flooding,flooding_or_randomized_traffic,,ATTACK controlled flooding
1780532529.172437,9.899068,flooding,481,8,0AC3E7F02FE4D0A1,ATTACK controlled flooding,flooding_or_randomized_traffic,,ATTACK controlled flooding
1780532529.174572,9.901203,flooding,1,8,E3E6F135C06F1991,ATTACK controlled flooding,flooding_or_randomized_traffic,,ATTACK controlled flooding
1780532529.176692,9.903322,flooding,3D4,8,C6EBA4F422FD3C91,ATTACK controlled flooding,flooding_or_randomized_traffic,,ATTACK controlled flooding
1780532529.178825,9.905456,flooding,749,8,3D6DA1AD69AF2896,ATTACK controlled flooding,flooding_or_randomized_traffic,,ATTACK controlled flooding
1780532529.181012,9.907643,flooding,4C7,8,154E8A923B4B7E61,ATTACK controlled flooding,flooding_or_randomized_traffic,,ATTACK controlled flooding
1780532529.183160,9.909791,flooding,619,8,0CDEEC2A0171730D,ATTACK controlled flooding,flooding_or_randomized_traffic,,ATTACK controlled flooding
1780532529.185289,9.911920,flooding,225,8,55F4AA0C5F088606,ATTACK controlled flooding,flooding_or_randomized_traffic,,ATTACK controlled flooding
1780532529.187416,9.914047,flooding,86,8,670AE93F695CC516,ATTACK controlled flooding,flooding_or_randomized_traffic,,ATTACK controlled flooding
1780532529.189551,9.916182,flooding,4B0,8,F9A2BE6E9CA8E8C2,ATTACK controlled flooding,flooding_or_randomized_traffic,,ATTACK controlled flooding
1780532529.191682,9.918313,flooding,514,8,8FA4C0076A4694C9,ATTACK controlled flooding,flooding_or_randomized_traffic,,ATTACK controlled flooding
1780532529.193815,9.920445,flooding,AD,8,3FCF905A4B82D56E,ATTACK controlled flooding,flooding_or_randomized_traffic,,ATTACK controlled flooding
1780532529.195950,9.922581,flooding,731,8,CC6FF3B8491443E5,ATTACK controlled flooding,flooding_or_randomized_traffic,,ATTACK controlled flooding
1780532529.198070,9.924701,flooding,97,8,4626F9C41E89FC3B,ATTACK controlled flooding,flooding_or_randomized_traffic,,ATTACK controlled flooding
1780532529.200199,9.926830,flooding,3F5,8,1671B3C87CC7C22D,ATTACK controlled flooding,flooding_or_randomized_traffic,,ATTACK controlled flooding
1780532529.202329,9.928960,flooding,6E9,8,E157A595CA80BF9F,ATTACK controlled flooding,flooding_or_randomized_traffic,,ATTACK controlled flooding
1780532529.204530,9.931161,flooding,6A7,8,C6ECA329E2B2F5B9,ATTACK controlled flooding,flooding_or_randomized_traffic,,ATTACK controlled flooding
1780532529.206666,9.933297,flooding,51F,8,A043E105A6919645,ATTACK controlled flooding,flooding_or_randomized_traffic,,ATTACK controlled flooding
1780532529.208800,9.935431,flooding,2C9,8,E452701EC72BBBF7,ATTACK controlled flooding,flooding_or_randomized_traffic,,ATTACK controlled flooding
1780532529.210927,9.937558,flooding,327,8,900F763F5D617E3D,ATTACK controlled flooding,flooding_or_randomized_traffic,,ATTACK controlled flooding
1780532529.213058,9.939689,flooding,4E1,8,50C502569A3C2AC1,ATTACK controlled flooding,flooding_or_randomized_traffic,,ATTACK controlled flooding
1780532529.215188,9.941819,flooding,4AC,8,CE74AB0336BDB6D0,ATTACK controlled flooding,flooding_or_randomized_traffic,,ATTACK controlled flooding
1780532529.217573,9.944204,flooding,72,8,9DEB2BDF55C0B4BA,ATTACK controlled flooding,flooding_or_randomized_traffic,,ATTACK controlled flooding
1780532529.219796,9.946427,flooding,1B7,8,D599E05E3E6B4D29,ATTACK controlled flooding,flooding_or_randomized_traffic,,ATTACK controlled flooding
1780532529.221936,9.948566,flooding,68,8,CBD84B71E687D90A,ATTACK controlled flooding,flooding_or_randomized_traffic,,ATTACK controlled flooding
1780532529.224073,9.950704,flooding,426,8,47F9BF02DEB0F27D,ATTACK controlled flooding,flooding_or_randomized_traffic,,ATTACK controlled flooding
1780532529.226239,9.952870,flooding,183,8,015620B4F58337B3,ATTACK controlled flooding,flooding_or_randomized_traffic,,ATTACK controlled flooding
1780532529.228385,9.955016,flooding,220,8,53234B31A8007B55,ATTACK controlled flooding,flooding_or_randomized_traffic,,ATTACK controlled flooding
1780532529.230530,9.957161,flooding,19A,8,4667928A66D13FA9,ATTACK controlled flooding,flooding_or_randomized_traffic,,ATTACK controlled flooding
1780532529.232672,9.959303,flooding,56E,8,16CE7D2D39A2DE18,ATTACK controlled flooding,flooding_or_randomized_traffic,,ATTACK controlled flooding
1780532529.234817,9.961448,flooding,1EB,8,B16F0CD98A3776A1,ATTACK controlled flooding,flooding_or_randomized_traffic,,ATTACK controlled flooding
1780532529.236978,9.963609,flooding,3C1,8,7AC47F1FB47A186C,ATTACK controlled flooding,flooding_or_randomized_traffic,,ATTACK controlled flooding
1780532529.239113,9.965744,flooding,799,8,58D01938A4D431F6,ATTACK controlled flooding,flooding_or_randomized_traffic,,ATTACK controlled flooding
1780532529.241241,9.967872,flooding,183,8,5ACDE0719B27AAAF,ATTACK controlled flooding,flooding_or_randomized_traffic,,ATTACK controlled flooding
1780532529.243433,9.970064,flooding,7E9,8,FBD5F9A6C5B50C7D,ATTACK controlled flooding,flooding_or_randomized_traffic,,ATTACK controlled flooding
1780532529.245687,9.972318,flooding,134,8,824F5D1E14115152,ATTACK controlled flooding,flooding_or_randomized_traffic,,ATTACK controlled flooding
1780532529.247878,9.974509,flooding,3A2,8,CCCECF179106E2CA,ATTACK controlled flooding,flooding_or_randomized_traffic,,ATTACK controlled flooding
1780532529.250034,9.976665,flooding,583,8,F902A4D20119F316,ATTACK controlled flooding,flooding_or_randomized_traffic,,ATTACK controlled flooding
1780532529.252197,9.978828,flooding,66D,8,A9C7B87719CFB067,ATTACK controlled flooding,flooding_or_randomized_traffic,,ATTACK controlled flooding
1780532529.254344,9.980975,flooding,C6,8,B7A2F7170AFD3A5C,ATTACK controlled flooding,flooding_or_randomized_traffic,,ATTACK controlled flooding
1780532529.256543,9.983174,flooding,216,8,17FB8714CC767C0A,ATTACK controlled flooding,flooding_or_randomized_traffic,,ATTACK controlled flooding
1780532529.258682,9.985313,flooding,50A,8,E6BD6445B1BDA676,ATTACK controlled flooding,flooding_or_randomized_traffic,,ATTACK controlled flooding
1780532529.260832,9.987463,flooding,C4,8,D894DE6CD7049C2B,ATTACK controlled flooding,flooding_or_randomized_traffic,,ATTACK controlled flooding
1780532529.262964,9.989594,flooding,7E2,8,09908CCE4E38F6F3,ATTACK controlled flooding,flooding_or_randomized_traffic,,ATTACK controlled flooding
1780532529.265094,9.991725,flooding,2A8,8,431CDC05EBA88EC9,ATTACK controlled flooding,flooding_or_randomized_traffic,,ATTACK controlled flooding
1780532529.267222,9.993853,flooding,27D,8,23842A02DA4F931D,ATTACK controlled flooding,flooding_or_randomized_traffic,,ATTACK controlled flooding
1780532529.269393,9.996024,flooding,66F,8,AF19C0FF7EDBA679,ATTACK controlled flooding,flooding_or_randomized_traffic,,ATTACK controlled flooding
1780532529.271545,9.998176,flooding,586,8,0D43B7EC8F9EF681,ATTACK controlled flooding,flooding_or_randomized_traffic,,ATTACK controlled flooding
1780532529.273684,10.000315,flooding,535,8,661C27E07124E1F1,ATTACK controlled flooding,flooding_or_randomized_traffic,,ATTACK controlled flooding
1780532529.275817,10.002448,flooding,475,8,CC87305090EC7131,ATTACK controlled flooding,flooding_or_randomized_traffic,,ATTACK controlled flooding
1780532529.278107,10.004738,flooding,4F1,8,45867FFBB3DF71F4,ATTACK controlled flooding,flooding_or_randomized_traffic,,ATTACK controlled flooding
1780532529.280274,10.006905,flooding,74C,8,A37292A17E69C5E0,ATTACK controlled flooding,flooding_or_randomized_traffic,,ATTACK controlled flooding
1780532529.282423,10.009053,flooding,5B2,8,AF230C48FDA42B2F,ATTACK controlled flooding,flooding_or_randomized_traffic,,ATTACK controlled flooding
1780532529.284560,10.011191,flooding,9B,8,3A9D03172FCD4F04,ATTACK controlled flooding,flooding_or_randomized_traffic,,ATTACK controlled flooding
1780532529.286711,10.013341,flooding,722,8,DCEAA5D2192D8F9C,ATTACK controlled flooding,flooding_or_randomized_traffic,,ATTACK controlled flooding
1780532529.288845,10.015476,flooding,270,8,AD30F0D417770DA2,ATTACK controlled flooding,flooding_or_randomized_traffic,,ATTACK controlled flooding
1780532529.290980,10.017611,flooding,ED,8,41B1900239754135,ATTACK controlled flooding,flooding_or_randomized_traffic,,ATTACK controlled flooding
1780532529.293111,10.019742,flooding,22E,8,5EFC316349C89E0E,ATTACK controlled flooding,flooding_or_randomized_traffic,,ATTACK controlled flooding
1780532529.295242,10.021873,flooding,383,8,B82328CEA087DF95,ATTACK controlled flooding,flooding_or_randomized_traffic,,ATTACK controlled flooding
1780532529.297410,10.024041,flooding,3FA,8,87F36D9040DFD97B,ATTACK controlled flooding,flooding_or_randomized_traffic,,ATTACK controlled flooding
1780532529.299547,10.026178,flooding,FD,8,4A8A736CA9900F6D,ATTACK controlled flooding,flooding_or_randomized_traffic,,ATTACK controlled flooding
1780532529.301677,10.028308,flooding,6C,8,1DEDD8D847A9F04B,ATTACK controlled flooding,flooding_or_randomized_traffic,,ATTACK controlled flooding
1780532529.303821,10.030452,flooding,95,8,B163AE4CDA0FBFA0,ATTACK controlled flooding,flooding_or_randomized_traffic,,ATTACK controlled flooding
1780532529.305955,10.032586,flooding,1B8,8,4092DB154CFD732A,ATTACK controlled flooding,flooding_or_randomized_traffic,,ATTACK controlled flooding
1780532529.308082,10.034713,flooding,3A1,8,84A492FC31057949,ATTACK controlled flooding,flooding_or_randomized_traffic,,ATTACK controlled flooding
1780532529.310231,10.036862,flooding,695,8,3A06562EE5959183,ATTACK controlled flooding,flooding_or_randomized_traffic,,ATTACK controlled flooding
1780532529.312385,10.039016,flooding,787,8,DABB4E0C2589E916,ATTACK controlled flooding,flooding_or_randomized_traffic,,ATTACK controlled flooding
1780532529.314577,10.041208,flooding,458,8,F4683C82D5725085,ATTACK controlled flooding,flooding_or_randomized_traffic,,ATTACK controlled flooding
1780532529.316803,10.043434,flooding,2B1,8,163252EDFC866096,ATTACK controlled flooding,flooding_or_randomized_traffic,,ATTACK controlled flooding
1780532529.318945,10.045576,flooding,592,8,F1F5C3781DD026E0,ATTACK controlled flooding,flooding_or_randomized_traffic,,ATTACK controlled flooding
1780532529.321080,10.047711,flooding,56E,8,67FAB4907365A354,ATTACK controlled flooding,flooding_or_randomized_traffic,,ATTACK controlled flooding
1780532529.323220,10.049850,flooding,85,8,1D09BBAD30ABFE3B,ATTACK controlled flooding,flooding_or_randomized_traffic,,ATTACK controlled flooding
1780532529.325368,10.051999,flooding,6B7,8,5E9F440F280BBD98,ATTACK controlled flooding,flooding_or_randomized_traffic,,ATTACK controlled flooding
1780532529.327598,10.054229,flooding,25A,8,E9A3E13B77B75B87,ATTACK controlled flooding,flooding_or_randomized_traffic,,ATTACK controlled flooding
1780532529.329917,10.056548,flooding,7C,8,6349CBAB6AF532ED,ATTACK controlled flooding,flooding_or_randomized_traffic,,ATTACK controlled flooding
1780532529.332076,10.058707,flooding,7FC,8,D1C25037EA6A69BD,ATTACK controlled flooding,flooding_or_randomized_traffic,,ATTACK controlled flooding
1780532529.334198,10.060829,flooding,508,8,12EC7A3E99D073FD,ATTACK controlled flooding,flooding_or_randomized_traffic,,ATTACK controlled flooding
1780532529.336323,10.062954,flooding,7E5,8,17AD37F49A271028,ATTACK controlled flooding,flooding_or_randomized_traffic,,ATTACK controlled flooding
1780532529.338451,10.065082,flooding,7D4,8,DC05566E2A396C7C,ATTACK controlled flooding,flooding_or_randomized_traffic,,ATTACK controlled flooding
1780532529.340610,10.067241,flooding,38,8,AE3135AACB1AF7D5,ATTACK controlled flooding,flooding_or_randomized_traffic,,ATTACK controlled flooding
1780532529.342738,10.069369,flooding,1F4,8,065C967DCB530040,ATTACK controlled flooding,flooding_or_randomized_traffic,,ATTACK controlled flooding
1780532529.344863,10.071494,flooding,654,8,E4ABFD958BC07CE7,ATTACK controlled flooding,flooding_or_randomized_traffic,,ATTACK controlled flooding
1780532529.347004,10.073635,flooding,5DD,8,9D2B83F7BB62A2DA,ATTACK controlled flooding,flooding_or_randomized_traffic,,ATTACK controlled flooding
1780532529.349148,10.075778,flooding,5BC,8,CB7DDDB97782A2FB,ATTACK controlled flooding,flooding_or_randomized_traffic,,ATTACK controlled flooding
1780532529.351288,10.077919,flooding,56C,8,83E3BF9E94EC5DB3,ATTACK controlled flooding,flooding_or_randomized_traffic,,ATTACK controlled flooding
1780532529.353446,10.080076,flooding,7F9,8,A64149232E30A87D,ATTACK controlled flooding,flooding_or_randomized_traffic,,ATTACK controlled flooding
1780532529.355575,10.082206,flooding,3A7,8,E01894766D210E9A,ATTACK controlled flooding,flooding_or_randomized_traffic,,ATTACK controlled flooding
1780532529.357704,10.084335,flooding,2B8,8,C14FCB7717A227BF,ATTACK controlled flooding,flooding_or_randomized_traffic,,ATTACK controlled flooding
1780532529.359833,10.086464,flooding,2FB,8,80D95B16D5826A27,ATTACK controlled flooding,flooding_or_randomized_traffic,,ATTACK controlled flooding
1780532529.361966,10.088597,flooding,5B5,8,5AD32E4A01C477AD,ATTACK controlled flooding,flooding_or_randomized_traffic,,ATTACK controlled flooding
1780532529.364092,10.090723,flooding,451,8,9FA327F5BA6DD872,ATTACK controlled flooding,flooding_or_randomized_traffic,,ATTACK controlled flooding
1780532529.366222,10.092853,flooding,28F,8,9A1B85ECAA3650BC,ATTACK controlled flooding,flooding_or_randomized_traffic,,ATTACK controlled flooding
1780532529.368364,10.094995,flooding,704,8,AAC71DD38D0CBF61,ATTACK controlled flooding,flooding_or_randomized_traffic,,ATTACK controlled flooding
1780532529.370531,10.097162,flooding,571,8,8783DBCAF936D93F,ATTACK controlled flooding,flooding_or_randomized_traffic,,ATTACK controlled flooding
1780532529.372688,10.099319,flooding,A0,8,A2C3430360EB5B34,ATTACK controlled flooding,flooding_or_randomized_traffic,,ATTACK controlled flooding
1780532529.374823,10.101454,flooding,63F,8,1F728ABA3A114244,ATTACK controlled flooding,flooding_or_randomized_traffic,,ATTACK controlled flooding
1780532529.376953,10.103584,flooding,215,8,BA7D8BC34F374DFA,ATTACK controlled flooding,flooding_or_randomized_traffic,,ATTACK controlled flooding
1780532529.379078,10.105709,flooding,7A7,8,F3BB7836F3E4872F,ATTACK controlled flooding,flooding_or_randomized_traffic,,ATTACK controlled flooding
1780532529.381217,10.107848,flooding,35,8,AB5BA145614634FD,ATTACK controlled flooding,flooding_or_randomized_traffic,,ATTACK controlled flooding
1780532529.383336,10.109967,flooding,5E5,8,4E1C9132C16B8D9B,ATTACK controlled flooding,flooding_or_randomized_traffic,,ATTACK controlled flooding
1780532529.385480,10.112111,flooding,3FE,8,D382CEF685268891,ATTACK controlled flooding,flooding_or_randomized_traffic,,ATTACK controlled flooding
1780532529.387626,10.114257,flooding,5F1,8,53EEC929F99FF034,ATTACK controlled flooding,flooding_or_randomized_traffic,,ATTACK controlled flooding
1780532529.389760,10.116390,flooding,6A5,8,ED7837C7224E31BF,ATTACK controlled flooding,flooding_or_randomized_traffic,,ATTACK controlled flooding
1780532529.391885,10.118516,flooding,6DE,8,642F1502E67F58A8,ATTACK controlled flooding,flooding_or_randomized_traffic,,ATTACK controlled flooding
1780532529.394010,10.120641,flooding,65A,8,26A3191C8A8C19C9,ATTACK controlled flooding,flooding_or_randomized_traffic,,ATTACK controlled flooding
1780532529.396140,10.122771,flooding,1C4,8,E9022E03D423E47A,ATTACK controlled flooding,flooding_or_randomized_traffic,,ATTACK controlled flooding
1780532529.398265,10.124896,flooding,799,8,BEB4D60FE233C9ED,ATTACK controlled flooding,flooding_or_randomized_traffic,,ATTACK controlled flooding
1780532529.400422,10.127053,flooding,511,8,7AABD3523FBACE76,ATTACK controlled flooding,flooding_or_randomized_traffic,,ATTACK controlled flooding
1780532529.402570,10.129201,flooding,111,8,1577FAEE09776A75,ATTACK controlled flooding,flooding_or_randomized_traffic,,ATTACK controlled flooding
1780532529.404725,10.131356,flooding,CF,8,6D749AFD8D9A2CD1,ATTACK controlled flooding,flooding_or_randomized_traffic,,ATTACK controlled flooding
1780532529.406863,10.133494,flooding,67E,8,0E04BFC6EDB473B5,ATTACK controlled flooding,flooding_or_randomized_traffic,,ATTACK controlled flooding
1780532529.409001,10.135632,flooding,29C,8,F9D9E6A869BE64EF,ATTACK controlled flooding,flooding_or_randomized_traffic,,ATTACK controlled flooding
1780532529.411129,10.137760,flooding,66E,8,6C746F7B7BC75CC8,ATTACK controlled flooding,flooding_or_randomized_traffic,,ATTACK controlled flooding
1780532529.413255,10.139886,flooding,2C0,8,391AAB5040BE04D6,ATTACK controlled flooding,flooding_or_randomized_traffic,,ATTACK controlled flooding
1780532529.415440,10.142071,flooding,246,8,167CCDAC04FFC98C,ATTACK controlled flooding,flooding_or_randomized_traffic,,ATTACK controlled flooding
1780532529.417591,10.144222,flooding,7BD,8,927101FBF11A8BEA,ATTACK controlled flooding,flooding_or_randomized_traffic,,ATTACK controlled flooding
1780532529.419724,10.146355,flooding,1EE,8,2943203C7E9C5E9A,ATTACK controlled flooding,flooding_or_randomized_traffic,,ATTACK controlled flooding
1780532529.421880,10.148511,flooding,4FB,8,E2567235564BA43C,ATTACK controlled flooding,flooding_or_randomized_traffic,,ATTACK controlled flooding
1780532529.424051,10.150682,flooding,6C7,8,5C09FB423702D443,ATTACK controlled flooding,flooding_or_randomized_traffic,,ATTACK controlled flooding
1780532529.426218,10.152848,flooding,121,8,E2AED594E74F463A,ATTACK controlled flooding,flooding_or_randomized_traffic,,ATTACK controlled flooding
1780532529.428419,10.155050,flooding,799,8,EDE2124C7FC5ECE3,ATTACK controlled flooding,flooding_or_randomized_traffic,,ATTACK controlled flooding
1780532529.430582,10.157213,flooding,455,8,AB58890CF540365E,ATTACK controlled flooding,flooding_or_randomized_traffic,,ATTACK controlled flooding
1780532529.432739,10.159370,flooding,786,8,CC4728BC36CE53C2,ATTACK controlled flooding,flooding_or_randomized_traffic,,ATTACK controlled flooding
1780532529.434890,10.161521,flooding,7C0,8,2D1144195BB67D0A,ATTACK controlled flooding,flooding_or_randomized_traffic,,ATTACK controlled flooding
1780532529.437029,10.163660,flooding,77B,8,E4E2C5953B2173B3,ATTACK controlled flooding,flooding_or_randomized_traffic,,ATTACK controlled flooding
1780532529.439192,10.165823,flooding,408,8,C5BD10C6D92B3CBC,ATTACK controlled flooding,flooding_or_randomized_traffic,,ATTACK controlled flooding
1780532529.441342,10.167973,flooding,1F,8,F7493315908D8A30,ATTACK controlled flooding,flooding_or_randomized_traffic,,ATTACK controlled flooding
1780532529.443539,10.170170,flooding,8E,8,441BA3DA5BC83A3E,ATTACK controlled flooding,flooding_or_randomized_traffic,,ATTACK controlled flooding
1780532529.445701,10.172332,flooding,7CE,8,022244D31B3614FD,ATTACK controlled flooding,flooding_or_randomized_traffic,,ATTACK controlled flooding
1780532529.447854,10.174485,flooding,559,8,F514C0DAB0521AC2,ATTACK controlled flooding,flooding_or_randomized_traffic,,ATTACK controlled flooding
1780532529.449990,10.176621,flooding,516,8,57F068F7812E49E0,ATTACK controlled flooding,flooding_or_randomized_traffic,,ATTACK controlled flooding
1780532529.452151,10.178782,flooding,C6,8,6711E98914365AA2,ATTACK controlled flooding,flooding_or_randomized_traffic,,ATTACK controlled flooding
1780532529.454305,10.180936,flooding,19E,8,0D1A5D0CF39CFA23,ATTACK controlled flooding,flooding_or_randomized_traffic,,ATTACK controlled flooding
1780532529.456441,10.183072,flooding,5BF,8,41263B1E91495736,ATTACK controlled flooding,flooding_or_randomized_traffic,,ATTACK controlled flooding
1780532529.458583,10.185214,flooding,3B7,8,960B79E3A18522CD,ATTACK controlled flooding,flooding_or_randomized_traffic,,ATTACK controlled flooding
1780532529.460728,10.187359,flooding,E0,8,E7C78F0DEB4D9826,ATTACK controlled flooding,flooding_or_randomized_traffic,,ATTACK controlled flooding
1780532529.462878,10.189509,flooding,1CE,8,A97EAD533913C948,ATTACK controlled flooding,flooding_or_randomized_traffic,,ATTACK controlled flooding
1780532529.465034,10.191664,flooding,A0,8,E6CF307DCBF84D4C,ATTACK controlled flooding,flooding_or_randomized_traffic,,ATTACK controlled flooding
1780532529.467180,10.193811,flooding,73B,8,EDD1E304872DB537,ATTACK controlled flooding,flooding_or_randomized_traffic,,ATTACK controlled flooding
1780532529.469404,10.196035,flooding,13B,8,BBF92A175FDE0CF1,ATTACK controlled flooding,flooding_or_randomized_traffic,,ATTACK controlled flooding
1780532529.471562,10.198193,flooding,132,8,583356CB586DA722,ATTACK controlled flooding,flooding_or_randomized_traffic,,ATTACK controlled flooding
1780532529.473718,10.200349,flooding,F1,8,377C9A168D9D972F,ATTACK controlled flooding,flooding_or_randomized_traffic,,ATTACK controlled flooding
1780532529.475882,10.202513,flooding,A5,8,B2346A93D017B96D,ATTACK controlled flooding,flooding_or_randomized_traffic,,ATTACK controlled flooding
1780532529.478028,10.204659,flooding,728,8,79DF7837170D10F5,ATTACK controlled flooding,flooding_or_randomized_traffic,,ATTACK controlled flooding
1780532529.480182,10.206813,flooding,5AD,8,836930F48F703C7A,ATTACK controlled flooding,flooding_or_randomized_traffic,,ATTACK controlled flooding
1780532529.482421,10.209052,flooding,3E4,8,D2743461329E97AF,ATTACK controlled flooding,flooding_or_randomized_traffic,,ATTACK controlled flooding
1780532529.484575,10.211206,flooding,5A7,8,C8DBC949FC20B949,ATTACK controlled flooding,flooding_or_randomized_traffic,,ATTACK controlled flooding
1780532529.486722,10.213353,flooding,2FB,8,95F44F6771103654,ATTACK controlled flooding,flooding_or_randomized_traffic,,ATTACK controlled flooding
1780532529.488881,10.215512,flooding,44F,8,5E4C087B79DFDD02,ATTACK controlled flooding,flooding_or_randomized_traffic,,ATTACK controlled flooding
1780532529.491049,10.217680,flooding,346,8,D54ACD4EC6864381,ATTACK controlled flooding,flooding_or_randomized_traffic,,ATTACK controlled flooding
1780532529.493225,10.219856,flooding,38F,8,B8F60D7E72269C92,ATTACK controlled flooding,flooding_or_randomized_traffic,,ATTACK controlled flooding
1780532529.495445,10.222076,flooding,727,8,E1198FCD3B304C3E,ATTACK controlled flooding,flooding_or_randomized_traffic,,ATTACK controlled flooding
1780532529.497766,10.224396,flooding,763,8,09157049B98A441E,ATTACK controlled flooding,flooding_or_randomized_traffic,,ATTACK controlled flooding
1780532529.499897,10.226528,flooding,3BC,8,EC084B4955EDF936,ATTACK controlled flooding,flooding_or_randomized_traffic,,ATTACK controlled flooding
1780532529.502033,10.228664,flooding,610,8,02CD440F935B60CD,ATTACK controlled flooding,flooding_or_randomized_traffic,,ATTACK controlled flooding
1780532529.504170,10.230801,flooding,3CC,8,6C54E227A3940501,ATTACK controlled flooding,flooding_or_randomized_traffic,,ATTACK controlled flooding
1780532529.506320,10.232950,flooding,52,8,B2B550AD66D45815,ATTACK controlled flooding,flooding_or_randomized_traffic,,ATTACK controlled flooding
1780532529.508602,10.235233,flooding,6D0,8,6719AC89DB69E5D2,ATTACK controlled flooding,flooding_or_randomized_traffic,,ATTACK controlled flooding
1780532529.510747,10.237378,flooding,312,8,4B468106B5398382,ATTACK controlled flooding,flooding_or_randomized_traffic,,ATTACK controlled flooding
1780532529.512879,10.239510,flooding,52E,8,13689F8BE4FD4542,ATTACK controlled flooding,flooding_or_randomized_traffic,,ATTACK controlled flooding
1780532529.515012,10.241643,flooding,2B9,8,DA41DB748BB46C93,ATTACK controlled flooding,flooding_or_randomized_traffic,,ATTACK controlled flooding
1780532529.517218,10.243849,flooding,1F2,8,3B50777431E30D74,ATTACK controlled flooding,flooding_or_randomized_traffic,,ATTACK controlled flooding
1780532529.519433,10.246064,flooding,69B,8,ACA4966326EB17C7,ATTACK controlled flooding,flooding_or_randomized_traffic,,ATTACK controlled flooding
1780532529.521575,10.248206,flooding,338,8,9DD76A4BDF1F1A03,ATTACK controlled flooding,flooding_or_randomized_traffic,,ATTACK controlled flooding
1780532529.523707,10.250338,flooding,636,8,DB74A44535FF20F6,ATTACK controlled flooding,flooding_or_randomized_traffic,,ATTACK controlled flooding
1780532529.525846,10.252476,flooding,303,8,7122B3119AD19202,ATTACK controlled flooding,flooding_or_randomized_traffic,,ATTACK controlled flooding
1780532529.528005,10.254636,flooding,651,8,3FD1B36456BF607B,ATTACK controlled flooding,flooding_or_randomized_traffic,,ATTACK controlled flooding
1780532529.530155,10.256786,flooding,45B,8,CBD68C57538912C6,ATTACK controlled flooding,flooding_or_randomized_traffic,,ATTACK controlled flooding
1780532529.532430,10.259061,flooding,678,8,27BBD20898F5D831,ATTACK controlled flooding,flooding_or_randomized_traffic,,ATTACK controlled flooding
1780532529.534645,10.261276,flooding,547,8,8AA8E8416224A580,ATTACK controlled flooding,flooding_or_randomized_traffic,,ATTACK controlled flooding
1780532529.536795,10.263426,flooding,3A1,8,7BAB8CEF3B402FF6,ATTACK controlled flooding,flooding_or_randomized_traffic,,ATTACK controlled flooding
1780532529.538940,10.265571,flooding,34F,8,E46787AB3CD2CAD1,ATTACK controlled flooding,flooding_or_randomized_traffic,,ATTACK controlled flooding
1780532529.541080,10.267710,flooding,180,8,A47EB06DFC2C3745,ATTACK controlled flooding,flooding_or_randomized_traffic,,ATTACK controlled flooding
1780532529.543216,10.269846,flooding,28B,8,0D5F5B76C0C41003,ATTACK controlled flooding,flooding_or_randomized_traffic,,ATTACK controlled flooding
1780532529.545357,10.271988,flooding,51D,8,3E741851A98C2EA7,ATTACK controlled flooding,flooding_or_randomized_traffic,,ATTACK controlled flooding
1780532529.547513,10.274144,flooding,4B3,8,3531FA7DD4A28DCC,ATTACK controlled flooding,flooding_or_randomized_traffic,,ATTACK controlled flooding
1780532529.549658,10.276289,flooding,705,8,7E1EBAAC7CCA3EFB,ATTACK controlled flooding,flooding_or_randomized_traffic,,ATTACK controlled flooding
1780532529.551795,10.278426,flooding,3E6,8,C5EBD1F03C2566EF,ATTACK controlled flooding,flooding_or_randomized_traffic,,ATTACK controlled flooding
1780532529.553922,10.280553,flooding,7F0,8,310EEF33162B75F7,ATTACK controlled flooding,flooding_or_randomized_traffic,,ATTACK controlled flooding
1780532529.556053,10.282684,flooding,10,8,84118DB12CD3F993,ATTACK controlled flooding,flooding_or_randomized_traffic,,ATTACK controlled flooding
1780532529.558212,10.284843,flooding,9A,8,AD0343A3D6E85C35,ATTACK controlled flooding,flooding_or_randomized_traffic,,ATTACK controlled flooding
1780532529.560343,10.286973,flooding,6FC,8,5CB10CA8DE788EFE,ATTACK controlled flooding,flooding_or_randomized_traffic,,ATTACK controlled flooding
1780532529.562472,10.289103,flooding,37E,8,D33583D62CED0B8E,ATTACK controlled flooding,flooding_or_randomized_traffic,,ATTACK controlled flooding
1780532529.564589,10.291219,flooding,32E,8,D8806D8B30189397,ATTACK controlled flooding,flooding_or_randomized_traffic,,ATTACK controlled flooding
1780532529.566717,10.293348,flooding,283,8,1E97ADCFCC9B2EF8,ATTACK controlled flooding,flooding_or_randomized_traffic,,ATTACK controlled flooding
1780532529.568855,10.295486,flooding,4BF,8,E9CCBAC00B85AB0D,ATTACK controlled flooding,flooding_or_randomized_traffic,,ATTACK controlled flooding
1780532529.570984,10.297615,flooding,A7,8,8CFA4B166C88483D,ATTACK controlled flooding,flooding_or_randomized_traffic,,ATTACK controlled flooding
1780532529.573102,10.299733,flooding,6A2,8,DEB8AE68F73109B6,ATTACK controlled flooding,flooding_or_randomized_traffic,,ATTACK controlled flooding
1780532529.575229,10.301860,flooding,F,8,C54ED8F0E8692A31,ATTACK controlled flooding,flooding_or_randomized_traffic,,ATTACK controlled flooding
1780532529.577396,10.304027,flooding,6E4,8,40F99191B5C0C093,ATTACK controlled flooding,flooding_or_randomized_traffic,,ATTACK controlled flooding
1780532529.579544,10.306175,flooding,500,8,015EC9313D6780BE,ATTACK controlled flooding,flooding_or_randomized_traffic,,ATTACK controlled flooding
1780532529.581704,10.308335,flooding,7B4,8,DDA6815739B3E5D0,ATTACK controlled flooding,flooding_or_randomized_traffic,,ATTACK controlled flooding
1780532529.583847,10.310478,flooding,6F6,8,FA9A30CE9C7B16A5,ATTACK controlled flooding,flooding_or_randomized_traffic,,ATTACK controlled flooding
1780532529.585979,10.312609,flooding,2D8,8,94CC5445C0EAEA02,ATTACK controlled flooding,flooding_or_randomized_traffic,,ATTACK controlled flooding
1780532529.588112,10.314743,flooding,61E,8,34559A9062B454EF,ATTACK controlled flooding,flooding_or_randomized_traffic,,ATTACK controlled flooding
1780532529.590239,10.316870,flooding,128,8,ADE4A6F255228C90,ATTACK controlled flooding,flooding_or_randomized_traffic,,ATTACK controlled flooding
1780532529.592374,10.319005,flooding,223,8,9EEDE4C3B3BA6EA4,ATTACK controlled flooding,flooding_or_randomized_traffic,,ATTACK controlled flooding
1780532529.594555,10.321186,flooding,693,8,881DCCD30271C24B,ATTACK controlled flooding,flooding_or_randomized_traffic,,ATTACK controlled flooding
1780532529.596676,10.323307,flooding,2DF,8,BDD4B66511B73537,ATTACK controlled flooding,flooding_or_randomized_traffic,,ATTACK controlled flooding
1780532529.598791,10.325422,flooding,6C7,8,E5344B2EE1413F32,ATTACK controlled flooding,flooding_or_randomized_traffic,,ATTACK controlled flooding
1780532529.600932,10.327563,flooding,59A,8,D1749F8B7227BE2F,ATTACK controlled flooding,flooding_or_randomized_traffic,,ATTACK controlled flooding
1780532529.603074,10.329705,flooding,2E,8,4E09C28C7A6E1551,ATTACK controlled flooding,flooding_or_randomized_traffic,,ATTACK controlled flooding
1780532529.605221,10.331851,flooding,72A,8,BE0B3494471911F1,ATTACK controlled flooding,flooding_or_randomized_traffic,,ATTACK controlled flooding
1780532529.607394,10.334024,flooding,45,8,D4E7C94DA0EAE5CD,ATTACK controlled flooding,flooding_or_randomized_traffic,,ATTACK controlled flooding
1780532529.609536,10.336167,flooding,151,8,15454D75D59825E2,ATTACK controlled flooding,flooding_or_randomized_traffic,,ATTACK controlled flooding
1780532529.611666,10.338297,flooding,545,8,695F830F909ACA5B,ATTACK controlled flooding,flooding_or_randomized_traffic,,ATTACK controlled flooding
1780532529.613792,10.340423,flooding,1C1,8,4D1C38CC463D0C26,ATTACK controlled flooding,flooding_or_randomized_traffic,,ATTACK controlled flooding
1780532529.615912,10.342543,flooding,6EF,8,988F8F938A194A18,ATTACK controlled flooding,flooding_or_randomized_traffic,,ATTACK controlled flooding
1780532529.618076,10.344707,flooding,16C,8,FC5E5D8687F9EEC0,ATTACK controlled flooding,flooding_or_randomized_traffic,,ATTACK controlled flooding
1780532529.620209,10.346840,flooding,730,8,5636C6351DD907A6,ATTACK controlled flooding,flooding_or_randomized_traffic,,ATTACK controlled flooding
1780532529.622334,10.348965,flooding,202,8,9306D5CF737ADE8E,ATTACK controlled flooding,flooding_or_randomized_traffic,,ATTACK controlled flooding
1780532529.624459,10.351090,flooding,11C,8,7061DD8CF95B80D9,ATTACK controlled flooding,flooding_or_randomized_traffic,,ATTACK controlled flooding
1780532529.626586,10.353217,flooding,25C,8,0A56E2F676A5A1E8,ATTACK controlled flooding,flooding_or_randomized_traffic,,ATTACK controlled flooding
1780532529.628718,10.355349,flooding,81,8,64D417B8999984A9,ATTACK controlled flooding,flooding_or_randomized_traffic,,ATTACK controlled flooding
1780532529.630858,10.357489,flooding,48F,8,8EC21247CAB3328A,ATTACK controlled flooding,flooding_or_randomized_traffic,,ATTACK controlled flooding
1780532529.633004,10.359635,flooding,177,8,80E4E122E08E60F7,ATTACK controlled flooding,flooding_or_randomized_traffic,,ATTACK controlled flooding
1780532529.635130,10.361761,flooding,50C,8,F34EAB9929A18EED,ATTACK controlled flooding,flooding_or_randomized_traffic,,ATTACK controlled flooding
1780532529.637255,10.363886,flooding,6E6,8,E523A26C7D5537C2,ATTACK controlled flooding,flooding_or_randomized_traffic,,ATTACK controlled flooding
1780532529.639415,10.366046,flooding,5F0,8,378C5E4190ADFA3A,ATTACK controlled flooding,flooding_or_randomized_traffic,,ATTACK controlled flooding
1780532529.641536,10.368167,flooding,366,8,1156FA9792DF2DB7,ATTACK controlled flooding,flooding_or_randomized_traffic,,ATTACK controlled flooding
1780532529.643661,10.370292,flooding,2CB,8,2906B0746DA96F61,ATTACK controlled flooding,flooding_or_randomized_traffic,,ATTACK controlled flooding
1780532529.645788,10.372419,flooding,403,8,E582AA5808F2ED35,ATTACK controlled flooding,flooding_or_randomized_traffic,,ATTACK controlled flooding
1780532529.647927,10.374558,flooding,F8,8,262EC4F557782D55,ATTACK controlled flooding,flooding_or_randomized_traffic,,ATTACK controlled flooding
1780532529.650070,10.376701,flooding,7D6,8,F19D631F8935BFDA,ATTACK controlled flooding,flooding_or_randomized_traffic,,ATTACK controlled flooding
1780532529.652200,10.378831,flooding,4B5,8,031D72372C40901B,ATTACK controlled flooding,flooding_or_randomized_traffic,,ATTACK controlled flooding
1780532529.654373,10.381004,flooding,521,8,4B6FA32B59CF3673,ATTACK controlled flooding,flooding_or_randomized_traffic,,ATTACK controlled flooding
1780532529.656535,10.383166,flooding,50E,8,FF0018CC463E51B7,ATTACK controlled flooding,flooding_or_randomized_traffic,,ATTACK controlled flooding
1780532529.658660,10.385291,flooding,C5,8,2078306674B3C175,ATTACK controlled flooding,flooding_or_randomized_traffic,,ATTACK controlled flooding
1780532529.660789,10.387420,flooding,FA,8,6465E65629F21154,ATTACK controlled flooding,flooding_or_randomized_traffic,,ATTACK controlled flooding
1780532529.662906,10.389537,flooding,344,8,D671D9D346038902,ATTACK controlled flooding,flooding_or_randomized_traffic,,ATTACK controlled flooding
1780532529.665025,10.391656,flooding,58B,8,428C9DECE0CE38A5,ATTACK controlled flooding,flooding_or_randomized_traffic,,ATTACK controlled flooding
1780532529.667166,10.393797,flooding,196,8,C1F37E3FC4786FCA,ATTACK controlled flooding,flooding_or_randomized_traffic,,ATTACK controlled flooding
1780532529.669295,10.395926,flooding,1DF,8,284A2B0028456304,ATTACK controlled flooding,flooding_or_randomized_traffic,,ATTACK controlled flooding
1780532529.671423,10.398054,flooding,D6,8,847BA78B77E0D405,ATTACK controlled flooding,flooding_or_randomized_traffic,,ATTACK controlled flooding
1780532529.673549,10.400180,flooding,2DF,8,FF88C214A0B6E066,ATTACK controlled flooding,flooding_or_randomized_traffic,,ATTACK controlled flooding
1780532529.675693,10.402324,flooding,3AA,8,FAA7980AE5386735,ATTACK controlled flooding,flooding_or_randomized_traffic,,ATTACK controlled flooding
1780532529.677859,10.404490,flooding,735,8,898FF5010DF3C508,ATTACK controlled flooding,flooding_or_randomized_traffic,,ATTACK controlled flooding
1780532529.679995,10.406626,flooding,4FC,8,3B5B7307D403687E,ATTACK controlled flooding,flooding_or_randomized_traffic,,ATTACK controlled flooding
1780532529.682128,10.408759,flooding,4C2,8,06FBB98DAE5B4518,ATTACK controlled flooding,flooding_or_randomized_traffic,,ATTACK controlled flooding
1780532529.684257,10.410887,flooding,4A4,8,13732C3541E3B035,ATTACK controlled flooding,flooding_or_randomized_traffic,,ATTACK controlled flooding
1780532529.686419,10.413050,flooding,14B,8,3A9567CF973E6266,ATTACK controlled flooding,flooding_or_randomized_traffic,,ATTACK controlled flooding
1780532529.688694,10.415325,flooding,254,8,43BE9119C569B744,ATTACK controlled flooding,flooding_or_randomized_traffic,,ATTACK controlled flooding
1780532529.690828,10.417459,flooding,65F,8,519723BC02539377,ATTACK controlled flooding,flooding_or_randomized_traffic,,ATTACK controlled flooding
1780532529.692969,10.419600,flooding,32,8,DAACCE6CC6914BDB,ATTACK controlled flooding,flooding_or_randomized_traffic,,ATTACK controlled flooding
1780532529.695120,10.421751,flooding,50D,8,50FCBD8BF414F044,ATTACK controlled flooding,flooding_or_randomized_traffic,,ATTACK controlled flooding
1780532529.697284,10.423915,flooding,3E7,8,63E4A4C18D1DC88D,ATTACK controlled flooding,flooding_or_randomized_traffic,,ATTACK controlled flooding
1780532529.699421,10.426052,flooding,3BD,8,9FF9405A8C7DCBC0,ATTACK controlled flooding,flooding_or_randomized_traffic,,ATTACK controlled flooding
1780532529.701552,10.428183,flooding,610,8,36B2D0E5B3562C53,ATTACK controlled flooding,flooding_or_randomized_traffic,,ATTACK controlled flooding
1780532529.703688,10.430319,flooding,427,8,5E8692D5957A5D5F,ATTACK controlled flooding,flooding_or_randomized_traffic,,ATTACK controlled flooding
1780532529.705812,10.432442,flooding,518,8,29E262F7472E4944,ATTACK controlled flooding,flooding_or_randomized_traffic,,ATTACK controlled flooding
1780532529.707943,10.434574,flooding,112,8,7258B869D696984B,ATTACK controlled flooding,flooding_or_randomized_traffic,,ATTACK controlled flooding
1780532529.710082,10.436713,flooding,1A1,8,0AE4673D0A30E22F,ATTACK controlled flooding,flooding_or_randomized_traffic,,ATTACK controlled flooding
1780532529.712231,10.438862,flooding,17C,8,89DF96F22592674A,ATTACK controlled flooding,flooding_or_randomized_traffic,,ATTACK controlled flooding
1780532529.714393,10.441024,flooding,589,8,426B36E935232E75,ATTACK controlled flooding,flooding_or_randomized_traffic,,ATTACK controlled flooding
1780532529.716729,10.443360,flooding,438,8,3C91F5561AC33697,ATTACK controlled flooding,flooding_or_randomized_traffic,,ATTACK controlled flooding
1780532529.718862,10.445493,flooding,16C,8,CCB3D27EDAF556AC,ATTACK controlled flooding,flooding_or_randomized_traffic,,ATTACK controlled flooding
1780532529.720991,10.447622,flooding,12F,8,ED9D6DE39B6F8514,ATTACK controlled flooding,flooding_or_randomized_traffic,,ATTACK controlled flooding
1780532529.723117,10.449748,flooding,60,8,9187E7EF2C2CEE0B,ATTACK controlled flooding,flooding_or_randomized_traffic,,ATTACK controlled flooding
1780532529.725257,10.451888,flooding,49F,8,9A92606B591B5A5A,ATTACK controlled flooding,flooding_or_randomized_traffic,,ATTACK controlled flooding
1780532529.727395,10.454026,flooding,4DF,8,4E7594BDD6B6CC83,ATTACK controlled flooding,flooding_or_randomized_traffic,,ATTACK controlled flooding
1780532529.729533,10.456164,flooding,182,8,586D6A6E970E67D1,ATTACK controlled flooding,flooding_or_randomized_traffic,,ATTACK controlled flooding
1780532529.731661,10.458292,flooding,70,8,C671443D119E3100,ATTACK controlled flooding,flooding_or_randomized_traffic,,ATTACK controlled flooding
1780532529.733782,10.460413,flooding,5F3,8,D9BE07BEDC79C246,ATTACK controlled flooding,flooding_or_randomized_traffic,,ATTACK controlled flooding
1780532529.735920,10.462551,flooding,564,8,92504CFA667E500F,ATTACK controlled flooding,flooding_or_randomized_traffic,,ATTACK controlled flooding
1780532529.738047,10.464678,flooding,4A2,8,BE5C58EA4A6403B1,ATTACK controlled flooding,flooding_or_randomized_traffic,,ATTACK controlled flooding
1780532529.740203,10.466834,flooding,794,8,7A6B20A7A809678E,ATTACK controlled flooding,flooding_or_randomized_traffic,,ATTACK controlled flooding
1780532529.742324,10.468955,flooding,3C2,8,013E448CBE1D5D52,ATTACK controlled flooding,flooding_or_randomized_traffic,,ATTACK controlled flooding
1780532529.744458,10.471089,flooding,60C,8,13C5C5005CA64614,ATTACK controlled flooding,flooding_or_randomized_traffic,,ATTACK controlled flooding
1780532529.746586,10.473217,flooding,593,8,D69A4663316D2BF3,ATTACK controlled flooding,flooding_or_randomized_traffic,,ATTACK controlled flooding
1780532529.748717,10.475348,flooding,69C,8,05B3260779F04620,ATTACK controlled flooding,flooding_or_randomized_traffic,,ATTACK controlled flooding
1780532529.750894,10.477525,flooding,1D7,8,157DB27075EB9750,ATTACK controlled flooding,flooding_or_randomized_traffic,,ATTACK controlled flooding
1780532529.753045,10.479676,flooding,1D4,8,0F00055046067343,ATTACK controlled flooding,flooding_or_randomized_traffic,,ATTACK controlled flooding
1780532529.755166,10.481797,flooding,538,8,9B590A5AE4124584,ATTACK controlled flooding,flooding_or_randomized_traffic,,ATTACK controlled flooding
1780532529.757303,10.483934,flooding,5C4,8,BA12F6D0309EDE50,ATTACK controlled flooding,flooding_or_randomized_traffic,,ATTACK controlled flooding
1780532529.759434,10.486065,flooding,79B,8,6B6035A36B29E4B3,ATTACK controlled flooding,flooding_or_randomized_traffic,,ATTACK controlled flooding
1780532529.761599,10.488230,flooding,585,8,1506DBEBC3A4249A,ATTACK controlled flooding,flooding_or_randomized_traffic,,ATTACK controlled flooding
1780532529.763727,10.490358,flooding,620,8,7CA5C53FAD0DCFCD,ATTACK controlled flooding,flooding_or_randomized_traffic,,ATTACK controlled flooding
1780532529.765853,10.492484,flooding,654,8,B4B47BD8657E9583,ATTACK controlled flooding,flooding_or_randomized_traffic,,ATTACK controlled flooding
1780532529.768015,10.494646,flooding,1A5,8,350403F8E5E56F7A,ATTACK controlled flooding,flooding_or_randomized_traffic,,ATTACK controlled flooding
1780532529.770151,10.496782,flooding,511,8,87F1A2A5C587EDE3,ATTACK controlled flooding,flooding_or_randomized_traffic,,ATTACK controlled flooding
1780532529.772282,10.498913,flooding,1A6,8,C601F231E26D120C,ATTACK controlled flooding,flooding_or_randomized_traffic,,ATTACK controlled flooding
1780532529.774415,10.501046,flooding,588,8,37A4D79CF73C5E4B,ATTACK controlled flooding,flooding_or_randomized_traffic,,ATTACK controlled flooding
1780532529.776551,10.503182,flooding,4D8,8,EC573AE6902CA50C,ATTACK controlled flooding,flooding_or_randomized_traffic,,ATTACK controlled flooding
1780532529.778681,10.505312,flooding,2DE,8,B4FC0C6D6C63D2A4,ATTACK controlled flooding,flooding_or_randomized_traffic,,ATTACK controlled flooding
1780532529.780816,10.507447,flooding,118,8,E39494CF667EEC58,ATTACK controlled flooding,flooding_or_randomized_traffic,,ATTACK controlled flooding
1780532529.782947,10.509578,flooding,1F9,8,5D3D4DBD73DC34D7,ATTACK controlled flooding,flooding_or_randomized_traffic,,ATTACK controlled flooding
1780532529.785092,10.511723,flooding,3E5,8,CF2AABC12D419C75,ATTACK controlled flooding,flooding_or_randomized_traffic,,ATTACK controlled flooding
1780532529.787225,10.513855,flooding,1CB,8,228D383DB318B0AF,ATTACK controlled flooding,flooding_or_randomized_traffic,,ATTACK controlled flooding
1780532529.789364,10.515995,flooding,377,8,08629BE3ABA45833,ATTACK controlled flooding,flooding_or_randomized_traffic,,ATTACK controlled flooding
1780532529.791526,10.518157,flooding,764,8,B863311F938AF2DA,ATTACK controlled flooding,flooding_or_randomized_traffic,,ATTACK controlled flooding
1780532529.793659,10.520290,flooding,290,8,02649352821DFCA9,ATTACK controlled flooding,flooding_or_randomized_traffic,,ATTACK controlled flooding
1780532529.795787,10.522418,flooding,6E2,8,0A6C39F5F3179171,ATTACK controlled flooding,flooding_or_randomized_traffic,,ATTACK controlled flooding
1780532529.797912,10.524543,flooding,30F,8,AC20AA5AC86B8BBA,ATTACK controlled flooding,flooding_or_randomized_traffic,,ATTACK controlled flooding
1780532529.800038,10.526669,flooding,3AD,8,35A13B28E4B3D11E,ATTACK controlled flooding,flooding_or_randomized_traffic,,ATTACK controlled flooding
1780532529.802170,10.528801,flooding,2DA,8,468273146FEF4048,ATTACK controlled flooding,flooding_or_randomized_traffic,,ATTACK controlled flooding
1780532529.804302,10.530932,flooding,18A,8,B445348293DA1405,ATTACK controlled flooding,flooding_or_randomized_traffic,,ATTACK controlled flooding
1780532529.806431,10.533062,flooding,7E9,8,87FCE4E92DCB3438,ATTACK controlled flooding,flooding_or_randomized_traffic,,ATTACK controlled flooding
1780532529.808633,10.535264,flooding,775,8,123609503DD38BAF,ATTACK controlled flooding,flooding_or_randomized_traffic,,ATTACK controlled flooding
1780532529.810766,10.537397,flooding,467,8,D6BD40671BAFADA7,ATTACK controlled flooding,flooding_or_randomized_traffic,,ATTACK controlled flooding
1780532529.812891,10.539522,flooding,C2,8,DCE144232EC0C769,ATTACK controlled flooding,flooding_or_randomized_traffic,,ATTACK controlled flooding
1780532529.815012,10.541642,flooding,30F,8,D595F0210017FF53,ATTACK controlled flooding,flooding_or_randomized_traffic,,ATTACK controlled flooding
1780532529.817156,10.543787,flooding,1A1,8,5C2769652CA3464A,ATTACK controlled flooding,flooding_or_randomized_traffic,,ATTACK controlled flooding
1780532529.819283,10.545914,flooding,BC,8,445676C6B087F4D5,ATTACK controlled flooding,flooding_or_randomized_traffic,,ATTACK controlled flooding
1780532529.821414,10.548045,flooding,17D,8,4BB32BF21D8EEBA2,ATTACK controlled flooding,flooding_or_randomized_traffic,,ATTACK controlled flooding
1780532529.823546,10.550177,flooding,D8,8,32DE60D3D7581A5B,ATTACK controlled flooding,flooding_or_randomized_traffic,,ATTACK controlled flooding
1780532529.825677,10.552308,flooding,6F4,8,745DC9DDE893415B,ATTACK controlled flooding,flooding_or_randomized_traffic,,ATTACK controlled flooding
1780532529.827799,10.554430,flooding,390,8,10F2514C674A4AED,ATTACK controlled flooding,flooding_or_randomized_traffic,,ATTACK controlled flooding
1780532529.829928,10.556559,flooding,86,8,995FC90BB518EFE3,ATTACK controlled flooding,flooding_or_randomized_traffic,,ATTACK controlled flooding
1780532529.832058,10.558689,flooding,5C1,8,FBB1BB6870B839AD,ATTACK controlled flooding,flooding_or_randomized_traffic,,ATTACK controlled flooding
1780532529.834202,10.560833,flooding,477,8,E67AE076AAF70D80,ATTACK controlled flooding,flooding_or_randomized_traffic,,ATTACK controlled flooding
1780532529.836332,10.562963,flooding,B8,8,02543A9BD4EC9D0C,ATTACK controlled flooding,flooding_or_randomized_traffic,,ATTACK controlled flooding
1780532529.838528,10.565159,flooding,690,8,9288323716E12D37,ATTACK controlled flooding,flooding_or_randomized_traffic,,ATTACK controlled flooding
1780532529.840690,10.567321,flooding,6CC,8,ABE21D8A7DFCFBC1,ATTACK controlled flooding,flooding_or_randomized_traffic,,ATTACK controlled flooding
1780532529.842824,10.569455,flooding,1BC,8,BB960DBDE5748DC0,ATTACK controlled flooding,flooding_or_randomized_traffic,,ATTACK controlled flooding
1780532529.844948,10.571579,flooding,2A5,8,F5EDD3AC1FD0D332,ATTACK controlled flooding,flooding_or_randomized_traffic,,ATTACK controlled flooding
1780532529.847084,10.573715,flooding,7D1,8,18BE1CBE55EB68ED,ATTACK controlled flooding,flooding_or_randomized_traffic,,ATTACK controlled flooding
1780532529.849203,10.575834,flooding,32C,8,62041A0967CF338E,ATTACK controlled flooding,flooding_or_randomized_traffic,,ATTACK controlled flooding
1780532529.851330,10.577961,flooding,6A3,8,033CFEBAAEB6BAE4,ATTACK controlled flooding,flooding_or_randomized_traffic,,ATTACK controlled flooding
1780532529.853460,10.580091,flooding,33D,8,06F7BC37E971218E,ATTACK controlled flooding,flooding_or_randomized_traffic,,ATTACK controlled flooding
1780532529.855601,10.582232,flooding,683,8,5094006A6A7D52DB,ATTACK controlled flooding,flooding_or_randomized_traffic,,ATTACK controlled flooding
1780532529.857725,10.584356,flooding,4EE,8,82D3CD9591666EC5,ATTACK controlled flooding,flooding_or_randomized_traffic,,ATTACK controlled flooding
1780532529.859862,10.586493,flooding,35B,8,9DF22AAB7B8EDBDB,ATTACK controlled flooding,flooding_or_randomized_traffic,,ATTACK controlled flooding
1780532529.861999,10.588630,flooding,6B0,8,CD713A0EC33AC981,ATTACK controlled flooding,flooding_or_randomized_traffic,,ATTACK controlled flooding
1780532529.864121,10.590752,flooding,5B4,8,A1597A9E7FE11F12,ATTACK controlled flooding,flooding_or_randomized_traffic,,ATTACK controlled flooding
1780532529.866241,10.592872,flooding,38F,8,0ABBEF9A2B210FE4,ATTACK controlled flooding,flooding_or_randomized_traffic,,ATTACK controlled flooding
1780532529.868433,10.595064,flooding,3A2,8,396A942F6C3ACED8,ATTACK controlled flooding,flooding_or_randomized_traffic,,ATTACK controlled flooding
1780532529.870554,10.597185,flooding,532,8,0AAC6A026F8BC961,ATTACK controlled flooding,flooding_or_randomized_traffic,,ATTACK controlled flooding
1780532529.872700,10.599331,flooding,16E,8,AD920478EE75D948,ATTACK controlled flooding,flooding_or_randomized_traffic,,ATTACK controlled flooding
1780532529.874853,10.601484,flooding,415,8,8EE1ABD499608528,ATTACK controlled flooding,flooding_or_randomized_traffic,,ATTACK controlled flooding
1780532529.877006,10.603637,flooding,797,8,AD8A7280A6BB12D5,ATTACK controlled flooding,flooding_or_randomized_traffic,,ATTACK controlled flooding
1780532529.879159,10.605790,flooding,75C,8,B8A32BA1B84A7B17,ATTACK controlled flooding,flooding_or_randomized_traffic,,ATTACK controlled flooding
1780532529.881311,10.607942,flooding,2B3,8,BFD06A2E12FDC35B,ATTACK controlled flooding,flooding_or_randomized_traffic,,ATTACK controlled flooding
1780532529.883481,10.610112,flooding,78C,8,65D282D3878C897A,ATTACK controlled flooding,flooding_or_randomized_traffic,,ATTACK controlled flooding
1780532529.885665,10.612296,flooding,784,8,CFF3A7FB7B4E89E5,ATTACK controlled flooding,flooding_or_randomized_traffic,,ATTACK controlled flooding
1780532529.887818,10.614449,flooding,6CD,8,584189628A2E39F3,ATTACK controlled flooding,flooding_or_randomized_traffic,,ATTACK controlled flooding
1780532529.889978,10.616609,flooding,63,8,2C83B76C06233D75,ATTACK controlled flooding,flooding_or_randomized_traffic,,ATTACK controlled flooding
1780532529.892120,10.618751,flooding,91,8,84E9D5F0C2119891,ATTACK controlled flooding,flooding_or_randomized_traffic,,ATTACK controlled flooding
1780532529.894246,10.620877,flooding,57B,8,08ACB0DA2A2FC8A9,ATTACK controlled flooding,flooding_or_randomized_traffic,,ATTACK controlled flooding
1780532529.896403,10.623034,flooding,19E,8,9E20E42389E560FA,ATTACK controlled flooding,flooding_or_randomized_traffic,,ATTACK controlled flooding
1780532529.898546,10.625177,flooding,535,8,85F0AE439FFAFD37,ATTACK controlled flooding,flooding_or_randomized_traffic,,ATTACK controlled flooding
1780532529.900672,10.627303,flooding,7DC,8,6249890F38D9D2E0,ATTACK controlled flooding,flooding_or_randomized_traffic,,ATTACK controlled flooding
1780532529.902805,10.629436,flooding,294,8,361A1E7DEB014BBD,ATTACK controlled flooding,flooding_or_randomized_traffic,,ATTACK controlled flooding
1780532529.904935,10.631566,flooding,2AF,8,03D97AC2971F8B02,ATTACK controlled flooding,flooding_or_randomized_traffic,,ATTACK controlled flooding
1780532529.907079,10.633710,flooding,504,8,D7AC7C7FAF0DC78C,ATTACK controlled flooding,flooding_or_randomized_traffic,,ATTACK controlled flooding
1780532529.909200,10.635831,flooding,259,8,48C797A45AE9643B,ATTACK controlled flooding,flooding_or_randomized_traffic,,ATTACK controlled flooding
1780532529.911333,10.637964,flooding,799,8,F086CF564ABA977C,ATTACK controlled flooding,flooding_or_randomized_traffic,,ATTACK controlled flooding
1780532529.913482,10.640113,flooding,7B6,8,B60253505EE32D39,ATTACK controlled flooding,flooding_or_randomized_traffic,,ATTACK controlled flooding
1780532529.915724,10.642355,flooding,1C6,8,A79CA452BF65BEDA,ATTACK controlled flooding,flooding_or_randomized_traffic,,ATTACK controlled flooding
1780532529.917856,10.644487,flooding,236,8,ED9467C3B8604FF3,ATTACK controlled flooding,flooding_or_randomized_traffic,,ATTACK controlled flooding
1780532529.920029,10.646660,flooding,15B,8,99513FBC48552042,ATTACK controlled flooding,flooding_or_randomized_traffic,,ATTACK controlled flooding
1780532529.922157,10.648788,flooding,29,8,0433C861363AFB69,ATTACK controlled flooding,flooding_or_randomized_traffic,,ATTACK controlled flooding
1780532529.924297,10.650928,flooding,22A,8,4EF9C0B00734A0C7,ATTACK controlled flooding,flooding_or_randomized_traffic,,ATTACK controlled flooding
1780532529.926440,10.653070,flooding,538,8,5D028FF57270C5DA,ATTACK controlled flooding,flooding_or_randomized_traffic,,ATTACK controlled flooding
1780532529.928579,10.655210,flooding,776,8,B171104D8ED8F7E1,ATTACK controlled flooding,flooding_or_randomized_traffic,,ATTACK controlled flooding
1780532529.930710,10.657341,flooding,7A9,8,1C60C01AE7063723,ATTACK controlled flooding,flooding_or_randomized_traffic,,ATTACK controlled flooding
1780532529.932838,10.659469,flooding,43E,8,2C8E9962661599C5,ATTACK controlled flooding,flooding_or_randomized_traffic,,ATTACK controlled flooding
1780532529.934963,10.661594,flooding,469,8,C6A18AFF706BC7B0,ATTACK controlled flooding,flooding_or_randomized_traffic,,ATTACK controlled flooding
1780532529.937092,10.663723,flooding,756,8,17AD3556BA9F585F,ATTACK controlled flooding,flooding_or_randomized_traffic,,ATTACK controlled flooding
1780532529.939231,10.665862,flooding,504,8,53F0E0A321FAA928,ATTACK controlled flooding,flooding_or_randomized_traffic,,ATTACK controlled flooding
1780532529.941370,10.668000,flooding,77,8,286441AD58B428B0,ATTACK controlled flooding,flooding_or_randomized_traffic,,ATTACK controlled flooding
1780532529.943511,10.670142,flooding,1DF,8,E519643DCCAC6B9B,ATTACK controlled flooding,flooding_or_randomized_traffic,,ATTACK controlled flooding
1780532529.945650,10.672281,flooding,566,8,AF00CB54A8024E8D,ATTACK controlled flooding,flooding_or_randomized_traffic,,ATTACK controlled flooding
1780532529.947788,10.674419,flooding,7F5,8,2530F70FE43AB3A9,ATTACK controlled flooding,flooding_or_randomized_traffic,,ATTACK controlled flooding
1780532529.949920,10.676551,flooding,29C,8,3DC823625EF8755A,ATTACK controlled flooding,flooding_or_randomized_traffic,,ATTACK controlled flooding
1780532529.952043,10.678674,flooding,1CC,8,D4987B774A09EE9C,ATTACK controlled flooding,flooding_or_randomized_traffic,,ATTACK controlled flooding
1780532529.954192,10.680823,flooding,388,8,5D07C3B7BFC7B422,ATTACK controlled flooding,flooding_or_randomized_traffic,,ATTACK controlled flooding
1780532529.956330,10.682961,flooding,161,8,9221B248C693D3C4,ATTACK controlled flooding,flooding_or_randomized_traffic,,ATTACK controlled flooding
1780532529.958464,10.685095,flooding,318,8,A46B459A1692F6FB,ATTACK controlled flooding,flooding_or_randomized_traffic,,ATTACK controlled flooding
1780532529.960571,10.687202,flooding,316,8,CABA91C929AD82CA,ATTACK controlled flooding,flooding_or_randomized_traffic,,ATTACK controlled flooding
1780532529.962703,10.689334,flooding,7D9,8,81381999C165FF38,ATTACK controlled flooding,flooding_or_randomized_traffic,,ATTACK controlled flooding
1780532529.964828,10.691459,flooding,529,8,014088A02F017A33,ATTACK controlled flooding,flooding_or_randomized_traffic,,ATTACK controlled flooding
1780532529.966949,10.693580,flooding,243,8,F4B6F75891661E7B,ATTACK controlled flooding,flooding_or_randomized_traffic,,ATTACK controlled flooding
1780532529.969082,10.695713,flooding,565,8,198EDFBF575BB128,ATTACK controlled flooding,flooding_or_randomized_traffic,,ATTACK controlled flooding
1780532529.971306,10.697937,flooding,29E,8,F4145FD616D5DECB,ATTACK controlled flooding,flooding_or_randomized_traffic,,ATTACK controlled flooding
1780532529.973472,10.700103,flooding,3FF,8,FEE904B446AE40C1,ATTACK controlled flooding,flooding_or_randomized_traffic,,ATTACK controlled flooding
1780532529.975611,10.702242,flooding,7CB,8,2E483833BBD58D7B,ATTACK controlled flooding,flooding_or_randomized_traffic,,ATTACK controlled flooding
1780532529.977740,10.704371,flooding,151,8,B649B7AE12130EF8,ATTACK controlled flooding,flooding_or_randomized_traffic,,ATTACK controlled flooding
1780532529.979867,10.706498,flooding,314,8,937F13E2A4927299,ATTACK controlled flooding,flooding_or_randomized_traffic,,ATTACK controlled flooding
1780532529.981988,10.708619,flooding,58E,8,C27BBCDBA5C8D41A,ATTACK controlled flooding,flooding_or_randomized_traffic,,ATTACK controlled flooding
1780532529.984129,10.710760,flooding,4AA,8,3CF554914062AA51,ATTACK controlled flooding,flooding_or_randomized_traffic,,ATTACK controlled flooding
1780532529.986266,10.712897,flooding,538,8,B22789C96E8B095B,ATTACK controlled flooding,flooding_or_randomized_traffic,,ATTACK controlled flooding
1780532529.988403,10.715034,flooding,29D,8,D93C7D08EB4EB26A,ATTACK controlled flooding,flooding_or_randomized_traffic,,ATTACK controlled flooding
1780532529.990535,10.717166,flooding,12A,8,3DBD4FDDDDFDAF4A,ATTACK controlled flooding,flooding_or_randomized_traffic,,ATTACK controlled flooding
1780532529.992654,10.719285,flooding,2DE,8,138B9309DB4A28D6,ATTACK controlled flooding,flooding_or_randomized_traffic,,ATTACK controlled flooding
1780532529.994777,10.721408,flooding,F5,8,E59AF747D933D6E0,ATTACK controlled flooding,flooding_or_randomized_traffic,,ATTACK controlled flooding
1780532529.996904,10.723535,flooding,12B,8,833EF9D26135B3F7,ATTACK controlled flooding,flooding_or_randomized_traffic,,ATTACK controlled flooding
1780532529.999013,10.725644,flooding,24C,8,862FB608E54522D8,ATTACK controlled flooding,flooding_or_randomized_traffic,,ATTACK controlled flooding
1780532530.001132,10.727763,flooding,6A1,8,7C3CC5EEFCA6BD41,ATTACK controlled flooding,flooding_or_randomized_traffic,,ATTACK controlled flooding
1780532530.003283,10.729914,flooding,5CA,8,3C28B75C52F6C876,ATTACK controlled flooding,flooding_or_randomized_traffic,,ATTACK controlled flooding
1780532530.005421,10.732052,flooding,635,8,0AF2339059DEB9B9,ATTACK controlled flooding,flooding_or_randomized_traffic,,ATTACK controlled flooding
1780532530.007550,10.734181,flooding,148,8,8C0BD9AE8A2D9E45,ATTACK controlled flooding,flooding_or_randomized_traffic,,ATTACK controlled flooding
1780532530.009683,10.736314,flooding,2C3,8,BD75AFFA038C1D75,ATTACK controlled flooding,flooding_or_randomized_traffic,,ATTACK controlled flooding
1780532530.011816,10.738447,flooding,2F9,8,8527C0BD44C24384,ATTACK controlled flooding,flooding_or_randomized_traffic,,ATTACK controlled flooding
1780532530.013959,10.740590,flooding,123,8,35CBDD3DA86AAB66,ATTACK controlled flooding,flooding_or_randomized_traffic,,ATTACK controlled flooding
1780532530.016094,10.742725,flooding,6B3,8,DF0792C99C950765,ATTACK controlled flooding,flooding_or_randomized_traffic,,ATTACK controlled flooding
1780532530.018221,10.744852,flooding,27F,8,C240854243BD9694,ATTACK controlled flooding,flooding_or_randomized_traffic,,ATTACK controlled flooding
1780532530.020358,10.746989,flooding,418,8,505B270F43A464CB,ATTACK controlled flooding,flooding_or_randomized_traffic,,ATTACK controlled flooding
1780532530.022514,10.749145,flooding,483,8,25999C9EC2BC0D15,ATTACK controlled flooding,flooding_or_randomized_traffic,,ATTACK controlled flooding
1780532530.024690,10.751321,flooding,1DF,8,AFC630B539FF89FF,ATTACK controlled flooding,flooding_or_randomized_traffic,,ATTACK controlled flooding
1780532530.026841,10.753472,flooding,1AA,8,F469B8FCD4011748,ATTACK controlled flooding,flooding_or_randomized_traffic,,ATTACK controlled flooding
1780532530.028982,10.755613,flooding,4FD,8,60FAAAF09FE70BDE,ATTACK controlled flooding,flooding_or_randomized_traffic,,ATTACK controlled flooding
1780532530.031134,10.757765,flooding,77B,8,CF8EFEFDE7FAE9A8,ATTACK controlled flooding,flooding_or_randomized_traffic,,ATTACK controlled flooding
1780532530.033267,10.759898,flooding,5ED,8,C6EA6A42155F0CB2,ATTACK controlled flooding,flooding_or_randomized_traffic,,ATTACK controlled flooding
1780532530.035439,10.762070,flooding,654,8,6FE84ED2CDCCC234,ATTACK controlled flooding,flooding_or_randomized_traffic,,ATTACK controlled flooding
1780532530.037595,10.764226,flooding,794,8,CBFCC1D6F4E26037,ATTACK controlled flooding,flooding_or_randomized_traffic,,ATTACK controlled flooding
1780532530.039746,10.766377,flooding,29E,8,DFABA17E929B61C5,ATTACK controlled flooding,flooding_or_randomized_traffic,,ATTACK controlled flooding
1780532530.041896,10.768527,flooding,36,8,7C9D9D5A795DB768,ATTACK controlled flooding,flooding_or_randomized_traffic,,ATTACK controlled flooding
1780532530.044038,10.770669,flooding,196,8,89E928CE1BE96146,ATTACK controlled flooding,flooding_or_randomized_traffic,,ATTACK controlled flooding
1780532530.046207,10.772838,flooding,1C9,8,2471CF48C53A6ADA,ATTACK controlled flooding,flooding_or_randomized_traffic,,ATTACK controlled flooding
1780532530.048425,10.775056,flooding,77F,8,D73A6930CEC92B30,ATTACK controlled flooding,flooding_or_randomized_traffic,,ATTACK controlled flooding
1780532530.050557,10.777188,flooding,530,8,56A9B2E0D99C94FE,ATTACK controlled flooding,flooding_or_randomized_traffic,,ATTACK controlled flooding
1780532530.052710,10.779341,flooding,330,8,95AA08063A0D4D16,ATTACK controlled flooding,flooding_or_randomized_traffic,,ATTACK controlled flooding
1780532530.054861,10.781492,flooding,154,8,5D5C0EA5242F6DDC,ATTACK controlled flooding,flooding_or_randomized_traffic,,ATTACK controlled flooding
1780532530.057014,10.783645,flooding,68B,8,3C791A9797B0739D,ATTACK controlled flooding,flooding_or_randomized_traffic,,ATTACK controlled flooding
1780532530.059165,10.785796,flooding,691,8,CD72EA86EAB1DE1E,ATTACK controlled flooding,flooding_or_randomized_traffic,,ATTACK controlled flooding
1780532530.061309,10.787940,flooding,21B,8,8341F3A207B3F14A,ATTACK controlled flooding,flooding_or_randomized_traffic,,ATTACK controlled flooding
1780532530.063447,10.790078,flooding,F8,8,79F9D2E1208821EA,ATTACK controlled flooding,flooding_or_randomized_traffic,,ATTACK controlled flooding
1780532530.065586,10.792217,flooding,1F6,8,E7485A54EF725E9B,ATTACK controlled flooding,flooding_or_randomized_traffic,,ATTACK controlled flooding
1780532530.067724,10.794355,flooding,384,8,D7F6EA15C8F8970A,ATTACK controlled flooding,flooding_or_randomized_traffic,,ATTACK controlled flooding
1780532530.069853,10.796484,flooding,4B7,8,3E23F5544C3E56FB,ATTACK controlled flooding,flooding_or_randomized_traffic,,ATTACK controlled flooding
1780532530.071985,10.798615,flooding,50D,8,0EA956641BB6B72D,ATTACK controlled flooding,flooding_or_randomized_traffic,,ATTACK controlled flooding
1780532530.074122,10.800753,flooding,5E3,8,D3B420F73CDE17C5,ATTACK controlled flooding,flooding_or_randomized_traffic,,ATTACK controlled flooding
1780532530.076251,10.802881,flooding,326,8,BD6C8D79164ACA1C,ATTACK controlled flooding,flooding_or_randomized_traffic,,ATTACK controlled flooding
1780532530.078419,10.805050,flooding,A2,8,E8C427691D1A8028,ATTACK controlled flooding,flooding_or_randomized_traffic,,ATTACK controlled flooding
1780532530.080543,10.807174,flooding,4D,8,5337EA05A8E11E38,ATTACK controlled flooding,flooding_or_randomized_traffic,,ATTACK controlled flooding
1780532530.082673,10.809304,flooding,4BD,8,51C14AE0E11C423F,ATTACK controlled flooding,flooding_or_randomized_traffic,,ATTACK controlled flooding
1780532530.084828,10.811459,flooding,3EE,8,CF7DF0A5F9638A17,ATTACK controlled flooding,flooding_or_randomized_traffic,,ATTACK controlled flooding
1780532530.086970,10.813601,flooding,AB,8,19C069C0130284E4,ATTACK controlled flooding,flooding_or_randomized_traffic,,ATTACK controlled flooding
1780532530.089110,10.815741,flooding,787,8,3DC558B76F54A394,ATTACK controlled flooding,flooding_or_randomized_traffic,,ATTACK controlled flooding
1780532530.091234,10.817865,flooding,1DD,8,9CCEDD649A2AFA13,ATTACK controlled flooding,flooding_or_randomized_traffic,,ATTACK controlled flooding
1780532530.093398,10.820029,flooding,54B,8,B25BEE7112516B13,ATTACK controlled flooding,flooding_or_randomized_traffic,,ATTACK controlled flooding
1780532530.095524,10.822155,flooding,795,8,8023FF48C1E79C29,ATTACK controlled flooding,flooding_or_randomized_traffic,,ATTACK controlled flooding
1780532530.097653,10.824284,flooding,69A,8,A79AFE2CB1700CC4,ATTACK controlled flooding,flooding_or_randomized_traffic,,ATTACK controlled flooding
1780532530.099781,10.826412,flooding,F9,8,134E0769FE340BFF,ATTACK controlled flooding,flooding_or_randomized_traffic,,ATTACK controlled flooding
1780532530.101902,10.828533,flooding,51D,8,147B49A13986CF1B,ATTACK controlled flooding,flooding_or_randomized_traffic,,ATTACK controlled flooding
1780532530.104045,10.830676,flooding,350,8,7EED72F653B193B0,ATTACK controlled flooding,flooding_or_randomized_traffic,,ATTACK controlled flooding
1780532530.106184,10.832815,flooding,7F,8,52F2536C4254C730,ATTACK controlled flooding,flooding_or_randomized_traffic,,ATTACK controlled flooding
1780532530.108329,10.834960,flooding,18F,8,7E02ADB4FB041ED6,ATTACK controlled flooding,flooding_or_randomized_traffic,,ATTACK controlled flooding
1780532530.110531,10.837162,flooding,378,8,B32E3681262FAEB6,ATTACK controlled flooding,flooding_or_randomized_traffic,,ATTACK controlled flooding
1780532530.112681,10.839312,flooding,41B,8,7CB6678F702D9B64,ATTACK controlled flooding,flooding_or_randomized_traffic,,ATTACK controlled flooding
1780532530.114930,10.841561,flooding,295,8,EBFFE01C0D53BA53,ATTACK controlled flooding,flooding_or_randomized_traffic,,ATTACK controlled flooding
1780532530.117234,10.843865,flooding,47B,8,D48F384690D3CA35,ATTACK controlled flooding,flooding_or_randomized_traffic,,ATTACK controlled flooding
1780532530.119543,10.846174,flooding,4E7,8,7A5952E3ED8FA75C,ATTACK controlled flooding,flooding_or_randomized_traffic,,ATTACK controlled flooding
1780532530.121737,10.848368,flooding,6C6,8,F0705D7605A82815,ATTACK controlled flooding,flooding_or_randomized_traffic,,ATTACK controlled flooding
1780532530.123896,10.850527,flooding,58E,8,B38058DC7703C54F,ATTACK controlled flooding,flooding_or_randomized_traffic,,ATTACK controlled flooding
1780532530.126047,10.852678,flooding,478,8,A60586243C801D4E,ATTACK controlled flooding,flooding_or_randomized_traffic,,ATTACK controlled flooding
1780532530.128195,10.854826,flooding,290,8,2B297B877BE1002E,ATTACK controlled flooding,flooding_or_randomized_traffic,,ATTACK controlled flooding
1780532530.130368,10.856999,flooding,82,8,4208FB8DABC145BE,ATTACK controlled flooding,flooding_or_randomized_traffic,,ATTACK controlled flooding
1780532530.132558,10.859189,flooding,327,8,6E344FCD30D40456,ATTACK controlled flooding,flooding_or_randomized_traffic,,ATTACK controlled flooding
1780532530.134698,10.861329,flooding,2D8,8,DF2A44599F8D9550,ATTACK controlled flooding,flooding_or_randomized_traffic,,ATTACK controlled flooding
1780532530.136828,10.863459,flooding,293,8,B3C2E28CD9FC56FC,ATTACK controlled flooding,flooding_or_randomized_traffic,,ATTACK controlled flooding
1780532530.138962,10.865593,flooding,4C9,8,BCF2A542F5A64614,ATTACK controlled flooding,flooding_or_randomized_traffic,,ATTACK controlled flooding
1780532530.141094,10.867725,flooding,2FA,8,DA4A03E85CCB6B31,ATTACK controlled flooding,flooding_or_randomized_traffic,,ATTACK controlled flooding
1780532530.143229,10.869860,flooding,106,8,542DD0BFDE0363F1,ATTACK controlled flooding,flooding_or_randomized_traffic,,ATTACK controlled flooding
1780532530.145387,10.872018,flooding,217,8,FB19B3608490A257,ATTACK controlled flooding,flooding_or_randomized_traffic,,ATTACK controlled flooding
1780532530.147535,10.874166,flooding,1D6,8,52950468226411D5,ATTACK controlled flooding,flooding_or_randomized_traffic,,ATTACK controlled flooding
1780532530.149671,10.876302,flooding,310,8,93F4D606554F7082,ATTACK controlled flooding,flooding_or_randomized_traffic,,ATTACK controlled flooding
1780532530.151824,10.878455,flooding,70C,8,52B694D0CC08401A,ATTACK controlled flooding,flooding_or_randomized_traffic,,ATTACK controlled flooding
1780532530.153980,10.880611,flooding,3A6,8,ED01096CD37A51EF,ATTACK controlled flooding,flooding_or_randomized_traffic,,ATTACK controlled flooding
1780532530.156121,10.882752,flooding,314,8,DFB76CA2B1A71CB1,ATTACK controlled flooding,flooding_or_randomized_traffic,,ATTACK controlled flooding
1780532530.158265,10.884896,flooding,27E,8,2AA5AE267A13A515,ATTACK controlled flooding,flooding_or_randomized_traffic,,ATTACK controlled flooding
1780532530.160418,10.887049,flooding,703,8,3F464271200444D4,ATTACK controlled flooding,flooding_or_randomized_traffic,,ATTACK controlled flooding
1780532530.162556,10.889187,flooding,52F,8,DA67784F0CD1AD97,ATTACK controlled flooding,flooding_or_randomized_traffic,,ATTACK controlled flooding
1780532530.164729,10.891360,flooding,242,8,A72B86D1D23A9484,ATTACK controlled flooding,flooding_or_randomized_traffic,,ATTACK controlled flooding
1780532530.166879,10.893510,flooding,51B,8,3B7EA8DB06514A1E,ATTACK controlled flooding,flooding_or_randomized_traffic,,ATTACK controlled flooding
1780532530.169014,10.895645,flooding,F9,8,C55D1583ADF7DB9E,ATTACK controlled flooding,flooding_or_randomized_traffic,,ATTACK controlled flooding
1780532530.171151,10.897782,flooding,640,8,5A4CBE688C5B03BC,ATTACK controlled flooding,flooding_or_randomized_traffic,,ATTACK controlled flooding
1780532530.173333,10.899964,flooding,531,8,81CC673C7F9F962D,ATTACK controlled flooding,flooding_or_randomized_traffic,,ATTACK controlled flooding
1780532530.175480,10.902111,flooding,4FB,8,1C10DDA103E550B7,ATTACK controlled flooding,flooding_or_randomized_traffic,,ATTACK controlled flooding
1780532530.177641,10.904272,flooding,16D,8,A85DCA6A3932F5F1,ATTACK controlled flooding,flooding_or_randomized_traffic,,ATTACK controlled flooding
1780532530.179925,10.906556,flooding,5AA,8,93E386A9E00D9780,ATTACK controlled flooding,flooding_or_randomized_traffic,,ATTACK controlled flooding
1780532530.182128,10.908759,flooding,4B3,8,2F1FD04E76236259,ATTACK controlled flooding,flooding_or_randomized_traffic,,ATTACK controlled flooding
1780532530.184304,10.910934,flooding,40A,8,9C031FC76E421472,ATTACK controlled flooding,flooding_or_randomized_traffic,,ATTACK controlled flooding
1780532530.186445,10.913076,flooding,21E,8,B9915135F8258EDE,ATTACK controlled flooding,flooding_or_randomized_traffic,,ATTACK controlled flooding
1780532530.188613,10.915244,flooding,462,8,1207E8E1BADA9736,ATTACK controlled flooding,flooding_or_randomized_traffic,,ATTACK controlled flooding
1780532530.190801,10.917432,flooding,277,8,9DE00FC0327A7A3D,ATTACK controlled flooding,flooding_or_randomized_traffic,,ATTACK controlled flooding
1780532530.193079,10.919710,flooding,5EB,8,433153A69F98B269,ATTACK controlled flooding,flooding_or_randomized_traffic,,ATTACK controlled flooding
1780532530.195292,10.921923,flooding,E9,8,210E6494944A6AF2,ATTACK controlled flooding,flooding_or_randomized_traffic,,ATTACK controlled flooding
1780532530.197511,10.924142,flooding,362,8,94DD57F4A8E63658,ATTACK controlled flooding,flooding_or_randomized_traffic,,ATTACK controlled flooding
1780532530.199694,10.926325,flooding,107,8,62DC6208D8B03701,ATTACK controlled flooding,flooding_or_randomized_traffic,,ATTACK controlled flooding
1780532530.201860,10.928491,flooding,500,8,3C1657E4833FB698,ATTACK controlled flooding,flooding_or_randomized_traffic,,ATTACK controlled flooding
1780532530.204032,10.930663,flooding,266,8,10EBB05DBCE5DCFC,ATTACK controlled flooding,flooding_or_randomized_traffic,,ATTACK controlled flooding
1780532530.206189,10.932820,flooding,30C,8,BC72256E284ED548,ATTACK controlled flooding,flooding_or_randomized_traffic,,ATTACK controlled flooding
1780532530.208333,10.934964,flooding,7D7,8,03347343292396FD,ATTACK controlled flooding,flooding_or_randomized_traffic,,ATTACK controlled flooding
1780532530.210520,10.937151,flooding,476,8,FD53E35843B81F05,ATTACK controlled flooding,flooding_or_randomized_traffic,,ATTACK controlled flooding
1780532530.212691,10.939322,flooding,346,8,2BD184284FDD52FF,ATTACK controlled flooding,flooding_or_randomized_traffic,,ATTACK controlled flooding
1780532530.214852,10.941483,flooding,199,8,3319204DD32A327C,ATTACK controlled flooding,flooding_or_randomized_traffic,,ATTACK controlled flooding
1780532530.216992,10.943623,flooding,A0,8,A910966E72AC78D7,ATTACK controlled flooding,flooding_or_randomized_traffic,,ATTACK controlled flooding
1780532530.219131,10.945762,flooding,4C4,8,82FDB2CDC0AAEC42,ATTACK controlled flooding,flooding_or_randomized_traffic,,ATTACK controlled flooding
1780532530.221297,10.947928,flooding,E,8,1C95807BA20FD489,ATTACK controlled flooding,flooding_or_randomized_traffic,,ATTACK controlled flooding
1780532530.223451,10.950082,flooding,6FB,8,4B29518C5BDCC505,ATTACK controlled flooding,flooding_or_randomized_traffic,,ATTACK controlled flooding
1780532530.225602,10.952233,flooding,FE,8,1D881057BC6F264C,ATTACK controlled flooding,flooding_or_randomized_traffic,,ATTACK controlled flooding
1780532530.227765,10.954396,flooding,1BD,8,B715B8A08F91AF9A,ATTACK controlled flooding,flooding_or_randomized_traffic,,ATTACK controlled flooding
1780532530.229970,10.956601,flooding,383,8,D56C9D2B85F75C8C,ATTACK controlled flooding,flooding_or_randomized_traffic,,ATTACK controlled flooding
1780532530.232116,10.958747,flooding,65B,8,E72C0BC14651599F,ATTACK controlled flooding,flooding_or_randomized_traffic,,ATTACK controlled flooding
1780532530.234275,10.960906,flooding,D6,8,F66216A667939B7D,ATTACK controlled flooding,flooding_or_randomized_traffic,,ATTACK controlled flooding
1780532530.236420,10.963051,flooding,184,8,16D8635033FB891D,ATTACK controlled flooding,flooding_or_randomized_traffic,,ATTACK controlled flooding
1780532530.238769,10.965400,flooding,A7,8,0D99D21929C1CA35,ATTACK controlled flooding,flooding_or_randomized_traffic,,ATTACK controlled flooding
1780532530.240963,10.967593,flooding,4BA,8,4FE6A908F6C26913,ATTACK controlled flooding,flooding_or_randomized_traffic,,ATTACK controlled flooding
1780532530.243115,10.969746,flooding,259,8,022B2211A957B169,ATTACK controlled flooding,flooding_or_randomized_traffic,,ATTACK controlled flooding
1780532530.245262,10.971893,flooding,7C7,8,45C6E627C65A09F2,ATTACK controlled flooding,flooding_or_randomized_traffic,,ATTACK controlled flooding
1780532530.247412,10.974043,flooding,645,8,7BB7A2B96A0F77C4,ATTACK controlled flooding,flooding_or_randomized_traffic,,ATTACK controlled flooding
1780532530.249552,10.976183,flooding,327,8,F61B52A24CABBEE9,ATTACK controlled flooding,flooding_or_randomized_traffic,,ATTACK controlled flooding
1780532530.251690,10.978321,flooding,3FC,8,DBC49699B48D0426,ATTACK controlled flooding,flooding_or_randomized_traffic,,ATTACK controlled flooding
1780532530.253825,10.980456,flooding,617,8,C25DF9972ADF6B40,ATTACK controlled flooding,flooding_or_randomized_traffic,,ATTACK controlled flooding
1780532530.255963,10.982594,flooding,15B,8,9A049DF4B990B48F,ATTACK controlled flooding,flooding_or_randomized_traffic,,ATTACK controlled flooding
1780532530.258111,10.984742,flooding,4B5,8,0C771313FAB3C241,ATTACK controlled flooding,flooding_or_randomized_traffic,,ATTACK controlled flooding
1780532530.260255,10.986886,flooding,602,8,CF7ED9CE1CBA6847,ATTACK controlled flooding,flooding_or_randomized_traffic,,ATTACK controlled flooding
1780532530.262407,10.989038,flooding,219,8,6361DEE8B65A357D,ATTACK controlled flooding,flooding_or_randomized_traffic,,ATTACK controlled flooding
1780532530.264566,10.991197,flooding,692,8,B69097E67C4E9C44,ATTACK controlled flooding,flooding_or_randomized_traffic,,ATTACK controlled flooding
1780532530.266715,10.993346,flooding,2DA,8,5E600A36748C9882,ATTACK controlled flooding,flooding_or_randomized_traffic,,ATTACK controlled flooding
1780532530.268886,10.995517,flooding,695,8,6B5B11F0D534FF88,ATTACK controlled flooding,flooding_or_randomized_traffic,,ATTACK controlled flooding
1780532530.271027,10.997658,flooding,794,8,3214BC9CF4C3CAD0,ATTACK controlled flooding,flooding_or_randomized_traffic,,ATTACK controlled flooding
1780532530.273205,10.999836,flooding,6D,8,9A32BDDFD856729E,ATTACK controlled flooding,flooding_or_randomized_traffic,,ATTACK controlled flooding
1780532530.275402,11.002033,flooding,1A5,8,B4F8001BE10ABB66,ATTACK controlled flooding,flooding_or_randomized_traffic,,ATTACK controlled flooding
1780532530.277605,11.004236,flooding,705,8,DBF1208DA9E2010A,ATTACK controlled flooding,flooding_or_randomized_traffic,,ATTACK controlled flooding
1780532530.279764,11.006395,flooding,45F,8,2D44B5B07C93B5A0,ATTACK controlled flooding,flooding_or_randomized_traffic,,ATTACK controlled flooding
1780532530.281926,11.008557,flooding,252,8,E60C5C7B6319379A,ATTACK controlled flooding,flooding_or_randomized_traffic,,ATTACK controlled flooding
1780532530.284077,11.010708,flooding,64E,8,FD5E22E202B6214F,ATTACK controlled flooding,flooding_or_randomized_traffic,,ATTACK controlled flooding
1780532530.286232,11.012863,flooding,18B,8,D60FB704367CC33B,ATTACK controlled flooding,flooding_or_randomized_traffic,,ATTACK controlled flooding
1780532530.288424,11.015055,flooding,79D,8,C02F6BD72BC9288B,ATTACK controlled flooding,flooding_or_randomized_traffic,,ATTACK controlled flooding
1780532530.290622,11.017253,flooding,6A7,8,55212F2912B05E57,ATTACK controlled flooding,flooding_or_randomized_traffic,,ATTACK controlled flooding
1780532530.292767,11.019397,flooding,83,8,0561AF789BCEBDB5,ATTACK controlled flooding,flooding_or_randomized_traffic,,ATTACK controlled flooding
1780532530.294907,11.021538,flooding,41C,8,B23FAAD1D8517F5F,ATTACK controlled flooding,flooding_or_randomized_traffic,,ATTACK controlled flooding
1780532530.297029,11.023660,flooding,187,8,58D71BF0406BE8D5,ATTACK controlled flooding,flooding_or_randomized_traffic,,ATTACK controlled flooding
1780532530.299190,11.025821,flooding,2CF,8,4B05120125A6991B,ATTACK controlled flooding,flooding_or_randomized_traffic,,ATTACK controlled flooding
1780532530.301321,11.027952,flooding,7F1,8,0E1DFEE2BFA3942C,ATTACK controlled flooding,flooding_or_randomized_traffic,,ATTACK controlled flooding
1780532530.303447,11.030078,flooding,239,8,B0E5FFE875D6FC4A,ATTACK controlled flooding,flooding_or_randomized_traffic,,ATTACK controlled flooding
1780532530.305575,11.032206,flooding,557,8,9A4FBCC53590D273,ATTACK controlled flooding,flooding_or_randomized_traffic,,ATTACK controlled flooding
1780532530.307703,11.034334,flooding,698,8,7AD1E0462BBA82D3,ATTACK controlled flooding,flooding_or_randomized_traffic,,ATTACK controlled flooding
1780532530.309836,11.036467,flooding,84,8,C27D69E485C5D69D,ATTACK controlled flooding,flooding_or_randomized_traffic,,ATTACK controlled flooding
1780532530.311966,11.038597,flooding,223,8,68047C55D223FE0D,ATTACK controlled flooding,flooding_or_randomized_traffic,,ATTACK controlled flooding
1780532530.314094,11.040725,flooding,4B,8,1DA63DDD84B83435,ATTACK controlled flooding,flooding_or_randomized_traffic,,ATTACK controlled flooding
1780532530.316309,11.042940,flooding,67E,8,4A1936023F063FFC,ATTACK controlled flooding,flooding_or_randomized_traffic,,ATTACK controlled flooding
1780532530.318462,11.045093,flooding,7AC,8,B97D9DDB23C638F3,ATTACK controlled flooding,flooding_or_randomized_traffic,,ATTACK controlled flooding
1780532530.320617,11.047248,flooding,19D,8,D0E1A588EEDFFD3A,ATTACK controlled flooding,flooding_or_randomized_traffic,,ATTACK controlled flooding
1780532530.322757,11.049388,flooding,1EC,8,BD298E1532C3CD7E,ATTACK controlled flooding,flooding_or_randomized_traffic,,ATTACK controlled flooding
1780532530.324895,11.051526,flooding,735,8,B43F1C5BF5F03682,ATTACK controlled flooding,flooding_or_randomized_traffic,,ATTACK controlled flooding
1780532530.327044,11.053675,recovery,100,8,2D0040061E564B00,normal_after_attack,simulated_engine_cluster,45,normal_after_attack
1780532530.327082,11.053713,recovery,188,8,00002D0000000000,display_speed_recovery,simulated_dashboard_display,,display_speed_recovery
1780532530.377457,11.104088,recovery,100,8,2D0040061E564B00,normal_after_attack,simulated_engine_cluster,45,normal_after_attack
1780532530.377569,11.104200,recovery,188,8,00002D0000000000,display_speed_recovery,simulated_dashboard_display,,display_speed_recovery
1780532530.427891,11.154522,recovery,100,8,2D0040061E564B00,normal_after_attack,simulated_engine_cluster,45,normal_after_attack
1780532530.427965,11.154596,recovery,188,8,00002D0000000000,display_speed_recovery,simulated_dashboard_display,,display_speed_recovery
1780532530.478290,11.204921,recovery,100,8,2D0040061E564B00,normal_after_attack,simulated_engine_cluster,45,normal_after_attack
1780532530.478372,11.205003,recovery,188,8,00002D0000000000,display_speed_recovery,simulated_dashboard_display,,display_speed_recovery
1780532530.528661,11.255292,recovery,100,8,2D0040061E564B00,normal_after_attack,simulated_engine_cluster,45,normal_after_attack
1780532530.528713,11.255344,recovery,188,8,00002D0000000000,display_speed_recovery,simulated_dashboard_display,,display_speed_recovery
1780532530.579026,11.305656,recovery,100,8,2D0040061E564B00,normal_after_attack,simulated_engine_cluster,45,normal_after_attack
1780532530.579092,11.305723,recovery,188,8,00002D0000000000,display_speed_recovery,simulated_dashboard_display,,display_speed_recovery
1780532530.629382,11.356013,recovery,100,8,2D0040061E564B00,normal_after_attack,simulated_engine_cluster,45,normal_after_attack
1780532530.629436,11.356067,recovery,188,8,00002D0000000000,display_speed_recovery,simulated_dashboard_display,,display_speed_recovery
1780532530.679690,11.406321,recovery,100,8,2D0040061E564B00,normal_after_attack,simulated_engine_cluster,45,normal_after_attack
1780532530.679758,11.406389,recovery,188,8,00002D0000000000,display_speed_recovery,simulated_dashboard_display,,display_speed_recovery
1780532530.730077,11.456708,recovery,100,8,2E0040061E564B00,normal_after_attack,simulated_engine_cluster,46,normal_after_attack
1780532530.730131,11.456762,recovery,188,8,00002E0000000000,display_speed_recovery,simulated_dashboard_display,,display_speed_recovery
1780532530.780427,11.507058,recovery,100,8,2E0040061E564B00,normal_after_attack,simulated_engine_cluster,46,normal_after_attack
1780532530.780483,11.507114,recovery,188,8,00002E0000000000,display_speed_recovery,simulated_dashboard_display,,display_speed_recovery
1780532530.831662,11.558293,recovery,100,8,2E0040061E564B00,normal_after_attack,simulated_engine_cluster,46,normal_after_attack
1780532530.831715,11.558346,recovery,188,8,00002E0000000000,display_speed_recovery,simulated_dashboard_display,,display_speed_recovery
1780532530.881959,11.608590,recovery,100,8,2E0040061E564B00,normal_after_attack,simulated_engine_cluster,46,normal_after_attack
1780532530.882012,11.608643,recovery,188,8,00002E0000000000,display_speed_recovery,simulated_dashboard_display,,display_speed_recovery
1780532530.932290,11.658921,recovery,100,8,2F0040061E564B00,normal_after_attack,simulated_engine_cluster,47,normal_after_attack
1780532530.932342,11.658973,recovery,188,8,00002F0000000000,display_speed_recovery,simulated_dashboard_display,,display_speed_recovery
1780532530.982646,11.709277,recovery,100,8,2F0040061E564B00,normal_after_attack,simulated_engine_cluster,47,normal_after_attack
1780532530.982701,11.709332,recovery,188,8,00002F0000000000,display_speed_recovery,simulated_dashboard_display,,display_speed_recovery
1780532531.033004,11.759635,recovery,100,8,2F0040061E564B00,normal_after_attack,simulated_engine_cluster,47,normal_after_attack
1780532531.033073,11.759704,recovery,188,8,00002F0000000000,display_speed_recovery,simulated_dashboard_display,,display_speed_recovery
1780532531.083385,11.810016,recovery,100,8,300040061E564B00,normal_after_attack,simulated_engine_cluster,48,normal_after_attack
1780532531.083445,11.810076,recovery,188,8,0000300000000000,display_speed_recovery,simulated_dashboard_display,,display_speed_recovery
1780532531.133829,11.860460,recovery,100,8,300040061E564B00,normal_after_attack,simulated_engine_cluster,48,normal_after_attack
1780532531.133891,11.860522,recovery,188,8,0000300000000000,display_speed_recovery,simulated_dashboard_display,,display_speed_recovery
1780532531.184206,11.910837,recovery,100,8,300040061E564B00,normal_after_attack,simulated_engine_cluster,48,normal_after_attack
1780532531.184289,11.910920,recovery,188,8,0000300000000000,display_speed_recovery,simulated_dashboard_display,,display_speed_recovery
1780532531.234643,11.961274,recovery,100,8,310040061E564B00,normal_after_attack,simulated_engine_cluster,49,normal_after_attack
1780532531.234717,11.961348,recovery,188,8,0000310000000000,display_speed_recovery,simulated_dashboard_display,,display_speed_recovery
1780532531.285037,12.011668,recovery,100,8,310040061E564B00,normal_after_attack,simulated_engine_cluster,49,normal_after_attack
1780532531.285123,12.011754,recovery,188,8,0000310000000000,display_speed_recovery,simulated_dashboard_display,,display_speed_recovery
1780532531.335441,12.062072,recovery,100,8,320040061E564B00,normal_after_attack,simulated_engine_cluster,50,normal_after_attack
1780532531.335649,12.062279,recovery,188,8,0000320000000000,display_speed_recovery,simulated_dashboard_display,,display_speed_recovery
1780532531.385944,12.112575,recovery,100,8,320040061E564B00,normal_after_attack,simulated_engine_cluster,50,normal_after_attack
1780532531.386030,12.112661,recovery,188,8,0000320000000000,display_speed_recovery,simulated_dashboard_display,,display_speed_recovery
1780532531.436330,12.162961,recovery,100,8,330040061E564B00,normal_after_attack,simulated_engine_cluster,51,normal_after_attack
1780532531.436428,12.163059,recovery,188,8,0000330000000000,display_speed_recovery,simulated_dashboard_display,,display_speed_recovery
1780532531.486758,12.213388,recovery,100,8,330040061E564B00,normal_after_attack,simulated_engine_cluster,51,normal_after_attack
1780532531.486835,12.213466,recovery,188,8,0000330000000000,display_speed_recovery,simulated_dashboard_display,,display_speed_recovery
1780532531.537079,12.263710,recovery,100,8,340040061E564B00,normal_after_attack,simulated_engine_cluster,52,normal_after_attack
1780532531.537135,12.263766,recovery,188,8,0000340000000000,display_speed_recovery,simulated_dashboard_display,,display_speed_recovery
1780532531.587478,12.314109,recovery,100,8,340040061E564B00,normal_after_attack,simulated_engine_cluster,52,normal_after_attack
1780532531.587600,12.314231,recovery,188,8,0000340000000000,display_speed_recovery,simulated_dashboard_display,,display_speed_recovery
1780532531.637902,12.364533,recovery,100,8,340040061E564B00,normal_after_attack,simulated_engine_cluster,52,normal_after_attack
1780532531.637958,12.364589,recovery,188,8,0000340000000000,display_speed_recovery,simulated_dashboard_display,,display_speed_recovery
1780532531.688249,12.414880,recovery,100,8,350040061E564B00,normal_after_attack,simulated_engine_cluster,53,normal_after_attack
1780532531.688328,12.414959,recovery,188,8,0000350000000000,display_speed_recovery,simulated_dashboard_display,,display_speed_recovery
1780532531.738657,12.465288,recovery,100,8,350040061E564B00,normal_after_attack,simulated_engine_cluster,53,normal_after_attack
1780532531.738711,12.465342,recovery,188,8,0000350000000000,display_speed_recovery,simulated_dashboard_display,,display_speed_recovery
1780532531.788931,12.515562,recovery,100,8,360040061E564B00,normal_after_attack,simulated_engine_cluster,54,normal_after_attack
1780532531.788989,12.515620,recovery,188,8,0000360000000000,display_speed_recovery,simulated_dashboard_display,,display_speed_recovery
1780532531.839265,12.565896,recovery,100,8,360040061E564B00,normal_after_attack,simulated_engine_cluster,54,normal_after_attack
1780532531.839320,12.565951,recovery,188,8,0000360000000000,display_speed_recovery,simulated_dashboard_display,,display_speed_recovery
1780532531.889567,12.616198,recovery,100,8,370040061E564B00,normal_after_attack,simulated_engine_cluster,55,normal_after_attack
1780532531.889620,12.616251,recovery,188,8,0000370000000000,display_speed_recovery,simulated_dashboard_display,,display_speed_recovery
1780532531.939842,12.666473,recovery,100,8,370040061E564B00,normal_after_attack,simulated_engine_cluster,55,normal_after_attack
1780532531.939917,12.666548,recovery,188,8,0000370000000000,display_speed_recovery,simulated_dashboard_display,,display_speed_recovery
1780532531.990136,12.716767,recovery,100,8,380040061E564B00,normal_after_attack,simulated_engine_cluster,56,normal_after_attack
1780532531.990190,12.716821,recovery,188,8,0000380000000000,display_speed_recovery,simulated_dashboard_display,,display_speed_recovery
1780532532.040473,12.767104,recovery,100,8,380040061E564B00,normal_after_attack,simulated_engine_cluster,56,normal_after_attack
1780532532.040570,12.767201,recovery,188,8,0000380000000000,display_speed_recovery,simulated_dashboard_display,,display_speed_recovery
1780532532.090800,12.817431,recovery,100,8,390040061E564B00,normal_after_attack,simulated_engine_cluster,57,normal_after_attack
1780532532.090858,12.817489,recovery,188,8,0000390000000000,display_speed_recovery,simulated_dashboard_display,,display_speed_recovery
1780532532.141117,12.867748,recovery,100,8,390040061E564B00,normal_after_attack,simulated_engine_cluster,57,normal_after_attack
1780532532.141172,12.867803,recovery,188,8,0000390000000000,display_speed_recovery,simulated_dashboard_display,,display_speed_recovery
1780532532.191415,12.918046,recovery,100,8,3A0040061E564B00,normal_after_attack,simulated_engine_cluster,58,normal_after_attack
1780532532.191470,12.918101,recovery,188,8,00003A0000000000,display_speed_recovery,simulated_dashboard_display,,display_speed_recovery
1780532532.241684,12.968315,recovery,100,8,3A0040061E564B00,normal_after_attack,simulated_engine_cluster,58,normal_after_attack
1780532532.241740,12.968370,recovery,188,8,00003A0000000000,display_speed_recovery,simulated_dashboard_display,,display_speed_recovery
1780532532.291967,13.018598,recovery,100,8,3B0040061E564B00,normal_after_attack,simulated_engine_cluster,59,normal_after_attack
1780532532.292018,13.018649,recovery,188,8,00003B0000000000,display_speed_recovery,simulated_dashboard_display,,display_speed_recovery
