(1780532519.274539) vcan_sim 100#3C00A4061E564B00 phase=baseline note=engine_cluster_state
(1780532519.274584) vcan_sim 120#0000000000000000 phase=baseline note=body_status
(1780532519.274609) vcan_sim 188#00003C0000000000 phase=baseline note=display_speed
(1780532519.274642) vcan_sim 300#DA5FC25D55DF8FAD phase=baseline note=background_noise
(1780532519.324901) vcan_sim 100#3D00CF061E564B00 phase=baseline note=engine_cluster_state
(1780532519.324956) vcan_sim 120#0000000000000000 phase=baseline note=body_status
(1780532519.324977) vcan_sim 188#00003D0000000000 phase=baseline note=display_speed
(1780532519.375239) vcan_sim 100#3E00FA061E564B00 phase=baseline note=engine_cluster_state
(1780532519.375308) vcan_sim 120#0000000000000000 phase=baseline note=body_status
(1780532519.375373) vcan_sim 188#00003E0000000000 phase=baseline note=display_speed
(1780532519.425694) vcan_sim 100#3F0023071E564B00 phase=baseline note=engine_cluster_state
(1780532519.425763) vcan_sim 120#0000000000000000 phase=baseline note=body_status
(1780532519.425789) vcan_sim 188#00003F0000000000 phase=baseline note=display_speed
(1780532519.476037) vcan_sim 100#40004C071E564B00 phase=baseline note=engine_cluster_state
(1780532519.476117) vcan_sim 120#0000000000000000 phase=baseline note=body_status
(1780532519.476140) vcan_sim 188#0000400000000000 phase=baseline note=display_speed
(1780532519.526406) vcan_sim 100#410074071E564B00 phase=baseline note=engine_cluster_state
(1780532519.526484) vcan_sim 120#0000000000000000 phase=baseline note=body_status
(1780532519.526557) vcan_sim 188#0000410000000000 phase=baseline note=display_speed
(1780532519.526596) vcan_sim 300#5C0D8DF3F37D6AED phase=baseline note=background_noise
(1780532519.578645) vcan_sim 100#42009B071E564B00 phase=baseline note=engine_cluster_state
(1780532519.578725) vcan_sim 120#0000000000000000 phase=baseline note=body_status
(1780532519.578747) vcan_sim 188#0000420000000000 phase=baseline note=display_speed
(1780532519.628955) vcan_sim 100#4300C0071E564B00 phase=baseline note=engine_cluster_state
(1780532519.629009) vcan_sim 120#0000000000000000 phase=baseline note=body_status
(1780532519.629030) vcan_sim 188#0000430000000000 phase=baseline note=display_speed
(1780532519.679264) vcan_sim 100#4400E2071E564B00 phase=baseline note=engine_cluster_state
(1780532519.679318) vcan_sim 120#0000000000000000 phase=baseline note=body_status
(1780532519.679339) vcan_sim 188#0000440000000000 phase=baseline note=display_speed
(1780532519.729633) vcan_sim 100#450002081E564B00 phase=baseline note=engine_cluster_state
(1780532519.729708) vcan_sim 120#0000000000000000 phase=baseline note=body_status
(1780532519.729737) vcan_sim 188#0000450000000000 phase=baseline note=display_speed
(1780532519.780091) vcan_sim 100#46001F081E564B00 phase=baseline note=engine_cluster_state
(1780532519.780148) vcan_sim 120#0000000000000000 phase=baseline note=body_status
(1780532519.780201) vcan_sim 188#0000460000000000 phase=baseline note=display_speed
(1780532519.780234) vcan_sim 300#3D3FC94EB8E8E1F8 phase=baseline note=background_noise
(1780532519.830543) vcan_sim 100#470039081E564B00 phase=baseline note=engine_cluster_state
(1780532519.830600) vcan_sim 120#0000000000000000 phase=baseline note=body_status
(1780532519.830624) vcan_sim 188#0000470000000000 phase=baseline note=display_speed
(1780532519.880866) vcan_sim 100#480051081E564B00 phase=baseline note=engine_cluster_state
(1780532519.880927) vcan_sim 120#0000000000000000 phase=baseline note=body_status
(1780532519.880951) vcan_sim 188#0000480000000000 phase=baseline note=display_speed
(1780532519.931187) vcan_sim 100#490065081E564B00 phase=baseline note=engine_cluster_state
(1780532519.931258) vcan_sim 120#0000000000000000 phase=baseline note=body_status
(1780532519.931284) vcan_sim 188#0000490000000000 phase=baseline note=display_speed
(1780532519.981526) vcan_sim 100#4A0076081E564B00 phase=baseline note=engine_cluster_state
(1780532519.981585) vcan_sim 120#0000000000000000 phase=baseline note=body_status
(1780532519.981606) vcan_sim 188#00004A0000000000 phase=baseline note=display_speed
(1780532520.031871) vcan_sim 100#4A0084081E564B00 phase=baseline note=engine_cluster_state
(1780532520.031927) vcan_sim 120#0000000000000000 phase=baseline note=body_status
(1780532520.031947) vcan_sim 188#00004A0000000000 phase=baseline note=display_speed
(1780532520.031977) vcan_sim 300#9D37CBC4FDB28136 phase=baseline note=background_noise
(1780532520.082275) vcan_sim 100#4B008E081E564B00 phase=baseline note=engine_cluster_state
(1780532520.082346) vcan_sim 120#0000000000000000 phase=baseline note=body_status
(1780532520.082384) vcan_sim 188#00004B0000000000 phase=baseline note=display_speed
(1780532520.132739) vcan_sim 100#4C0094081E564B00 phase=baseline note=engine_cluster_state
(1780532520.132805) vcan_sim 120#0000000000000000 phase=baseline note=body_status
(1780532520.132831) vcan_sim 188#00004C0000000000 phase=baseline note=display_speed
(1780532520.183111) vcan_sim 100#4C0097081E564B00 phase=baseline note=engine_cluster_state
(1780532520.183187) vcan_sim 120#0000000000000000 phase=baseline note=body_status
(1780532520.183222) vcan_sim 188#00004C0000000000 phase=baseline note=display_speed
(1780532520.233542) vcan_sim 100#4D0097081E564B00 phase=baseline note=engine_cluster_state
(1780532520.233598) vcan_sim 120#0000000000000000 phase=baseline note=body_status
(1780532520.233618) vcan_sim 188#00004D0000000000 phase=baseline note=display_speed
(1780532520.283898) vcan_sim 100#4D0092081E564B00 phase=baseline note=engine_cluster_state
(1780532520.283953) vcan_sim 120#0000000000000000 phase=baseline note=body_status
(1780532520.283972) vcan_sim 188#00004D0000000000 phase=baseline note=display_speed
(1780532520.284001) vcan_sim 300#8E00E7E5FF209D80 phase=baseline note=background_noise
(1780532520.334424) vcan_sim 100#4E008A081E564B00 phase=baseline note=engine_cluster_state
(1780532520.334547) vcan_sim 120#0000000000000000 phase=baseline note=body_status
(1780532520.334581) vcan_sim 188#00004E0000000000 phase=baseline note=display_speed
(1780532520.384803) vcan_sim 100#4E007E081E564B00 phase=baseline note=engine_cluster_state
(1780532520.384893) vcan_sim 120#0000000000000000 phase=baseline note=body_status
(1780532520.384932) vcan_sim 188#00004E0000000000 phase=baseline note=display_speed
(1780532520.435230) vcan_sim 100#4F006F081E564B00 phase=baseline note=engine_cluster_state
(1780532520.435296) vcan_sim 120#0000000000000000 phase=baseline note=body_status
(1780532520.435325) vcan_sim 188#00004F0000000000 phase=baseline note=display_speed
(1780532520.485631) vcan_sim 100#4F005D081E564B00 phase=baseline note=engine_cluster_state
(1780532520.485688) vcan_sim 120#0000000000000000 phase=baseline note=body_status
(1780532520.485718) vcan_sim 188#00004F0000000000 phase=baseline note=display_speed
(1780532520.535928) vcan_sim 100#4F0047081E564B00 phase=baseline note=engine_cluster_state
(1780532520.535980) vcan_sim 120#0000000000000000 phase=baseline note=body_status
(1780532520.536000) vcan_sim 188#00004F0000000000 phase=baseline note=display_speed
(1780532520.536029) vcan_sim 300#D2343B2F98C61C4A phase=baseline note=background_noise
(1780532520.586267) vcan_sim 100#4F002E081E564B00 phase=baseline note=engine_cluster_state
(1780532520.586339) vcan_sim 120#0000000000000000 phase=baseline note=body_status
(1780532520.586416) vcan_sim 188#00004F0000000000 phase=baseline note=display_speed
(1780532520.636724) vcan_sim 100#4F0012081E564B00 phase=baseline note=engine_cluster_state
(1780532520.636799) vcan_sim 120#0000000000000000 phase=baseline note=body_status
(1780532520.636832) vcan_sim 188#00004F0000000000 phase=baseline note=display_speed
(1780532520.687180) vcan_sim 100#4F00F4071E564B00 phase=baseline note=engine_cluster_state
(1780532520.687251) vcan_sim 120#0000000000000000 phase=baseline note=body_status
(1780532520.687288) vcan_sim 188#00004F0000000000 phase=baseline note=display_speed
(1780532520.737635) vcan_sim 100#4F00D3071E564B00 phase=baseline note=engine_cluster_state
(1780532520.737708) vcan_sim 120#0000000000000000 phase=baseline note=body_status
(1780532520.737764) vcan_sim 188#00004F0000000000 phase=baseline note=display_speed
(1780532520.788101) vcan_sim 100#4F00B0071E564B00 phase=baseline note=engine_cluster_state
(1780532520.788156) vcan_sim 120#0000000000000000 phase=baseline note=body_status
(1780532520.788179) vcan_sim 188#00004F0000000000 phase=baseline note=display_speed
(1780532520.788208) vcan_sim 300#36C5E33A2B0C9645 phase=baseline note=background_noise
(1780532520.838576) vcan_sim 100#4F008B071E564B00 phase=baseline note=engine_cluster_state
(1780532520.838630) vcan_sim 120#0000000000000000 phase=baseline note=body_status
(1780532520.838650) vcan_sim 188#00004F0000000000 phase=baseline note=display_speed
(1780532520.888963) vcan_sim 100#4F0064071E564B00 phase=baseline note=engine_cluster_state
(1780532520.889028) vcan_sim 120#0000000000000000 phase=baseline note=body_status
(1780532520.889052) vcan_sim 188#00004F0000000000 phase=baseline note=display_speed
(1780532520.939385) vcan_sim 100#4F003C071E564B00 phase=baseline note=engine_cluster_state
(1780532520.939463) vcan_sim 120#0000000000000000 phase=baseline note=body_status
(1780532520.939640) vcan_sim 188#00004F0000000000 phase=baseline note=display_speed
(1780532520.989884) vcan_sim 100#4F0012071E564B00 phase=baseline note=engine_cluster_state
(1780532520.989936) vcan_sim 120#0000000000000000 phase=baseline note=body_status
(1780532520.989957) vcan_sim 188#00004F0000000000 phase=baseline note=display_speed
(1780532521.040251) vcan_sim 100#4E00E8061E564B00 phase=baseline note=engine_cluster_state
(1780532521.040304) vcan_sim 120#0000000000000000 phase=baseline note=body_status
(1780532521.040324) vcan_sim 188#00004E0000000000 phase=baseline note=display_speed
(1780532521.040403) vcan_sim 300#0BBBDF0837D161E3 phase=baseline note=background_noise
(1780532521.090662) vcan_sim 100#4E00BE061E564B00 phase=baseline note=engine_cluster_state
(1780532521.090722) vcan_sim 120#0000000000000000 phase=baseline note=body_status
(1780532521.090741) vcan_sim 188#00004E0000000000 phase=baseline note=display_speed
(1780532521.141001) vcan_sim 100#4D0093061E564B00 phase=baseline note=engine_cluster_state
(1780532521.141057) vcan_sim 120#0000000000000000 phase=baseline note=body_status
(1780532521.141081) vcan_sim 188#00004D0000000000 phase=baseline note=display_speed
(1780532521.191370) vcan_sim 100#4D0068061E564B00 phase=baseline note=engine_cluster_state
(1780532521.191457) vcan_sim 120#0000000000000000 phase=baseline note=body_status
(1780532521.191529) vcan_sim 188#00004D0000000000 phase=baseline note=display_speed
(1780532521.241788) vcan_sim 100#4C003E061E564B00 phase=baseline note=engine_cluster_state
(1780532521.241842) vcan_sim 120#0000000000000000 phase=baseline note=body_status
(1780532521.241869) vcan_sim 188#00004C0000000000 phase=baseline note=display_speed
(1780532521.292125) vcan_sim 100#4B0014061E564B00 phase=baseline note=engine_cluster_state
(1780532521.292183) vcan_sim 120#0000000000000000 phase=baseline note=body_status
(1780532521.292223) vcan_sim 188#00004B0000000000 phase=baseline note=display_speed
(1780532521.292263) vcan_sim 300#EB79C5F5FE2F7FB8 phase=baseline note=background_noise
(1780532521.342582) vcan_sim 100#4B00EC051E564B00 phase=baseline note=engine_cluster_state
(1780532521.342649) vcan_sim 120#0000000000000000 phase=baseline note=body_status
(1780532521.342675) vcan_sim 188#00004B0000000000 phase=baseline note=display_speed
(1780532521.392933) vcan_sim 100#4A00C5051E564B00 phase=baseline note=engine_cluster_state
(1780532521.392986) vcan_sim 120#0000000000000000 phase=baseline note=body_status
(1780532521.393008) vcan_sim 188#00004A0000000000 phase=baseline note=display_speed
(1780532521.443268) vcan_sim 100#49009F051E564B00 phase=baseline note=engine_cluster_state
(1780532521.443469) vcan_sim 120#0000000000000000 phase=baseline note=body_status
(1780532521.443588) vcan_sim 188#0000490000000000 phase=baseline note=display_speed
(1780532521.493853) vcan_sim 100#48007C051E564B00 phase=baseline note=engine_cluster_state
(1780532521.493922) vcan_sim 120#0000000000000000 phase=baseline note=body_status
(1780532521.493952) vcan_sim 188#0000480000000000 phase=baseline note=display_speed
(1780532521.544197) vcan_sim 100#48005A051E564B00 phase=baseline note=engine_cluster_state
(1780532521.544252) vcan_sim 120#0000000000000000 phase=baseline note=body_status
(1780532521.544273) vcan_sim 188#0000480000000000 phase=baseline note=display_speed
(1780532521.544303) vcan_sim 300#9FECE8C704756C7D phase=baseline note=background_noise
(1780532521.594563) vcan_sim 100#47003B051E564B00 phase=baseline note=engine_cluster_state
(1780532521.594636) vcan_sim 120#0000000000000000 phase=baseline note=body_status
(1780532521.594657) vcan_sim 188#0000470000000000 phase=baseline note=display_speed
(1780532521.644886) vcan_sim 100#46001F051E564B00 phase=baseline note=engine_cluster_state
(1780532521.644954) vcan_sim 120#0000000000000000 phase=baseline note=body_status
(1780532521.644980) vcan_sim 188#0000460000000000 phase=baseline note=display_speed
(1780532521.695241) vcan_sim 100#450006051E564B00 phase=baseline note=engine_cluster_state
(1780532521.695364) vcan_sim 120#0000000000000000 phase=baseline note=body_status
(1780532521.695431) vcan_sim 188#0000450000000000 phase=baseline note=display_speed
(1780532521.745678) vcan_sim 100#4400EF041E564B00 phase=baseline note=engine_cluster_state
(1780532521.745749) vcan_sim 120#0000000000000000 phase=baseline note=body_status
(1780532521.745783) vcan_sim 188#0000440000000000 phase=baseline note=display_speed
(1780532521.796021) vcan_sim 100#4300DC041E564B00 phase=baseline note=engine_cluster_state
(1780532521.796093) vcan_sim 120#0000000000000000 phase=baseline note=body_status
(1780532521.796114) vcan_sim 188#0000430000000000 phase=baseline note=display_speed
(1780532521.796143) vcan_sim 300#A9AC26ADF557064E phase=baseline note=background_noise
(1780532521.846642) vcan_sim 100#4200CC041E564B00 phase=baseline note=engine_cluster_state
(1780532521.846704) vcan_sim 120#0000000000000000 phase=baseline note=body_status
(1780532521.846761) vcan_sim 188#0000420000000000 phase=baseline note=display_speed
(1780532521.897008) vcan_sim 100#4100BF041E564B00 phase=baseline note=engine_cluster_state
(1780532521.897061) vcan_sim 120#0000000000000000 phase=baseline note=body_status
(1780532521.897081) vcan_sim 188#0000410000000000 phase=baseline note=display_speed
(1780532521.947319) vcan_sim 100#3F00B6041E564B00 phase=baseline note=engine_cluster_state
(1780532521.947413) vcan_sim 120#0000000000000000 phase=baseline note=body_status
(1780532521.947438) vcan_sim 188#00003F0000000000 phase=baseline note=display_speed
(1780532521.997760) vcan_sim 100#3E00B1041E564B00 phase=baseline note=engine_cluster_state
(1780532521.997816) vcan_sim 120#0000000000000000 phase=baseline note=body_status
(1780532521.997835) vcan_sim 188#00003E0000000000 phase=baseline note=display_speed
(1780532522.048078) vcan_sim 100#3D00B0041E564B00 phase=baseline note=engine_cluster_state
(1780532522.048135) vcan_sim 120#0000000000000000 phase=baseline note=body_status
(1780532522.048158) vcan_sim 188#00003D0000000000 phase=baseline note=display_speed
(1780532522.048193) vcan_sim 300#9D8507552D3C1C6F phase=baseline note=background_noise
(1780532522.098586) vcan_sim 100#3C00B2041E564B00 phase=baseline note=engine_cluster_state
(1780532522.098673) vcan_sim 120#0000000000000000 phase=baseline note=body_status
(1780532522.098713) vcan_sim 188#00003C0000000000 phase=baseline note=display_speed
(1780532522.149103) vcan_sim 100#3B00B7041E564B00 phase=baseline note=engine_cluster_state
(1780532522.149192) vcan_sim 120#0000000000000000 phase=baseline note=body_status
(1780532522.149232) vcan_sim 188#00003B0000000000 phase=baseline note=display_speed
(1780532522.199594) vcan_sim 100#3A00C1041E564B00 phase=baseline note=engine_cluster_state
(1780532522.199650) vcan_sim 120#0000000000000000 phase=baseline note=body_status
(1780532522.199673) vcan_sim 188#00003A0000000000 phase=baseline note=display_speed
(1780532522.249905) vcan_sim 100#3900CD041E564B00 phase=baseline note=engine_cluster_state
(1780532522.249958) vcan_sim 120#0000000000000000 phase=baseline note=body_status
(1780532522.250062) vcan_sim 188#0000390000000000 phase=baseline note=display_speed
(1780532522.300313) vcan_sim 100#3800DE041E564B00 phase=baseline note=engine_cluster_state
(1780532522.300412) vcan_sim 120#0000000000000000 phase=baseline note=body_status
(1780532522.300438) vcan_sim 188#0000380000000000 phase=baseline note=display_speed
(1780532522.300475) vcan_sim 300#FCB9122CF173A351 phase=baseline note=background_noise
(1780532522.350744) vcan_sim 100#3700F1041E564B00 phase=baseline note=engine_cluster_state
(1780532522.350796) vcan_sim 120#0000000000000000 phase=baseline note=body_status
(1780532522.350818) vcan_sim 188#0000370000000000 phase=baseline note=display_speed
(1780532522.401081) vcan_sim 100#360008051E564B00 phase=baseline note=engine_cluster_state
(1780532522.401151) vcan_sim 120#0000000000000000 phase=baseline note=body_status
(1780532522.401176) vcan_sim 188#0000360000000000 phase=baseline note=display_speed
(1780532522.451431) vcan_sim 100#350022051E564B00 phase=baseline note=engine_cluster_state
(1780532522.451484) vcan_sim 120#0000000000000000 phase=baseline note=body_status
(1780532522.451550) vcan_sim 188#0000350000000000 phase=baseline note=display_speed
(1780532522.501905) vcan_sim 100#34003F051E564B00 phase=baseline note=engine_cluster_state
(1780532522.501961) vcan_sim 120#0000000000000000 phase=baseline note=body_status
(1780532522.501983) vcan_sim 188#0000340000000000 phase=baseline note=display_speed
(1780532522.552242) vcan_sim 100#33005E051E564B00 phase=baseline note=engine_cluster_state
(1780532522.552316) vcan_sim 120#0000000000000000 phase=baseline note=body_status
(1780532522.552344) vcan_sim 188#0000330000000000 phase=baseline note=display_speed
(1780532522.552434) vcan_sim 300#5810FF558B96D636 phase=baseline note=background_noise
(1780532522.602725) vcan_sim 100#320080051E564B00 phase=baseline note=engine_cluster_state
(1780532522.602776) vcan_sim 120#0000000000000000 phase=baseline note=body_status
(1780532522.602797) vcan_sim 188#0000320000000000 phase=baseline note=display_speed
(1780532522.653075) vcan_sim 100#3100A3051E564B00 phase=baseline note=engine_cluster_state
(1780532522.653220) vcan_sim 120#0000000000000000 phase=baseline note=body_status
(1780532522.653250) vcan_sim 188#0000310000000000 phase=baseline note=display_speed
(1780532522.703580) vcan_sim 100#3000C9051E564B00 phase=baseline note=engine_cluster_state
(1780532522.703653) vcan_sim 120#0000000000000000 phase=baseline note=body_status
(1780532522.703688) vcan_sim 188#0000300000000000 phase=baseline note=display_speed
(1780532522.753999) vcan_sim 100#2F00F0051E564B00 phase=baseline note=engine_cluster_state
(1780532522.754055) vcan_sim 120#0000000000000000 phase=baseline note=body_status
(1780532522.754076) vcan_sim 188#00002F0000000000 phase=baseline note=display_speed
(1780532522.804418) vcan_sim 100#2E0019061E564B00 phase=baseline note=engine_cluster_state
(1780532522.804541) vcan_sim 120#0000000000000000 phase=baseline note=body_status
(1780532522.804585) vcan_sim 188#00002E0000000000 phase=baseline note=display_speed
(1780532522.804664) vcan_sim 300#F843AC742449A4DD phase=baseline note=background_noise
(1780532522.854960) vcan_sim 100#2D0043061E564B00 phase=baseline note=engine_cluster_state
(1780532522.855045) vcan_sim 120#0000000000000000 phase=baseline note=body_status
(1780532522.855087) vcan_sim 188#00002D0000000000 phase=baseline note=display_speed
(1780532522.905380) vcan_sim 100#2C006D061E564B00 phase=baseline note=engine_cluster_state
(1780532522.905461) vcan_sim 120#0000000000000000 phase=baseline note=body_status
(1780532522.905550) vcan_sim 188#00002C0000000000 phase=baseline note=display_speed
(1780532522.955798) vcan_sim 100#2C0098061E564B00 phase=baseline note=engine_cluster_state
(1780532522.955848) vcan_sim 120#0000000000000000 phase=baseline note=body_status
(1780532522.955867) vcan_sim 188#00002C0000000000 phase=baseline note=display_speed
(1780532523.006142) vcan_sim 100#2B00C3061E564B00 phase=baseline note=engine_cluster_state
(1780532523.006209) vcan_sim 120#0000000000000000 phase=baseline note=body_status
(1780532523.006239) vcan_sim 188#00002B0000000000 phase=baseline note=display_speed
(1780532523.056562) vcan_sim 100#2A00ED061E564B00 phase=baseline note=engine_cluster_state
(1780532523.056634) vcan_sim 120#0000000000000000 phase=baseline note=body_status
(1780532523.056659) vcan_sim 188#00002A0000000000 phase=baseline note=display_speed
(1780532523.056690) vcan_sim 300#066B5288DF11D15B phase=baseline note=background_noise
(1780532523.106916) vcan_sim 100#2A0017071E564B00 phase=baseline note=engine_cluster_state
(1780532523.106966) vcan_sim 120#0000000000000000 phase=baseline note=body_status
(1780532523.106987) vcan_sim 188#00002A0000000000 phase=baseline note=display_speed
(1780532523.157320) vcan_sim 100#290040071E564B00 phase=baseline note=engine_cluster_state
(1780532523.157475) vcan_sim 120#0000000000000000 phase=baseline note=body_status
(1780532523.157552) vcan_sim 188#0000290000000000 phase=baseline note=display_speed
(1780532523.207821) vcan_sim 100#290069071E564B00 phase=baseline note=engine_cluster_state
(1780532523.207886) vcan_sim 120#0000000000000000 phase=baseline note=body_status
(1780532523.207912) vcan_sim 188#0000290000000000 phase=baseline note=display_speed
(1780532523.258169) vcan_sim 100#29008F071E564B00 phase=baseline note=engine_cluster_state
(1780532523.258229) vcan_sim 120#0000000000000000 phase=baseline note=body_status
(1780532523.258274) vcan_sim 188#0000290000000000 phase=baseline note=display_speed
(1780532523.308536) vcan_sim 100#2800B4071E564B00 phase=baseline note=engine_cluster_state
(1780532523.308591) vcan_sim 120#0000000000000000 phase=baseline note=body_status
(1780532523.308611) vcan_sim 188#0000280000000000 phase=baseline note=display_speed
(1780532523.308646) vcan_sim 300#13DCA9CCFF60E4A0 phase=baseline note=background_noise
(1780532523.358897) vcan_sim 100#2800D7071E564B00 phase=baseline note=engine_cluster_state
(1780532523.358950) vcan_sim 120#0000000000000000 phase=baseline note=body_status
(1780532523.358971) vcan_sim 188#0000280000000000 phase=baseline note=display_speed
(1780532523.409240) vcan_sim 100#2800F7071E564B00 phase=baseline note=engine_cluster_state
(1780532523.409298) vcan_sim 120#0000000000000000 phase=baseline note=body_status
(1780532523.409318) vcan_sim 188#0000280000000000 phase=baseline note=display_speed
(1780532523.459639) vcan_sim 100#280016081E564B00 phase=baseline note=engine_cluster_state
(1780532523.459702) vcan_sim 120#0000000000000000 phase=baseline note=body_status
(1780532523.459736) vcan_sim 188#0000280000000000 phase=baseline note=display_speed
(1780532523.509999) vcan_sim 100#280031081E564B00 phase=baseline note=engine_cluster_state
(1780532523.510074) vcan_sim 120#0000000000000000 phase=baseline note=body_status
(1780532523.510095) vcan_sim 188#0000280000000000 phase=baseline note=display_speed
(1780532523.560343) vcan_sim 100#280049081E564B00 phase=baseline note=engine_cluster_state
(1780532523.560421) vcan_sim 120#0000000000000000 phase=baseline note=body_status
(1780532523.560443) vcan_sim 188#0000280000000000 phase=baseline note=display_speed
(1780532523.560474) vcan_sim 300#453B300C90B712E3 phase=baseline note=background_noise
(1780532523.610822) vcan_sim 100#28005F081E564B00 phase=baseline note=engine_cluster_state
(1780532523.610896) vcan_sim 120#0000000000000000 phase=baseline note=body_status
(1780532523.610928) vcan_sim 188#0000280000000000 phase=baseline note=display_speed
(1780532523.661149) vcan_sim 100#280071081E564B00 phase=baseline note=engine_cluster_state
(1780532523.661198) vcan_sim 120#0000000000000000 phase=baseline note=body_status
(1780532523.661226) vcan_sim 188#0000280000000000 phase=baseline note=display_speed
(1780532523.711620) vcan_sim 100#280080081E564B00 phase=baseline note=engine_cluster_state
(1780532523.711694) vcan_sim 120#0000000000000000 phase=baseline note=body_status
(1780532523.711723) vcan_sim 188#0000280000000000 phase=baseline note=display_speed
(1780532523.762066) vcan_sim 100#28008B081E564B00 phase=baseline note=engine_cluster_state
(1780532523.762285) vcan_sim 120#0000000000000000 phase=baseline note=body_status
(1780532523.762417) vcan_sim 188#0000280000000000 phase=baseline note=display_speed
(1780532523.812667) vcan_sim 100#280093081E564B00 phase=baseline note=engine_cluster_state
(1780532523.812726) vcan_sim 120#0000000000000000 phase=baseline note=body_status
(1780532523.812749) vcan_sim 188#0000280000000000 phase=baseline note=display_speed
(1780532523.812781) vcan_sim 300#743A305BD66D9C5A phase=baseline note=background_noise
(1780532523.862996) vcan_sim 100#290097081E564B00 phase=baseline note=engine_cluster_state
(1780532523.863073) vcan_sim 120#0000000000000000 phase=baseline note=body_status
(1780532523.863096) vcan_sim 188#0000290000000000 phase=baseline note=display_speed
(1780532523.913345) vcan_sim 100#290097081E564B00 phase=baseline note=engine_cluster_state
(1780532523.913467) vcan_sim 120#0000000000000000 phase=baseline note=body_status
(1780532523.913534) vcan_sim 188#0000290000000000 phase=baseline note=display_speed
(1780532523.963765) vcan_sim 100#290094081E564B00 phase=baseline note=engine_cluster_state
(1780532523.963818) vcan_sim 120#0000000000000000 phase=baseline note=body_status
(1780532523.963840) vcan_sim 188#0000290000000000 phase=baseline note=display_speed
(1780532524.014078) vcan_sim 100#2A008D081E564B00 phase=baseline note=engine_cluster_state
(1780532524.014133) vcan_sim 120#0000000000000000 phase=baseline note=body_status
(1780532524.014154) vcan_sim 188#00002A0000000000 phase=baseline note=display_speed
(1780532524.064630) vcan_sim 100#2B0082081E564B00 phase=baseline note=engine_cluster_state
(1780532524.064685) vcan_sim 120#0000000000000000 phase=baseline note=body_status
(1780532524.064705) vcan_sim 188#00002B0000000000 phase=baseline note=display_speed
(1780532524.064737) vcan_sim 300#D375C3678625164B phase=baseline note=background_noise
(1780532524.114916) vcan_sim 100#2B0074081E564B00 phase=baseline note=engine_cluster_state
(1780532524.114965) vcan_sim 120#0000000000000000 phase=baseline note=body_status
(1780532524.114985) vcan_sim 188#00002B0000000000 phase=baseline note=display_speed
(1780532524.165271) vcan_sim 100#2C0063081E564B00 phase=baseline note=engine_cluster_state
(1780532524.165346) vcan_sim 120#0000000000000000 phase=baseline note=body_status
(1780532524.165431) vcan_sim 188#00002C0000000000 phase=baseline note=display_speed
(1780532524.215699) vcan_sim 100#2D004E081E564B00 phase=baseline note=engine_cluster_state
(1780532524.215754) vcan_sim 120#0000000000000000 phase=baseline note=body_status
(1780532524.215775) vcan_sim 188#00002D0000000000 phase=baseline note=display_speed
(1780532524.266049) vcan_sim 100#2D0037081E564B00 phase=baseline note=engine_cluster_state
(1780532524.266119) vcan_sim 120#0000000000000000 phase=baseline note=body_status
(1780532524.266145) vcan_sim 188#00002D0000000000 phase=baseline note=display_speed
(1780532524.316392) vcan_sim 100#C80094115F5A4A00 phase=spoofing note=ATTACK fabricated speed/rpm/throttle
(1780532524.316448) vcan_sim 188#0000C800AA000000 phase=spoofing note=ATTACK display spoof
(1780532524.336674) vcan_sim 100#C80094115F5A4A00 phase=spoofing note=ATTACK fabricated speed/rpm/throttle
(1780532524.336843) vcan_sim 188#0000C800AA000000 phase=spoofing note=ATTACK display spoof
(1780532524.357106) vcan_sim 100#C80094115F5A4A00 phase=spoofing note=ATTACK fabricated speed/rpm/throttle
(1780532524.357199) vcan_sim 188#0000C800AA000000 phase=spoofing note=ATTACK display spoof
(1780532524.377465) vcan_sim 100#C80094115F5A4A00 phase=spoofing note=ATTACK fabricated speed/rpm/throttle
(1780532524.377556) vcan_sim 188#0000C800AA000000 phase=spoofing note=ATTACK display spoof
(1780532524.397785) vcan_sim 100#C80094115F5A4A00 phase=spoofing note=ATTACK fabricated speed/rpm/throttle
(1780532524.397838) vcan_sim 188#0000C800AA000000 phase=spoofing note=ATTACK display spoof
(1780532524.418203) vcan_sim 100#C80094115F5A4A00 phase=spoofing note=ATTACK fabricated speed/rpm/throttle
(1780532524.418309) vcan_sim 188#0000C800AA000000 phase=spoofing note=ATTACK display spoof
(1780532524.438603) vcan_sim 100#C80094115F5A4A00 phase=spoofing note=ATTACK fabricated speed/rpm/throttle
(1780532524.438669) vcan_sim 188#0000C800AA000000 phase=spoofing note=ATTACK display spoof
(1780532524.458931) vcan_sim 100#C80094115F5A4A00 phase=spoofing note=ATTACK fabricated speed/rpm/throttle
(1780532524.459004) vcan_sim 188#0000C800AA000000 phase=spoofing note=ATTACK display spoof
(1780532524.479367) vcan_sim 100#C80094115F5A4A00 phase=spoofing note=ATTACK fabricated speed/rpm/throttle
(1780532524.479439) vcan_sim 188#0000C800AA000000 phase=spoofing note=ATTACK display spoof
(1780532524.499689) vcan_sim 100#C80094115F5A4A00 phase=spoofing note=ATTACK fabricated speed/rpm/throttle
(1780532524.499746) vcan_sim 188#0000C800AA000000 phase=spoofing note=ATTACK display spoof
(1780532524.520011) vcan_sim 100#C80094115F5A4A00 phase=spoofing note=ATTACK fabricated speed/rpm/throttle
(1780532524.520068) vcan_sim 188#0000C800AA000000 phase=spoofing note=ATTACK display spoof
(1780532524.540305) vcan_sim 100#C80094115F5A4A00 phase=spoofing note=ATTACK fabricated speed/rpm/throttle
(1780532524.540399) vcan_sim 188#0000C800AA000000 phase=spoofing note=ATTACK display spoof
(1780532524.560638) vcan_sim 100#C80094115F5A4A00 phase=spoofing note=ATTACK fabricated speed/rpm/throttle
(1780532524.560741) vcan_sim 188#0000C800AA000000 phase=spoofing note=ATTACK display spoof
(1780532524.580953) vcan_sim 100#C80094115F5A4A00 phase=spoofing note=ATTACK fabricated speed/rpm/throttle
(1780532524.581002) vcan_sim 188#0000C800AA000000 phase=spoofing note=ATTACK display spoof
(1780532524.601274) vcan_sim 100#C80094115F5A4A00 phase=spoofing note=ATTACK fabricated speed/rpm/throttle
(1780532524.601325) vcan_sim 188#0000C800AA000000 phase=spoofing note=ATTACK display spoof
(1780532524.621571) vcan_sim 100#C80094115F5A4A00 phase=spoofing note=ATTACK fabricated speed/rpm/throttle
(1780532524.621629) vcan_sim 188#0000C800AA000000 phase=spoofing note=ATTACK display spoof
(1780532524.641931) vcan_sim 100#C80094115F5A4A00 phase=spoofing note=ATTACK fabricated speed/rpm/throttle
(1780532524.641992) vcan_sim 188#0000C800AA000000 phase=spoofing note=ATTACK display spoof
(1780532524.662261) vcan_sim 100#C80094115F5A4A00 phase=spoofing note=ATTACK fabricated speed/rpm/throttle
(1780532524.662344) vcan_sim 188#0000C800AA000000 phase=spoofing note=ATTACK display spoof
(1780532524.682635) vcan_sim 100#C80094115F5A4A00 phase=spoofing note=ATTACK fabricated speed/rpm/throttle
(1780532524.682707) vcan_sim 188#0000C800AA000000 phase=spoofing note=ATTACK display spoof
(1780532524.702949) vcan_sim 100#C80094115F5A4A00 phase=spoofing note=ATTACK fabricated speed/rpm/throttle
(1780532524.703038) vcan_sim 188#0000C800AA000000 phase=spoofing note=ATTACK display spoof
(1780532524.723279) vcan_sim 100#C80094115F5A4A00 phase=spoofing note=ATTACK fabricated speed/rpm/throttle
(1780532524.723336) vcan_sim 188#0000C800AA000000 phase=spoofing note=ATTACK display spoof
(1780532524.743607) vcan_sim 100#C80094115F5A4A00 phase=spoofing note=ATTACK fabricated speed/rpm/throttle
(1780532524.743689) vcan_sim 188#0000C800AA000000 phase=spoofing note=ATTACK display spoof
(1780532524.764013) vcan_sim 100#C80094115F5A4A00 phase=spoofing note=ATTACK fabricated speed/rpm/throttle
(1780532524.764092) vcan_sim 188#0000C800AA000000 phase=spoofing note=ATTACK display spoof
(1780532524.784340) vcan_sim 100#C80094115F5A4A00 phase=spoofing note=ATTACK fabricated speed/rpm/throttle
(1780532524.784460) vcan_sim 188#0000C800AA000000 phase=spoofing note=ATTACK display spoof
(1780532524.804724) vcan_sim 100#C80094115F5A4A00 phase=spoofing note=ATTACK fabricated speed/rpm/throttle
(1780532524.804803) vcan_sim 188#0000C800AA000000 phase=spoofing note=ATTACK display spoof
(1780532524.825028) vcan_sim 100#C80094115F5A4A00 phase=spoofing note=ATTACK fabricated speed/rpm/throttle
(1780532524.825102) vcan_sim 188#0000C800AA000000 phase=spoofing note=ATTACK display spoof
(1780532524.845318) vcan_sim 100#C80094115F5A4A00 phase=spoofing note=ATTACK fabricated speed/rpm/throttle
(1780532524.845467) vcan_sim 188#0000C800AA000000 phase=spoofing note=ATTACK display spoof
(1780532524.865734) vcan_sim 100#C80094115F5A4A00 phase=spoofing note=ATTACK fabricated speed/rpm/throttle
(1780532524.865795) vcan_sim 188#0000C800AA000000 phase=spoofing note=ATTACK display spoof
(1780532524.886011) vcan_sim 100#C80094115F5A4A00 phase=spoofing note=ATTACK fabricated speed/rpm/throttle
(1780532524.886070) vcan_sim 188#0000C800AA000000 phase=spoofing note=ATTACK display spoof
(1780532524.906328) vcan_sim 100#C80094115F5A4A00 phase=spoofing note=ATTACK fabricated speed/rpm/throttle
(1780532524.906411) vcan_sim 188#0000C800AA000000 phase=spoofing note=ATTACK display spoof
(1780532524.926642) vcan_sim 100#C80094115F5A4A00 phase=spoofing note=ATTACK fabricated speed/rpm/throttle
(1780532524.926700) vcan_sim 188#0000C800AA000000 phase=spoofing note=ATTACK display spoof
(1780532524.946965) vcan_sim 100#C80094115F5A4A00 phase=spoofing note=ATTACK fabricated speed/rpm/throttle
(1780532524.947038) vcan_sim 188#0000C800AA000000 phase=spoofing note=ATTACK display spoof
(1780532524.967300) vcan_sim 100#C80094115F5A4A00 phase=spoofing note=ATTACK fabricated speed/rpm/throttle
(1780532524.967446) vcan_sim 188#0000C800AA000000 phase=spoofing note=ATTACK display spoof
(1780532524.987707) vcan_sim 100#C80094115F5A4A00 phase=spoofing note=ATTACK fabricated speed/rpm/throttle
(1780532524.987774) vcan_sim 188#0000C800AA000000 phase=spoofing note=ATTACK display spoof
(1780532525.008068) vcan_sim 100#C80094115F5A4A00 phase=spoofing note=ATTACK fabricated speed/rpm/throttle
(1780532525.008149) vcan_sim 188#0000C800AA000000 phase=spoofing note=ATTACK display spoof
(1780532525.028449) vcan_sim 100#C80094115F5A4A00 phase=spoofing note=ATTACK fabricated speed/rpm/throttle
(1780532525.028571) vcan_sim 188#0000C800AA000000 phase=spoofing note=ATTACK display spoof
(1780532525.048826) vcan_sim 100#C80094115F5A4A00 phase=spoofing note=ATTACK fabricated speed/rpm/throttle
(1780532525.048895) vcan_sim 188#0000C800AA000000 phase=spoofing note=ATTACK display spoof
(1780532525.069108) vcan_sim 100#C80094115F5A4A00 phase=spoofing note=ATTACK fabricated speed/rpm/throttle
(1780532525.069163) vcan_sim 188#0000C800AA000000 phase=spoofing note=ATTACK display spoof
(1780532525.089409) vcan_sim 100#C80094115F5A4A00 phase=spoofing note=ATTACK fabricated speed/rpm/throttle
(1780532525.089463) vcan_sim 188#0000C800AA000000 phase=spoofing note=ATTACK display spoof
(1780532525.109646) vcan_sim 100#C80094115F5A4A00 phase=spoofing note=ATTACK fabricated speed/rpm/throttle
(1780532525.109697) vcan_sim 188#0000C800AA000000 phase=spoofing note=ATTACK display spoof
(1780532525.129921) vcan_sim 100#C80094115F5A4A00 phase=spoofing note=ATTACK fabricated speed/rpm/throttle
(1780532525.129980) vcan_sim 188#0000C800AA000000 phase=spoofing note=ATTACK display spoof
(1780532525.150419) vcan_sim 100#C80094115F5A4A00 phase=spoofing note=ATTACK fabricated speed/rpm/throttle
(1780532525.150474) vcan_sim 188#0000C800AA000000 phase=spoofing note=ATTACK display spoof
(1780532525.170750) vcan_sim 100#C80094115F5A4A00 phase=spoofing note=ATTACK fabricated speed/rpm/throttle
(1780532525.170805) vcan_sim 188#0000C800AA000000 phase=spoofing note=ATTACK display spoof
(1780532525.191053) vcan_sim 100#C80094115F5A4A00 phase=spoofing note=ATTACK fabricated speed/rpm/throttle
(1780532525.191106) vcan_sim 188#0000C800AA000000 phase=spoofing note=ATTACK display spoof
(1780532525.211335) vcan_sim 100#C80094115F5A4A00 phase=spoofing note=ATTACK fabricated speed/rpm/throttle
(1780532525.211419) vcan_sim 188#0000C800AA000000 phase=spoofing note=ATTACK display spoof
(1780532525.231693) vcan_sim 100#C80094115F5A4A00 phase=spoofing note=ATTACK fabricated speed/rpm/throttle
(1780532525.231763) vcan_sim 188#0000C800AA000000 phase=spoofing note=ATTACK display spoof
(1780532525.251963) vcan_sim 100#C80094115F5A4A00 phase=spoofing note=ATTACK fabricated speed/rpm/throttle
(1780532525.252032) vcan_sim 188#0000C800AA000000 phase=spoofing note=ATTACK display spoof
(1780532525.272232) vcan_sim 100#C80094115F5A4A00 phase=spoofing note=ATTACK fabricated speed/rpm/throttle
(1780532525.272363) vcan_sim 188#0000C800AA000000 phase=spoofing note=ATTACK display spoof
(1780532525.292620) vcan_sim 100#C80094115F5A4A00 phase=spoofing note=ATTACK fabricated speed/rpm/throttle
(1780532525.292674) vcan_sim 188#0000C800AA000000 phase=spoofing note=ATTACK display spoof
(1780532525.312912) vcan_sim 100#C80094115F5A4A00 phase=spoofing note=ATTACK fabricated speed/rpm/throttle
(1780532525.312968) vcan_sim 188#0000C800AA000000 phase=spoofing note=ATTACK display spoof
(1780532525.333237) vcan_sim 100#C80094115F5A4A00 phase=spoofing note=ATTACK fabricated speed/rpm/throttle
(1780532525.333319) vcan_sim 188#0000C800AA000000 phase=spoofing note=ATTACK display spoof
(1780532525.353575) vcan_sim 100#C80094115F5A4A00 phase=spoofing note=ATTACK fabricated speed/rpm/throttle
(1780532525.353632) vcan_sim 188#0000C800AA000000 phase=spoofing note=ATTACK display spoof
(1780532525.373880) vcan_sim 100#C80094115F5A4A00 phase=spoofing note=ATTACK fabricated speed/rpm/throttle
(1780532525.373948) vcan_sim 188#0000C800AA000000 phase=spoofing note=ATTACK display spoof
(1780532525.394247) vcan_sim 100#C80094115F5A4A00 phase=spoofing note=ATTACK fabricated speed/rpm/throttle
(1780532525.394437) vcan_sim 188#0000C800AA000000 phase=spoofing note=ATTACK display spoof
(1780532525.414672) vcan_sim 100#C80094115F5A4A00 phase=spoofing note=ATTACK fabricated speed/rpm/throttle
(1780532525.414724) vcan_sim 188#0000C800AA000000 phase=spoofing note=ATTACK display spoof
(1780532525.434951) vcan_sim 100#C80094115F5A4A00 phase=spoofing note=ATTACK fabricated speed/rpm/throttle
(1780532525.435004) vcan_sim 188#0000C800AA000000 phase=spoofing note=ATTACK display spoof
(1780532525.455226) vcan_sim 100#C80094115F5A4A00 phase=spoofing note=ATTACK fabricated speed/rpm/throttle
(1780532525.455281) vcan_sim 188#0000C800AA000000 phase=spoofing note=ATTACK display spoof
(1780532525.475545) vcan_sim 100#C80094115F5A4A00 phase=spoofing note=ATTACK fabricated speed/rpm/throttle
(1780532525.475601) vcan_sim 188#0000C800AA000000 phase=spoofing note=ATTACK display spoof
(1780532525.495793) vcan_sim 100#C80094115F5A4A00 phase=spoofing note=ATTACK fabricated speed/rpm/throttle
(1780532525.495880) vcan_sim 188#0000C800AA000000 phase=spoofing note=ATTACK display spoof
(1780532525.516128) vcan_sim 100#C80094115F5A4A00 phase=spoofing note=ATTACK fabricated speed/rpm/throttle
(1780532525.516184) vcan_sim 188#0000C800AA000000 phase=spoofing note=ATTACK display spoof
(1780532525.536539) vcan_sim 100#C80094115F5A4A00 phase=spoofing note=ATTACK fabricated speed/rpm/throttle
(1780532525.536598) vcan_sim 188#0000C800AA000000 phase=spoofing note=ATTACK display spoof
(1780532525.556838) vcan_sim 100#C80094115F5A4A00 phase=spoofing note=ATTACK fabricated speed/rpm/throttle
(1780532525.556917) vcan_sim 188#0000C800AA000000 phase=spoofing note=ATTACK display spoof
(1780532525.577171) vcan_sim 100#C80094115F5A4A00 phase=spoofing note=ATTACK fabricated speed/rpm/throttle
(1780532525.577228) vcan_sim 188#0000C800AA000000 phase=spoofing note=ATTACK display spoof
(1780532525.597625) vcan_sim 100#C80094115F5A4A00 phase=spoofing note=ATTACK fabricated speed/rpm/throttle
(1780532525.597711) vcan_sim 188#0000C800AA000000 phase=spoofing note=ATTACK display spoof
(1780532525.617990) vcan_sim 100#C80094115F5A4A00 phase=spoofing note=ATTACK fabricated speed/rpm/throttle
(1780532525.618066) vcan_sim 188#0000C800AA000000 phase=spoofing note=ATTACK display spoof
(1780532525.638411) vcan_sim 100#C80094115F5A4A00 phase=spoofing note=ATTACK fabricated speed/rpm/throttle
(1780532525.638532) vcan_sim 188#0000C800AA000000 phase=spoofing note=ATTACK display spoof
(1780532525.658819) vcan_sim 100#C80094115F5A4A00 phase=spoofing note=ATTACK fabricated speed/rpm/throttle
(1780532525.658889) vcan_sim 188#0000C800AA000000 phase=spoofing note=ATTACK display spoof
(1780532525.679194) vcan_sim 100#C80094115F5A4A00 phase=spoofing note=ATTACK fabricated speed/rpm/throttle
(1780532525.679377) vcan_sim 188#0000C800AA000000 phase=spoofing note=ATTACK display spoof
(1780532525.699700) vcan_sim 100#C80094115F5A4A00 phase=spoofing note=ATTACK fabricated speed/rpm/throttle
(1780532525.699773) vcan_sim 188#0000C800AA000000 phase=spoofing note=ATTACK display spoof
(1780532525.720038) vcan_sim 100#C80094115F5A4A00 phase=spoofing note=ATTACK fabricated speed/rpm/throttle
(1780532525.720096) vcan_sim 188#0000C800AA000000 phase=spoofing note=ATTACK display spoof
(1780532525.740343) vcan_sim 100#C80094115F5A4A00 phase=spoofing note=ATTACK fabricated speed/rpm/throttle
(1780532525.740463) vcan_sim 188#0000C800AA000000 phase=spoofing note=ATTACK display spoof
(1780532525.760723) vcan_sim 100#C80094115F5A4A00 phase=spoofing note=ATTACK fabricated speed/rpm/throttle
(1780532525.760796) vcan_sim 188#0000C800AA000000 phase=spoofing note=ATTACK display spoof
(1780532525.781080) vcan_sim 100#C80094115F5A4A00 phase=spoofing note=ATTACK fabricated speed/rpm/throttle
(1780532525.781140) vcan_sim 188#0000C800AA000000 phase=spoofing note=ATTACK display spoof
(1780532525.801429) vcan_sim 100#C80094115F5A4A00 phase=spoofing note=ATTACK fabricated speed/rpm/throttle
(1780532525.801550) vcan_sim 188#0000C800AA000000 phase=spoofing note=ATTACK display spoof
(1780532525.821795) vcan_sim 100#C80094115F5A4A00 phase=spoofing note=ATTACK fabricated speed/rpm/throttle
(1780532525.821848) vcan_sim 188#0000C800AA000000 phase=spoofing note=ATTACK display spoof
(1780532525.842238) vcan_sim 100#C80094115F5A4A00 phase=spoofing note=ATTACK fabricated speed/rpm/throttle
(1780532525.842317) vcan_sim 188#0000C800AA000000 phase=spoofing note=ATTACK display spoof
(1780532525.862629) vcan_sim 100#C80094115F5A4A00 phase=spoofing note=ATTACK fabricated speed/rpm/throttle
(1780532525.862683) vcan_sim 188#0000C800AA000000 phase=spoofing note=ATTACK display spoof
(1780532525.882948) vcan_sim 100#C80094115F5A4A00 phase=spoofing note=ATTACK fabricated speed/rpm/throttle
(1780532525.883001) vcan_sim 188#0000C800AA000000 phase=spoofing note=ATTACK display spoof
(1780532525.903229) vcan_sim 100#C80094115F5A4A00 phase=spoofing note=ATTACK fabricated speed/rpm/throttle
(1780532525.903295) vcan_sim 188#0000C800AA000000 phase=spoofing note=ATTACK display spoof
(1780532525.923610) vcan_sim 100#C80094115F5A4A00 phase=spoofing note=ATTACK fabricated speed/rpm/throttle
(1780532525.923688) vcan_sim 188#0000C800AA000000 phase=spoofing note=ATTACK display spoof
(1780532525.943936) vcan_sim 100#C80094115F5A4A00 phase=spoofing note=ATTACK fabricated speed/rpm/throttle
(1780532525.943990) vcan_sim 188#0000C800AA000000 phase=spoofing note=ATTACK display spoof
(1780532525.964184) vcan_sim 100#C80094115F5A4A00 phase=spoofing note=ATTACK fabricated speed/rpm/throttle
(1780532525.964231) vcan_sim 188#0000C800AA000000 phase=spoofing note=ATTACK display spoof
(1780532525.984555) vcan_sim 100#C80094115F5A4A00 phase=spoofing note=ATTACK fabricated speed/rpm/throttle
(1780532525.984612) vcan_sim 188#0000C800AA000000 phase=spoofing note=ATTACK display spoof
(1780532526.004908) vcan_sim 100#C80094115F5A4A00 phase=spoofing note=ATTACK fabricated speed/rpm/throttle
(1780532526.004965) vcan_sim 188#0000C800AA000000 phase=spoofing note=ATTACK display spoof
(1780532526.025242) vcan_sim 100#C80094115F5A4A00 phase=spoofing note=ATTACK fabricated speed/rpm/throttle
(1780532526.025297) vcan_sim 188#0000C800AA000000 phase=spoofing note=ATTACK display spoof
(1780532526.045630) vcan_sim 100#C80094115F5A4A00 phase=spoofing note=ATTACK fabricated speed/rpm/throttle
(1780532526.045690) vcan_sim 188#0000C800AA000000 phase=spoofing note=ATTACK display spoof
(1780532526.065975) vcan_sim 100#C80094115F5A4A00 phase=spoofing note=ATTACK fabricated speed/rpm/throttle
(1780532526.066031) vcan_sim 188#0000C800AA000000 phase=spoofing note=ATTACK display spoof
(1780532526.086264) vcan_sim 100#C80094115F5A4A00 phase=spoofing note=ATTACK fabricated speed/rpm/throttle
(1780532526.086312) vcan_sim 188#0000C800AA000000 phase=spoofing note=ATTACK display spoof
(1780532526.106652) vcan_sim 100#C80094115F5A4A00 phase=spoofing note=ATTACK fabricated speed/rpm/throttle
(1780532526.106707) vcan_sim 188#0000C800AA000000 phase=spoofing note=ATTACK display spoof
(1780532526.126970) vcan_sim 100#C80094115F5A4A00 phase=spoofing note=ATTACK fabricated speed/rpm/throttle
(1780532526.127036) vcan_sim 188#0000C800AA000000 phase=spoofing note=ATTACK display spoof
(1780532526.147361) vcan_sim 100#C80094115F5A4A00 phase=spoofing note=ATTACK fabricated speed/rpm/throttle
(1780532526.147435) vcan_sim 188#0000C800AA000000 phase=spoofing note=ATTACK display spoof
(1780532526.167709) vcan_sim 100#C80094115F5A4A00 phase=spoofing note=ATTACK fabricated speed/rpm/throttle
(1780532526.167774) vcan_sim 188#0000C800AA000000 phase=spoofing note=ATTACK display spoof
(1780532526.188021) vcan_sim 100#C80094115F5A4A00 phase=spoofing note=ATTACK fabricated speed/rpm/throttle
(1780532526.188086) vcan_sim 188#0000C800AA000000 phase=spoofing note=ATTACK display spoof
(1780532526.208361) vcan_sim 100#C80094115F5A4A00 phase=spoofing note=ATTACK fabricated speed/rpm/throttle
(1780532526.208544) vcan_sim 188#0000C800AA000000 phase=spoofing note=ATTACK display spoof
(1780532526.228776) vcan_sim 100#C80094115F5A4A00 phase=spoofing note=ATTACK fabricated speed/rpm/throttle
(1780532526.228836) vcan_sim 188#0000C800AA000000 phase=spoofing note=ATTACK display spoof
(1780532526.249069) vcan_sim 100#C80094115F5A4A00 phase=spoofing note=ATTACK fabricated speed/rpm/throttle
(1780532526.249116) vcan_sim 188#0000C800AA000000 phase=spoofing note=ATTACK display spoof
(1780532526.269463) vcan_sim 100#C80094115F5A4A00 phase=spoofing note=ATTACK fabricated speed/rpm/throttle
(1780532526.269583) vcan_sim 188#0000C800AA000000 phase=spoofing note=ATTACK display spoof
(1780532526.289796) vcan_sim 100#C80094115F5A4A00 phase=spoofing note=ATTACK fabricated speed/rpm/throttle
(1780532526.289845) vcan_sim 188#0000C800AA000000 phase=spoofing note=ATTACK display spoof
(1780532526.310031) vcan_sim 100#C80094115F5A4A00 phase=spoofing note=ATTACK fabricated speed/rpm/throttle
(1780532526.310084) vcan_sim 188#0000C800AA000000 phase=spoofing note=ATTACK display spoof
(1780532526.331584) vcan_sim 100#C80094115F5A4A00 phase=spoofing note=ATTACK fabricated speed/rpm/throttle
(1780532526.331630) vcan_sim 188#0000C800AA000000 phase=spoofing note=ATTACK display spoof
(1780532526.351830) vcan_sim 100#C80094115F5A4A00 phase=spoofing note=ATTACK fabricated speed/rpm/throttle
(1780532526.351895) vcan_sim 188#0000C800AA000000 phase=spoofing note=ATTACK display spoof
(1780532526.372066) vcan_sim 100#C80094115F5A4A00 phase=spoofing note=ATTACK fabricated speed/rpm/throttle
(1780532526.372112) vcan_sim 188#0000C800AA000000 phase=spoofing note=ATTACK display spoof
(1780532526.392292) vcan_sim 100#C80094115F5A4A00 phase=spoofing note=ATTACK fabricated speed/rpm/throttle
(1780532526.392339) vcan_sim 188#0000C800AA000000 phase=spoofing note=ATTACK display spoof
(1780532526.412601) vcan_sim 100#C80094115F5A4A00 phase=spoofing note=ATTACK fabricated speed/rpm/throttle
(1780532526.412651) vcan_sim 188#0000C800AA000000 phase=spoofing note=ATTACK display spoof
(1780532526.432836) vcan_sim 100#C80094115F5A4A00 phase=spoofing note=ATTACK fabricated speed/rpm/throttle
(1780532526.432878) vcan_sim 188#0000C800AA000000 phase=spoofing note=ATTACK display spoof
(1780532526.453058) vcan_sim 100#C80094115F5A4A00 phase=spoofing note=ATTACK fabricated speed/rpm/throttle
(1780532526.453115) vcan_sim 188#0000C800AA000000 phase=spoofing note=ATTACK display spoof
(1780532526.473306) vcan_sim 100#C80094115F5A4A00 phase=spoofing note=ATTACK fabricated speed/rpm/throttle
(1780532526.473397) vcan_sim 188#0000C800AA000000 phase=spoofing note=ATTACK display spoof
(1780532526.493582) vcan_sim 100#C80094115F5A4A00 phase=spoofing note=ATTACK fabricated speed/rpm/throttle
(1780532526.493633) vcan_sim 188#0000C800AA000000 phase=spoofing note=ATTACK display spoof
(1780532526.513833) vcan_sim 100#C80094115F5A4A00 phase=spoofing note=ATTACK fabricated speed/rpm/throttle
(1780532526.513934) vcan_sim 188#0000C800AA000000 phase=spoofing note=ATTACK display spoof
(1780532526.534136) vcan_sim 100#C80094115F5A4A00 phase=spoofing note=ATTACK fabricated speed/rpm/throttle
(1780532526.534200) vcan_sim 188#0000C800AA000000 phase=spoofing note=ATTACK display spoof
(1780532526.554394) vcan_sim 100#C80094115F5A4A00 phase=spoofing note=ATTACK fabricated speed/rpm/throttle
(1780532526.554442) vcan_sim 188#0000C800AA000000 phase=spoofing note=ATTACK display spoof
(1780532526.574653) vcan_sim 100#C80094115F5A4A00 phase=spoofing note=ATTACK fabricated speed/rpm/throttle
(1780532526.574715) vcan_sim 188#0000C800AA000000 phase=spoofing note=ATTACK display spoof
(1780532526.594930) vcan_sim 100#C80094115F5A4A00 phase=spoofing note=ATTACK fabricated speed/rpm/throttle
(1780532526.594980) vcan_sim 188#0000C800AA000000 phase=spoofing note=ATTACK display spoof
(1780532526.615179) vcan_sim 100#C80094115F5A4A00 phase=spoofing note=ATTACK fabricated speed/rpm/throttle
(1780532526.615231) vcan_sim 188#0000C800AA000000 phase=spoofing note=ATTACK display spoof
(1780532526.635531) vcan_sim 100#C80094115F5A4A00 phase=spoofing note=ATTACK fabricated speed/rpm/throttle
(1780532526.635592) vcan_sim 188#0000C800AA000000 phase=spoofing note=ATTACK display spoof
(1780532526.655820) vcan_sim 100#C80094115F5A4A00 phase=spoofing note=ATTACK fabricated speed/rpm/throttle
(1780532526.655887) vcan_sim 188#0000C800AA000000 phase=spoofing note=ATTACK display spoof
(1780532526.676117) vcan_sim 100#C80094115F5A4A00 phase=spoofing note=ATTACK fabricated speed/rpm/throttle
(1780532526.676169) vcan_sim 188#0000C800AA000000 phase=spoofing note=ATTACK display spoof
(1780532526.696437) vcan_sim 100#C80094115F5A4A00 phase=spoofing note=ATTACK fabricated speed/rpm/throttle
(1780532526.696539) vcan_sim 188#0000C800AA000000 phase=spoofing note=ATTACK display spoof
(1780532526.716751) vcan_sim 100#C80094115F5A4A00 phase=spoofing note=ATTACK fabricated speed/rpm/throttle
(1780532526.716796) vcan_sim 188#0000C800AA000000 phase=spoofing note=ATTACK display spoof
(1780532526.737003) vcan_sim 100#C80094115F5A4A00 phase=spoofing note=ATTACK fabricated speed/rpm/throttle
(1780532526.737065) vcan_sim 188#0000C800AA000000 phase=spoofing note=ATTACK display spoof
(1780532526.757280) vcan_sim 100#C80094115F5A4A00 phase=spoofing note=ATTACK fabricated speed/rpm/throttle
(1780532526.757345) vcan_sim 188#0000C800AA000000 phase=spoofing note=ATTACK display spoof
(1780532526.777649) vcan_sim 100#C80094115F5A4A00 phase=spoofing note=ATTACK fabricated speed/rpm/throttle
(1780532526.777749) vcan_sim 188#0000C800AA000000 phase=spoofing note=ATTACK display spoof
(1780532526.798044) vcan_sim 100#C80094115F5A4A00 phase=spoofing note=ATTACK fabricated speed/rpm/throttle
(1780532526.798120) vcan_sim 188#0000C800AA000000 phase=spoofing note=ATTACK display spoof
(1780532526.818415) vcan_sim 100#C80094115F5A4A00 phase=spoofing note=ATTACK fabricated speed/rpm/throttle
(1780532526.818532) vcan_sim 188#0000C800AA000000 phase=spoofing note=ATTACK display spoof
(1780532526.838764) vcan_sim 100#C80094115F5A4A00 phase=spoofing note=ATTACK fabricated speed/rpm/throttle
(1780532526.838836) vcan_sim 188#0000C800AA000000 phase=spoofing note=ATTACK display spoof
(1780532526.859026) vcan_sim 100#C80094115F5A4A00 phase=spoofing note=ATTACK fabricated speed/rpm/throttle
(1780532526.859074) vcan_sim 188#0000C800AA000000 phase=spoofing note=ATTACK display spoof
(1780532526.879296) vcan_sim 100#C80094115F5A4A00 phase=spoofing note=ATTACK fabricated speed/rpm/throttle
(1780532526.879344) vcan_sim 188#0000C800AA000000 phase=spoofing note=ATTACK display spoof
(1780532526.899614) vcan_sim 100#C80094115F5A4A00 phase=spoofing note=ATTACK fabricated speed/rpm/throttle
(1780532526.899665) vcan_sim 188#0000C800AA000000 phase=spoofing note=ATTACK display spoof
(1780532526.919846) vcan_sim 100#C80094115F5A4A00 phase=spoofing note=ATTACK fabricated speed/rpm/throttle
(1780532526.919906) vcan_sim 188#0000C800AA000000 phase=spoofing note=ATTACK display spoof
(1780532526.940058) vcan_sim 100#C80094115F5A4A00 phase=spoofing note=ATTACK fabricated speed/rpm/throttle
(1780532526.940095) vcan_sim 188#0000C800AA000000 phase=spoofing note=ATTACK display spoof
(1780532526.960266) vcan_sim 100#C80094115F5A4A00 phase=spoofing note=ATTACK fabricated speed/rpm/throttle
(1780532526.960305) vcan_sim 188#0000C800AA000000 phase=spoofing note=ATTACK display spoof
(1780532526.980475) vcan_sim 100#C80094115F5A4A00 phase=spoofing note=ATTACK fabricated speed/rpm/throttle
(1780532526.980540) vcan_sim 188#0000C800AA000000 phase=spoofing note=ATTACK display spoof
(1780532527.000698) vcan_sim 100#C80094115F5A4A00 phase=spoofing note=ATTACK fabricated speed/rpm/throttle
(1780532527.000733) vcan_sim 188#0000C800AA000000 phase=spoofing note=ATTACK display spoof
(1780532527.020963) vcan_sim 100#C80094115F5A4A00 phase=spoofing note=ATTACK fabricated speed/rpm/throttle
(1780532527.021016) vcan_sim 188#0000C800AA000000 phase=spoofing note=ATTACK display spoof
(1780532527.041271) vcan_sim 100#C80094115F5A4A00 phase=spoofing note=ATTACK fabricated speed/rpm/throttle
(1780532527.041342) vcan_sim 188#0000C800AA000000 phase=spoofing note=ATTACK display spoof
(1780532527.061593) vcan_sim 100#C80094115F5A4A00 phase=spoofing note=ATTACK fabricated speed/rpm/throttle
(1780532527.061644) vcan_sim 188#0000C800AA000000 phase=spoofing note=ATTACK display spoof
(1780532527.081874) vcan_sim 100#C80094115F5A4A00 phase=spoofing note=ATTACK fabricated speed/rpm/throttle
(1780532527.081925) vcan_sim 188#0000C800AA000000 phase=spoofing note=ATTACK display spoof
(1780532527.102155) vcan_sim 100#C80094115F5A4A00 phase=spoofing note=ATTACK fabricated speed/rpm/throttle
(1780532527.102230) vcan_sim 188#0000C800AA000000 phase=spoofing note=ATTACK display spoof
(1780532527.122520) vcan_sim 100#C80094115F5A4A00 phase=spoofing note=ATTACK fabricated speed/rpm/throttle
(1780532527.122589) vcan_sim 188#0000C800AA000000 phase=spoofing note=ATTACK display spoof
(1780532527.142813) vcan_sim 100#C80094115F5A4A00 phase=spoofing note=ATTACK fabricated speed/rpm/throttle
(1780532527.142947) vcan_sim 188#0000C800AA000000 phase=spoofing note=ATTACK display spoof
(1780532527.163172) vcan_sim 100#C80094115F5A4A00 phase=spoofing note=ATTACK fabricated speed/rpm/throttle
(1780532527.163221) vcan_sim 188#0000C800AA000000 phase=spoofing note=ATTACK display spoof
(1780532527.183434) vcan_sim 100#C80094115F5A4A00 phase=spoofing note=ATTACK fabricated speed/rpm/throttle
(1780532527.183484) vcan_sim 188#0000C800AA000000 phase=spoofing note=ATTACK display spoof
(1780532527.203801) vcan_sim 100#C80094115F5A4A00 phase=spoofing note=ATTACK fabricated speed/rpm/throttle
(1780532527.203854) vcan_sim 188#0000C800AA000000 phase=spoofing note=ATTACK display spoof
(1780532527.224148) vcan_sim 100#C80094115F5A4A00 phase=spoofing note=ATTACK fabricated speed/rpm/throttle
(1780532527.224219) vcan_sim 188#0000C800AA000000 phase=spoofing note=ATTACK display spoof
(1780532527.244432) vcan_sim 100#C80094115F5A4A00 phase=spoofing note=ATTACK fabricated speed/rpm/throttle
(1780532527.244482) vcan_sim 188#0000C800AA000000 phase=spoofing note=ATTACK display spoof
(1780532527.264738) vcan_sim 100#C80094115F5A4A00 phase=spoofing note=ATTACK fabricated speed/rpm/throttle
(1780532527.264802) vcan_sim 188#0000C800AA000000 phase=spoofing note=ATTACK display spoof
(1780532527.284989) vcan_sim 100#C80094115F5A4A00 phase=spoofing note=ATTACK fabricated speed/rpm/throttle
(1780532527.285038) vcan_sim 188#0000C800AA000000 phase=spoofing note=ATTACK display spoof
(1780532527.305257) vcan_sim 100#C80094115F5A4A00 phase=spoofing note=ATTACK fabricated speed/rpm/throttle
(1780532527.305313) vcan_sim 188#0000C800AA000000 phase=spoofing note=ATTACK display spoof
(1780532527.325608) vcan_sim 32C#3470FC5D7DF5CA8E phase=flooding note=ATTACK controlled flooding
(1780532527.327800) vcan_sim 180#F8858144B00CAD78 phase=flooding note=ATTACK controlled flooding
(1780532527.329961) vcan_sim 7D1#D0F16421C405DD3F phase=flooding note=ATTACK controlled flooding
(1780532527.332175) vcan_sim 1B7#3AD4C06FBD86EA3A phase=flooding note=ATTACK controlled flooding
(1780532527.334302) vcan_sim 23B#CFF03448D78578B8 phase=flooding note=ATTACK controlled flooding
(1780532527.336437) vcan_sim 7C2#492CD90D6D73EBBE phase=flooding note=ATTACK controlled flooding
(1780532527.338557) vcan_sim 509#48F3706AE0988A81 phase=flooding note=ATTACK controlled flooding
(1780532527.340694) vcan_sim 28E#388F874212F78B0E phase=flooding note=ATTACK controlled flooding
(1780532527.342832) vcan_sim 104#9C222B9B9E8E0D77 phase=flooding note=ATTACK controlled flooding
(1780532527.344965) vcan_sim 73B#C542D8AE2DCB8BBD phase=flooding note=ATTACK controlled flooding
(1780532527.347101) vcan_sim 745#172EE8C5B3D7BAED phase=flooding note=ATTACK controlled flooding
(1780532527.349229) vcan_sim 655#8E048222D92E1497 phase=flooding note=ATTACK controlled flooding
(1780532527.351403) vcan_sim 4E8#95C99186D10CF56B phase=flooding note=ATTACK controlled flooding
(1780532527.353554) vcan_sim 0A0#EE43A6C55C336B48 phase=flooding note=ATTACK controlled flooding
(1780532527.355690) vcan_sim 3DF#4DB6E19253E76A3B phase=flooding note=ATTACK controlled flooding
(1780532527.357834) vcan_sim 266#5789D06EAED0856B phase=flooding note=ATTACK controlled flooding
(1780532527.359969) vcan_sim 128#B89E51FA54B754BB phase=flooding note=ATTACK controlled flooding
(1780532527.362099) vcan_sim 736#9168CA9E01FB7046 phase=flooding note=ATTACK controlled flooding
(1780532527.364224) vcan_sim 2B1#8B05DC537EF387F4 phase=flooding note=ATTACK controlled flooding
(1780532527.366371) vcan_sim 2DB#00B3E50412DECEEA phase=flooding note=ATTACK controlled flooding
(1780532527.368535) vcan_sim 1A0#F04EBC659C06BD28 phase=flooding note=ATTACK controlled flooding
(1780532527.370674) vcan_sim 573#CF8F95E6C2D1F435 phase=flooding note=ATTACK controlled flooding
(1780532527.372814) vcan_sim 410#DB1FCCD7BDB342CC phase=flooding note=ATTACK controlled flooding
(1780532527.374963) vcan_sim 683#909EBA0277844A8B phase=flooding note=ATTACK controlled flooding
(1780532527.377096) vcan_sim 0D9#534333FB1D96FB51 phase=flooding note=ATTACK controlled flooding
(1780532527.379226) vcan_sim 191#DDD7A6BA43D1EDC9 phase=flooding note=ATTACK controlled flooding
(1780532527.381366) vcan_sim 24D#DC4178DC969CC2DD phase=flooding note=ATTACK controlled flooding
(1780532527.383519) vcan_sim 299#ABC1AA8AAA516867 phase=flooding note=ATTACK controlled flooding
(1780532527.385650) vcan_sim 6DB#392D388C1AA2724C phase=flooding note=ATTACK controlled flooding
(1780532527.387784) vcan_sim 731#F204C8110260243A phase=flooding note=ATTACK controlled flooding
(1780532527.389926) vcan_sim 32F#C66BAABD84F7A4E8 phase=flooding note=ATTACK controlled flooding
(1780532527.392057) vcan_sim 0B7#ADF6F519905D82A4 phase=flooding note=ATTACK controlled flooding
(1780532527.394185) vcan_sim 3AC#1EEDAACCE6936F60 phase=flooding note=ATTACK controlled flooding
(1780532527.396344) vcan_sim 715#C5CAD147D4A9CA2B phase=flooding note=ATTACK controlled flooding
(1780532527.398523) vcan_sim 6AA#EAA46F1BD0754C9F phase=flooding note=ATTACK controlled flooding
(1780532527.400656) vcan_sim 53A#076A459A9C1A15D3 phase=flooding note=ATTACK controlled flooding
(1780532527.402805) vcan_sim 57B#740217CFF136C171 phase=flooding note=ATTACK controlled flooding
(1780532527.404962) vcan_sim 1AD#F2EF69071642F313 phase=flooding note=ATTACK controlled flooding
(1780532527.407091) vcan_sim 2FB#7C66D208C5A170AC phase=flooding note=ATTACK controlled flooding
(1780532527.409222) vcan_sim 6A2#D39668801828E0BE phase=flooding note=ATTACK controlled flooding
(1780532527.411339) vcan_sim 191#60E1246597B6ECC3 phase=flooding note=ATTACK controlled flooding
(1780532527.413523) vcan_sim 009#3B31CF28A914A55F phase=flooding note=ATTACK controlled flooding
(1780532527.415673) vcan_sim 260#56DCEB5A483D2983 phase=flooding note=ATTACK controlled flooding
(1780532527.417832) vcan_sim 5E7#761E010080C1AE8D phase=flooding note=ATTACK controlled flooding
(1780532527.419997) vcan_sim 5C3#76814C4E41655C6B phase=flooding note=ATTACK controlled flooding
(1780532527.422161) vcan_sim 69D#252E9A1EE23E27D1 phase=flooding note=ATTACK controlled flooding
(1780532527.424315) vcan_sim 4EE#932AF4485B545D06 phase=flooding note=ATTACK controlled flooding
(1780532527.426457) vcan_sim 345#A499CA36A03AA0E2 phase=flooding note=ATTACK controlled flooding
(1780532527.428639) vcan_sim 4CC#B746592FADCFD557 phase=flooding note=ATTACK controlled flooding
(1780532527.430805) vcan_sim 603#08494DB23E9097F8 phase=flooding note=ATTACK controlled flooding
(1780532527.432964) vcan_sim 0A5#76E11DECEB50355F phase=flooding note=ATTACK controlled flooding
(1780532527.435112) vcan_sim 796#A0BFD2D6E6B062CE phase=flooding note=ATTACK controlled flooding
(1780532527.437247) vcan_sim 34A#AEFA335D174CCBE9 phase=flooding note=ATTACK controlled flooding
(1780532527.439409) vcan_sim 0F0#FA156FCE21755BE1 phase=flooding note=ATTACK controlled flooding
(1780532527.441557) vcan_sim 7D2#507E88D01219AA71 phase=flooding note=ATTACK controlled flooding
(1780532527.443697) vcan_sim 464#17FE363A0BAFC110 phase=flooding note=ATTACK controlled flooding
(1780532527.445835) vcan_sim 1A8#5BF5308593CD72B7 phase=flooding note=ATTACK controlled flooding
(1780532527.448007) vcan_sim 5E0#2ABB405E06DDB19D phase=flooding note=ATTACK controlled flooding
(1780532527.450166) vcan_sim 31F#4862FDCCCC2EB16A phase=flooding note=ATTACK controlled flooding
(1780532527.452341) vcan_sim 216#86AC18B6E10118E0 phase=flooding note=ATTACK controlled flooding
(1780532527.454556) vcan_sim 1C4#187600244C99E031 phase=flooding note=ATTACK controlled flooding
(1780532527.456704) vcan_sim 7C3#825A1D694887683A phase=flooding note=ATTACK controlled flooding
(1780532527.458856) vcan_sim 4AF#48B113EE696C2B92 phase=flooding note=ATTACK controlled flooding
(1780532527.460991) vcan_sim 263#01B5665F8C21E0DD phase=flooding note=ATTACK controlled flooding
(1780532527.463119) vcan_sim 37F#AA5926ACE2D0D708 phase=flooding note=ATTACK controlled flooding
(1780532527.465252) vcan_sim 398#ACC5C92B16EB6EAC phase=flooding note=ATTACK controlled flooding
(1780532527.467396) vcan_sim 4D9#6EFC9DB060D9ACBE phase=flooding note=ATTACK controlled flooding
(1780532527.469602) vcan_sim 295#DCBFB255C5839458 phase=flooding note=ATTACK controlled flooding
(1780532527.471734) vcan_sim 130#E3AE7DBCEF11BCD6 phase=flooding note=ATTACK controlled flooding
(1780532527.473880) vcan_sim 76E#E10F43E7BD073CEB phase=flooding note=ATTACK controlled flooding
(1780532527.476043) vcan_sim 7A0#A86B59CA4AAE46E4 phase=flooding note=ATTACK controlled flooding
(1780532527.478202) vcan_sim 041#E21FEF15CF8CB9AA phase=flooding note=ATTACK controlled flooding
(1780532527.480382) vcan_sim 363#F8F33ECD01FCBF30 phase=flooding note=ATTACK controlled flooding
(1780532527.482564) vcan_sim 303#74DFB1C9EFCDFDF9 phase=flooding note=ATTACK controlled flooding
(1780532527.484715) vcan_sim 39E#62013E7E04227AF7 phase=flooding note=ATTACK controlled flooding
(1780532527.486868) vcan_sim 468#85CF73F276FBD0EC phase=flooding note=ATTACK controlled flooding
(1780532527.489092) vcan_sim 0C6#12303894953F517D phase=flooding note=ATTACK controlled flooding
(1780532527.491229) vcan_sim 048#A08F9EDAF6D53E73 phase=flooding note=ATTACK controlled flooding
(1780532527.493396) vcan_sim 1C8#B809011FD6BD52EB phase=flooding note=ATTACK controlled flooding
(1780532527.495538) vcan_sim 0CB#94970816D679FF84 phase=flooding note=ATTACK controlled flooding
(1780532527.497667) vcan_sim 688#5127E0E45AC29DF1 phase=flooding note=ATTACK controlled flooding
(1780532527.499822) vcan_sim 25A#6477950B826D7A43 phase=flooding note=ATTACK controlled flooding
(1780532527.501965) vcan_sim 2DB#0AA6FB24A536F44D phase=flooding note=ATTACK controlled flooding
(1780532527.504093) vcan_sim 2C2#9B99074860D41522 phase=flooding note=ATTACK controlled flooding
(1780532527.506222) vcan_sim 41D#801C4A03AD204E73 phase=flooding note=ATTACK controlled flooding
(1780532527.508377) vcan_sim 0A3#6B937B2958056007 phase=flooding note=ATTACK controlled flooding
(1780532527.510530) vcan_sim 73B#5184CBF20814CD27 phase=flooding note=ATTACK controlled flooding
(1780532527.512745) vcan_sim 028#8353441F01CF2490 phase=flooding note=ATTACK controlled flooding
(1780532527.514875) vcan_sim 5E4#1FD83230463200D4 phase=flooding note=ATTACK controlled flooding
(1780532527.517039) vcan_sim 2E2#2E961CDF347FED10 phase=flooding note=ATTACK controlled flooding
(1780532527.519174) vcan_sim 716#9A2532D5E9E3F0D5 phase=flooding note=ATTACK controlled flooding
(1780532527.521324) vcan_sim 485#CDB92E2DBAD694AE phase=flooding note=ATTACK controlled flooding
(1780532527.523464) vcan_sim 1ED#86D1A98B8C1F446B phase=flooding note=ATTACK controlled flooding
(1780532527.525593) vcan_sim 40A#32C96DFC31A929D0 phase=flooding note=ATTACK controlled flooding
(1780532527.527731) vcan_sim 3E3#B5459BEA25102EF9 phase=flooding note=ATTACK controlled flooding
(1780532527.529858) vcan_sim 420#304E10B828CCCA43 phase=flooding note=ATTACK controlled flooding
(1780532527.531986) vcan_sim 4AF#2297570F567B4C53 phase=flooding note=ATTACK controlled flooding
(1780532527.534131) vcan_sim 08F#9726FCFFFEEDEB40 phase=flooding note=ATTACK controlled flooding
(1780532527.536267) vcan_sim 0DA#175C0613C1315568 phase=flooding note=ATTACK controlled flooding
(1780532527.538413) vcan_sim 283#A9EA7C136945C27A phase=flooding note=ATTACK controlled flooding
(1780532527.540585) vcan_sim 64B#1B30181584444BCF phase=flooding note=ATTACK controlled flooding
(1780532527.542724) vcan_sim 313#CDF097444BEF31CA phase=flooding note=ATTACK controlled flooding
(1780532527.544855) vcan_sim 069#172432118C05948E phase=flooding note=ATTACK controlled flooding
(1780532527.546984) vcan_sim 14F#2EE2B7782600B152 phase=flooding note=ATTACK controlled flooding
(1780532527.549137) vcan_sim 399#6B950D228F64D47A phase=flooding note=ATTACK controlled flooding
(1780532527.551316) vcan_sim 097#7910DAB38272118A phase=flooding note=ATTACK controlled flooding
(1780532527.553441) vcan_sim 74C#A21F4161195D07B4 phase=flooding note=ATTACK controlled flooding
(1780532527.555571) vcan_sim 088#FF4A6D6DC7AD0E7B phase=flooding note=ATTACK controlled flooding
(1780532527.557750) vcan_sim 5C6#3E92487E243EE077 phase=flooding note=ATTACK controlled flooding
(1780532527.559940) vcan_sim 1EC#DACDE8EBFAD1AF21 phase=flooding note=ATTACK controlled flooding
(1780532527.562068) vcan_sim 029#317DC64F7D70155E phase=flooding note=ATTACK controlled flooding
(1780532527.564211) vcan_sim 231#478482E4823F2154 phase=flooding note=ATTACK controlled flooding
(1780532527.566370) vcan_sim 671#4C3F504176C8B332 phase=flooding note=ATTACK controlled flooding
(1780532527.568566) vcan_sim 682#B5D6D92917D67FF4 phase=flooding note=ATTACK controlled flooding
(1780532527.570700) vcan_sim 53C#3F3FA568229347C3 phase=flooding note=ATTACK controlled flooding
(1780532527.572829) vcan_sim 312#CEE4C0B24EB93C80 phase=flooding note=ATTACK controlled flooding
(1780532527.574961) vcan_sim 1AD#9CE54266E1E746A3 phase=flooding note=ATTACK controlled flooding
(1780532527.577095) vcan_sim 564#7CA2F5A66AC07C99 phase=flooding note=ATTACK controlled flooding
(1780532527.579222) vcan_sim 408#3799DCAE33652E53 phase=flooding note=ATTACK controlled flooding
(1780532527.581365) vcan_sim 76B#9697B662ED46A67F phase=flooding note=ATTACK controlled flooding
(1780532527.583509) vcan_sim 383#D01DB0462D094167 phase=flooding note=ATTACK controlled flooding
(1780532527.585637) vcan_sim 46A#F1D3C4AE00460D4A phase=flooding note=ATTACK controlled flooding
(1780532527.587774) vcan_sim 710#1EE24BEBDFE8A9DE phase=flooding note=ATTACK controlled flooding
(1780532527.589935) vcan_sim 327#0D78D57B684984AE phase=flooding note=ATTACK controlled flooding
(1780532527.592067) vcan_sim 29F#4CF90D7474F0B733 phase=flooding note=ATTACK controlled flooding
(1780532527.594205) vcan_sim 1EB#5408F18E732B22B0 phase=flooding note=ATTACK controlled flooding
(1780532527.596331) vcan_sim 1A0#7B9E77D19792FC78 phase=flooding note=ATTACK controlled flooding
(1780532527.598458) vcan_sim 6B1#7372E2BE2C9331BC phase=flooding note=ATTACK controlled flooding
(1780532527.600583) vcan_sim 29D#C1F7AD1DBD33283C phase=flooding note=ATTACK controlled flooding
(1780532527.602706) vcan_sim 426#F412B987FA1FCA22 phase=flooding note=ATTACK controlled flooding
(1780532527.604834) vcan_sim 5CF#4818F6ABAC76F932 phase=flooding note=ATTACK controlled flooding
(1780532527.606980) vcan_sim 6AC#E3F91C9E3A490846 phase=flooding note=ATTACK controlled flooding
(1780532527.609114) vcan_sim 333#7BEC63924D4B6C14 phase=flooding note=ATTACK controlled flooding
(1780532527.611245) vcan_sim 6F8#5AE388A4076F9B19 phase=flooding note=ATTACK controlled flooding
(1780532527.613406) vcan_sim 47F#AD0D61AE52A20F37 phase=flooding note=ATTACK controlled flooding
(1780532527.615547) vcan_sim 402#5BFCE8800BFC162A phase=flooding note=ATTACK controlled flooding
(1780532527.617683) vcan_sim 092#188F8D450709B9F2 phase=flooding note=ATTACK controlled flooding
(1780532527.619836) vcan_sim 36E#CF676A614A19D159 phase=flooding note=ATTACK controlled flooding
(1780532527.621968) vcan_sim 702#3E0FAC76F1EDD1A2 phase=flooding note=ATTACK controlled flooding
(1780532527.624096) vcan_sim 70E#3B043926B53205AB phase=flooding note=ATTACK controlled flooding
(1780532527.626220) vcan_sim 4E6#9EC3E522B612E100 phase=flooding note=ATTACK controlled flooding
(1780532527.628360) vcan_sim 38C#20CBC1DAF49A223D phase=flooding note=ATTACK controlled flooding
(1780532527.630514) vcan_sim 093#325826E42479C3B7 phase=flooding note=ATTACK controlled flooding
(1780532527.632641) vcan_sim 4C4#61B9806D1F60D187 phase=flooding note=ATTACK controlled flooding
(1780532527.634779) vcan_sim 5BA#465FF2C7C8C280FD phase=flooding note=ATTACK controlled flooding
(1780532527.636909) vcan_sim 5EE#13EEF86E8618EF63 phase=flooding note=ATTACK controlled flooding
(1780532527.639046) vcan_sim 02B#74EC950CB2B643E1 phase=flooding note=ATTACK controlled flooding
(1780532527.641195) vcan_sim 5C9#4810C126AB8C45C4 phase=flooding note=ATTACK controlled flooding
(1780532527.643344) vcan_sim 7AA#B18787405539C68B phase=flooding note=ATTACK controlled flooding
(1780532527.645572) vcan_sim 03F#547CDC9F17F1923D phase=flooding note=ATTACK controlled flooding
(1780532527.647726) vcan_sim 219#8477828E485D5559 phase=flooding note=ATTACK controlled flooding
(1780532527.649892) vcan_sim 46A#4DEBACF490B2D6EE phase=flooding note=ATTACK controlled flooding
(1780532527.652046) vcan_sim 31A#E20616D2F7F0F76D phase=flooding note=ATTACK controlled flooding
(1780532527.654203) vcan_sim 47C#3B88DA9111416A04 phase=flooding note=ATTACK controlled flooding
(1780532527.656376) vcan_sim 77E#FB3D6D4D35C4B277 phase=flooding note=ATTACK controlled flooding
(1780532527.658551) vcan_sim 5E3#AF415FFA053B8658 phase=flooding note=ATTACK controlled flooding
(1780532527.660705) vcan_sim 0C9#A85FCF077DCEF9B8 phase=flooding note=ATTACK controlled flooding
(1780532527.662859) vcan_sim 1F2#3189247BA8D20E51 phase=flooding note=ATTACK controlled flooding
(1780532527.664999) vcan_sim 2A3#C9FDBDB3F01B6C86 phase=flooding note=ATTACK controlled flooding
(1780532527.667135) vcan_sim 10A#8CA15A3DDB78640D phase=flooding note=ATTACK controlled flooding
(1780532527.669266) vcan_sim 4CA#D26F26DB1B5FA512 phase=flooding note=ATTACK controlled flooding
(1780532527.671420) vcan_sim 40C#698E6EF962881A64 phase=flooding note=ATTACK controlled flooding
(1780532527.673551) vcan_sim 5CD#239F44ACE488BFFF phase=flooding note=ATTACK controlled flooding
(1780532527.675683) vcan_sim 268#EEDBB46E62C06493 phase=flooding note=ATTACK controlled flooding
(1780532527.677813) vcan_sim 658#11172C997AC22DBA phase=flooding note=ATTACK controlled flooding
(1780532527.679972) vcan_sim 41F#5313A37ED3235503 phase=flooding note=ATTACK controlled flooding
(1780532527.682102) vcan_sim 1F3#3D3ADB4C30804389 phase=flooding note=ATTACK controlled flooding
(1780532527.684233) vcan_sim 287#11FF5FDCA0AAF00B phase=flooding note=ATTACK controlled flooding
(1780532527.686402) vcan_sim 7CC#77E2F8E9461F0E9B phase=flooding note=ATTACK controlled flooding
(1780532527.688573) vcan_sim 753#A1F13641C28BA239 phase=flooding note=ATTACK controlled flooding
(1780532527.690762) vcan_sim 158#2A8A853010B25ACB phase=flooding note=ATTACK controlled flooding
(1780532527.692938) vcan_sim 1B4#E58D2192AB0CD7E6 phase=flooding note=ATTACK controlled flooding
(1780532527.695068) vcan_sim 6E6#CDC82781A5BD0AF0 phase=flooding note=ATTACK controlled flooding
(1780532527.697368) vcan_sim 683#A000D05CD71534E9 phase=flooding note=ATTACK controlled flooding
(1780532527.699553) vcan_sim 4B3#BD7FF33159701697 phase=flooding note=ATTACK controlled flooding
(1780532527.701682) vcan_sim 4B0#CC9D8F94E9C534DF phase=flooding note=ATTACK controlled flooding
(1780532527.703809) vcan_sim 34C#BAD11F97A7D5D4FF phase=flooding note=ATTACK controlled flooding
(1780532527.705950) vcan_sim 017#82963D29EA1EFEDF phase=flooding note=ATTACK controlled flooding
(1780532527.708083) vcan_sim 236#03CC0E0502A30BE5 phase=flooding note=ATTACK controlled flooding
(1780532527.710222) vcan_sim 599#15EC60CD755C9D6A phase=flooding note=ATTACK controlled flooding
(1780532527.712544) vcan_sim 005#18B79704785EE0F7 phase=flooding note=ATTACK controlled flooding
(1780532527.714778) vcan_sim 3B2#1A6FE441857768BD phase=flooding note=ATTACK controlled flooding
(1780532527.716973) vcan_sim 531#752A6B22B01B7DFC phase=flooding note=ATTACK controlled flooding
(1780532527.719153) vcan_sim 030#4FE02AEB5BF0C33A phase=flooding note=ATTACK controlled flooding
(1780532527.721436) vcan_sim 4A8#BABE52FE61AC0BFB phase=flooding note=ATTACK controlled flooding
(1780532527.723584) vcan_sim 415#648B728F4AFCA8DA phase=flooding note=ATTACK controlled flooding
(1780532527.725735) vcan_sim 06C#9905372A82D5AC9A phase=flooding note=ATTACK controlled flooding
(1780532527.727870) vcan_sim 2CB#BE8E9AD9CB6001E4 phase=flooding note=ATTACK controlled flooding
(1780532527.730015) vcan_sim 68E#ED336DEB3B46CA62 phase=flooding note=ATTACK controlled flooding
(1780532527.732160) vcan_sim 7BA#BDBC7331E8F1838B phase=flooding note=ATTACK controlled flooding
(1780532527.734297) vcan_sim 293#7F1D1E3D1045986C phase=flooding note=ATTACK controlled flooding
(1780532527.736438) vcan_sim 71A#44FCDE432DAE67ED phase=flooding note=ATTACK controlled flooding
(1780532527.738566) vcan_sim 76B#92BB3A12C4D65282 phase=flooding note=ATTACK controlled flooding
(1780532527.740699) vcan_sim 73A#D147B05D01F001F1 phase=flooding note=ATTACK controlled flooding
(1780532527.742830) vcan_sim 285#0857FDC22EAE6E89 phase=flooding note=ATTACK controlled flooding
(1780532527.744982) vcan_sim 0CA#6DFE5E7CFF859F80 phase=flooding note=ATTACK controlled flooding
(1780532527.747121) vcan_sim 4A9#3339C06EA5B74086 phase=flooding note=ATTACK controlled flooding
(1780532527.749268) vcan_sim 7BB#2D932F1A9441000C phase=flooding note=ATTACK controlled flooding
(1780532527.751680) vcan_sim 2A8#14EFBFF2307F1C89 phase=flooding note=ATTACK controlled flooding
(1780532527.753901) vcan_sim 534#3243EF132033BC61 phase=flooding note=ATTACK controlled flooding
(1780532527.756106) vcan_sim 6E1#EE8FAB90B06DF2F8 phase=flooding note=ATTACK controlled flooding
(1780532527.758295) vcan_sim 5D6#B3E9C162BCDD89AB phase=flooding note=ATTACK controlled flooding
(1780532527.760437) vcan_sim 6C7#54BD223879B19F30 phase=flooding note=ATTACK controlled flooding
(1780532527.762581) vcan_sim 2A5#7B25AD0A84177B4F phase=flooding note=ATTACK controlled flooding
(1780532527.764714) vcan_sim 172#D7F5A2819891E4AD phase=flooding note=ATTACK controlled flooding
(1780532527.766849) vcan_sim 07E#93B6C9C3A6CE93A6 phase=flooding note=ATTACK controlled flooding
(1780532527.768983) vcan_sim 02D#2264CDCC3EB5D2F5 phase=flooding note=ATTACK controlled flooding
(1780532527.771123) vcan_sim 30A#D9E0145E9CFB6D08 phase=flooding note=ATTACK controlled flooding
(1780532527.773262) vcan_sim 204#7688524D893A29DA phase=flooding note=ATTACK controlled flooding
(1780532527.775424) vcan_sim 009#DD3194A1D6446A9F phase=flooding note=ATTACK controlled flooding
(1780532527.777591) vcan_sim 615#5BA065E201F0754B phase=flooding note=ATTACK controlled flooding
(1780532527.779754) vcan_sim 664#B3A8A4920B3B65E8 phase=flooding note=ATTACK controlled flooding
(1780532527.781933) vcan_sim 644#36023C75EFCEC6EF phase=flooding note=ATTACK controlled flooding
(1780532527.784108) vcan_sim 002#B7004A45C2DDCD37 phase=flooding note=ATTACK controlled flooding
(1780532527.786265) vcan_sim 7C9#27B85CCA2D8FD512 phase=flooding note=ATTACK controlled flooding
(1780532527.788451) vcan_sim 350#A171B599E815998C phase=flooding note=ATTACK controlled flooding
(1780532527.790620) vcan_sim 599#3FD42504F94070D9 phase=flooding note=ATTACK controlled flooding
(1780532527.792765) vcan_sim 52F#3E23A9084AB760BC phase=flooding note=ATTACK controlled flooding
(1780532527.794899) vcan_sim 618#581CB9AB23517D83 phase=flooding note=ATTACK controlled flooding
(1780532527.797038) vcan_sim 588#6268C509F226435D phase=flooding note=ATTACK controlled flooding
(1780532527.799174) vcan_sim 31D#3663D9EFA758C95D phase=flooding note=ATTACK controlled flooding
(1780532527.801330) vcan_sim 678#ACEBBA78BD29563A phase=flooding note=ATTACK controlled flooding
(1780532527.803460) vcan_sim 6FC#E656B2236D86A21E phase=flooding note=ATTACK controlled flooding
(1780532527.805592) vcan_sim 2FE#A02E8425E6F961B7 phase=flooding note=ATTACK controlled flooding
(1780532527.807726) vcan_sim 6BF#F83612035BA12256 phase=flooding note=ATTACK controlled flooding
(1780532527.809857) vcan_sim 215#A46F55ADD703D277 phase=flooding note=ATTACK controlled flooding
(1780532527.812000) vcan_sim 07B#4A49B808243C1808 phase=flooding note=ATTACK controlled flooding
(1780532527.814133) vcan_sim 089#D016C4DDD2F874BC phase=flooding note=ATTACK controlled flooding
(1780532527.816282) vcan_sim 740#13C940E7AD9D78CA phase=flooding note=ATTACK controlled flooding
(1780532527.818450) vcan_sim 1D4#AD406B968BEC35BC phase=flooding note=ATTACK controlled flooding
(1780532527.820590) vcan_sim 6F0#3544505B98556937 phase=flooding note=ATTACK controlled flooding
(1780532527.822777) vcan_sim 79B#6AFE5C09120FA7F2 phase=flooding note=ATTACK controlled flooding
(1780532527.824972) vcan_sim 726#FBE0A1E1B324FA92 phase=flooding note=ATTACK controlled flooding
(1780532527.827140) vcan_sim 660#46288F7F616BE5C7 phase=flooding note=ATTACK controlled flooding
(1780532527.829281) vcan_sim 0D5#8EDD3876294137D9 phase=flooding note=ATTACK controlled flooding
(1780532527.831432) vcan_sim 46D#9AC6CD1ED10768AE phase=flooding note=ATTACK controlled flooding
(1780532527.833592) vcan_sim 35F#E44AD1B3089EB213 phase=flooding note=ATTACK controlled flooding
(1780532527.835755) vcan_sim 127#93303769A3B94D7C phase=flooding note=ATTACK controlled flooding
(1780532527.837896) vcan_sim 1C4#94746E974311140A phase=flooding note=ATTACK controlled flooding
(1780532527.840045) vcan_sim 297#F0509C820C4A99CA phase=flooding note=ATTACK controlled flooding
(1780532527.842177) vcan_sim 5AC#7F6156128B9ECCF8 phase=flooding note=ATTACK controlled flooding
(1780532527.844335) vcan_sim 4D3#2F1EEE5AABBEDC85 phase=flooding note=ATTACK controlled flooding
(1780532527.846584) vcan_sim 6AC#43EEB10D9243B822 phase=flooding note=ATTACK controlled flooding
(1780532527.848731) vcan_sim 1BB#E1776359CFBA5F33 phase=flooding note=ATTACK controlled flooding
(1780532527.850866) vcan_sim 7CC#7021BCF2B82F80E2 phase=flooding note=ATTACK controlled flooding
(1780532527.853007) vcan_sim 072#88D53658F82431AE phase=flooding note=ATTACK controlled flooding
(1780532527.855152) vcan_sim 2AD#E932603052FC8CCC phase=flooding note=ATTACK controlled flooding
(1780532527.857297) vcan_sim 154#09979A84BFA5B608 phase=flooding note=ATTACK controlled flooding
(1780532527.859430) vcan_sim 142#566CFFB6FE6F3385 phase=flooding note=ATTACK controlled flooding
(1780532527.861586) vcan_sim 654#069F1E20639F820D phase=flooding note=ATTACK controlled flooding
(1780532527.863732) vcan_sim 1AA#147B31D44F91C49E phase=flooding note=ATTACK controlled flooding
(1780532527.865899) vcan_sim 42A#7BFB352A007DAA59 phase=flooding note=ATTACK controlled flooding
(1780532527.868041) vcan_sim 247#B4EAA50BC198F7F6 phase=flooding note=ATTACK controlled flooding
(1780532527.870175) vcan_sim 599#6DE0950871F1853C phase=flooding note=ATTACK controlled flooding
(1780532527.872319) vcan_sim 51C#D8848EC62B26C55A phase=flooding note=ATTACK controlled flooding
(1780532527.874576) vcan_sim 4E1#F6AC896102C63A25 phase=flooding note=ATTACK controlled flooding
(1780532527.876811) vcan_sim 346#66A38E9418D4DEE6 phase=flooding note=ATTACK controlled flooding
(1780532527.878983) vcan_sim 238#8AD175C4CDD98536 phase=flooding note=ATTACK controlled flooding
(1780532527.881120) vcan_sim 3C4#4E1D24685BA759E9 phase=flooding note=ATTACK controlled flooding
(1780532527.883317) vcan_sim 2F3#80ABE6F7ECF821C5 phase=flooding note=ATTACK controlled flooding
(1780532527.885556) vcan_sim 751#ADFF8178F14C1002 phase=flooding note=ATTACK controlled flooding
(1780532527.887697) vcan_sim 774#64418E0BB0A11442 phase=flooding note=ATTACK controlled flooding
(1780532527.889876) vcan_sim 356#8D4D4A55F912EEEC phase=flooding note=ATTACK controlled flooding
(1780532527.892038) vcan_sim 38F#D3DC7FEEEA063DF2 phase=flooding note=ATTACK controlled flooding
(1780532527.894246) vcan_sim 379#3229A6D264DE15B4 phase=flooding note=ATTACK controlled flooding
(1780532527.896437) vcan_sim 6DA#84A6B2B7107C8B08 phase=flooding note=ATTACK controlled flooding
(1780532527.898598) vcan_sim 7F8#3ECB6E4D44EC5778 phase=flooding note=ATTACK controlled flooding
(1780532527.900736) vcan_sim 796#8EF394E38D6BF10F phase=flooding note=ATTACK controlled flooding
(1780532527.902874) vcan_sim 268#FE2E913877FF0F73 phase=flooding note=ATTACK controlled flooding
(1780532527.905005) vcan_sim 1D5#0BB438313E1C735D phase=flooding note=ATTACK controlled flooding
(1780532527.907139) vcan_sim 4A0#BDED594DA4B2DE80 phase=flooding note=ATTACK controlled flooding
(1780532527.909271) vcan_sim 1E7#216FCD1BF00B0BF1 phase=flooding note=ATTACK controlled flooding
(1780532527.911444) vcan_sim 0D5#C7BB60CED32ECA48 phase=flooding note=ATTACK controlled flooding
(1780532527.913581) vcan_sim 18E#7B2CBDDCA9DF2FF0 phase=flooding note=ATTACK controlled flooding
(1780532527.915752) vcan_sim 1B5#EB3AB4C7DAC015DC phase=flooding note=ATTACK controlled flooding
(1780532527.917919) vcan_sim 7DB#234DF51DA036BD6D phase=flooding note=ATTACK controlled flooding
(1780532527.920074) vcan_sim 1FE#EF4BC23403D89D88 phase=flooding note=ATTACK controlled flooding
(1780532527.922220) vcan_sim 399#B09CD5DDC0B615C7 phase=flooding note=ATTACK controlled flooding
(1780532527.924365) vcan_sim 3A6#C9C32B2E4783B853 phase=flooding note=ATTACK controlled flooding
(1780532527.926560) vcan_sim 07A#27A2206103C4E982 phase=flooding note=ATTACK controlled flooding
(1780532527.928715) vcan_sim 750#397ABABF7D9D51BF phase=flooding note=ATTACK controlled flooding
(1780532527.930886) vcan_sim 081#7BAE6DA735997E37 phase=flooding note=ATTACK controlled flooding
(1780532527.933038) vcan_sim 7F9#B6029D1293CE6B12 phase=flooding note=ATTACK controlled flooding
(1780532527.935199) vcan_sim 2C7#064EF699D8744F67 phase=flooding note=ATTACK controlled flooding
(1780532527.937369) vcan_sim 6F0#A27F7FC7477E088C phase=flooding note=ATTACK controlled flooding
(1780532527.939547) vcan_sim 5C4#D9308332854D40F8 phase=flooding note=ATTACK controlled flooding
(1780532527.941711) vcan_sim 421#8CAB8196EB526D18 phase=flooding note=ATTACK controlled flooding
(1780532527.943870) vcan_sim 3F5#9368B66C963E11A7 phase=flooding note=ATTACK controlled flooding
(1780532527.946028) vcan_sim 144#05C0C2BDC1459831 phase=flooding note=ATTACK controlled flooding
(1780532527.948187) vcan_sim 412#2E2A6610CB325351 phase=flooding note=ATTACK controlled flooding
(1780532527.950375) vcan_sim 66E#961D954F7C8AAEAA phase=flooding note=ATTACK controlled flooding
(1780532527.952549) vcan_sim 406#4F2AB3FF94E7B0D0 phase=flooding note=ATTACK controlled flooding
(1780532527.954719) vcan_sim 08D#EAE2CDE513A3875C phase=flooding note=ATTACK controlled flooding
(1780532527.956875) vcan_sim 49B#BC83D4D7C11B6861 phase=flooding note=ATTACK controlled flooding
(1780532527.959019) vcan_sim 196#1094123710B48ADD phase=flooding note=ATTACK controlled flooding
(1780532527.961160) vcan_sim 05E#C95FF13E3D78725C phase=flooding note=ATTACK controlled flooding
(1780532527.963305) vcan_sim 22D#33C07CC401E95F48 phase=flooding note=ATTACK controlled flooding
(1780532527.965481) vcan_sim 054#A64CA8B617A0A118 phase=flooding note=ATTACK controlled flooding
(1780532527.967649) vcan_sim 3DC#0E4E7BB7B2CC03D7 phase=flooding note=ATTACK controlled flooding
(1780532527.969788) vcan_sim 10C#5F293521D2F035C9 phase=flooding note=ATTACK controlled flooding
(1780532527.971917) vcan_sim 2F8#10B98BCA1D05925A phase=flooding note=ATTACK controlled flooding
(1780532527.974089) vcan_sim 52E#FB6050B72C504887 phase=flooding note=ATTACK controlled flooding
(1780532527.976266) vcan_sim 446#88BC141527A12E60 phase=flooding note=ATTACK controlled flooding
(1780532527.978433) vcan_sim 0A9#3322810AC282E2A5 phase=flooding note=ATTACK controlled flooding
(1780532527.980586) vcan_sim 0E9#5B25139762D02B44 phase=flooding note=ATTACK controlled flooding
(1780532527.982742) vcan_sim 505#6CAB7C3E7725173A phase=flooding note=ATTACK controlled flooding
(1780532527.984895) vcan_sim 31E#238FE6230DF03E88 phase=flooding note=ATTACK controlled flooding
(1780532527.987049) vcan_sim 1FE#B0BF94AC440F9ECF phase=flooding note=ATTACK controlled flooding
(1780532527.989185) vcan_sim 2C4#6C0E0B66429A60AB phase=flooding note=ATTACK controlled flooding
(1780532527.991372) vcan_sim 741#E6914C956AC90914 phase=flooding note=ATTACK controlled flooding
(1780532527.993554) vcan_sim 4F9#3A77F659E5B89090 phase=flooding note=ATTACK controlled flooding
(1780532527.995699) vcan_sim 2E2#C9DD8F7DA2808B8C phase=flooding note=ATTACK controlled flooding
(1780532527.997851) vcan_sim 7D5#F9BFB354EC7DFAB6 phase=flooding note=ATTACK controlled flooding
(1780532527.999990) vcan_sim 42C#97C2138E91014D77 phase=flooding note=ATTACK controlled flooding
(1780532528.002135) vcan_sim 0F5#48CF84B60FCBCD8D phase=flooding note=ATTACK controlled flooding
(1780532528.004301) vcan_sim 1BB#624D7B25DD17339A phase=flooding note=ATTACK controlled flooding
(1780532528.006484) vcan_sim 145#8BD72211E685AB29 phase=flooding note=ATTACK controlled flooding
(1780532528.008667) vcan_sim 727#80517D3B895EE6B0 phase=flooding note=ATTACK controlled flooding
(1780532528.010802) vcan_sim 69F#39D016D1CC97C6EC phase=flooding note=ATTACK controlled flooding
(1780532528.013011) vcan_sim 071#6E8958349E78922B phase=flooding note=ATTACK controlled flooding
(1780532528.015187) vcan_sim 3EF#4C2AA2F1A075C650 phase=flooding note=ATTACK controlled flooding
(1780532528.017345) vcan_sim 666#89DFF6DED141EE5F phase=flooding note=ATTACK controlled flooding
(1780532528.019577) vcan_sim 38A#5DC06333D2E67535 phase=flooding note=ATTACK controlled flooding
(1780532528.021721) vcan_sim 3D0#0AB4384D1BB6F1E1 phase=flooding note=ATTACK controlled flooding
(1780532528.023866) vcan_sim 096#C0CBF27E03BFF778 phase=flooding note=ATTACK controlled flooding
(1780532528.026017) vcan_sim 367#F0A5ACDF519F803C phase=flooding note=ATTACK controlled flooding
(1780532528.028171) vcan_sim 475#301B8294899916C0 phase=flooding note=ATTACK controlled flooding
(1780532528.030308) vcan_sim 713#254F749CCBA7E155 phase=flooding note=ATTACK controlled flooding
(1780532528.032443) vcan_sim 779#5729C7C6C666856C phase=flooding note=ATTACK controlled flooding
(1780532528.034581) vcan_sim 481#E887BAC4F2E41E7D phase=flooding note=ATTACK controlled flooding
(1780532528.036713) vcan_sim 1AB#4A7735924AFB89DB phase=flooding note=ATTACK controlled flooding
(1780532528.038846) vcan_sim 61B#58C5021AB8623932 phase=flooding note=ATTACK controlled flooding
(1780532528.040977) vcan_sim 003#E12EF1BFD68B849B phase=flooding note=ATTACK controlled flooding
(1780532528.043105) vcan_sim 00E#CB79046B4B47AB3A phase=flooding note=ATTACK controlled flooding
(1780532528.045404) vcan_sim 4AB#7BB9B09B1C5663C0 phase=flooding note=ATTACK controlled flooding
(1780532528.047531) vcan_sim 0C8#9FE5F4F028B4DDCE phase=flooding note=ATTACK controlled flooding
(1780532528.049662) vcan_sim 267#17E9C26EE34FC5FD phase=flooding note=ATTACK controlled flooding
(1780532528.051795) vcan_sim 7F4#5D00EEA5C5BA90B1 phase=flooding note=ATTACK controlled flooding
(1780532528.053937) vcan_sim 5F9#8B0B0FA02D509281 phase=flooding note=ATTACK controlled flooding
(1780532528.056257) vcan_sim 708#CCB4E878175C936A phase=flooding note=ATTACK controlled flooding
(1780532528.058414) vcan_sim 40B#FC91AB3E5A9343F3 phase=flooding note=ATTACK controlled flooding
(1780532528.060546) vcan_sim 6CC#31364EE4BCFD77E6 phase=flooding note=ATTACK controlled flooding
(1780532528.062676) vcan_sim 134#A5FE1143D762FCED phase=flooding note=ATTACK controlled flooding
(1780532528.064802) vcan_sim 1C6#42A3A90FE4B11FBC phase=flooding note=ATTACK controlled flooding
(1780532528.066929) vcan_sim 0FD#43E54FFA541FAADB phase=flooding note=ATTACK controlled flooding
(1780532528.069059) vcan_sim 346#8F0D6BB3F9972DAC phase=flooding note=ATTACK controlled flooding
(1780532528.071188) vcan_sim 3E3#DA112234AF5505B1 phase=flooding note=ATTACK controlled flooding
(1780532528.073315) vcan_sim 6E8#CC3B6B20C4C74269 phase=flooding note=ATTACK controlled flooding
(1780532528.075475) vcan_sim 7FD#2B0C22F63E8029B2 phase=flooding note=ATTACK controlled flooding
(1780532528.077734) vcan_sim 121#C34832FF0741FECB phase=flooding note=ATTACK controlled flooding
(1780532528.079889) vcan_sim 635#FAC44BD68110B3B0 phase=flooding note=ATTACK controlled flooding
(1780532528.082027) vcan_sim 197#0039046B19307DFC phase=flooding note=ATTACK controlled flooding
(1780532528.084158) vcan_sim 717#28505985F2FED9CA phase=flooding note=ATTACK controlled flooding
(1780532528.086314) vcan_sim 732#43A1707EB0F307FA phase=flooding note=ATTACK controlled flooding
(1780532528.088444) vcan_sim 3CC#BC462E87678E8D02 phase=flooding note=ATTACK controlled flooding
(1780532528.090574) vcan_sim 4CB#09B229A935954C32 phase=flooding note=ATTACK controlled flooding
(1780532528.092702) vcan_sim 48B#7DCB7C7834B9BE25 phase=flooding note=ATTACK controlled flooding
(1780532528.094833) vcan_sim 3D8#E2A6BB168AA9085D phase=flooding note=ATTACK controlled flooding
(1780532528.097035) vcan_sim 511#E2AA683462723CC4 phase=flooding note=ATTACK controlled flooding
(1780532528.099162) vcan_sim 14B#A7EB118869227C3E phase=flooding note=ATTACK controlled flooding
(1780532528.101312) vcan_sim 605#5DB2654B8038D404 phase=flooding note=ATTACK controlled flooding
(1780532528.103536) vcan_sim 54A#F5C16FFBA7D8E9F3 phase=flooding note=ATTACK controlled flooding
(1780532528.105675) vcan_sim 495#78EBBB8AC92FAF2A phase=flooding note=ATTACK controlled flooding
(1780532528.107814) vcan_sim 6F5#5A5BA163910485A6 phase=flooding note=ATTACK controlled flooding
(1780532528.109975) vcan_sim 491#45822C46D478503C phase=flooding note=ATTACK controlled flooding
(1780532528.112117) vcan_sim 4C0#87B9E10696B901C9 phase=flooding note=ATTACK controlled flooding
(1780532528.114465) vcan_sim 45D#D5A4DD8D87E1BA9A phase=flooding note=ATTACK controlled flooding
(1780532528.116669) vcan_sim 598#47B7A1214EEC5A67 phase=flooding note=ATTACK controlled flooding
(1780532528.118817) vcan_sim 405#EB5C54272FC315D6 phase=flooding note=ATTACK controlled flooding
(1780532528.120951) vcan_sim 49C#FE9E98E34C595299 phase=flooding note=ATTACK controlled flooding
(1780532528.123172) vcan_sim 1A3#57B1DF35C09DACBF phase=flooding note=ATTACK controlled flooding
(1780532528.125427) vcan_sim 107#5B7A12E7007CE6A7 phase=flooding note=ATTACK controlled flooding
(1780532528.127590) vcan_sim 6D9#FAA67E11885C55DF phase=flooding note=ATTACK controlled flooding
(1780532528.129756) vcan_sim 1D2#FBB4C49926AE7EC9 phase=flooding note=ATTACK controlled flooding
(1780532528.131962) vcan_sim 5A6#C20719F2B0C516C7 phase=flooding note=ATTACK controlled flooding
(1780532528.134126) vcan_sim 2D5#5171711CFD76FB27 phase=flooding note=ATTACK controlled flooding
(1780532528.136275) vcan_sim 3E4#17CB957264A22ED2 phase=flooding note=ATTACK controlled flooding
(1780532528.138435) vcan_sim 5C4#489B22C88A9676CA phase=flooding note=ATTACK controlled flooding
(1780532528.140601) vcan_sim 009#ADFA3EF72976E2F4 phase=flooding note=ATTACK controlled flooding
(1780532528.142764) vcan_sim 400#E645AFEBA018A090 phase=flooding note=ATTACK controlled flooding
(1780532528.144933) vcan_sim 2A0#95C2130E00AD5261 phase=flooding note=ATTACK controlled flooding
(1780532528.147079) vcan_sim 6A6#29EC2E35123A33D0 phase=flooding note=ATTACK controlled flooding
(1780532528.149233) vcan_sim 33A#5EB3579067A331B4 phase=flooding note=ATTACK controlled flooding
(1780532528.151399) vcan_sim 786#D5AA9F0FD0D7E75D phase=flooding note=ATTACK controlled flooding
(1780532528.153557) vcan_sim 01B#A9B471F6123137D3 phase=flooding note=ATTACK controlled flooding
(1780532528.155706) vcan_sim 6CB#D1743808229FD54D phase=flooding note=ATTACK controlled flooding
(1780532528.157864) vcan_sim 71D#CA4940E2DFCB8325 phase=flooding note=ATTACK controlled flooding
(1780532528.160033) vcan_sim 4C1#246B823E0AEF1B99 phase=flooding note=ATTACK controlled flooding
(1780532528.162221) vcan_sim 680#12FDFC072D3C1C82 phase=flooding note=ATTACK controlled flooding
(1780532528.164460) vcan_sim 00A#AAC700DF4D9C72D2 phase=flooding note=ATTACK controlled flooding
(1780532528.166701) vcan_sim 1EB#6E5C63194BEB088E phase=flooding note=ATTACK controlled flooding
(1780532528.168867) vcan_sim 6B8#9DF2BBA26F3F84E8 phase=flooding note=ATTACK controlled flooding
(1780532528.171028) vcan_sim 79B#4B63B827016F9A98 phase=flooding note=ATTACK controlled flooding
(1780532528.173197) vcan_sim 574#FDCE6A44715D94E3 phase=flooding note=ATTACK controlled flooding
(1780532528.175339) vcan_sim 087#24BDCA7F736DB79A phase=flooding note=ATTACK controlled flooding
(1780532528.177530) vcan_sim 5C6#58423C2621C1EDE7 phase=flooding note=ATTACK controlled flooding
(1780532528.179690) vcan_sim 436#D2DD1140D4E76F35 phase=flooding note=ATTACK controlled flooding
(1780532528.181857) vcan_sim 15E#6EE60023BCFE298A phase=flooding note=ATTACK controlled flooding
(1780532528.184016) vcan_sim 459#A32728FB9F8DB2DA phase=flooding note=ATTACK controlled flooding
(1780532528.186184) vcan_sim 176#7BF120F938A6B3D4 phase=flooding note=ATTACK controlled flooding
(1780532528.188344) vcan_sim 165#5D91CEE7869F2743 phase=flooding note=ATTACK controlled flooding
(1780532528.190558) vcan_sim 3BF#6380766D7AC7A561 phase=flooding note=ATTACK controlled flooding
(1780532528.192735) vcan_sim 72C#7EAE6A35FEADECE4 phase=flooding note=ATTACK controlled flooding
(1780532528.194915) vcan_sim 0DD#76252025024DD476 phase=flooding note=ATTACK controlled flooding
(1780532528.197120) vcan_sim 2FE#9CF8FE9640D2AF5E phase=flooding note=ATTACK controlled flooding
(1780532528.199293) vcan_sim 1A6#C23C8878B005C295 phase=flooding note=ATTACK controlled flooding
(1780532528.201452) vcan_sim 138#87A2CEC69C142558 phase=flooding note=ATTACK controlled flooding
(1780532528.203590) vcan_sim 620#E7F7C55CDF2287C8 phase=flooding note=ATTACK controlled flooding
(1780532528.205752) vcan_sim 2A8#511D56CC3BCFA473 phase=flooding note=ATTACK controlled flooding
(1780532528.207901) vcan_sim 5FF#227E0633D82EF94F phase=flooding note=ATTACK controlled flooding
(1780532528.210051) vcan_sim 706#5A26BEB078765AAF phase=flooding note=ATTACK controlled flooding
(1780532528.212186) vcan_sim 56C#B561C0E26143C452 phase=flooding note=ATTACK controlled flooding
(1780532528.214335) vcan_sim 54A#4BF52E74F1C6D796 phase=flooding note=ATTACK controlled flooding
(1780532528.216565) vcan_sim 757#72FD292FD90CF218 phase=flooding note=ATTACK controlled flooding
(1780532528.218772) vcan_sim 3CE#C13040B11A4AEFF5 phase=flooding note=ATTACK controlled flooding
(1780532528.220905) vcan_sim 1F6#0D28FEFC428E3B18 phase=flooding note=ATTACK controlled flooding
(1780532528.223043) vcan_sim 51C#B4E63B28AA1464D7 phase=flooding note=ATTACK controlled flooding
(1780532528.225186) vcan_sim 7B6#7ADE308C5402B710 phase=flooding note=ATTACK controlled flooding
(1780532528.227411) vcan_sim 598#96D3A48A526FF5CF phase=flooding note=ATTACK controlled flooding
(1780532528.229547) vcan_sim 0C2#680518D6EEF6CD53 phase=flooding note=ATTACK controlled flooding
(1780532528.231679) vcan_sim 6A1#9E5C52DDFFE29BDD phase=flooding note=ATTACK controlled flooding
(1780532528.233821) vcan_sim 6D7#6438C61505B9AB3B phase=flooding note=ATTACK controlled flooding
(1780532528.235956) vcan_sim 5E2#574E8377920B366B phase=flooding note=ATTACK controlled flooding
(1780532528.238161) vcan_sim 3ED#96E217785D0107A1 phase=flooding note=ATTACK controlled flooding
(1780532528.240314) vcan_sim 799#766D8BE48BB33B1C phase=flooding note=ATTACK controlled flooding
(1780532528.242465) vcan_sim 7D2#302D764C80D8AF4A phase=flooding note=ATTACK controlled flooding
(1780532528.244601) vcan_sim 795#4264BC1AFE024328 phase=flooding note=ATTACK controlled flooding
(1780532528.246737) vcan_sim 3A4#5CC20398CB483EDB phase=flooding note=ATTACK controlled flooding
(1780532528.248853) vcan_sim 282#C10FDB4ED4BE18EB phase=flooding note=ATTACK controlled flooding
(1780532528.250973) vcan_sim 6E1#32202BBDE225DC1D phase=flooding note=ATTACK controlled flooding
(1780532528.253090) vcan_sim 5A1#388A8A3435E5198B phase=flooding note=ATTACK controlled flooding
(1780532528.255230) vcan_sim 213#4A15827C967D3071 phase=flooding note=ATTACK controlled flooding
(1780532528.257410) vcan_sim 01D#F6D90C6CC2181970 phase=flooding note=ATTACK controlled flooding
(1780532528.259553) vcan_sim 19D#0CABA07EA8640ADB phase=flooding note=ATTACK controlled flooding
(1780532528.261686) vcan_sim 3A5#9B78725360EB7506 phase=flooding note=ATTACK controlled flooding
(1780532528.263804) vcan_sim 7AF#5CA24F38E100B36F phase=flooding note=ATTACK controlled flooding
(1780532528.265970) vcan_sim 4E0#F3D3AB4E382A30C6 phase=flooding note=ATTACK controlled flooding
(1780532528.268097) vcan_sim 7CD#263950E9581A71EB phase=flooding note=ATTACK controlled flooding
(1780532528.270224) vcan_sim 3D4#47A899D43D44E17E phase=flooding note=ATTACK controlled flooding
(1780532528.272364) vcan_sim 57C#02EA0D010615AE65 phase=flooding note=ATTACK controlled flooding
(1780532528.274527) vcan_sim 6DD#1F61718D532A0E3B phase=flooding note=ATTACK controlled flooding
(1780532528.276670) vcan_sim 4AD#CF66F9ACAF5B49BF phase=flooding note=ATTACK controlled flooding
(1780532528.278812) vcan_sim 461#A8665DB2A4AA4EBC phase=flooding note=ATTACK controlled flooding
(1780532528.280957) vcan_sim 5B5#85978ABF226AA44C phase=flooding note=ATTACK controlled flooding
(1780532528.283104) vcan_sim 7E2#2FB62DD2E4BF63E4 phase=flooding note=ATTACK controlled flooding
(1780532528.285265) vcan_sim 088#331B733B3DC5D8F1 phase=flooding note=ATTACK controlled flooding
(1780532528.287444) vcan_sim 224#F8E1F1F7895FAFFD phase=flooding note=ATTACK controlled flooding
(1780532528.289584) vcan_sim 411#BEF65B29D58D5497 phase=flooding note=ATTACK controlled flooding
(1780532528.291729) vcan_sim 7C3#615592A100966AE0 phase=flooding note=ATTACK controlled flooding
(1780532528.293864) vcan_sim 13A#8F071AD029193F3A phase=flooding note=ATTACK controlled flooding
(1780532528.296049) vcan_sim 216#1BE922A454FA7858 phase=flooding note=ATTACK controlled flooding
(1780532528.298183) vcan_sim 6F6#1EFFB15FE095264F phase=flooding note=ATTACK controlled flooding
(1780532528.300404) vcan_sim 35A#8F08E7CD5B664F4C phase=flooding note=ATTACK controlled flooding
(1780532528.302598) vcan_sim 051#6AC0D0C5467DBC2D phase=flooding note=ATTACK controlled flooding
(1780532528.304727) vcan_sim 270#26A0644593CC98AF phase=flooding note=ATTACK controlled flooding
(1780532528.306914) vcan_sim 524#FA14BA78832CD26C phase=flooding note=ATTACK controlled flooding
(1780532528.309066) vcan_sim 056#9F7B086164CF94A8 phase=flooding note=ATTACK controlled flooding
(1780532528.311212) vcan_sim 681#2DD6760BB0C39E01 phase=flooding note=ATTACK controlled flooding
(1780532528.313372) vcan_sim 468#138BC06E8847B138 phase=flooding note=ATTACK controlled flooding
(1780532528.315555) vcan_sim 195#214D17B8B0FA876E phase=flooding note=ATTACK controlled flooding
(1780532528.317705) vcan_sim 4A6#C9706A3FF25C90D9 phase=flooding note=ATTACK controlled flooding
(1780532528.319860) vcan_sim 108#DC25F389066E94F1 phase=flooding note=ATTACK controlled flooding
(1780532528.322016) vcan_sim 0EC#D05317FA9CDFF0A9 phase=flooding note=ATTACK controlled flooding
(1780532528.324421) vcan_sim 718#936ABEB251A4309E phase=flooding note=ATTACK controlled flooding
(1780532528.326678) vcan_sim 7DB#D4F2871DD8BC0107 phase=flooding note=ATTACK controlled flooding
(1780532528.328879) vcan_sim 61B#B9EBEED66B1A88C0 phase=flooding note=ATTACK controlled flooding
(1780532528.331056) vcan_sim 368#CC835F56DB6E7E2D phase=flooding note=ATTACK controlled flooding
(1780532528.333215) vcan_sim 45E#8B5B8D24A886539F phase=flooding note=ATTACK controlled flooding
(1780532528.335384) vcan_sim 569#1032C98233431E5E phase=flooding note=ATTACK controlled flooding
(1780532528.337537) vcan_sim 187#E59FAD19059A7E20 phase=flooding note=ATTACK controlled flooding
(1780532528.339706) vcan_sim 767#775817FCE4B9F63C phase=flooding note=ATTACK controlled flooding
(1780532528.341868) vcan_sim 178#0DED8BF3C0F2A4D5 phase=flooding note=ATTACK controlled flooding
(1780532528.344024) vcan_sim 6C0#BD7DB00C8CC28AC0 phase=flooding note=ATTACK controlled flooding
(1780532528.346184) vcan_sim 501#1FD88E26936D7CBB phase=flooding note=ATTACK controlled flooding
(1780532528.348367) vcan_sim 437#1E2D95503AB7CB19 phase=flooding note=ATTACK controlled flooding
(1780532528.350554) vcan_sim 203#1342B19C015314DD phase=flooding note=ATTACK controlled flooding
(1780532528.352692) vcan_sim 7FA#9DF8D549514FC869 phase=flooding note=ATTACK controlled flooding
(1780532528.354828) vcan_sim 2BE#F5E5BAD018AFC82A phase=flooding note=ATTACK controlled flooding
(1780532528.357059) vcan_sim 1A2#C4D03F81F5E27EA2 phase=flooding note=ATTACK controlled flooding
(1780532528.359216) vcan_sim 4E2#157451E107EE36C9 phase=flooding note=ATTACK controlled flooding
(1780532528.361425) vcan_sim 747#F3F193F343B4FEEF phase=flooding note=ATTACK controlled flooding
(1780532528.363589) vcan_sim 24F#488A6733A8A1E8DD phase=flooding note=ATTACK controlled flooding
(1780532528.365726) vcan_sim 2BF#CC5F8EEAE252D2F5 phase=flooding note=ATTACK controlled flooding
(1780532528.367853) vcan_sim 64C#E2CEE37315590E30 phase=flooding note=ATTACK controlled flooding
(1780532528.369979) vcan_sim 596#8EB8E489BF3E5959 phase=flooding note=ATTACK controlled flooding
(1780532528.372108) vcan_sim 6A9#6946EF40ED58C5A8 phase=flooding note=ATTACK controlled flooding
(1780532528.374245) vcan_sim 665#D04DEACDC4AF392C phase=flooding note=ATTACK controlled flooding
(1780532528.376443) vcan_sim 6E0#1A4BFE689AAEEF6F phase=flooding note=ATTACK controlled flooding
(1780532528.378614) vcan_sim 450#4FB63C01A37D0505 phase=flooding note=ATTACK controlled flooding
(1780532528.380789) vcan_sim 7C8#5F3708DF9FC1755F phase=flooding note=ATTACK controlled flooding
(1780532528.382951) vcan_sim 2DF#3B07C456852F5473 phase=flooding note=ATTACK controlled flooding
(1780532528.385095) vcan_sim 66B#9223DA6EF1563640 phase=flooding note=ATTACK controlled flooding
(1780532528.387233) vcan_sim 3FC#3F52CC0BB4D0BDFF phase=flooding note=ATTACK controlled flooding
(1780532528.389424) vcan_sim 131#C212335B69BED0B8 phase=flooding note=ATTACK controlled flooding
(1780532528.391572) vcan_sim 510#CD04EB89C314E3F5 phase=flooding note=ATTACK controlled flooding
(1780532528.393709) vcan_sim 106#46B93029915F2968 phase=flooding note=ATTACK controlled flooding
(1780532528.395873) vcan_sim 72F#EA0B4E8FC321AD38 phase=flooding note=ATTACK controlled flooding
(1780532528.398041) vcan_sim 612#818ACABD137A7D51 phase=flooding note=ATTACK controlled flooding
(1780532528.400207) vcan_sim 1D5#C6EF8835F5139FA1 phase=flooding note=ATTACK controlled flooding
(1780532528.402418) vcan_sim 4DB#3A75A47DF6217C8B phase=flooding note=ATTACK controlled flooding
(1780532528.404584) vcan_sim 545#5ACE1F46368C6476 phase=flooding note=ATTACK controlled flooding
(1780532528.406773) vcan_sim 10C#E640F20190BF6D46 phase=flooding note=ATTACK controlled flooding
(1780532528.409184) vcan_sim 29B#A56368B06109A79A phase=flooding note=ATTACK controlled flooding
(1780532528.411663) vcan_sim 3D8#CA26A6F07661C745 phase=flooding note=ATTACK controlled flooding
(1780532528.413835) vcan_sim 12B#E2A58BA809D706EC phase=flooding note=ATTACK controlled flooding
(1780532528.415985) vcan_sim 2E7#CACFE340C1821A47 phase=flooding note=ATTACK controlled flooding
(1780532528.418127) vcan_sim 7DE#28B101EC330E9238 phase=flooding note=ATTACK controlled flooding
(1780532528.420327) vcan_sim 079#C4DFBD0190788AC8 phase=flooding note=ATTACK controlled flooding
(1780532528.422477) vcan_sim 3AF#76CB15C9C98DE42B phase=flooding note=ATTACK controlled flooding
(1780532528.424632) vcan_sim 34A#93CE49982B8913E0 phase=flooding note=ATTACK controlled flooding
(1780532528.426747) vcan_sim 265#0E74119F278336CC phase=flooding note=ATTACK controlled flooding
(1780532528.428881) vcan_sim 3B8#62DB06275A03B942 phase=flooding note=ATTACK controlled flooding
(1780532528.431017) vcan_sim 16D#66D65B59DE6319B4 phase=flooding note=ATTACK controlled flooding
(1780532528.433155) vcan_sim 4BC#DFFE0E00C9F7F651 phase=flooding note=ATTACK controlled flooding
(1780532528.435307) vcan_sim 54B#D42E701E4A856EF7 phase=flooding note=ATTACK controlled flooding
(1780532528.437462) vcan_sim 0E8#5A4B11FF197B2BF9 phase=flooding note=ATTACK controlled flooding
(1780532528.439604) vcan_sim 0EE#88F762C1C65F0C1A phase=flooding note=ATTACK controlled flooding
(1780532528.441754) vcan_sim 69F#AF83B28201CF35B5 phase=flooding note=ATTACK controlled flooding
(1780532528.443896) vcan_sim 07D#5B27F66C83734CF6 phase=flooding note=ATTACK controlled flooding
(1780532528.446037) vcan_sim 532#13AD5D87E6E6BAAA phase=flooding note=ATTACK controlled flooding
(1780532528.448172) vcan_sim 100#4384C89BB13F7E1C phase=flooding note=ATTACK controlled flooding
(1780532528.450311) vcan_sim 34E#31F7F81F5E398B26 phase=flooding note=ATTACK controlled flooding
(1780532528.452474) vcan_sim 489#2C3F3CE8E6E0272C phase=flooding note=ATTACK controlled flooding
(1780532528.454636) vcan_sim 1C2#77846FFC2A61663E phase=flooding note=ATTACK controlled flooding
(1780532528.456894) vcan_sim 6CB#65ACB45CDCF0CCDD phase=flooding note=ATTACK controlled flooding
(1780532528.459116) vcan_sim 709#90A4DA90DBD5395A phase=flooding note=ATTACK controlled flooding
(1780532528.461294) vcan_sim 7B0#EFF7DE399274FA6D phase=flooding note=ATTACK controlled flooding
(1780532528.463476) vcan_sim 202#D74EA8ABA5A5F3EE phase=flooding note=ATTACK controlled flooding
(1780532528.465653) vcan_sim 76C#D8767AD5D49B7718 phase=flooding note=ATTACK controlled flooding
(1780532528.467804) vcan_sim 38B#53FC4CBD0B968AAA phase=flooding note=ATTACK controlled flooding
(1780532528.469943) vcan_sim 5F8#D9DAAFEE3B90852B phase=flooding note=ATTACK controlled flooding
(1780532528.472107) vcan_sim 566#49D9736D1980D513 phase=flooding note=ATTACK controlled flooding
(1780532528.474251) vcan_sim 209#7C408666013EE8A2 phase=flooding note=ATTACK controlled flooding
(1780532528.476413) vcan_sim 36D#0DE9922B877595C9 phase=flooding note=ATTACK controlled flooding
(1780532528.478548) vcan_sim 031#E74365BE10C4B663 phase=flooding note=ATTACK controlled flooding
(1780532528.480693) vcan_sim 668#7D7AAF2270E9F3DF phase=flooding note=ATTACK controlled flooding
(1780532528.482824) vcan_sim 1B7#EC62300E1F3C82DE phase=flooding note=ATTACK controlled flooding
(1780532528.484953) vcan_sim 0FF#D2B4AD91D8E3CCAC phase=flooding note=ATTACK controlled flooding
(1780532528.487080) vcan_sim 656#5FD6EAAA7251759C phase=flooding note=ATTACK controlled flooding
(1780532528.489223) vcan_sim 56E#0DD2E64103922426 phase=flooding note=ATTACK controlled flooding
(1780532528.491390) vcan_sim 616#26C773DF49B3D591 phase=flooding note=ATTACK controlled flooding
(1780532528.493550) vcan_sim 3F8#3B695BFD38E8FC45 phase=flooding note=ATTACK controlled flooding
(1780532528.495686) vcan_sim 73D#81C838176E2CC9A2 phase=flooding note=ATTACK controlled flooding
(1780532528.497818) vcan_sim 4BC#2F06AE6A8461EDA9 phase=flooding note=ATTACK controlled flooding
(1780532528.499959) vcan_sim 318#A36D63E9AEE2D6FF phase=flooding note=ATTACK controlled flooding
(1780532528.502098) vcan_sim 750#D88145EE8BA99F47 phase=flooding note=ATTACK controlled flooding
(1780532528.504289) vcan_sim 0EC#1B1C2FFEE1881BD4 phase=flooding note=ATTACK controlled flooding
(1780532528.506440) vcan_sim 4E0#146DB457B2F9E34A phase=flooding note=ATTACK controlled flooding
(1780532528.508604) vcan_sim 749#E3B7A3563B9AC0F0 phase=flooding note=ATTACK controlled flooding
(1780532528.510761) vcan_sim 5FA#083BB8DB7BF68060 phase=flooding note=ATTACK controlled flooding
(1780532528.512894) vcan_sim 279#5FFDFD7E1A1AF953 phase=flooding note=ATTACK controlled flooding
(1780532528.515120) vcan_sim 1A1#1BBE32B0406C00CF phase=flooding note=ATTACK controlled flooding
(1780532528.517278) vcan_sim 658#FB97B78C652BCC45 phase=flooding note=ATTACK controlled flooding
(1780532528.519436) vcan_sim 6CD#AEC74F0D3968B802 phase=flooding note=ATTACK controlled flooding
(1780532528.521615) vcan_sim 066#D086AAA832947033 phase=flooding note=ATTACK controlled flooding
(1780532528.523759) vcan_sim 4A5#6E74E0688ECC1C08 phase=flooding note=ATTACK controlled flooding
(1780532528.525901) vcan_sim 5F6#F857FC90021DB3C6 phase=flooding note=ATTACK controlled flooding
(1780532528.528042) vcan_sim 112#2631B4BDCE0B5F2F phase=flooding note=ATTACK controlled flooding
(1780532528.530343) vcan_sim 34D#44C96EC9D0116BF7 phase=flooding note=ATTACK controlled flooding
(1780532528.532545) vcan_sim 3EF#FF8E37B7BC7ABCBF phase=flooding note=ATTACK controlled flooding
(1780532528.534673) vcan_sim 345#FFE876D710064FBE phase=flooding note=ATTACK controlled flooding
(1780532528.536809) vcan_sim 448#737F73FA98101237 phase=flooding note=ATTACK controlled flooding
(1780532528.538938) vcan_sim 7EE#033321C37A77960B phase=flooding note=ATTACK controlled flooding
(1780532528.541076) vcan_sim 3F2#603F7BA89ADCA32C phase=flooding note=ATTACK controlled flooding
(1780532528.543229) vcan_sim 2E5#A05342D9BD6C8671 phase=flooding note=ATTACK controlled flooding
(1780532528.545381) vcan_sim 07A#CAD43B78694298DF phase=flooding note=ATTACK controlled flooding
(1780532528.547544) vcan_sim 665#5C88B3EA45D20289 phase=flooding note=ATTACK controlled flooding
(1780532528.549678) vcan_sim 473#2A61AE9B8E757B6C phase=flooding note=ATTACK controlled flooding
(1780532528.551806) vcan_sim 731#78CA302D2872F02F phase=flooding note=ATTACK controlled flooding
(1780532528.553921) vcan_sim 31E#14FB9D16DB5F1D92 phase=flooding note=ATTACK controlled flooding
(1780532528.556018) vcan_sim 0B5#4BB31AD45F475702 phase=flooding note=ATTACK controlled flooding
(1780532528.558145) vcan_sim 51C#20F7B833DE7B4C4D phase=flooding note=ATTACK controlled flooding
(1780532528.560262) vcan_sim 218#78C2524EB026821C phase=flooding note=ATTACK controlled flooding
(1780532528.564550) vcan_sim 618#3A88C7BE3B3EAA5A phase=flooding note=ATTACK controlled flooding
(1780532528.566669) vcan_sim 02B#036AAB725DBE082F phase=flooding note=ATTACK controlled flooding
(1780532528.568787) vcan_sim 039#AC7FA595F12830CD phase=flooding note=ATTACK controlled flooding
(1780532528.570911) vcan_sim 055#811B4C4548382579 phase=flooding note=ATTACK controlled flooding
(1780532528.573038) vcan_sim 4B0#E1D43A8BD146E952 phase=flooding note=ATTACK controlled flooding
(1780532528.575160) vcan_sim 7F4#82C44DC3A5A3B4CF phase=flooding note=ATTACK controlled flooding
(1780532528.577264) vcan_sim 667#36F0B6ECD7DEEF94 phase=flooding note=ATTACK controlled flooding
(1780532528.579366) vcan_sim 590#B13DFD6D44ACDF70 phase=flooding note=ATTACK controlled flooding
(1780532528.581479) vcan_sim 427#FC98B4B3AEC6181C phase=flooding note=ATTACK controlled flooding
(1780532528.583603) vcan_sim 1AC#F6684193841C3C4D phase=flooding note=ATTACK controlled flooding
(1780532528.585712) vcan_sim 106#44F49C478E5B9273 phase=flooding note=ATTACK controlled flooding
(1780532528.587822) vcan_sim 65C#9C2F4BE2B38E8611 phase=flooding note=ATTACK controlled flooding
(1780532528.589945) vcan_sim 6A8#9F2E4112FA9EF3A2 phase=flooding note=ATTACK controlled flooding
(1780532528.592053) vcan_sim 132#EDB87FCFA9652D88 phase=flooding note=ATTACK controlled flooding
(1780532528.594189) vcan_sim 54D#43D582FFC273EB20 phase=flooding note=ATTACK controlled flooding
(1780532528.596292) vcan_sim 69F#911940A656AA5002 phase=flooding note=ATTACK controlled flooding
(1780532528.598406) vcan_sim 683#E130504EB409EEFB phase=flooding note=ATTACK controlled flooding
(1780532528.600528) vcan_sim 6CB#46063E2058DA7E8D phase=flooding note=ATTACK controlled flooding
(1780532528.602732) vcan_sim 209#1542B17A32849F4C phase=flooding note=ATTACK controlled flooding
(1780532528.604861) vcan_sim 11C#3BDB3D5E88F893FC phase=flooding note=ATTACK controlled flooding
(1780532528.606966) vcan_sim 631#EA573060444D1F47 phase=flooding note=ATTACK controlled flooding
(1780532528.609101) vcan_sim 580#EA95CA05B31A81C3 phase=flooding note=ATTACK controlled flooding
(1780532528.611219) vcan_sim 0B2#E1C7C764652FED2F phase=flooding note=ATTACK controlled flooding
(1780532528.613337) vcan_sim 212#DCD40A6D696C86BC phase=flooding note=ATTACK controlled flooding
(1780532528.615466) vcan_sim 101#3E72F418D528BD81 phase=flooding note=ATTACK controlled flooding
(1780532528.617557) vcan_sim 0E8#388CF0D7AD6C8CE2 phase=flooding note=ATTACK controlled flooding
(1780532528.619678) vcan_sim 4A1#F66C6DF7791840E1 phase=flooding note=ATTACK controlled flooding
(1780532528.621794) vcan_sim 0D1#0E6CF0228729C56C phase=flooding note=ATTACK controlled flooding
(1780532528.623912) vcan_sim 5A5#FB496E42E38B9CC5 phase=flooding note=ATTACK controlled flooding
(1780532528.626035) vcan_sim 7A7#024A0F53137467E5 phase=flooding note=ATTACK controlled flooding
(1780532528.628171) vcan_sim 18F#225007AF6500E956 phase=flooding note=ATTACK controlled flooding
(1780532528.630301) vcan_sim 113#6D7CA29B5B2E7EB3 phase=flooding note=ATTACK controlled flooding
(1780532528.632414) vcan_sim 4AB#FE1C5C0ECB78D7A5 phase=flooding note=ATTACK controlled flooding
(1780532528.634532) vcan_sim 443#2FBF2C632B3AAD13 phase=flooding note=ATTACK controlled flooding
(1780532528.636641) vcan_sim 0C7#10EFB1788ED31DA8 phase=flooding note=ATTACK controlled flooding
(1780532528.638754) vcan_sim 21E#569B500CA6218031 phase=flooding note=ATTACK controlled flooding
(1780532528.640875) vcan_sim 38A#1F51BC85F695B96C phase=flooding note=ATTACK controlled flooding
(1780532528.643078) vcan_sim 217#B3CD887002F5D3AE phase=flooding note=ATTACK controlled flooding
(1780532528.645206) vcan_sim 28B#934E36773473136E phase=flooding note=ATTACK controlled flooding
(1780532528.647323) vcan_sim 554#D57C995E7A9E8EFD phase=flooding note=ATTACK controlled flooding
(1780532528.649563) vcan_sim 271#AAAF2D5CB840FC7D phase=flooding note=ATTACK controlled flooding
(1780532528.651687) vcan_sim 2DC#69594F819C51AE5B phase=flooding note=ATTACK controlled flooding
(1780532528.653961) vcan_sim 764#DE3E64D9A6DC02CE phase=flooding note=ATTACK controlled flooding
(1780532528.656185) vcan_sim 486#77F544E269D977C1 phase=flooding note=ATTACK controlled flooding
(1780532528.658331) vcan_sim 3B3#D10333EC04D608E6 phase=flooding note=ATTACK controlled flooding
(1780532528.660461) vcan_sim 4AE#79569E784555E237 phase=flooding note=ATTACK controlled flooding
(1780532528.662636) vcan_sim 758#7B5BEE597A3F8018 phase=flooding note=ATTACK controlled flooding
(1780532528.664779) vcan_sim 591#D89FC3999A91B6BD phase=flooding note=ATTACK controlled flooding
(1780532528.666910) vcan_sim 5EB#76408F97A6E80537 phase=flooding note=ATTACK controlled flooding
(1780532528.669049) vcan_sim 572#3EF8A1390FB66196 phase=flooding note=ATTACK controlled flooding
(1780532528.671183) vcan_sim 557#F6A185BC1759CB10 phase=flooding note=ATTACK controlled flooding
(1780532528.673316) vcan_sim 6E2#3E02220C1393F8AC phase=flooding note=ATTACK controlled flooding
(1780532528.675439) vcan_sim 32F#8EBC6F729903C2C4 phase=flooding note=ATTACK controlled flooding
(1780532528.677566) vcan_sim 32D#524926820551484B phase=flooding note=ATTACK controlled flooding
(1780532528.679706) vcan_sim 1F3#C1AEE6CA45370EDA phase=flooding note=ATTACK controlled flooding
(1780532528.681946) vcan_sim 760#5E54773DB01528DA phase=flooding note=ATTACK controlled flooding
(1780532528.684080) vcan_sim 57F#42C619689D81CE08 phase=flooding note=ATTACK controlled flooding
(1780532528.686210) vcan_sim 6A4#947FDF1946967423 phase=flooding note=ATTACK controlled flooding
(1780532528.688361) vcan_sim 334#F031AF487D0053FF phase=flooding note=ATTACK controlled flooding
(1780532528.690523) vcan_sim 664#CCCC37C68E4EA246 phase=flooding note=ATTACK controlled flooding
(1780532528.692649) vcan_sim 619#BFAC996C9B175895 phase=flooding note=ATTACK controlled flooding
(1780532528.694776) vcan_sim 2AD#C1A27A8BF9CF8325 phase=flooding note=ATTACK controlled flooding
(1780532528.696890) vcan_sim 470#23519381CB56986E phase=flooding note=ATTACK controlled flooding
(1780532528.699013) vcan_sim 4E9#C8953C2934EAA9DE phase=flooding note=ATTACK controlled flooding
(1780532528.701136) vcan_sim 395#B110A7FCD98AD5A5 phase=flooding note=ATTACK controlled flooding
(1780532528.703267) vcan_sim 4CB#F400B301C1CE0E02 phase=flooding note=ATTACK controlled flooding
(1780532528.705463) vcan_sim 1D8#935BF9084A18D8B7 phase=flooding note=ATTACK controlled flooding
(1780532528.707724) vcan_sim 48A#BC102824743B7723 phase=flooding note=ATTACK controlled flooding
(1780532528.709861) vcan_sim 6E0#52618A153CB8DDD6 phase=flooding note=ATTACK controlled flooding
(1780532528.712000) vcan_sim 335#3B7D8ADED4EFFCB8 phase=flooding note=ATTACK controlled flooding
(1780532528.714211) vcan_sim 69D#498A8454FFC90F11 phase=flooding note=ATTACK controlled flooding
(1780532528.716356) vcan_sim 696#6A53EBA13D194A90 phase=flooding note=ATTACK controlled flooding
(1780532528.718484) vcan_sim 665#4BBCAE04CBA8E1CA phase=flooding note=ATTACK controlled flooding
(1780532528.720634) vcan_sim 4C2#3681B7BFF331F63F phase=flooding note=ATTACK controlled flooding
(1780532528.722798) vcan_sim 349#4101323D1C54FEDE phase=flooding note=ATTACK controlled flooding
(1780532528.724926) vcan_sim 4C0#0CF5B4BAF302AEF0 phase=flooding note=ATTACK controlled flooding
(1780532528.727051) vcan_sim 724#146D5F530CBC3C3E phase=flooding note=ATTACK controlled flooding
(1780532528.729175) vcan_sim 558#5AFB06DA6DD6BEA7 phase=flooding note=ATTACK controlled flooding
(1780532528.731314) vcan_sim 198#B49CF01EE79A6469 phase=flooding note=ATTACK controlled flooding
(1780532528.733444) vcan_sim 26F#B6E0856E1ADFEA18 phase=flooding note=ATTACK controlled flooding
(1780532528.735587) vcan_sim 1B2#C7C16D0AD0E55EBE phase=flooding note=ATTACK controlled flooding
(1780532528.737738) vcan_sim 452#42B122FF804AA446 phase=flooding note=ATTACK controlled flooding
(1780532528.739879) vcan_sim 299#898CC9714BC8B4F7 phase=flooding note=ATTACK controlled flooding
(1780532528.742202) vcan_sim 3AB#8241E1FF419BC252 phase=flooding note=ATTACK controlled flooding
(1780532528.744446) vcan_sim 39E#E2D288DEFDFA9A88 phase=flooding note=ATTACK controlled flooding
(1780532528.746589) vcan_sim 01E#FAA051B828B9704A phase=flooding note=ATTACK controlled flooding
(1780532528.748739) vcan_sim 2AB#692DE4F260FD0566 phase=flooding note=ATTACK controlled flooding
(1780532528.750875) vcan_sim 65A#DCDCEE93067CEFD3 phase=flooding note=ATTACK controlled flooding
(1780532528.753016) vcan_sim 7D7#335FBF78E21BC872 phase=flooding note=ATTACK controlled flooding
(1780532528.755143) vcan_sim 054#1A2CC47555432243 phase=flooding note=ATTACK controlled flooding
(1780532528.757276) vcan_sim 24B#040259365300AEE0 phase=flooding note=ATTACK controlled flooding
(1780532528.759418) vcan_sim 228#3C57C7B520E33865 phase=flooding note=ATTACK controlled flooding
(1780532528.761556) vcan_sim 22A#83F036228C8EAE97 phase=flooding note=ATTACK controlled flooding
(1780532528.763687) vcan_sim 272#27663ACF80E82DD5 phase=flooding note=ATTACK controlled flooding
(1780532528.765813) vcan_sim 0B3#D589AB3380C40A88 phase=flooding note=ATTACK controlled flooding
(1780532528.767948) vcan_sim 072#DD6C3658E99A5D7D phase=flooding note=ATTACK controlled flooding
(1780532528.770087) vcan_sim 730#F93E0E6FD1984583 phase=flooding note=ATTACK controlled flooding
(1780532528.772213) vcan_sim 2BE#2F6B5EDAA5FB7E7D phase=flooding note=ATTACK controlled flooding
(1780532528.774399) vcan_sim 07B#067C47FC84F1D7BA phase=flooding note=ATTACK controlled flooding
(1780532528.776550) vcan_sim 3C9#CF8C52BDA6471C71 phase=flooding note=ATTACK controlled flooding
(1780532528.778676) vcan_sim 4A0#047E351F8687FC3C phase=flooding note=ATTACK controlled flooding
(1780532528.780802) vcan_sim 699#9E44955B0722D7DA phase=flooding note=ATTACK controlled flooding
(1780532528.782994) vcan_sim 298#D4A18FEAD664FBD9 phase=flooding note=ATTACK controlled flooding
(1780532528.785122) vcan_sim 08A#4DF082F9A1D11214 phase=flooding note=ATTACK controlled flooding
(1780532528.787241) vcan_sim 10F#70E0B7C3E47F5DCE phase=flooding note=ATTACK controlled flooding
(1780532528.789427) vcan_sim 186#98D43A3F0BFC0FC7 phase=flooding note=ATTACK controlled flooding
(1780532528.791553) vcan_sim 276#4EC34182E80CBF3F phase=flooding note=ATTACK controlled flooding
(1780532528.793706) vcan_sim 2FF#63A56743A5C82532 phase=flooding note=ATTACK controlled flooding
(1780532528.795840) vcan_sim 489#3A7DAC7A1A1A3CE2 phase=flooding note=ATTACK controlled flooding
(1780532528.797989) vcan_sim 20F#C68233DAB6924A64 phase=flooding note=ATTACK controlled flooding
(1780532528.800134) vcan_sim 74E#5FA3D8C77055D00F phase=flooding note=ATTACK controlled flooding
(1780532528.802268) vcan_sim 136#AC6906E94B6A58E4 phase=flooding note=ATTACK controlled flooding
(1780532528.804407) vcan_sim 686#CB304D8D113E5340 phase=flooding note=ATTACK controlled flooding
(1780532528.806557) vcan_sim 00F#56034D794D9FAF32 phase=flooding note=ATTACK controlled flooding
(1780532528.808720) vcan_sim 712#DCFA8A834F435C5D phase=flooding note=ATTACK controlled flooding
(1780532528.810882) vcan_sim 651#CE680B09A01449D0 phase=flooding note=ATTACK controlled flooding
(1780532528.813047) vcan_sim 544#2417E85714896A97 phase=flooding note=ATTACK controlled flooding
(1780532528.815179) vcan_sim 749#6CE51D651DE38135 phase=flooding note=ATTACK controlled flooding
(1780532528.817308) vcan_sim 32D#4A32B142A49EA37E phase=flooding note=ATTACK controlled flooding
(1780532528.819534) vcan_sim 471#56921365925A4D52 phase=flooding note=ATTACK controlled flooding
(1780532528.821688) vcan_sim 698#3861B17BB99A115F phase=flooding note=ATTACK controlled flooding
(1780532528.823862) vcan_sim 31C#410DDD78B55A457A phase=flooding note=ATTACK controlled flooding
(1780532528.826026) vcan_sim 70E#6C53704754F2004A phase=flooding note=ATTACK controlled flooding
(1780532528.828185) vcan_sim 417#DC98DD6DD2494E57 phase=flooding note=ATTACK controlled flooding
(1780532528.830339) vcan_sim 5E5#71C734A5DDE09EA7 phase=flooding note=ATTACK controlled flooding
(1780532528.832542) vcan_sim 46E#2C03BE4277090B19 phase=flooding note=ATTACK controlled flooding
(1780532528.834697) vcan_sim 665#88AEF077B868AAC6 phase=flooding note=ATTACK controlled flooding
(1780532528.836852) vcan_sim 3F8#5F371040B2B15420 phase=flooding note=ATTACK controlled flooding
(1780532528.839006) vcan_sim 3D2#DE8A61B01F5B1172 phase=flooding note=ATTACK controlled flooding
(1780532528.841162) vcan_sim 429#57AD48FC81C6DC0D phase=flooding note=ATTACK controlled flooding
(1780532528.843316) vcan_sim 429#CE5F6264D75CAEA8 phase=flooding note=ATTACK controlled flooding
(1780532528.845590) vcan_sim 0FF#D583B9D0B7F72BDE phase=flooding note=ATTACK controlled flooding
(1780532528.847809) vcan_sim 582#FC7533AC3866150B phase=flooding note=ATTACK controlled flooding
(1780532528.849988) vcan_sim 76B#4011C68CDD6923DD phase=flooding note=ATTACK controlled flooding
(1780532528.852141) vcan_sim 2D1#F788905D1AB4AD44 phase=flooding note=ATTACK controlled flooding
(1780532528.854277) vcan_sim 4AB#89405B5DBA487CDE phase=flooding note=ATTACK controlled flooding
(1780532528.856421) vcan_sim 4F5#6B1898D21EA309C0 phase=flooding note=ATTACK controlled flooding
(1780532528.858564) vcan_sim 334#FADAF9D7C8E35CF7 phase=flooding note=ATTACK controlled flooding
(1780532528.860762) vcan_sim 5FA#022ABE4D00ECC37C phase=flooding note=ATTACK controlled flooding
(1780532528.862923) vcan_sim 1F1#6EC181D14023B1BB phase=flooding note=ATTACK controlled flooding
(1780532528.865088) vcan_sim 21E#17AA93CE72C7642C phase=flooding note=ATTACK controlled flooding
(1780532528.867255) vcan_sim 3F4#F16E8B50AA71EE49 phase=flooding note=ATTACK controlled flooding
(1780532528.869430) vcan_sim 10F#95FED825720C690F phase=flooding note=ATTACK controlled flooding
(1780532528.871585) vcan_sim 604#1912AA9DAFA320D5 phase=flooding note=ATTACK controlled flooding
(1780532528.873716) vcan_sim 208#88FD1FECB1FD2789 phase=flooding note=ATTACK controlled flooding
(1780532528.876280) vcan_sim 3FA#187BCAC220AA4E02 phase=flooding note=ATTACK controlled flooding
(1780532528.878593) vcan_sim 349#22901C454B51B028 phase=flooding note=ATTACK controlled flooding
(1780532528.880817) vcan_sim 1D8#A9D686234675C2DD phase=flooding note=ATTACK controlled flooding
(1780532528.883042) vcan_sim 25A#134C9A74B039DD6E phase=flooding note=ATTACK controlled flooding
(1780532528.885228) vcan_sim 62C#7040DC239452CCA3 phase=flooding note=ATTACK controlled flooding
(1780532528.887425) vcan_sim 5BF#57D02633960E81E4 phase=flooding note=ATTACK controlled flooding
(1780532528.889602) vcan_sim 44B#5AD853F96E81DF7F phase=flooding note=ATTACK controlled flooding
(1780532528.891764) vcan_sim 3C0#652D1E2C48F6E87B phase=flooding note=ATTACK controlled flooding
(1780532528.893906) vcan_sim 77A#BC539977B7C0A4E1 phase=flooding note=ATTACK controlled flooding
(1780532528.896082) vcan_sim 1A4#DA25541B76E3E00D phase=flooding note=ATTACK controlled flooding
(1780532528.898238) vcan_sim 248#5B2053705B084AF4 phase=flooding note=ATTACK controlled flooding
(1780532528.900414) vcan_sim 10B#5D4079161DEA418B phase=flooding note=ATTACK controlled flooding
(1780532528.902571) vcan_sim 30C#9305B877FCBFAF23 phase=flooding note=ATTACK controlled flooding
(1780532528.904720) vcan_sim 42F#FCC8930C12D9AD9A phase=flooding note=ATTACK controlled flooding
(1780532528.906870) vcan_sim 6B8#C559868ED218D8AF phase=flooding note=ATTACK controlled flooding
(1780532528.909002) vcan_sim 134#E87A4F894A4E5F1D phase=flooding note=ATTACK controlled flooding
(1780532528.911224) vcan_sim 5BE#F6195F008B44C1A3 phase=flooding note=ATTACK controlled flooding
(1780532528.913419) vcan_sim 2E7#F72193341B26D329 phase=flooding note=ATTACK controlled flooding
(1780532528.915564) vcan_sim 6E8#728A743D058FF4D0 phase=flooding note=ATTACK controlled flooding
(1780532528.917695) vcan_sim 20F#08403EA253C1AEF7 phase=flooding note=ATTACK controlled flooding
(1780532528.919853) vcan_sim 6DF#3A099E76AD023E0C phase=flooding note=ATTACK controlled flooding
(1780532528.921994) vcan_sim 40C#545745EAAFB55160 phase=flooding note=ATTACK controlled flooding
(1780532528.924567) vcan_sim 642#8B8F8AD245D07F67 phase=flooding note=ATTACK controlled flooding
(1780532528.926835) vcan_sim 6DB#3851DAA101A0A19C phase=flooding note=ATTACK controlled flooding
(1780532528.929339) vcan_sim 4E1#9EF456485590A9BB phase=flooding note=ATTACK controlled flooding
(1780532528.931573) vcan_sim 2F7#17ADC98B19CF04B2 phase=flooding note=ATTACK controlled flooding
(1780532528.933734) vcan_sim 5BD#F5C6D7C2C9E2B0B0 phase=flooding note=ATTACK controlled flooding
(1780532528.935939) vcan_sim 292#2031601CD8D314B3 phase=flooding note=ATTACK controlled flooding
(1780532528.938118) vcan_sim 469#215EA53C6977C642 phase=flooding note=ATTACK controlled flooding
(1780532528.940296) vcan_sim 5B4#5ECC021F0E3925CB phase=flooding note=ATTACK controlled flooding
(1780532528.942453) vcan_sim 134#8A403E5C20BBBED4 phase=flooding note=ATTACK controlled flooding
(1780532528.944616) vcan_sim 4F4#020FABDF8E16B15B phase=flooding note=ATTACK controlled flooding
(1780532528.946754) vcan_sim 339#765AF234EC310BE8 phase=flooding note=ATTACK controlled flooding
(1780532528.948884) vcan_sim 71D#71C28204768406A3 phase=flooding note=ATTACK controlled flooding
(1780532528.951048) vcan_sim 738#D8FAA7B16277B296 phase=flooding note=ATTACK controlled flooding
(1780532528.953203) vcan_sim 3BD#C4C74A77157D7BFF phase=flooding note=ATTACK controlled flooding
(1780532528.955389) vcan_sim 617#2126A3D234B36CCB phase=flooding note=ATTACK controlled flooding
(1780532528.957557) vcan_sim 2FE#6E474DA3C3F2B683 phase=flooding note=ATTACK controlled flooding
(1780532528.959735) vcan_sim 52A#23DD917DDAADE212 phase=flooding note=ATTACK controlled flooding
(1780532528.961894) vcan_sim 1FC#053E8F3217CCDF37 phase=flooding note=ATTACK controlled flooding
(1780532528.964042) vcan_sim 776#730CEF29E0A02510 phase=flooding note=ATTACK controlled flooding
(1780532528.966279) vcan_sim 059#9980601D0A8A8ACC phase=flooding note=ATTACK controlled flooding
(1780532528.968434) vcan_sim 366#047C23CAACD60CA1 phase=flooding note=ATTACK controlled flooding
(1780532528.970670) vcan_sim 660#8DD2740457387D53 phase=flooding note=ATTACK controlled flooding
(1780532528.972821) vcan_sim 47C#EA0A82C8C2F0132A phase=flooding note=ATTACK controlled flooding
(1780532528.974962) vcan_sim 5DD#FE011F4E49BCCC00 phase=flooding note=ATTACK controlled flooding
(1780532528.977116) vcan_sim 76E#03CDE7A5BFE73447 phase=flooding note=ATTACK controlled flooding
(1780532528.979298) vcan_sim 726#59AD2B0991C738B8 phase=flooding note=ATTACK controlled flooding
(1780532528.981483) vcan_sim 5F5#1062499A36079B31 phase=flooding note=ATTACK controlled flooding
(1780532528.983690) vcan_sim 6E7#A31A3E5998DC58BB phase=flooding note=ATTACK controlled flooding
(1780532528.985854) vcan_sim 2CF#E0BDC758B971D5EC phase=flooding note=ATTACK controlled flooding
(1780532528.987999) vcan_sim 169#B2A6B67212A747F4 phase=flooding note=ATTACK controlled flooding
(1780532528.990141) vcan_sim 36A#95F5C6DC2BF0BAA1 phase=flooding note=ATTACK controlled flooding
(1780532528.992287) vcan_sim 133#A168D9241EFA7D29 phase=flooding note=ATTACK controlled flooding
(1780532528.994427) vcan_sim 3D4#E6E0581A9560864A phase=flooding note=ATTACK controlled flooding
(1780532528.996562) vcan_sim 0DD#157B281F07126241 phase=flooding note=ATTACK controlled flooding
(1780532528.998688) vcan_sim 16F#DFC222D15C92D20E phase=flooding note=ATTACK controlled flooding
(1780532529.000815) vcan_sim 294#5909DB1265E5E3C0 phase=flooding note=ATTACK controlled flooding
(1780532529.002976) vcan_sim 1BF#C6FB9F72029AD087 phase=flooding note=ATTACK controlled flooding
(1780532529.005105) vcan_sim 6F3#90A7EA58FD8E25DF phase=flooding note=ATTACK controlled flooding
(1780532529.007244) vcan_sim 790#7ECB7D76BB3E2BB5 phase=flooding note=ATTACK controlled flooding
(1780532529.009389) vcan_sim 555#0C26810649287577 phase=flooding note=ATTACK controlled flooding
(1780532529.011550) vcan_sim 30F#E5E29C10D20CC201 phase=flooding note=ATTACK controlled flooding
(1780532529.013689) vcan_sim 22A#49E3F370DFD8C425 phase=flooding note=ATTACK controlled flooding
(1780532529.015822) vcan_sim 402#8DE56F224A03D861 phase=flooding note=ATTACK controlled flooding
(1780532529.017958) vcan_sim 0B0#9C1BB6EF50485026 phase=flooding note=ATTACK controlled flooding
(1780532529.020097) vcan_sim 2A6#9D7E19D0E9CDFE38 phase=flooding note=ATTACK controlled flooding
(1780532529.022253) vcan_sim 76D#0400D12A1653C1C9 phase=flooding note=ATTACK controlled flooding
(1780532529.024409) vcan_sim 501#CA3DFC681B2179C6 phase=flooding note=ATTACK controlled flooding
(1780532529.026559) vcan_sim 299#1A4342A045A924E3 phase=flooding note=ATTACK controlled flooding
(1780532529.028699) vcan_sim 3D5#8C8900827469245E phase=flooding note=ATTACK controlled flooding
(1780532529.030834) vcan_sim 74A#ABF36E13ABDBE4EE phase=flooding note=ATTACK controlled flooding
(1780532529.032963) vcan_sim 526#BB15090D4E4D9540 phase=flooding note=ATTACK controlled flooding
(1780532529.035101) vcan_sim 2D6#12317E03A4B2E53E phase=flooding note=ATTACK controlled flooding
(1780532529.037244) vcan_sim 0F2#422BEEBCC4193617 phase=flooding note=ATTACK controlled flooding
(1780532529.039423) vcan_sim 280#AA96485EBCBFC1F5 phase=flooding note=ATTACK controlled flooding
(1780532529.041557) vcan_sim 17B#FDA0012A665A637E phase=flooding note=ATTACK controlled flooding
(1780532529.043674) vcan_sim 098#7960E5F7FC4B4E07 phase=flooding note=ATTACK controlled flooding
(1780532529.045796) vcan_sim 4A1#A5087CFA58FD9030 phase=flooding note=ATTACK controlled flooding
(1780532529.047925) vcan_sim 6C9#EDDE067DC029485A phase=flooding note=ATTACK controlled flooding
(1780532529.050064) vcan_sim 671#6945BDBDF9D60AD3 phase=flooding note=ATTACK controlled flooding
(1780532529.052212) vcan_sim 6D4#AB3B01341719E3F7 phase=flooding note=ATTACK controlled flooding
(1780532529.054342) vcan_sim 460#DB0B913692AA5DDB phase=flooding note=ATTACK controlled flooding
(1780532529.056552) vcan_sim 5BD#3991C2A0B22E6728 phase=flooding note=ATTACK controlled flooding
(1780532529.058680) vcan_sim 467#3CE04D2BEAC19D24 phase=flooding note=ATTACK controlled flooding
(1780532529.060818) vcan_sim 247#6FB8506F2830C689 phase=flooding note=ATTACK controlled flooding
(1780532529.062951) vcan_sim 142#75C01F22E2231C7C phase=flooding note=ATTACK controlled flooding
(1780532529.065080) vcan_sim 069#CA15A340F47CDA31 phase=flooding note=ATTACK controlled flooding
(1780532529.067213) vcan_sim 173#4B2ABE3E9D84607F phase=flooding note=ATTACK controlled flooding
(1780532529.069407) vcan_sim 180#E0763B8D02FEC374 phase=flooding note=ATTACK controlled flooding
(1780532529.071539) vcan_sim 154#55D4FF39AFFD6598 phase=flooding note=ATTACK controlled flooding
(1780532529.073666) vcan_sim 24E#4D1692675003BB25 phase=flooding note=ATTACK controlled flooding
(1780532529.075790) vcan_sim 496#9BA47AF8401C6373 phase=flooding note=ATTACK controlled flooding
(1780532529.077924) vcan_sim 6DA#55B1CD2EA36EF0B3 phase=flooding note=ATTACK controlled flooding
(1780532529.080086) vcan_sim 2C1#F6FFB7289616578C phase=flooding note=ATTACK controlled flooding
(1780532529.082234) vcan_sim 1EA#A5458D44EE73B58C phase=flooding note=ATTACK controlled flooding
(1780532529.084419) vcan_sim 385#BB4F322BB3DBEED6 phase=flooding note=ATTACK controlled flooding
(1780532529.086561) vcan_sim 0F8#9BAEC5E563E8115E phase=flooding note=ATTACK controlled flooding
(1780532529.088691) vcan_sim 685#91A8260292DDFBDE phase=flooding note=ATTACK controlled flooding
(1780532529.090822) vcan_sim 5F5#B231F11A4F31D8CC phase=flooding note=ATTACK controlled flooding
(1780532529.092959) vcan_sim 441#A08B4DC20129A2ED phase=flooding note=ATTACK controlled flooding
(1780532529.095101) vcan_sim 1A7#C1F57FFE36ED67CF phase=flooding note=ATTACK controlled flooding
(1780532529.097230) vcan_sim 466#4355DD729BCB71F8 phase=flooding note=ATTACK controlled flooding
(1780532529.099416) vcan_sim 6D7#B902C944410DD783 phase=flooding note=ATTACK controlled flooding
(1780532529.101550) vcan_sim 59A#481C34E307CCF9B4 phase=flooding note=ATTACK controlled flooding
(1780532529.103705) vcan_sim 207#BD09464158B0DB4C phase=flooding note=ATTACK controlled flooding
(1780532529.105840) vcan_sim 633#5AA6383ED9252E91 phase=flooding note=ATTACK controlled flooding
(1780532529.107987) vcan_sim 1BF#0B10D56EA900A8AD phase=flooding note=ATTACK controlled flooding
(1780532529.110138) vcan_sim 726#A66586ECF149B268 phase=flooding note=ATTACK controlled flooding
(1780532529.112261) vcan_sim 427#C1E40841D538CAD9 phase=flooding note=ATTACK controlled flooding
(1780532529.114465) vcan_sim 01C#34B260E048A3DD3C phase=flooding note=ATTACK controlled flooding
(1780532529.116648) vcan_sim 121#93EAA3488BECB350 phase=flooding note=ATTACK controlled flooding
(1780532529.118779) vcan_sim 114#8DB343B543F2AE85 phase=flooding note=ATTACK controlled flooding
(1780532529.120899) vcan_sim 0DA#09F47F78B4B0C41B phase=flooding note=ATTACK controlled flooding
(1780532529.123014) vcan_sim 03B#062EB027B1A257B8 phase=flooding note=ATTACK controlled flooding
(1780532529.125135) vcan_sim 6C1#FCE339E0CBBCF824 phase=flooding note=ATTACK controlled flooding
(1780532529.127265) vcan_sim 1F1#365A5C94306E0565 phase=flooding note=ATTACK controlled flooding
(1780532529.129403) vcan_sim 387#5260ECB9C66AEA0B phase=flooding note=ATTACK controlled flooding
(1780532529.131538) vcan_sim 18B#1BB07247D3E48D92 phase=flooding note=ATTACK controlled flooding
(1780532529.133676) vcan_sim 61C#B642E03EE3DE4C9D phase=flooding note=ATTACK controlled flooding
(1780532529.135809) vcan_sim 201#F462963AC55E1AE8 phase=flooding note=ATTACK controlled flooding
(1780532529.137954) vcan_sim 4B6#3CF01B1C26C3948A phase=flooding note=ATTACK controlled flooding
(1780532529.140100) vcan_sim 2EA#029A43DF19001FD7 phase=flooding note=ATTACK controlled flooding
(1780532529.142252) vcan_sim 763#785A65F9A9539FFA phase=flooding note=ATTACK controlled flooding
(1780532529.144409) vcan_sim 430#3F56777153ED5E95 phase=flooding note=ATTACK controlled flooding
(1780532529.146656) vcan_sim 429#F7D304F4AEB26C12 phase=flooding note=ATTACK controlled flooding
(1780532529.148807) vcan_sim 556#98919646735FA97F phase=flooding note=ATTACK controlled flooding
(1780532529.150950) vcan_sim 440#B705E881B2901D48 phase=flooding note=ATTACK controlled flooding
(1780532529.153080) vcan_sim 479#EF0DE60B3DC42C2F phase=flooding note=ATTACK controlled flooding
(1780532529.155213) vcan_sim 29E#E99015D233456C5D phase=flooding note=ATTACK controlled flooding
(1780532529.157344) vcan_sim 4D8#879F6F7ABA1867A1 phase=flooding note=ATTACK controlled flooding
(1780532529.159545) vcan_sim 7C1#EDF14B5A6260B613 phase=flooding note=ATTACK controlled flooding
(1780532529.161676) vcan_sim 1A7#F1BB19F1021DA0E8 phase=flooding note=ATTACK controlled flooding
(1780532529.163809) vcan_sim 601#7F128CFD28904607 phase=flooding note=ATTACK controlled flooding
(1780532529.165948) vcan_sim 006#9E405077AD378D3F phase=flooding note=ATTACK controlled flooding
(1780532529.168093) vcan_sim 36C#EADB95E02996F416 phase=flooding note=ATTACK controlled flooding
(1780532529.170248) vcan_sim 57B#D7C2917D8D7FA103 phase=flooding note=ATTACK controlled flooding
(1780532529.172437) vcan_sim 481#0AC3E7F02FE4D0A1 phase=flooding note=ATTACK controlled flooding
(1780532529.174572) vcan_sim 001#E3E6F135C06F1991 phase=flooding note=ATTACK controlled flooding
(1780532529.176692) vcan_sim 3D4#C6EBA4F422FD3C91 phase=flooding note=ATTACK controlled flooding
(1780532529.178825) vcan_sim 749#3D6DA1AD69AF2896 phase=flooding note=ATTACK controlled flooding
(1780532529.181012) vcan_sim 4C7#154E8A923B4B7E61 phase=flooding note=ATTACK controlled flooding
(1780532529.183160) vcan_sim 619#0CDEEC2A0171730D phase=flooding note=ATTACK controlled flooding
(1780532529.185289) vcan_sim 225#55F4AA0C5F088606 phase=flooding note=ATTACK controlled flooding
(1780532529.187416) vcan_sim 086#670AE93F695CC516 phase=flooding note=ATTACK controlled flooding
(1780532529.189551) vcan_sim 4B0#F9A2BE6E9CA8E8C2 phase=flooding note=ATTACK controlled flooding
(1780532529.191682) vcan_sim 514#8FA4C0076A4694C9 phase=flooding note=ATTACK controlled flooding
(1780532529.193815) vcan_sim 0AD#3FCF905A4B82D56E phase=flooding note=ATTACK controlled flooding
(1780532529.195950) vcan_sim 731#CC6FF3B8491443E5 phase=flooding note=ATTACK controlled flooding
(1780532529.198070) vcan_sim 097#4626F9C41E89FC3B phase=flooding note=ATTACK controlled flooding
(1780532529.200199) vcan_sim 3F5#1671B3C87CC7C22D phase=flooding note=ATTACK controlled flooding
(1780532529.202329) vcan_sim 6E9#E157A595CA80BF9F phase=flooding note=ATTACK controlled flooding
(1780532529.204530) vcan_sim 6A7#C6ECA329E2B2F5B9 phase=flooding note=ATTACK controlled flooding
(1780532529.206666) vcan_sim 51F#A043E105A6919645 phase=flooding note=ATTACK controlled flooding
(1780532529.208800) vcan_sim 2C9#E452701EC72BBBF7 phase=flooding note=ATTACK controlled flooding
(1780532529.210927) vcan_sim 327#900F763F5D617E3D phase=flooding note=ATTACK controlled flooding
(1780532529.213058) vcan_sim 4E1#50C502569A3C2AC1 phase=flooding note=ATTACK controlled flooding
(1780532529.215188) vcan_sim 4AC#CE74AB0336BDB6D0 phase=flooding note=ATTACK controlled flooding
(1780532529.217573) vcan_sim 072#9DEB2BDF55C0B4BA phase=flooding note=ATTACK controlled flooding
(1780532529.219796) vcan_sim 1B7#D599E05E3E6B4D29 phase=flooding note=ATTACK controlled flooding
(1780532529.221936) vcan_sim 068#CBD84B71E687D90A phase=flooding note=ATTACK controlled flooding
(1780532529.224073) vcan_sim 426#47F9BF02DEB0F27D phase=flooding note=ATTACK controlled flooding
(1780532529.226239) vcan_sim 183#015620B4F58337B3 phase=flooding note=ATTACK controlled flooding
(1780532529.228385) vcan_sim 220#53234B31A8007B55 phase=flooding note=ATTACK controlled flooding
(1780532529.230530) vcan_sim 19A#4667928A66D13FA9 phase=flooding note=ATTACK controlled flooding
(1780532529.232672) vcan_sim 56E#16CE7D2D39A2DE18 phase=flooding note=ATTACK controlled flooding
(1780532529.234817) vcan_sim 1EB#B16F0CD98A3776A1 phase=flooding note=ATTACK controlled flooding
(1780532529.236978) vcan_sim 3C1#7AC47F1FB47A186C phase=flooding note=ATTACK controlled flooding
(1780532529.239113) vcan_sim 799#58D01938A4D431F6 phase=flooding note=ATTACK controlled flooding
(1780532529.241241) vcan_sim 183#5ACDE0719B27AAAF phase=flooding note=ATTACK controlled flooding
(1780532529.243433) vcan_sim 7E9#FBD5F9A6C5B50C7D phase=flooding note=ATTACK controlled flooding
(1780532529.245687) vcan_sim 134#824F5D1E14115152 phase=flooding note=ATTACK controlled flooding
(1780532529.247878) vcan_sim 3A2#CCCECF179106E2CA phase=flooding note=ATTACK controlled flooding
(1780532529.250034) vcan_sim 583#F902A4D20119F316 phase=flooding note=ATTACK controlled flooding
(1780532529.252197) vcan_sim 66D#A9C7B87719CFB067 phase=flooding note=ATTACK controlled flooding
(1780532529.254344) vcan_sim 0C6#B7A2F7170AFD3A5C phase=flooding note=ATTACK controlled flooding
(1780532529.256543) vcan_sim 216#17FB8714CC767C0A phase=flooding note=ATTACK controlled flooding
(1780532529.258682) vcan_sim 50A#E6BD6445B1BDA676 phase=flooding note=ATTACK controlled flooding
(1780532529.260832) vcan_sim 0C4#D894DE6CD7049C2B phase=flooding note=ATTACK controlled flooding
(1780532529.262964) vcan_sim 7E2#09908CCE4E38F6F3 phase=flooding note=ATTACK controlled flooding
(1780532529.265094) vcan_sim 2A8#431CDC05EBA88EC9 phase=flooding note=ATTACK controlled flooding
(1780532529.267222) vcan_sim 27D#23842A02DA4F931D phase=flooding note=ATTACK controlled flooding
(1780532529.269393) vcan_sim 66F#AF19C0FF7EDBA679 phase=flooding note=ATTACK controlled flooding
(1780532529.271545) vcan_sim 586#0D43B7EC8F9EF681 phase=flooding note=ATTACK controlled flooding
(1780532529.273684) vcan_sim 535#661C27E07124E1F1 phase=flooding note=ATTACK controlled flooding
(1780532529.275817) vcan_sim 475#CC87305090EC7131 phase=flooding note=ATTACK controlled flooding
(1780532529.278107) vcan_sim 4F1#45867FFBB3DF71F4 phase=flooding note=ATTACK controlled flooding
(1780532529.280274) vcan_sim 74C#A37292A17E69C5E0 phase=flooding note=ATTACK controlled flooding
(1780532529.282423) vcan_sim 5B2#AF230C48FDA42B2F phase=flooding note=ATTACK controlled flooding
(1780532529.284560) vcan_sim 09B#3A9D03172FCD4F04 phase=flooding note=ATTACK controlled flooding
(1780532529.286711) vcan_sim 722#DCEAA5D2192D8F9C phase=flooding note=ATTACK controlled flooding
(1780532529.288845) vcan_sim 270#AD30F0D417770DA2 phase=flooding note=ATTACK controlled flooding
(1780532529.290980) vcan_sim 0ED#41B1900239754135 phase=flooding note=ATTACK controlled flooding
(1780532529.293111) vcan_sim 22E#5EFC316349C89E0E phase=flooding note=ATTACK controlled flooding
(1780532529.295242) vcan_sim 383#B82328CEA087DF95 phase=flooding note=ATTACK controlled flooding
(1780532529.297410) vcan_sim 3FA#87F36D9040DFD97B phase=flooding note=ATTACK controlled flooding
(1780532529.299547) vcan_sim 0FD#4A8A736CA9900F6D phase=flooding note=ATTACK controlled flooding
(1780532529.301677) vcan_sim 06C#1DEDD8D847A9F04B phase=flooding note=ATTACK controlled flooding
(1780532529.303821) vcan_sim 095#B163AE4CDA0FBFA0 phase=flooding note=ATTACK controlled flooding
(1780532529.305955) vcan_sim 1B8#4092DB154CFD732A phase=flooding note=ATTACK controlled flooding
(1780532529.308082) vcan_sim 3A1#84A492FC31057949 phase=flooding note=ATTACK controlled flooding
(1780532529.310231) vcan_sim 695#3A06562EE5959183 phase=flooding note=ATTACK controlled flooding
(1780532529.312385) vcan_sim 787#DABB4E0C2589E916 phase=flooding note=ATTACK controlled flooding
(1780532529.314577) vcan_sim 458#F4683C82D5725085 phase=flooding note=ATTACK controlled flooding
(1780532529.316803) vcan_sim 2B1#163252EDFC866096 phase=flooding note=ATTACK controlled flooding
(1780532529.318945) vcan_sim 592#F1F5C3781DD026E0 phase=flooding note=ATTACK controlled flooding
(1780532529.321080) vcan_sim 56E#67FAB4907365A354 phase=flooding note=ATTACK controlled flooding
(1780532529.323220) vcan_sim 085#1D09BBAD30ABFE3B phase=flooding note=ATTACK controlled flooding
(1780532529.325368) vcan_sim 6B7#5E9F440F280BBD98 phase=flooding note=ATTACK controlled flooding
(1780532529.327598) vcan_sim 25A#E9A3E13B77B75B87 phase=flooding note=ATTACK controlled flooding
(1780532529.329917) vcan_sim 07C#6349CBAB6AF532ED phase=flooding note=ATTACK controlled flooding
(1780532529.332076) vcan_sim 7FC#D1C25037EA6A69BD phase=flooding note=ATTACK controlled flooding
(1780532529.334198) vcan_sim 508#12EC7A3E99D073FD phase=flooding note=ATTACK controlled flooding
(1780532529.336323) vcan_sim 7E5#17AD37F49A271028 phase=flooding note=ATTACK controlled flooding
(1780532529.338451) vcan_sim 7D4#DC05566E2A396C7C phase=flooding note=ATTACK controlled flooding
(1780532529.340610) vcan_sim 038#AE3135AACB1AF7D5 phase=flooding note=ATTACK controlled flooding
(1780532529.342738) vcan_sim 1F4#065C967DCB530040 phase=flooding note=ATTACK controlled flooding
(1780532529.344863) vcan_sim 654#E4ABFD958BC07CE7 phase=flooding note=ATTACK controlled flooding
(1780532529.347004) vcan_sim 5DD#9D2B83F7BB62A2DA phase=flooding note=ATTACK controlled flooding
(1780532529.349148) vcan_sim 5BC#CB7DDDB97782A2FB phase=flooding note=ATTACK controlled flooding
(1780532529.351288) vcan_sim 56C#83E3BF9E94EC5DB3 phase=flooding note=ATTACK controlled flooding
(1780532529.353446) vcan_sim 7F9#A64149232E30A87D phase=flooding note=ATTACK controlled flooding
(1780532529.355575) vcan_sim 3A7#E01894766D210E9A phase=flooding note=ATTACK controlled flooding
(1780532529.357704) vcan_sim 2B8#C14FCB7717A227BF phase=flooding note=ATTACK controlled flooding
(1780532529.359833) vcan_sim 2FB#80D95B16D5826A27 phase=flooding note=ATTACK controlled flooding
(1780532529.361966) vcan_sim 5B5#5AD32E4A01C477AD phase=flooding note=ATTACK controlled flooding
(1780532529.364092) vcan_sim 451#9FA327F5BA6DD872 phase=flooding note=ATTACK controlled flooding
(1780532529.366222) vcan_sim 28F#9A1B85ECAA3650BC phase=flooding note=ATTACK controlled flooding
(1780532529.368364) vcan_sim 704#AAC71DD38D0CBF61 phase=flooding note=ATTACK controlled flooding
(1780532529.370531) vcan_sim 571#8783DBCAF936D93F phase=flooding note=ATTACK controlled flooding
(1780532529.372688) vcan_sim 0A0#A2C3430360EB5B34 phase=flooding note=ATTACK controlled flooding
(1780532529.374823) vcan_sim 63F#1F728ABA3A114244 phase=flooding note=ATTACK controlled flooding
(1780532529.376953) vcan_sim 215#BA7D8BC34F374DFA phase=flooding note=ATTACK controlled flooding
(1780532529.379078) vcan_sim 7A7#F3BB7836F3E4872F phase=flooding note=ATTACK controlled flooding
(1780532529.381217) vcan_sim 035#AB5BA145614634FD phase=flooding note=ATTACK controlled flooding
(1780532529.383336) vcan_sim 5E5#4E1C9132C16B8D9B phase=flooding note=ATTACK controlled flooding
(1780532529.385480) vcan_sim 3FE#D382CEF685268891 phase=flooding note=ATTACK controlled flooding
(1780532529.387626) vcan_sim 5F1#53EEC929F99FF034 phase=flooding note=ATTACK controlled flooding
(1780532529.389760) vcan_sim 6A5#ED7837C7224E31BF phase=flooding note=ATTACK controlled flooding
(1780532529.391885) vcan_sim 6DE#642F1502E67F58A8 phase=flooding note=ATTACK controlled flooding
(1780532529.394010) vcan_sim 65A#26A3191C8A8C19C9 phase=flooding note=ATTACK controlled flooding
(1780532529.396140) vcan_sim 1C4#E9022E03D423E47A phase=flooding note=ATTACK controlled flooding
(1780532529.398265) vcan_sim 799#BEB4D60FE233C9ED phase=flooding note=ATTACK controlled flooding
(1780532529.400422) vcan_sim 511#7AABD3523FBACE76 phase=flooding note=ATTACK controlled flooding
(1780532529.402570) vcan_sim 111#1577FAEE09776A75 phase=flooding note=ATTACK controlled flooding
(1780532529.404725) vcan_sim 0CF#6D749AFD8D9A2CD1 phase=flooding note=ATTACK controlled flooding
(1780532529.406863) vcan_sim 67E#0E04BFC6EDB473B5 phase=flooding note=ATTACK controlled flooding
(1780532529.409001) vcan_sim 29C#F9D9E6A869BE64EF phase=flooding note=ATTACK controlled flooding
(1780532529.411129) vcan_sim 66E#6C746F7B7BC75CC8 phase=flooding note=ATTACK controlled flooding
(1780532529.413255) vcan_sim 2C0#391AAB5040BE04D6 phase=flooding note=ATTACK controlled flooding
(1780532529.415440) vcan_sim 246#167CCDAC04FFC98C phase=flooding note=ATTACK controlled flooding
(1780532529.417591) vcan_sim 7BD#927101FBF11A8BEA phase=flooding note=ATTACK controlled flooding
(1780532529.419724) vcan_sim 1EE#2943203C7E9C5E9A phase=flooding note=ATTACK controlled flooding
(1780532529.421880) vcan_sim 4FB#E2567235564BA43C phase=flooding note=ATTACK controlled flooding
(1780532529.424051) vcan_sim 6C7#5C09FB423702D443 phase=flooding note=ATTACK controlled flooding
(1780532529.426218) vcan_sim 121#E2AED594E74F463A phase=flooding note=ATTACK controlled flooding
(1780532529.428419) vcan_sim 799#EDE2124C7FC5ECE3 phase=flooding note=ATTACK controlled flooding
(1780532529.430582) vcan_sim 455#AB58890CF540365E phase=flooding note=ATTACK controlled flooding
(1780532529.432739) vcan_sim 786#CC4728BC36CE53C2 phase=flooding note=ATTACK controlled flooding
(1780532529.434890) vcan_sim 7C0#2D1144195BB67D0A phase=flooding note=ATTACK controlled flooding
(1780532529.437029) vcan_sim 77B#E4E2C5953B2173B3 phase=flooding note=ATTACK controlled flooding
(1780532529.439192) vcan_sim 408#C5BD10C6D92B3CBC phase=flooding note=ATTACK controlled flooding
(1780532529.441342) vcan_sim 01F#F7493315908D8A30 phase=flooding note=ATTACK controlled flooding
(1780532529.443539) vcan_sim 08E#441BA3DA5BC83A3E phase=flooding note=ATTACK controlled flooding
(1780532529.445701) vcan_sim 7CE#022244D31B3614FD phase=flooding note=ATTACK controlled flooding
(1780532529.447854) vcan_sim 559#F514C0DAB0521AC2 phase=flooding note=ATTACK controlled flooding
(1780532529.449990) vcan_sim 516#57F068F7812E49E0 phase=flooding note=ATTACK controlled flooding
(1780532529.452151) vcan_sim 0C6#6711E98914365AA2 phase=flooding note=ATTACK controlled flooding
(1780532529.454305) vcan_sim 19E#0D1A5D0CF39CFA23 phase=flooding note=ATTACK controlled flooding
(1780532529.456441) vcan_sim 5BF#41263B1E91495736 phase=flooding note=ATTACK controlled flooding
(1780532529.458583) vcan_sim 3B7#960B79E3A18522CD phase=flooding note=ATTACK controlled flooding
(1780532529.460728) vcan_sim 0E0#E7C78F0DEB4D9826 phase=flooding note=ATTACK controlled flooding
(1780532529.462878) vcan_sim 1CE#A97EAD533913C948 phase=flooding note=ATTACK controlled flooding
(1780532529.465034) vcan_sim 0A0#E6CF307DCBF84D4C phase=flooding note=ATTACK controlled flooding
(1780532529.467180) vcan_sim 73B#EDD1E304872DB537 phase=flooding note=ATTACK controlled flooding
(1780532529.469404) vcan_sim 13B#BBF92A175FDE0CF1 phase=flooding note=ATTACK controlled flooding
(1780532529.471562) vcan_sim 132#583356CB586DA722 phase=flooding note=ATTACK controlled flooding
(1780532529.473718) vcan_sim 0F1#377C9A168D9D972F phase=flooding note=ATTACK controlled flooding
(1780532529.475882) vcan_sim 0A5#B2346A93D017B96D phase=flooding note=ATTACK controlled flooding
(1780532529.478028) vcan_sim 728#79DF7837170D10F5 phase=flooding note=ATTACK controlled flooding
(1780532529.480182) vcan_sim 5AD#836930F48F703C7A phase=flooding note=ATTACK controlled flooding
(1780532529.482421) vcan_sim 3E4#D2743461329E97AF phase=flooding note=ATTACK controlled flooding
(1780532529.484575) vcan_sim 5A7#C8DBC949FC20B949 phase=flooding note=ATTACK controlled flooding
(1780532529.486722) vcan_sim 2FB#95F44F6771103654 phase=flooding note=ATTACK controlled flooding
(1780532529.488881) vcan_sim 44F#5E4C087B79DFDD02 phase=flooding note=ATTACK controlled flooding
(1780532529.491049) vcan_sim 346#D54ACD4EC6864381 phase=flooding note=ATTACK controlled flooding
(1780532529.493225) vcan_sim 38F#B8F60D7E72269C92 phase=flooding note=ATTACK controlled flooding
(1780532529.495445) vcan_sim 727#E1198FCD3B304C3E phase=flooding note=ATTACK controlled flooding
(1780532529.497766) vcan_sim 763#09157049B98A441E phase=flooding note=ATTACK controlled flooding
(1780532529.499897) vcan_sim 3BC#EC084B4955EDF936 phase=flooding note=ATTACK controlled flooding
(1780532529.502033) vcan_sim 610#02CD440F935B60CD phase=flooding note=ATTACK controlled flooding
(1780532529.504170) vcan_sim 3CC#6C54E227A3940501 phase=flooding note=ATTACK controlled flooding
(1780532529.506320) vcan_sim 052#B2B550AD66D45815 phase=flooding note=ATTACK controlled flooding
(1780532529.508602) vcan_sim 6D0#6719AC89DB69E5D2 phase=flooding note=ATTACK controlled flooding
(1780532529.510747) vcan_sim 312#4B468106B5398382 phase=flooding note=ATTACK controlled flooding
(1780532529.512879) vcan_sim 52E#13689F8BE4FD4542 phase=flooding note=ATTACK controlled flooding
(1780532529.515012) vcan_sim 2B9#DA41DB748BB46C93 phase=flooding note=ATTACK controlled flooding
(1780532529.517218) vcan_sim 1F2#3B50777431E30D74 phase=flooding note=ATTACK controlled flooding
(1780532529.519433) vcan_sim 69B#ACA4966326EB17C7 phase=flooding note=ATTACK controlled flooding
(1780532529.521575) vcan_sim 338#9DD76A4BDF1F1A03 phase=flooding note=ATTACK controlled flooding
(1780532529.523707) vcan_sim 636#DB74A44535FF20F6 phase=flooding note=ATTACK controlled flooding
(1780532529.525846) vcan_sim 303#7122B3119AD19202 phase=flooding note=ATTACK controlled flooding
(1780532529.528005) vcan_sim 651#3FD1B36456BF607B phase=flooding note=ATTACK controlled flooding
(1780532529.530155) vcan_sim 45B#CBD68C57538912C6 phase=flooding note=ATTACK controlled flooding
(1780532529.532430) vcan_sim 678#27BBD20898F5D831 phase=flooding note=ATTACK controlled flooding
(1780532529.534645) vcan_sim 547#8AA8E8416224A580 phase=flooding note=ATTACK controlled flooding
(1780532529.536795) vcan_sim 3A1#7BAB8CEF3B402FF6 phase=flooding note=ATTACK controlled flooding
(1780532529.538940) vcan_sim 34F#E46787AB3CD2CAD1 phase=flooding note=ATTACK controlled flooding
(1780532529.541080) vcan_sim 180#A47EB06DFC2C3745 phase=flooding note=ATTACK controlled flooding
(1780532529.543216) vcan_sim 28B#0D5F5B76C0C41003 phase=flooding note=ATTACK controlled flooding
(1780532529.545357) vcan_sim 51D#3E741851A98C2EA7 phase=flooding note=ATTACK controlled flooding
(1780532529.547513) vcan_sim 4B3#3531FA7DD4A28DCC phase=flooding note=ATTACK controlled flooding
(1780532529.549658) vcan_sim 705#7E1EBAAC7CCA3EFB phase=flooding note=ATTACK controlled flooding
(1780532529.551795) vcan_sim 3E6#C5EBD1F03C2566EF phase=flooding note=ATTACK controlled flooding
(1780532529.553922) vcan_sim 7F0#310EEF33162B75F7 phase=flooding note=ATTACK controlled flooding
(1780532529.556053) vcan_sim 010#84118DB12CD3F993 phase=flooding note=ATTACK controlled flooding
(1780532529.558212) vcan_sim 09A#AD0343A3D6E85C35 phase=flooding note=ATTACK controlled flooding
(1780532529.560343) vcan_sim 6FC#5CB10CA8DE788EFE phase=flooding note=ATTACK controlled flooding
(1780532529.562472) vcan_sim 37E#D33583D62CED0B8E phase=flooding note=ATTACK controlled flooding
(1780532529.564589) vcan_sim 32E#D8806D8B30189397 phase=flooding note=ATTACK controlled flooding
(1780532529.566717) vcan_sim 283#1E97ADCFCC9B2EF8 phase=flooding note=ATTACK controlled flooding
(1780532529.568855) vcan_sim 4BF#E9CCBAC00B85AB0D phase=flooding note=ATTACK controlled flooding
(1780532529.570984) vcan_sim 0A7#8CFA4B166C88483D phase=flooding note=ATTACK controlled flooding
(1780532529.573102) vcan_sim 6A2#DEB8AE68F73109B6 phase=flooding note=ATTACK controlled flooding
(1780532529.575229) vcan_sim 00F#C54ED8F0E8692A31 phase=flooding note=ATTACK controlled flooding
(1780532529.577396) vcan_sim 6E4#40F99191B5C0C093 phase=flooding note=ATTACK controlled flooding
(1780532529.579544) vcan_sim 500#015EC9313D6780BE phase=flooding note=ATTACK controlled flooding
(1780532529.581704) vcan_sim 7B4#DDA6815739B3E5D0 phase=flooding note=ATTACK controlled flooding
(1780532529.583847) vcan_sim 6F6#FA9A30CE9C7B16A5 phase=flooding note=ATTACK controlled flooding
(1780532529.585979) vcan_sim 2D8#94CC5445C0EAEA02 phase=flooding note=ATTACK controlled flooding
(1780532529.588112) vcan_sim 61E#34559A9062B454EF phase=flooding note=ATTACK controlled flooding
(1780532529.590239) vcan_sim 128#ADE4A6F255228C90 phase=flooding note=ATTACK controlled flooding
(1780532529.592374) vcan_sim 223#9EEDE4C3B3BA6EA4 phase=flooding note=ATTACK controlled flooding
(1780532529.594555) vcan_sim 693#881DCCD30271C24B phase=flooding note=ATTACK controlled flooding
(1780532529.596676) vcan_sim 2DF#BDD4B66511B73537 phase=flooding note=ATTACK controlled flooding
(1780532529.598791) vcan_sim 6C7#E5344B2EE1413F32 phase=flooding note=ATTACK controlled flooding
(1780532529.600932) vcan_sim 59A#D1749F8B7227BE2F phase=flooding note=ATTACK controlled flooding
(1780532529.603074) vcan_sim 02E#4E09C28C7A6E1551 phase=flooding note=ATTACK controlled flooding
(1780532529.605221) vcan_sim 72A#BE0B3494471911F1 phase=flooding note=ATTACK controlled flooding
(1780532529.607394) vcan_sim 045#D4E7C94DA0EAE5CD phase=flooding note=ATTACK controlled flooding
(1780532529.609536) vcan_sim 151#15454D75D59825E2 phase=flooding note=ATTACK controlled flooding
(1780532529.611666) vcan_sim 545#695F830F909ACA5B phase=flooding note=ATTACK controlled flooding
(1780532529.613792) vcan_sim 1C1#4D1C38CC463D0C26 phase=flooding note=ATTACK controlled flooding
(1780532529.615912) vcan_sim 6EF#988F8F938A194A18 phase=flooding note=ATTACK controlled flooding
(1780532529.618076) vcan_sim 16C#FC5E5D8687F9EEC0 phase=flooding note=ATTACK controlled flooding
(1780532529.620209) vcan_sim 730#5636C6351DD907A6 phase=flooding note=ATTACK controlled flooding
(1780532529.622334) vcan_sim 202#9306D5CF737ADE8E phase=flooding note=ATTACK controlled flooding
(1780532529.624459) vcan_sim 11C#7061DD8CF95B80D9 phase=flooding note=ATTACK controlled flooding
(1780532529.626586) vcan_sim 25C#0A56E2F676A5A1E8 phase=flooding note=ATTACK controlled flooding
(1780532529.628718) vcan_sim 081#64D417B8999984A9 phase=flooding note=ATTACK controlled flooding
(1780532529.630858) vcan_sim 48F#8EC21247CAB3328A phase=flooding note=ATTACK controlled flooding
(1780532529.633004) vcan_sim 177#80E4E122E08E60F7 phase=flooding note=ATTACK controlled flooding
(1780532529.635130) vcan_sim 50C#F34EAB9929A18EED phase=flooding note=ATTACK controlled flooding
(1780532529.637255) vcan_sim 6E6#E523A26C7D5537C2 phase=flooding note=ATTACK controlled flooding
(1780532529.639415) vcan_sim 5F0#378C5E4190ADFA3A phase=flooding note=ATTACK controlled flooding
(1780532529.641536) vcan_sim 366#1156FA9792DF2DB7 phase=flooding note=ATTACK controlled flooding
(1780532529.643661) vcan_sim 2CB#2906B0746DA96F61 phase=flooding note=ATTACK controlled flooding
(1780532529.645788) vcan_sim 403#E582AA5808F2ED35 phase=flooding note=ATTACK controlled flooding
(1780532529.647927) vcan_sim 0F8#262EC4F557782D55 phase=flooding note=ATTACK controlled flooding
(1780532529.650070) vcan_sim 7D6#F19D631F8935BFDA phase=flooding note=ATTACK controlled flooding
(1780532529.652200) vcan_sim 4B5#031D72372C40901B phase=flooding note=ATTACK controlled flooding
(1780532529.654373) vcan_sim 521#4B6FA32B59CF3673 phase=flooding note=ATTACK controlled flooding
(1780532529.656535) vcan_sim 50E#FF0018CC463E51B7 phase=flooding note=ATTACK controlled flooding
(1780532529.658660) vcan_sim 0C5#2078306674B3C175 phase=flooding note=ATTACK controlled flooding
(1780532529.660789) vcan_sim 0FA#6465E65629F21154 phase=flooding note=ATTACK controlled flooding
(1780532529.662906) vcan_sim 344#D671D9D346038902 phase=flooding note=ATTACK controlled flooding
(1780532529.665025) vcan_sim 58B#428C9DECE0CE38A5 phase=flooding note=ATTACK controlled flooding
(1780532529.667166) vcan_sim 196#C1F37E3FC4786FCA phase=flooding note=ATTACK controlled flooding
(1780532529.669295) vcan_sim 1DF#284A2B0028456304 phase=flooding note=ATTACK controlled flooding
(1780532529.671423) vcan_sim 0D6#847BA78B77E0D405 phase=flooding note=ATTACK controlled flooding
(1780532529.673549) vcan_sim 2DF#FF88C214A0B6E066 phase=flooding note=ATTACK controlled flooding
(1780532529.675693) vcan_sim 3AA#FAA7980AE5386735 phase=flooding note=ATTACK controlled flooding
(1780532529.677859) vcan_sim 735#898FF5010DF3C508 phase=flooding note=ATTACK controlled flooding
(1780532529.679995) vcan_sim 4FC#3B5B7307D403687E phase=flooding note=ATTACK controlled flooding
(1780532529.682128) vcan_sim 4C2#06FBB98DAE5B4518 phase=flooding note=ATTACK controlled flooding
(1780532529.684257) vcan_sim 4A4#13732C3541E3B035 phase=flooding note=ATTACK controlled flooding
(1780532529.686419) vcan_sim 14B#3A9567CF973E6266 phase=flooding note=ATTACK controlled flooding
(1780532529.688694) vcan_sim 254#43BE9119C569B744 phase=flooding note=ATTACK controlled flooding
(1780532529.690828) vcan_sim 65F#519723BC02539377 phase=flooding note=ATTACK controlled flooding
(1780532529.692969) vcan_sim 032#DAACCE6CC6914BDB phase=flooding note=ATTACK controlled flooding
(1780532529.695120) vcan_sim 50D#50FCBD8BF414F044 phase=flooding note=ATTACK controlled flooding
(1780532529.697284) vcan_sim 3E7#63E4A4C18D1DC88D phase=flooding note=ATTACK controlled flooding
(1780532529.699421) vcan_sim 3BD#9FF9405A8C7DCBC0 phase=flooding note=ATTACK controlled flooding
(1780532529.701552) vcan_sim 610#36B2D0E5B3562C53 phase=flooding note=ATTACK controlled flooding
(1780532529.703688) vcan_sim 427#5E8692D5957A5D5F phase=flooding note=ATTACK controlled flooding
(1780532529.705812) vcan_sim 518#29E262F7472E4944 phase=flooding note=ATTACK controlled flooding
(1780532529.707943) vcan_sim 112#7258B869D696984B phase=flooding note=ATTACK controlled flooding
(1780532529.710082) vcan_sim 1A1#0AE4673D0A30E22F phase=flooding note=ATTACK controlled flooding
(1780532529.712231) vcan_sim 17C#89DF96F22592674A phase=flooding note=ATTACK controlled flooding
(1780532529.714393) vcan_sim 589#426B36E935232E75 phase=flooding note=ATTACK controlled flooding
(1780532529.716729) vcan_sim 438#3C91F5561AC33697 phase=flooding note=ATTACK controlled flooding
(1780532529.718862) vcan_sim 16C#CCB3D27EDAF556AC phase=flooding note=ATTACK controlled flooding
(1780532529.720991) vcan_sim 12F#ED9D6DE39B6F8514 phase=flooding note=ATTACK controlled flooding
(1780532529.723117) vcan_sim 060#9187E7EF2C2CEE0B phase=flooding note=ATTACK controlled flooding
(1780532529.725257) vcan_sim 49F#9A92606B591B5A5A phase=flooding note=ATTACK controlled flooding
(1780532529.727395) vcan_sim 4DF#4E7594BDD6B6CC83 phase=flooding note=ATTACK controlled flooding
(1780532529.729533) vcan_sim 182#586D6A6E970E67D1 phase=flooding note=ATTACK controlled flooding
(1780532529.731661) vcan_sim 070#C671443D119E3100 phase=flooding note=ATTACK controlled flooding
(1780532529.733782) vcan_sim 5F3#D9BE07BEDC79C246 phase=flooding note=ATTACK controlled flooding
(1780532529.735920) vcan_sim 564#92504CFA667E500F phase=flooding note=ATTACK controlled flooding
(1780532529.738047) vcan_sim 4A2#BE5C58EA4A6403B1 phase=flooding note=ATTACK controlled flooding
(1780532529.740203) vcan_sim 794#7A6B20A7A809678E phase=flooding note=ATTACK controlled flooding
(1780532529.742324) vcan_sim 3C2#013E448CBE1D5D52 phase=flooding note=ATTACK controlled flooding
(1780532529.744458) vcan_sim 60C#13C5C5005CA64614 phase=flooding note=ATTACK controlled flooding
(1780532529.746586) vcan_sim 593#D69A4663316D2BF3 phase=flooding note=ATTACK controlled flooding
(1780532529.748717) vcan_sim 69C#05B3260779F04620 phase=flooding note=ATTACK controlled flooding
(1780532529.750894) vcan_sim 1D7#157DB27075EB9750 phase=flooding note=ATTACK controlled flooding
(1780532529.753045) vcan_sim 1D4#0F00055046067343 phase=flooding note=ATTACK controlled flooding
(1780532529.755166) vcan_sim 538#9B590A5AE4124584 phase=flooding note=ATTACK controlled flooding
(1780532529.757303) vcan_sim 5C4#BA12F6D0309EDE50 phase=flooding note=ATTACK controlled flooding
(1780532529.759434) vcan_sim 79B#6B6035A36B29E4B3 phase=flooding note=ATTACK controlled flooding
(1780532529.761599) vcan_sim 585#1506DBEBC3A4249A phase=flooding note=ATTACK controlled flooding
(1780532529.763727) vcan_sim 620#7CA5C53FAD0DCFCD phase=flooding note=ATTACK controlled flooding
(1780532529.765853) vcan_sim 654#B4B47BD8657E9583 phase=flooding note=ATTACK controlled flooding
(1780532529.768015) vcan_sim 1A5#350403F8E5E56F7A phase=flooding note=ATTACK controlled flooding
(1780532529.770151) vcan_sim 511#87F1A2A5C587EDE3 phase=flooding note=ATTACK controlled flooding
(1780532529.772282) vcan_sim 1A6#C601F231E26D120C phase=flooding note=ATTACK controlled flooding
(1780532529.774415) vcan_sim 588#37A4D79CF73C5E4B phase=flooding note=ATTACK controlled flooding
(1780532529.776551) vcan_sim 4D8#EC573AE6902CA50C phase=flooding note=ATTACK controlled flooding
(1780532529.778681) vcan_sim 2DE#B4FC0C6D6C63D2A4 phase=flooding note=ATTACK controlled flooding
(1780532529.780816) vcan_sim 118#E39494CF667EEC58 phase=flooding note=ATTACK controlled flooding
(1780532529.782947) vcan_sim 1F9#5D3D4DBD73DC34D7 phase=flooding note=ATTACK controlled flooding
(1780532529.785092) vcan_sim 3E5#CF2AABC12D419C75 phase=flooding note=ATTACK controlled flooding
(1780532529.787225) vcan_sim 1CB#228D383DB318B0AF phase=flooding note=ATTACK controlled flooding
(1780532529.789364) vcan_sim 377#08629BE3ABA45833 phase=flooding note=ATTACK controlled flooding
(1780532529.791526) vcan_sim 764#B863311F938AF2DA phase=flooding note=ATTACK controlled flooding
(1780532529.793659) vcan_sim 290#02649352821DFCA9 phase=flooding note=ATTACK controlled flooding
(1780532529.795787) vcan_sim 6E2#0A6C39F5F3179171 phase=flooding note=ATTACK controlled flooding
(1780532529.797912) vcan_sim 30F#AC20AA5AC86B8BBA phase=flooding note=ATTACK controlled flooding
(1780532529.800038) vcan_sim 3AD#35A13B28E4B3D11E phase=flooding note=ATTACK controlled flooding
(1780532529.802170) vcan_sim 2DA#468273146FEF4048 phase=flooding note=ATTACK controlled flooding
(1780532529.804302) vcan_sim 18A#B445348293DA1405 phase=flooding note=ATTACK controlled flooding
(1780532529.806431) vcan_sim 7E9#87FCE4E92DCB3438 phase=flooding note=ATTACK controlled flooding
(1780532529.808633) vcan_sim 775#123609503DD38BAF phase=flooding note=ATTACK controlled flooding
(1780532529.810766) vcan_sim 467#D6BD40671BAFADA7 phase=flooding note=ATTACK controlled flooding
(1780532529.812891) vcan_sim 0C2#DCE144232EC0C769 phase=flooding note=ATTACK controlled flooding
(1780532529.815012) vcan_sim 30F#D595F0210017FF53 phase=flooding note=ATTACK controlled flooding
(1780532529.817156) vcan_sim 1A1#5C2769652CA3464A phase=flooding note=ATTACK controlled flooding
(1780532529.819283) vcan_sim 0BC#445676C6B087F4D5 phase=flooding note=ATTACK controlled flooding
(1780532529.821414) vcan_sim 17D#4BB32BF21D8EEBA2 phase=flooding note=ATTACK controlled flooding
(1780532529.823546) vcan_sim 0D8#32DE60D3D7581A5B phase=flooding note=ATTACK controlled flooding
(1780532529.825677) vcan_sim 6F4#745DC9DDE893415B phase=flooding note=ATTACK controlled flooding
(1780532529.827799) vcan_sim 390#10F2514C674A4AED phase=flooding note=ATTACK controlled flooding
(1780532529.829928) vcan_sim 086#995FC90BB518EFE3 phase=flooding note=ATTACK controlled flooding
(1780532529.832058) vcan_sim 5C1#FBB1BB6870B839AD phase=flooding note=ATTACK controlled flooding
(1780532529.834202) vcan_sim 477#E67AE076AAF70D80 phase=flooding note=ATTACK controlled flooding
(1780532529.836332) vcan_sim 0B8#02543A9BD4EC9D0C phase=flooding note=ATTACK controlled flooding
(1780532529.838528) vcan_sim 690#9288323716E12D37 phase=flooding note=ATTACK controlled flooding
(1780532529.840690) vcan_sim 6CC#ABE21D8A7DFCFBC1 phase=flooding note=ATTACK controlled flooding
(1780532529.842824) vcan_sim 1BC#BB960DBDE5748DC0 phase=flooding note=ATTACK controlled flooding
(1780532529.844948) vcan_sim 2A5#F5EDD3AC1FD0D332 phase=flooding note=ATTACK controlled flooding
(1780532529.847084) vcan_sim 7D1#18BE1CBE55EB68ED phase=flooding note=ATTACK controlled flooding
(1780532529.849203) vcan_sim 32C#62041A0967CF338E phase=flooding note=ATTACK controlled flooding
(1780532529.851330) vcan_sim 6A3#033CFEBAAEB6BAE4 phase=flooding note=ATTACK controlled flooding
(1780532529.853460) vcan_sim 33D#06F7BC37E971218E phase=flooding note=ATTACK controlled flooding
(1780532529.855601) vcan_sim 683#5094006A6A7D52DB phase=flooding note=ATTACK controlled flooding
(1780532529.857725) vcan_sim 4EE#82D3CD9591666EC5 phase=flooding note=ATTACK controlled flooding
(1780532529.859862) vcan_sim 35B#9DF22AAB7B8EDBDB phase=flooding note=ATTACK controlled flooding
(1780532529.861999) vcan_sim 6B0#CD713A0EC33AC981 phase=flooding note=ATTACK controlled flooding
(1780532529.864121) vcan_sim 5B4#A1597A9E7FE11F12 phase=flooding note=ATTACK controlled flooding
(1780532529.866241) vcan_sim 38F#0ABBEF9A2B210FE4 phase=flooding note=ATTACK controlled flooding
(1780532529.868433) vcan_sim 3A2#396A942F6C3ACED8 phase=flooding note=ATTACK controlled flooding
(1780532529.870554) vcan_sim 532#0AAC6A026F8BC961 phase=flooding note=ATTACK controlled flooding
(1780532529.872700) vcan_sim 16E#AD920478EE75D948 phase=flooding note=ATTACK controlled flooding
(1780532529.874853) vcan_sim 415#8EE1ABD499608528 phase=flooding note=ATTACK controlled flooding
(1780532529.877006) vcan_sim 797#AD8A7280A6BB12D5 phase=flooding note=ATTACK controlled flooding
(1780532529.879159) vcan_sim 75C#B8A32BA1B84A7B17 phase=flooding note=ATTACK controlled flooding
(1780532529.881311) vcan_sim 2B3#BFD06A2E12FDC35B phase=flooding note=ATTACK controlled flooding
(1780532529.883481) vcan_sim 78C#65D282D3878C897A phase=flooding note=ATTACK controlled flooding
(1780532529.885665) vcan_sim 784#CFF3A7FB7B4E89E5 phase=flooding note=ATTACK controlled flooding
(1780532529.887818) vcan_sim 6CD#584189628A2E39F3 phase=flooding note=ATTACK controlled flooding
(1780532529.889978) vcan_sim 063#2C83B76C06233D75 phase=flooding note=ATTACK controlled flooding
(1780532529.892120) vcan_sim 091#84E9D5F0C2119891 phase=flooding note=ATTACK controlled flooding
(1780532529.894246) vcan_sim 57B#08ACB0DA2A2FC8A9 phase=flooding note=ATTACK controlled flooding
(1780532529.896403) vcan_sim 19E#9E20E42389E560FA phase=flooding note=ATTACK controlled flooding
(1780532529.898546) vcan_sim 535#85F0AE439FFAFD37 phase=flooding note=ATTACK controlled flooding
(1780532529.900672) vcan_sim 7DC#6249890F38D9D2E0 phase=flooding note=ATTACK controlled flooding
(1780532529.902805) vcan_sim 294#361A1E7DEB014BBD phase=flooding note=ATTACK controlled flooding
(1780532529.904935) vcan_sim 2AF#03D97AC2971F8B02 phase=flooding note=ATTACK controlled flooding
(1780532529.907079) vcan_sim 504#D7AC7C7FAF0DC78C phase=flooding note=ATTACK controlled flooding
(1780532529.909200) vcan_sim 259#48C797A45AE9643B phase=flooding note=ATTACK controlled flooding
(1780532529.911333) vcan_sim 799#F086CF564ABA977C phase=flooding note=ATTACK controlled flooding
(1780532529.913482) vcan_sim 7B6#B60253505EE32D39 phase=flooding note=ATTACK controlled flooding
(1780532529.915724) vcan_sim 1C6#A79CA452BF65BEDA phase=flooding note=ATTACK controlled flooding
(1780532529.917856) vcan_sim 236#ED9467C3B8604FF3 phase=flooding note=ATTACK controlled flooding
(1780532529.920029) vcan_sim 15B#99513FBC48552042 phase=flooding note=ATTACK controlled flooding
(1780532529.922157) vcan_sim 029#0433C861363AFB69 phase=flooding note=ATTACK controlled flooding
(1780532529.924297) vcan_sim 22A#4EF9C0B00734A0C7 phase=flooding note=ATTACK controlled flooding
(1780532529.926440) vcan_sim 538#5D028FF57270C5DA phase=flooding note=ATTACK controlled flooding
(1780532529.928579) vcan_sim 776#B171104D8ED8F7E1 phase=flooding note=ATTACK controlled flooding
(1780532529.930710) vcan_sim 7A9#1C60C01AE7063723 phase=flooding note=ATTACK controlled flooding
(1780532529.932838) vcan_sim 43E#2C8E9962661599C5 phase=flooding note=ATTACK controlled flooding
(1780532529.934963) vcan_sim 469#C6A18AFF706BC7B0 phase=flooding note=ATTACK controlled flooding
(1780532529.937092) vcan_sim 756#17AD3556BA9F585F phase=flooding note=ATTACK controlled flooding
(1780532529.939231) vcan_sim 504#53F0E0A321FAA928 phase=flooding note=ATTACK controlled flooding
(1780532529.941370) vcan_sim 077#286441AD58B428B0 phase=flooding note=ATTACK controlled flooding
(1780532529.943511) vcan_sim 1DF#E519643DCCAC6B9B phase=flooding note=ATTACK controlled flooding
(1780532529.945650) vcan_sim 566#AF00CB54A8024E8D phase=flooding note=ATTACK controlled flooding
(1780532529.947788) vcan_sim 7F5#2530F70FE43AB3A9 phase=flooding note=ATTACK controlled flooding
(1780532529.949920) vcan_sim 29C#3DC823625EF8755A phase=flooding note=ATTACK controlled flooding
(1780532529.952043) vcan_sim 1CC#D4987B774A09EE9C phase=flooding note=ATTACK controlled flooding
(1780532529.954192) vcan_sim 388#5D07C3B7BFC7B422 phase=flooding note=ATTACK controlled flooding
(1780532529.956330) vcan_sim 161#9221B248C693D3C4 phase=flooding note=ATTACK controlled flooding
(1780532529.958464) vcan_sim 318#A46B459A1692F6FB phase=flooding note=ATTACK controlled flooding
(1780532529.960571) vcan_sim 316#CABA91C929AD82CA phase=flooding note=ATTACK controlled flooding
(1780532529.962703) vcan_sim 7D9#81381999C165FF38 phase=flooding note=ATTACK controlled flooding
(1780532529.964828) vcan_sim 529#014088A02F017A33 phase=flooding note=ATTACK controlled flooding
(1780532529.966949) vcan_sim 243#F4B6F75891661E7B phase=flooding note=ATTACK controlled flooding
(1780532529.969082) vcan_sim 565#198EDFBF575BB128 phase=flooding note=ATTACK controlled flooding
(1780532529.971306) vcan_sim 29E#F4145FD616D5DECB phase=flooding note=ATTACK controlled flooding
(1780532529.973472) vcan_sim 3FF#FEE904B446AE40C1 phase=flooding note=ATTACK controlled flooding
(1780532529.975611) vcan_sim 7CB#2E483833BBD58D7B phase=flooding note=ATTACK controlled flooding
(1780532529.977740) vcan_sim 151#B649B7AE12130EF8 phase=flooding note=ATTACK controlled flooding
(1780532529.979867) vcan_sim 314#937F13E2A4927299 phase=flooding note=ATTACK controlled flooding
(1780532529.981988) vcan_sim 58E#C27BBCDBA5C8D41A phase=flooding note=ATTACK controlled flooding
(1780532529.984129) vcan_sim 4AA#3CF554914062AA51 phase=flooding note=ATTACK controlled flooding
(1780532529.986266) vcan_sim 538#B22789C96E8B095B phase=flooding note=ATTACK controlled flooding
(1780532529.988403) vcan_sim 29D#D93C7D08EB4EB26A phase=flooding note=ATTACK controlled flooding
(1780532529.990535) vcan_sim 12A#3DBD4FDDDDFDAF4A phase=flooding note=ATTACK controlled flooding
(1780532529.992654) vcan_sim 2DE#138B9309DB4A28D6 phase=flooding note=ATTACK controlled flooding
(1780532529.994777) vcan_sim 0F5#E59AF747D933D6E0 phase=flooding note=ATTACK controlled flooding
(1780532529.996904) vcan_sim 12B#833EF9D26135B3F7 phase=flooding note=ATTACK controlled flooding
(1780532529.999013) vcan_sim 24C#862FB608E54522D8 phase=flooding note=ATTACK controlled flooding
(1780532530.001132) vcan_sim 6A1#7C3CC5EEFCA6BD41 phase=flooding note=ATTACK controlled flooding
(1780532530.003283) vcan_sim 5CA#3C28B75C52F6C876 phase=flooding note=ATTACK controlled flooding
(1780532530.005421) vcan_sim 635#0AF2339059DEB9B9 phase=flooding note=ATTACK controlled flooding
(1780532530.007550) vcan_sim 148#8C0BD9AE8A2D9E45 phase=flooding note=ATTACK controlled flooding
(1780532530.009683) vcan_sim 2C3#BD75AFFA038C1D75 phase=flooding note=ATTACK controlled flooding
(1780532530.011816) vcan_sim 2F9#8527C0BD44C24384 phase=flooding note=ATTACK controlled flooding
(1780532530.013959) vcan_sim 123#35CBDD3DA86AAB66 phase=flooding note=ATTACK controlled flooding
(1780532530.016094) vcan_sim 6B3#DF0792C99C950765 phase=flooding note=ATTACK controlled flooding
(1780532530.018221) vcan_sim 27F#C240854243BD9694 phase=flooding note=ATTACK controlled flooding
(1780532530.020358) vcan_sim 418#505B270F43A464CB phase=flooding note=ATTACK controlled flooding
(1780532530.022514) vcan_sim 483#25999C9EC2BC0D15 phase=flooding note=ATTACK controlled flooding
(1780532530.024690) vcan_sim 1DF#AFC630B539FF89FF phase=flooding note=ATTACK controlled flooding
(1780532530.026841) vcan_sim 1AA#F469B8FCD4011748 phase=flooding note=ATTACK controlled flooding
(1780532530.028982) vcan_sim 4FD#60FAAAF09FE70BDE phase=flooding note=ATTACK controlled flooding
(1780532530.031134) vcan_sim 77B#CF8EFEFDE7FAE9A8 phase=flooding note=ATTACK controlled flooding
(1780532530.033267) vcan_sim 5ED#C6EA6A42155F0CB2 phase=flooding note=ATTACK controlled flooding
(1780532530.035439) vcan_sim 654#6FE84ED2CDCCC234 phase=flooding note=ATTACK controlled flooding
(1780532530.037595) vcan_sim 794#CBFCC1D6F4E26037 phase=flooding note=ATTACK controlled flooding
(1780532530.039746) vcan_sim 29E#DFABA17E929B61C5 phase=flooding note=ATTACK controlled flooding
(1780532530.041896) vcan_sim 036#7C9D9D5A795DB768 phase=flooding note=ATTACK controlled flooding
(1780532530.044038) vcan_sim 196#89E928CE1BE96146 phase=flooding note=ATTACK controlled flooding
(1780532530.046207) vcan_sim 1C9#2471CF48C53A6ADA phase=flooding note=ATTACK controlled flooding
(1780532530.048425) vcan_sim 77F#D73A6930CEC92B30 phase=flooding note=ATTACK controlled flooding
(1780532530.050557) vcan_sim 530#56A9B2E0D99C94FE phase=flooding note=ATTACK controlled flooding
(1780532530.052710) vcan_sim 330#95AA08063A0D4D16 phase=flooding note=ATTACK controlled flooding
(1780532530.054861) vcan_sim 154#5D5C0EA5242F6DDC phase=flooding note=ATTACK controlled flooding
(1780532530.057014) vcan_sim 68B#3C791A9797B0739D phase=flooding note=ATTACK controlled flooding
(1780532530.059165) vcan_sim 691#CD72EA86EAB1DE1E phase=flooding note=ATTACK controlled flooding
(1780532530.061309) vcan_sim 21B#8341F3A207B3F14A phase=flooding note=ATTACK controlled flooding
(1780532530.063447) vcan_sim 0F8#79F9D2E1208821EA phase=flooding note=ATTACK controlled flooding
(1780532530.065586) vcan_sim 1F6#E7485A54EF725E9B phase=flooding note=ATTACK controlled flooding
(1780532530.067724) vcan_sim 384#D7F6EA15C8F8970A phase=flooding note=ATTACK controlled flooding
(1780532530.069853) vcan_sim 4B7#3E23F5544C3E56FB phase=flooding note=ATTACK controlled flooding
(1780532530.071985) vcan_sim 50D#0EA956641BB6B72D phase=flooding note=ATTACK controlled flooding
(1780532530.074122) vcan_sim 5E3#D3B420F73CDE17C5 phase=flooding note=ATTACK controlled flooding
(1780532530.076251) vcan_sim 326#BD6C8D79164ACA1C phase=flooding note=ATTACK controlled flooding
(1780532530.078419) vcan_sim 0A2#E8C427691D1A8028 phase=flooding note=ATTACK controlled flooding
(1780532530.080543) vcan_sim 04D#5337EA05A8E11E38 phase=flooding note=ATTACK controlled flooding
(1780532530.082673) vcan_sim 4BD#51C14AE0E11C423F phase=flooding note=ATTACK controlled flooding
(1780532530.084828) vcan_sim 3EE#CF7DF0A5F9638A17 phase=flooding note=ATTACK controlled flooding
(1780532530.086970) vcan_sim 0AB#19C069C0130284E4 phase=flooding note=ATTACK controlled flooding
(1780532530.089110) vcan_sim 787#3DC558B76F54A394 phase=flooding note=ATTACK controlled flooding
(1780532530.091234) vcan_sim 1DD#9CCEDD649A2AFA13 phase=flooding note=ATTACK controlled flooding
(1780532530.093398) vcan_sim 54B#B25BEE7112516B13 phase=flooding note=ATTACK controlled flooding
(1780532530.095524) vcan_sim 795#8023FF48C1E79C29 phase=flooding note=ATTACK controlled flooding
(1780532530.097653) vcan_sim 69A#A79AFE2CB1700CC4 phase=flooding note=ATTACK controlled flooding
(1780532530.099781) vcan_sim 0F9#134E0769FE340BFF phase=flooding note=ATTACK controlled flooding
(1780532530.101902) vcan_sim 51D#147B49A13986CF1B phase=flooding note=ATTACK controlled flooding
(1780532530.104045) vcan_sim 350#7EED72F653B193B0 phase=flooding note=ATTACK controlled flooding
(1780532530.106184) vcan_sim 07F#52F2536C4254C730 phase=flooding note=ATTACK controlled flooding
(1780532530.108329) vcan_sim 18F#7E02ADB4FB041ED6 phase=flooding note=ATTACK controlled flooding
(1780532530.110531) vcan_sim 378#B32E3681262FAEB6 phase=flooding note=ATTACK controlled flooding
(1780532530.112681) vcan_sim 41B#7CB6678F702D9B64 phase=flooding note=ATTACK controlled flooding
(1780532530.114930) vcan_sim 295#EBFFE01C0D53BA53 phase=flooding note=ATTACK controlled flooding
(1780532530.117234) vcan_sim 47B#D48F384690D3CA35 phase=flooding note=ATTACK controlled flooding
(1780532530.119543) vcan_sim 4E7#7A5952E3ED8FA75C phase=flooding note=ATTACK controlled flooding
(1780532530.121737) vcan_sim 6C6#F0705D7605A82815 phase=flooding note=ATTACK controlled flooding
(1780532530.123896) vcan_sim 58E#B38058DC7703C54F phase=flooding note=ATTACK controlled flooding
(1780532530.126047) vcan_sim 478#A60586243C801D4E phase=flooding note=ATTACK controlled flooding
(1780532530.128195) vcan_sim 290#2B297B877BE1002E phase=flooding note=ATTACK controlled flooding
(1780532530.130368) vcan_sim 082#4208FB8DABC145BE phase=flooding note=ATTACK controlled flooding
(1780532530.132558) vcan_sim 327#6E344FCD30D40456 phase=flooding note=ATTACK controlled flooding
(1780532530.134698) vcan_sim 2D8#DF2A44599F8D9550 phase=flooding note=ATTACK controlled flooding
(1780532530.136828) vcan_sim 293#B3C2E28CD9FC56FC phase=flooding note=ATTACK controlled flooding
(1780532530.138962) vcan_sim 4C9#BCF2A542F5A64614 phase=flooding note=ATTACK controlled flooding
(1780532530.141094) vcan_sim 2FA#DA4A03E85CCB6B31 phase=flooding note=ATTACK controlled flooding
(1780532530.143229) vcan_sim 106#542DD0BFDE0363F1 phase=flooding note=ATTACK controlled flooding
(1780532530.145387) vcan_sim 217#FB19B3608490A257 phase=flooding note=ATTACK controlled flooding
(1780532530.147535) vcan_sim 1D6#52950468226411D5 phase=flooding note=ATTACK controlled flooding
(1780532530.149671) vcan_sim 310#93F4D606554F7082 phase=flooding note=ATTACK controlled flooding
(1780532530.151824) vcan_sim 70C#52B694D0CC08401A phase=flooding note=ATTACK controlled flooding
(1780532530.153980) vcan_sim 3A6#ED01096CD37A51EF phase=flooding note=ATTACK controlled flooding
(1780532530.156121) vcan_sim 314#DFB76CA2B1A71CB1 phase=flooding note=ATTACK controlled flooding
(1780532530.158265) vcan_sim 27E#2AA5AE267A13A515 phase=flooding note=ATTACK controlled flooding
(1780532530.160418) vcan_sim 703#3F464271200444D4 phase=flooding note=ATTACK controlled flooding
(1780532530.162556) vcan_sim 52F#DA67784F0CD1AD97 phase=flooding note=ATTACK controlled flooding
(1780532530.164729) vcan_sim 242#A72B86D1D23A9484 phase=flooding note=ATTACK controlled flooding
(1780532530.166879) vcan_sim 51B#3B7EA8DB06514A1E phase=flooding note=ATTACK controlled flooding
(1780532530.169014) vcan_sim 0F9#C55D1583ADF7DB9E phase=flooding note=ATTACK controlled flooding
(1780532530.171151) vcan_sim 640#5A4CBE688C5B03BC phase=flooding note=ATTACK controlled flooding
(1780532530.173333) vcan_sim 531#81CC673C7F9F962D phase=flooding note=ATTACK controlled flooding
(1780532530.175480) vcan_sim 4FB#1C10DDA103E550B7 phase=flooding note=ATTACK controlled flooding
(1780532530.177641) vcan_sim 16D#A85DCA6A3932F5F1 phase=flooding note=ATTACK controlled flooding
(1780532530.179925) vcan_sim 5AA#93E386A9E00D9780 phase=flooding note=ATTACK controlled flooding
(1780532530.182128) vcan_sim 4B3#2F1FD04E76236259 phase=flooding note=ATTACK controlled flooding
(1780532530.184304) vcan_sim 40A#9C031FC76E421472 phase=flooding note=ATTACK controlled flooding
(1780532530.186445) vcan_sim 21E#B9915135F8258EDE phase=flooding note=ATTACK controlled flooding
(1780532530.188613) vcan_sim 462#1207E8E1BADA9736 phase=flooding note=ATTACK controlled flooding
(1780532530.190801) vcan_sim 277#9DE00FC0327A7A3D phase=flooding note=ATTACK controlled flooding
(1780532530.193079) vcan_sim 5EB#433153A69F98B269 phase=flooding note=ATTACK controlled flooding
(1780532530.195292) vcan_sim 0E9#210E6494944A6AF2 phase=flooding note=ATTACK controlled flooding
(1780532530.197511) vcan_sim 362#94DD57F4A8E63658 phase=flooding note=ATTACK controlled flooding
(1780532530.199694) vcan_sim 107#62DC6208D8B03701 phase=flooding note=ATTACK controlled flooding
(1780532530.201860) vcan_sim 500#3C1657E4833FB698 phase=flooding note=ATTACK controlled flooding
(1780532530.204032) vcan_sim 266#10EBB05DBCE5DCFC phase=flooding note=ATTACK controlled flooding
(1780532530.206189) vcan_sim 30C#BC72256E284ED548 phase=flooding note=ATTACK controlled flooding
(1780532530.208333) vcan_sim 7D7#03347343292396FD phase=flooding note=ATTACK controlled flooding
(1780532530.210520) vcan_sim 476#FD53E35843B81F05 phase=flooding note=ATTACK controlled flooding
(1780532530.212691) vcan_sim 346#2BD184284FDD52FF phase=flooding note=ATTACK controlled flooding
(1780532530.214852) vcan_sim 199#3319204DD32A327C phase=flooding note=ATTACK controlled flooding
(1780532530.216992) vcan_sim 0A0#A910966E72AC78D7 phase=flooding note=ATTACK controlled flooding
(1780532530.219131) vcan_sim 4C4#82FDB2CDC0AAEC42 phase=flooding note=ATTACK controlled flooding
(1780532530.221297) vcan_sim 00E#1C95807BA20FD489 phase=flooding note=ATTACK controlled flooding
(1780532530.223451) vcan_sim 6FB#4B29518C5BDCC505 phase=flooding note=ATTACK controlled flooding
(1780532530.225602) vcan_sim 0FE#1D881057BC6F264C phase=flooding note=ATTACK controlled flooding
(1780532530.227765) vcan_sim 1BD#B715B8A08F91AF9A phase=flooding note=ATTACK controlled flooding
(1780532530.229970) vcan_sim 383#D56C9D2B85F75C8C phase=flooding note=ATTACK controlled flooding
(1780532530.232116) vcan_sim 65B#E72C0BC14651599F phase=flooding note=ATTACK controlled flooding
(1780532530.234275) vcan_sim 0D6#F66216A667939B7D phase=flooding note=ATTACK controlled flooding
(1780532530.236420) vcan_sim 184#16D8635033FB891D phase=flooding note=ATTACK controlled flooding
(1780532530.238769) vcan_sim 0A7#0D99D21929C1CA35 phase=flooding note=ATTACK controlled flooding
(1780532530.240963) vcan_sim 4BA#4FE6A908F6C26913 phase=flooding note=ATTACK controlled flooding
(1780532530.243115) vcan_sim 259#022B2211A957B169 phase=flooding note=ATTACK controlled flooding
(1780532530.245262) vcan_sim 7C7#45C6E627C65A09F2 phase=flooding note=ATTACK controlled flooding
(1780532530.247412) vcan_sim 645#7BB7A2B96A0F77C4 phase=flooding note=ATTACK controlled flooding
(1780532530.249552) vcan_sim 327#F61B52A24CABBEE9 phase=flooding note=ATTACK controlled flooding
(1780532530.251690) vcan_sim 3FC#DBC49699B48D0426 phase=flooding note=ATTACK controlled flooding
(1780532530.253825) vcan_sim 617#C25DF9972ADF6B40 phase=flooding note=ATTACK controlled flooding
(1780532530.255963) vcan_sim 15B#9A049DF4B990B48F phase=flooding note=ATTACK controlled flooding
(1780532530.258111) vcan_sim 4B5#0C771313FAB3C241 phase=flooding note=ATTACK controlled flooding
(1780532530.260255) vcan_sim 602#CF7ED9CE1CBA6847 phase=flooding note=ATTACK controlled flooding
(1780532530.262407) vcan_sim 219#6361DEE8B65A357D phase=flooding note=ATTACK controlled flooding
(1780532530.264566) vcan_sim 692#B69097E67C4E9C44 phase=flooding note=ATTACK controlled flooding
(1780532530.266715) vcan_sim 2DA#5E600A36748C9882 phase=flooding note=ATTACK controlled flooding
(1780532530.268886) vcan_sim 695#6B5B11F0D534FF88 phase=flooding note=ATTACK controlled flooding
(1780532530.271027) vcan_sim 794#3214BC9CF4C3CAD0 phase=flooding note=ATTACK controlled flooding
(1780532530.273205) vcan_sim 06D#9A32BDDFD856729E phase=flooding note=ATTACK controlled flooding
(1780532530.275402) vcan_sim 1A5#B4F8001BE10ABB66 phase=flooding note=ATTACK controlled flooding
(1780532530.277605) vcan_sim 705#DBF1208DA9E2010A phase=flooding note=ATTACK controlled flooding
(1780532530.279764) vcan_sim 45F#2D44B5B07C93B5A0 phase=flooding note=ATTACK controlled flooding
(1780532530.281926) vcan_sim 252#E60C5C7B6319379A phase=flooding note=ATTACK controlled flooding
(1780532530.284077) vcan_sim 64E#FD5E22E202B6214F phase=flooding note=ATTACK controlled flooding
(1780532530.286232) vcan_sim 18B#D60FB704367CC33B phase=flooding note=ATTACK controlled flooding
(1780532530.288424) vcan_sim 79D#C02F6BD72BC9288B phase=flooding note=ATTACK controlled flooding
(1780532530.290622) vcan_sim 6A7#55212F2912B05E57 phase=flooding note=ATTACK controlled flooding
(1780532530.292767) vcan_sim 083#0561AF789BCEBDB5 phase=flooding note=ATTACK controlled flooding
(1780532530.294907) vcan_sim 41C#B23FAAD1D8517F5F phase=flooding note=ATTACK controlled flooding
(1780532530.297029) vcan_sim 187#58D71BF0406BE8D5 phase=flooding note=ATTACK controlled flooding
(1780532530.299190) vcan_sim 2CF#4B05120125A6991B phase=flooding note=ATTACK controlled flooding
(1780532530.301321) vcan_sim 7F1#0E1DFEE2BFA3942C phase=flooding note=ATTACK controlled flooding
(1780532530.303447) vcan_sim 239#B0E5FFE875D6FC4A phase=flooding note=ATTACK controlled flooding
(1780532530.305575) vcan_sim 557#9A4FBCC53590D273 phase=flooding note=ATTACK controlled flooding
(1780532530.307703) vcan_sim 698#7AD1E0462BBA82D3 phase=flooding note=ATTACK controlled flooding
(1780532530.309836) vcan_sim 084#C27D69E485C5D69D phase=flooding note=ATTACK controlled flooding
(1780532530.311966) vcan_sim 223#68047C55D223FE0D phase=flooding note=ATTACK controlled flooding
(1780532530.314094) vcan_sim 04B#1DA63DDD84B83435 phase=flooding note=ATTACK controlled flooding
(1780532530.316309) vcan_sim 67E#4A1936023F063FFC phase=flooding note=ATTACK controlled flooding
(1780532530.318462) vcan_sim 7AC#B97D9DDB23C638F3 phase=flooding note=ATTACK controlled flooding
(1780532530.320617) vcan_sim 19D#D0E1A588EEDFFD3A phase=flooding note=ATTACK controlled flooding
(1780532530.322757) vcan_sim 1EC#BD298E1532C3CD7E phase=flooding note=ATTACK controlled flooding
(1780532530.324895) vcan_sim 735#B43F1C5BF5F03682 phase=flooding note=ATTACK controlled flooding
(1780532530.327044) vcan_sim 100#2D0040061E564B00 phase=recovery note=normal_after_attack
(1780532530.327082) vcan_sim 188#00002D0000000000 phase=recovery note=display_speed_recovery
(1780532530.377457) vcan_sim 100#2D0040061E564B00 phase=recovery note=normal_after_attack
(1780532530.377569) vcan_sim 188#00002D0000000000 phase=recovery note=display_speed_recovery
(1780532530.427891) vcan_sim 100#2D0040061E564B00 phase=recovery note=normal_after_attack
(1780532530.427965) vcan_sim 188#00002D0000000000 phase=recovery note=display_speed_recovery
(1780532530.478290) vcan_sim 100#2D0040061E564B00 phase=recovery note=normal_after_attack
(1780532530.478372) vcan_sim 188#00002D0000000000 phase=recovery note=display_speed_recovery
(1780532530.528661) vcan_sim 100#2D0040061E564B00 phase=recovery note=normal_after_attack
(1780532530.528713) vcan_sim 188#00002D0000000000 phase=recovery note=display_speed_recovery
(1780532530.579026) vcan_sim 100#2D0040061E564B00 phase=recovery note=normal_after_attack
(1780532530.579092) vcan_sim 188#00002D0000000000 phase=recovery note=display_speed_recovery
(1780532530.629382) vcan_sim 100#2D0040061E564B00 phase=recovery note=normal_after_attack
(1780532530.629436) vcan_sim 188#00002D0000000000 phase=recovery note=display_speed_recovery
(1780532530.679690) vcan_sim 100#2D0040061E564B00 phase=recovery note=normal_after_attack
(1780532530.679758) vcan_sim 188#00002D0000000000 phase=recovery note=display_speed_recovery
(1780532530.730077) vcan_sim 100#2E0040061E564B00 phase=recovery note=normal_after_attack
(1780532530.730131) vcan_sim 188#00002E0000000000 phase=recovery note=display_speed_recovery
(1780532530.780427) vcan_sim 100#2E0040061E564B00 phase=recovery note=normal_after_attack
(1780532530.780483) vcan_sim 188#00002E0000000000 phase=recovery note=display_speed_recovery
(1780532530.831662) vcan_sim 100#2E0040061E564B00 phase=recovery note=normal_after_attack
(1780532530.831715) vcan_sim 188#00002E0000000000 phase=recovery note=display_speed_recovery
(1780532530.881959) vcan_sim 100#2E0040061E564B00 phase=recovery note=normal_after_attack
(1780532530.882012) vcan_sim 188#00002E0000000000 phase=recovery note=display_speed_recovery
(1780532530.932290) vcan_sim 100#2F0040061E564B00 phase=recovery note=normal_after_attack
(1780532530.932342) vcan_sim 188#00002F0000000000 phase=recovery note=display_speed_recovery
(1780532530.982646) vcan_sim 100#2F0040061E564B00 phase=recovery note=normal_after_attack
(1780532530.982701) vcan_sim 188#00002F0000000000 phase=recovery note=display_speed_recovery
(1780532531.033004) vcan_sim 100#2F0040061E564B00 phase=recovery note=normal_after_attack
(1780532531.033073) vcan_sim 188#00002F0000000000 phase=recovery note=display_speed_recovery
(1780532531.083385) vcan_sim 100#300040061E564B00 phase=recovery note=normal_after_attack
(1780532531.083445) vcan_sim 188#0000300000000000 phase=recovery note=display_speed_recovery
(1780532531.133829) vcan_sim 100#300040061E564B00 phase=recovery note=normal_after_attack
(1780532531.133891) vcan_sim 188#0000300000000000 phase=recovery note=display_speed_recovery
(1780532531.184206) vcan_sim 100#300040061E564B00 phase=recovery note=normal_after_attack
(1780532531.184289) vcan_sim 188#0000300000000000 phase=recovery note=display_speed_recovery
(1780532531.234643) vcan_sim 100#310040061E564B00 phase=recovery note=normal_after_attack
(1780532531.234717) vcan_sim 188#0000310000000000 phase=recovery note=display_speed_recovery
(1780532531.285037) vcan_sim 100#310040061E564B00 phase=recovery note=normal_after_attack
(1780532531.285123) vcan_sim 188#0000310000000000 phase=recovery note=display_speed_recovery
(1780532531.335441) vcan_sim 100#320040061E564B00 phase=recovery note=normal_after_attack
(1780532531.335649) vcan_sim 188#0000320000000000 phase=recovery note=display_speed_recovery
(1780532531.385944) vcan_sim 100#320040061E564B00 phase=recovery note=normal_after_attack
(1780532531.386030) vcan_sim 188#0000320000000000 phase=recovery note=display_speed_recovery
(1780532531.436330) vcan_sim 100#330040061E564B00 phase=recovery note=normal_after_attack
(1780532531.436428) vcan_sim 188#0000330000000000 phase=recovery note=display_speed_recovery
(1780532531.486758) vcan_sim 100#330040061E564B00 phase=recovery note=normal_after_attack
(1780532531.486835) vcan_sim 188#0000330000000000 phase=recovery note=display_speed_recovery
(1780532531.537079) vcan_sim 100#340040061E564B00 phase=recovery note=normal_after_attack
(1780532531.537135) vcan_sim 188#0000340000000000 phase=recovery note=display_speed_recovery
(1780532531.587478) vcan_sim 100#340040061E564B00 phase=recovery note=normal_after_attack
(1780532531.587600) vcan_sim 188#0000340000000000 phase=recovery note=display_speed_recovery
(1780532531.637902) vcan_sim 100#340040061E564B00 phase=recovery note=normal_after_attack
(1780532531.637958) vcan_sim 188#0000340000000000 phase=recovery note=display_speed_recovery
(1780532531.688249) vcan_sim 100#350040061E564B00 phase=recovery note=normal_after_attack
(1780532531.688328) vcan_sim 188#0000350000000000 phase=recovery note=display_speed_recovery
(1780532531.738657) vcan_sim 100#350040061E564B00 phase=recovery note=normal_after_attack
(1780532531.738711) vcan_sim 188#0000350000000000 phase=recovery note=display_speed_recovery
(1780532531.788931) vcan_sim 100#360040061E564B00 phase=recovery note=normal_after_attack
(1780532531.788989) vcan_sim 188#0000360000000000 phase=recovery note=display_speed_recovery
(1780532531.839265) vcan_sim 100#360040061E564B00 phase=recovery note=normal_after_attack
(1780532531.839320) vcan_sim 188#0000360000000000 phase=recovery note=display_speed_recovery
(1780532531.889567) vcan_sim 100#370040061E564B00 phase=recovery note=normal_after_attack
(1780532531.889620) vcan_sim 188#0000370000000000 phase=recovery note=display_speed_recovery
(1780532531.939842) vcan_sim 100#370040061E564B00 phase=recovery note=normal_after_attack
(1780532531.939917) vcan_sim 188#0000370000000000 phase=recovery note=display_speed_recovery
(1780532531.990136) vcan_sim 100#380040061E564B00 phase=recovery note=normal_after_attack
(1780532531.990190) vcan_sim 188#0000380000000000 phase=recovery note=display_speed_recovery
(1780532532.040473) vcan_sim 100#380040061E564B00 phase=recovery note=normal_after_attack
(1780532532.040570) vcan_sim 188#0000380000000000 phase=recovery note=display_speed_recovery
(1780532532.090800) vcan_sim 100#390040061E564B00 phase=recovery note=normal_after_attack
(1780532532.090858) vcan_sim 188#0000390000000000 phase=recovery note=display_speed_recovery
(1780532532.141117) vcan_sim 100#390040061E564B00 phase=recovery note=normal_after_attack
(1780532532.141172) vcan_sim 188#0000390000000000 phase=recovery note=display_speed_recovery
(1780532532.191415) vcan_sim 100#3A0040061E564B00 phase=recovery note=normal_after_attack
(1780532532.191470) vcan_sim 188#00003A0000000000 phase=recovery note=display_speed_recovery
(1780532532.241684) vcan_sim 100#3A0040061E564B00 phase=recovery note=normal_after_attack
(1780532532.241740) vcan_sim 188#00003A0000000000 phase=recovery note=display_speed_recovery
(1780532532.291967) vcan_sim 100#3B0040061E564B00 phase=recovery note=normal_after_attack
(1780532532.292018) vcan_sim 188#00003B0000000000 phase=recovery note=display_speed_recovery
